ad_id,企业名称,招聘岗位,工作城市,工作区域,最低月薪,最高月薪,职位描述,学历要求,招聘人数,来源平台,抓取时间,county_code,county_name,prefecture,crawl_period,source_file
1,陈先生,郑州韵达直招维保员,郑州市,中牟-中牟城区,4000.0,5000.0,岗位：郑州韵达直招维保员；标签：五险 / 包住 / 包吃；薪资：4000-5000元/月,未注明,,58同城,2026-09-24 20:10:28,410122,中牟县,郑州市,2024-2026,58_中牟县_2024_2026.csv
2,付先生,富泰京精密电子厂机械维修/保养包住,郑州市,中牟-中牟城区,5000.0,7000.0,岗位：富泰京精密电子厂机械维修/保养包住；标签：包住；薪资：5000-7000元/月,未注明,,58同城,2026-09-24 20:10:28,410122,中牟县,郑州市,2024-2026,58_中牟县_2024_2026.csv
3,招聘专员,直播运营,郑州市,中牟-中牟城区,18000.0,26000.0,岗位：直播运营；标签：招1人 / 经验不限 / 学历不限；薪资：18000-26000元/月,学历不限,1.0,58同城,2026-09-24 20:10:33,410122,中牟县,郑州市,2024-2026,58_中牟县_2024_2026.csv
4,招聘专员,武术教练,郑州市,中牟-中牟城区,5000.0,8000.0,岗位：武术教练；标签：招1人 / 经验不限 / 学历不限；薪资：5000-8000元/月,学历不限,1.0,58同城,2026-09-24 20:10:38,410122,中牟县,郑州市,2024-2026,58_中牟县_2024_2026.csv
5,招聘专员,建筑机电工程师,郑州市,中牟-中牟城区,7000.0,9000.0,岗位：建筑机电工程师；标签：招1人 / 经验不限 / 学历不限；薪资：7000-9000元/月,学历不限,1.0,58同城,2026-09-24 20:10:38,410122,中牟县,郑州市,2024-2026,58_中牟县_2024_2026.csv
6,招聘专员,游戏客服,郑州市,中牟-中牟城区,5000.0,10000.0,岗位：游戏客服；标签：招1人 / 经验不限 / 学历不限；薪资：5000-10000元/月,学历不限,1.0,58同城,2026-09-24 20:10:59,410122,中牟县,郑州市,2024-2026,58_中牟县_2024_2026.csv
7,果冻摇尾巴,超市卖场经理/5000起,郑州市,中牟-中牟城区,5000.0,8000.0,岗位：超市卖场经理/5000起；标签：招1人 / 经验3-5年 / 学历不限；薪资：5000-8000元/月,学历不限,1.0,58同城,2026-09-24 20:11:03,410122,中牟县,郑州市,2024-2026,58_中牟县_2024_2026.csv
8,王女士,急招C证小车司机一名，月... 小程序,郑州市,郑州-中牟,9000.0,12000.0,岗位：急招C证小车司机一名，月... 小程序；标签：年底双薪 / 周末双休 / 交通补助 / 加班补助；薪资：9000-12000元/月,未注明,,58同城,2026-09-24 20:11:12,410122,中牟县,郑州市,2024-2026,58_中牟县_2024_2026.csv
9,王女士,无责保底8K招司机,郑州市,郑州-中牟,8000.0,12000.0,岗位：无责保底8K招司机；标签：年底双薪 / 周末双休 / 交通补助 / 加班补助；薪资：8000-12000元/月,未注明,,58同城,2026-09-24 20:11:12,410122,中牟县,郑州市,2024-2026,58_中牟县_2024_2026.csv
10,边先生,不租不购招聘专职司机月薪8千多,郑州市,中牟-中牟城区,7000.0,10000.0,岗位：不租不购招聘专职司机月薪8千多；标签：招2人 / 经验8-10年 / 学历不限；薪资：7000-10000元/月,学历不限,2.0,58同城,2026-09-24 20:11:16,410122,中牟县,郑州市,2024-2026,58_中牟县_2024_2026.csv
11,魏女士,日结260元分拣仓储男女不限,郑州市,中牟-中牟城区,7000.0,8000.0,岗位：日结260元分拣仓储男女不限；标签：包住 / 五险一金 / 饭补；薪资：7000-8000元/月,未注明,,58同城,2026-09-24 20:11:36,410122,中牟县,郑州市,2024-2026,58_中牟县_2024_2026.csv
12,张先生,小件快递分拣装卸包吃住无押金242一天,郑州市,郑州-中牟,5500.0,7000.0,岗位：小件快递分拣装卸包吃住无押金242一天；标签：包住 / 包吃；薪资：5500-7000元/月,未注明,,58同城,2026-09-24 20:11:36,410122,中牟县,郑州市,2024-2026,58_中牟县_2024_2026.csv
13,冯先生,包吃住日薪242元小快递分拣理货,郑州市,郑州-中牟,6000.0,8000.0,岗位：包吃住日薪242元小快递分拣理货；标签：五险 / 包住 / 包吃 / 年底双薪；薪资：6000-8000元/月,未注明,,58同城,2026-09-24 20:11:36,410122,中牟县,郑州市,2024-2026,58_中牟县_2024_2026.csv
14,冯女士,长白班包吃住日结300交社保男女不限,郑州市,中牟-中牟城区,6500.0,7500.0,岗位：长白班包吃住日结300交社保男女不限；标签：包住 / 包吃；薪资：6500-7500元/月,未注明,,58同城,2026-09-24 20:11:36,410122,中牟县,郑州市,2024-2026,58_中牟县_2024_2026.csv
15,晓行夜宿de栗老板,（空）配/理/拣/发货导入装车,郑州市,中牟-中牟城区,4500.0,7500.0,岗位：（空）配/理/拣/发货导入装车；标签：招5人 / 经验不限 / 学历不限；薪资：4500-7500元/月,学历不限,5.0,58同城,2026-09-24 20:11:36,410122,中牟县,郑州市,2024-2026,58_中牟县_2024_2026.csv
16,高女士,物流小件分拣220/天可短期,郑州市,中牟-中牟城区,6000.0,7500.0,岗位：物流小件分拣220/天可短期；标签：饭补 / 房补 / 五险一金 / 五险；薪资：6000-7500元/月,未注明,,58同城,2026-09-24 20:11:36,410122,中牟县,郑州市,2024-2026,58_中牟县_2024_2026.csv
17,招聘专员,台球助教工作,郑州市,郑州-巩义,5000.0,7000.0,岗位：台球助教工作；标签：招8人 / 经验不限 / 学历不限；薪资：5000-7000元/月,学历不限,8.0,58同城,2026-09-24 20:11:56,410181,巩义市,郑州市,2024-2026,58_巩义市_2024_2026.csv
18,刘先生,纯开车司机，时间自由,郑州市,郑州-巩义,7000.0,9500.0,岗位：纯开车司机，时间自由；标签：年底双薪 / 周末双休 / 交通补助 / 加班补助；薪资：7000-9500元/月,未注明,,58同城,2026-09-24 20:12:38,410181,巩义市,郑州市,2024-2026,58_巩义市_2024_2026.csv
19,晨曦小鹿,16-55日结280电子厂普工/操作工,郑州市,荥阳-荥阳城区,4500.0,7000.0,岗位：16-55日结280电子厂普工/操作工；标签：五险一金 / 五险 / 包住 / 包吃；薪资：4500-7000元/月,未注明,,58同城,2026-09-24 20:13:23,410182,荥阳市,郑州市,2024-2026,58_荥阳市_2024_2026.csv
20,陈经理,龙门加工中心师傅8k起,郑州市,荥阳-荥阳城区,8000.0,11000.0,岗位：龙门加工中心师傅8k起；标签：招1人 / 经验3-5年 / 学历不限；薪资：8000-11000元/月,学历不限,1.0,58同城,2026-09-24 20:13:23,410182,荥阳市,郑州市,2024-2026,58_荥阳市_2024_2026.csv
21,晨曦小鹿,16-55日结280电子... 小程序,郑州市,荥阳-荥阳城区,4500.0,7000.0,岗位：16-55日结280电子... 小程序；标签：五险一金 / 五险 / 包住 / 包吃；薪资：4500-7000元/月,未注明,,58同城,2026-09-24 20:13:27,410182,荥阳市,郑州市,2024-2026,58_荥阳市_2024_2026.csv
22,招聘专员,机械工程师 小程序,郑州市,荥阳-荥阳城区,10000.0,15000.0,岗位：机械工程师 小程序；标签：招1人 / 经验不限 / 学历不限；薪资：10000-15000元/月,学历不限,1.0,58同城,2026-09-24 20:13:31,410182,荥阳市,郑州市,2024-2026,58_荥阳市_2024_2026.csv
23,李春莲,CNC/数控工程师,郑州市,荥阳-荥阳城区,4000.0,6000.0,岗位：CNC/数控工程师；标签：招1人 / 经验不限 / 学历不限；薪资：4000-6000元/月,学历不限,1.0,58同城,2026-09-24 20:13:31,410182,荥阳市,郑州市,2024-2026,58_荥阳市_2024_2026.csv
24,王先生,机电工程师/五险包住,郑州市,郑州-荥阳,6000.0,10000.0,岗位：机电工程师/五险包住；标签：五险 / 包住；薪资：6000-10000元/月,未注明,,58同城,2026-09-24 20:13:36,410182,荥阳市,郑州市,2024-2026,58_荥阳市_2024_2026.csv
25,周秀娟,机电工程师,郑州市,郑州-荥阳,5000.0,6000.0,岗位：机电工程师；标签：招1人 / 经验不限 / 学历不限；薪资：5000-6000元/月,学历不限,1.0,58同城,2026-09-24 20:13:36,410182,荥阳市,郑州市,2024-2026,58_荥阳市_2024_2026.csv
26,樊书欣,诚聘仓库管理员有经验优先,郑州市,郑州-荥阳,3000.0,4000.0,岗位：诚聘仓库管理员有经验优先；标签：招1人 / 经验1-2年 / 学历不限；薪资：3000-4000元/月,学历不限,1.0,58同城,2026-09-24 20:14:31,410182,荥阳市,郑州市,2024-2026,58_荥阳市_2024_2026.csv
27,王遂贵,CNC/数控工程师,郑州市,郑州-新密,8000.0,10000.0,岗位：CNC/数控工程师；标签：招1人 / 经验不限 / 学历不限；薪资：8000-10000元/月,学历不限,1.0,58同城,2026-09-24 20:14:55,410183,新密市,郑州市,2024-2026,58_新密市_2024_2026.csv
28,郭先生,收入稳定做司机，上班工作不受气,郑州市,郑州-新郑,8000.0,12000.0,岗位：收入稳定做司机，上班工作不受气；标签：年底双薪 / 周末双休 / 交通补助 / 加班补助；薪资：8000-12000元/月,未注明,,58同城,2026-09-24 20:16:19,410184,新郑市,郑州市,2024-2026,58_新郑市_2024_2026.csv
29,咕噜咕噜,郑州比亚迪招聘机修工（包住五险一金）,郑州市,郑州-新郑,6000.0,8000.0,岗位：郑州比亚迪招聘机修工（包住五险一金）；标签：五险一金 / 包住；薪资：6000-8000元/月,未注明,,58同城,2026-09-24 20:16:19,410184,新郑市,郑州市,2024-2026,58_新郑市_2024_2026.csv
30,雷女士,足疗师/包吃包住,郑州市,郑州-新郑,6500.0,11000.0,岗位：足疗师/包吃包住；标签：招1人 / 经验不限 / 学历不限；薪资：6500-11000元/月,学历不限,1.0,58同城,2026-09-24 20:16:19,410184,新郑市,郑州市,2024-2026,58_新郑市_2024_2026.csv
31,咕噜咕噜,郑州比亚迪招聘机修工（包... 小程序,郑州市,郑州-新郑,6000.0,8000.0,岗位：郑州比亚迪招聘机修工（包... 小程序；标签：五险一金 / 包住；薪资：6000-8000元/月,未注明,,58同城,2026-09-24 20:16:31,410184,新郑市,郑州市,2024-2026,58_新郑市_2024_2026.csv
32,刘教练,跆拳道教练,郑州市,郑州-新郑,4000.0,8000.0,岗位：跆拳道教练；标签：招1人 / 经验不限 / 学历不限；薪资：4000-8000元/月,学历不限,1.0,58同城,2026-09-24 20:16:35,410184,新郑市,郑州市,2024-2026,58_新郑市_2024_2026.csv
33,王女士,线上倾诉服务员6k单间包... 小程序,郑州市,郑州-新郑,6000.0,8000.0,岗位：线上倾诉服务员6k单间包... 小程序；标签：包住 / 交通补助 / 加班补助 / 饭补；薪资：6000-8000元/月,未注明,,58同城,2026-09-24 20:16:48,410184,新郑市,郑州市,2024-2026,58_新郑市_2024_2026.csv
34,甘于奉献de田同学,忆梦阁养生保健店/按摩师/14500起,郑州市,郑州-新郑,14500.0,15000.0,岗位：忆梦阁养生保健店/按摩师/14500起；标签：经验不限 / 学历不限；薪资：14500-15000元/月,学历不限,,58同城,2026-09-24 20:16:48,410184,新郑市,郑州市,2024-2026,58_新郑市_2024_2026.csv
35,陈小姐,天跃新材料科技/销售工程师话补五险,郑州市,郑州-新郑,4000.0,12000.0,岗位：天跃新材料科技/销售工程师话补五险；标签：话补 / 五险；薪资：4000-12000元/月,未注明,,58同城,2026-09-24 20:16:57,410184,新郑市,郑州市,2024-2026,58_新郑市_2024_2026.csv
36,王先生,郭店物流园招4.2米高栏车司机不装卸7K,郑州市,郑州-新郑,7000.0,10500.0,岗位：郭店物流园招4.2米高栏车司机不装卸7K；标签：招5人 / 经验不限 / 学历不限；薪资：7000-10500元/月,学历不限,5.0,58同城,2026-09-24 20:17:02,410184,新郑市,郑州市,2024-2026,58_新郑市_2024_2026.csv
37,刘先生,新人可带薪培训商务司机岗位,郑州市,新郑-新郑城区,6000.0,8500.0,岗位：新人可带薪培训商务司机岗位；标签：年底双薪 / 周末双休 / 交通补助 / 加班补助；薪资：6000-8500元/月,未注明,,58同城,2026-09-24 20:17:02,410184,新郑市,郑州市,2024-2026,58_新郑市_2024_2026.csv
38,许先生,日结300一天急招理货普工分拣普工,郑州市,郑州-新郑,5500.0,7500.0,岗位：日结300一天急招理货普工分拣普工；标签：五险一金 / 包住 / 包吃 / 年底双薪；薪资：5500-7500元/月,未注明,,58同城,2026-09-24 20:17:23,410184,新郑市,郑州市,2024-2026,58_新郑市_2024_2026.csv
39,王女士,日结不体检不面试300/天快递分拣包吃住,郑州市,郑州-新郑,6000.0,8000.0,岗位：日结不体检不面试300/天快递分拣包吃住；标签：包住 / 包吃；薪资：6000-8000元/月,未注明,,58同城,2026-09-24 20:17:23,410184,新郑市,郑州市,2024-2026,58_新郑市_2024_2026.csv
40,爱种花的小雅,急招杞县建材配送C证司机不装不卸,开封市,杞县,6500.0,8000.0,岗位：急招杞县建材配送C证司机不装不卸；标签：包住；薪资：6500-8000元/月,未注明,,58同城,2026-09-24 20:19:14,410221,杞县,开封市,2024-2026,58_杞县_2024_2026.csv
41,李先生,抖音PK主播（全职兼职均可）18-45岁,开封市,杞县-其他,5000.0,8000.0,岗位：抖音PK主播（全职兼职均可）18-45岁；标签：包住 / 包吃；薪资：5000-8000元/月,未注明,,58同城,2026-09-24 20:19:14,410221,杞县,开封市,2024-2026,58_杞县_2024_2026.csv
42,杞县外卖员直聘,茶饮店员 小程序,开封市,城关-城关城区,,,岗位：茶饮店员 小程序；标签：招5人 / 经验不限 / 学历不限；薪资：面议,学历不限,5.0,58同城,2026-09-24 20:19:14,410221,杞县,开封市,2024-2026,58_杞县_2024_2026.csv
43,李先生,6000无基础主播/18-45岁,开封市,杞县-其他,5000.0,10000.0,岗位：6000无基础主播/18-45岁；标签：招5人 / 经验不限 / 学历不限；薪资：5000-10000元/月,学历不限,5.0,58同城,2026-09-24 20:19:14,410221,杞县,开封市,2024-2026,58_杞县_2024_2026.csv
44,李先生,无基础主播5千起/18-45岁,开封市,杞县-其他,5000.0,12000.0,岗位：无基础主播5千起/18-45岁；标签：招5人 / 经验不限 / 学历不限；薪资：5000-12000元/月,学历不限,5.0,58同城,2026-09-24 20:19:14,410221,杞县,开封市,2024-2026,58_杞县_2024_2026.csv
45,李先生,急招娱乐主播5K-12K/18-45岁,开封市,杞县-其他,5000.0,12000.0,岗位：急招娱乐主播5K-12K/18-45岁；标签：招10人 / 经验不限 / 学历不限；薪资：5000-12000元/月,学历不限,10.0,58同城,2026-09-24 20:19:14,410221,杞县,开封市,2024-2026,58_杞县_2024_2026.csv
46,李鑫,食堂厨师试用期4000，转正5000+,开封市,其他-其它乡镇,3000.0,5000.0,岗位：食堂厨师试用期4000，转正5000+；标签：包吃；薪资：3000-5000元/月,未注明,,58同城,2026-09-24 20:19:14,410221,杞县,开封市,2024-2026,58_杞县_2024_2026.csv
47,李先生,娱乐主播（零基础，兼职全职均可）,开封市,杞县-其他,5000.0,8000.0,岗位：娱乐主播（零基础，兼职全职均可）；标签：招20人 / 经验不限 / 学历不限；薪资：5000-8000元/月,学历不限,20.0,58同城,2026-09-24 20:19:14,410221,杞县,开封市,2024-2026,58_杞县_2024_2026.csv
48,李先生,娱乐主播5千起/全职兼职均可18-45岁,开封市,杞县-其他,5000.0,12000.0,岗位：娱乐主播5千起/全职兼职均可18-45岁；标签：招5人 / 经验不限 / 学历不限；薪资：5000-12000元/月,学历不限,5.0,58同城,2026-09-24 20:19:14,410221,杞县,开封市,2024-2026,58_杞县_2024_2026.csv
49,rnxrv_au1,杞县台球厅店员负责收银工作,开封市,城关-城关城区,2300.0,4500.0,岗位：杞县台球厅店员负责收银工作；标签：招1人 / 经验1-2年 / 学历不限；薪资：2300-4500元/月,学历不限,1.0,58同城,2026-09-24 20:19:14,410221,杞县,开封市,2024-2026,58_杞县_2024_2026.csv
50,杞县外卖员直聘,杞县招聘业务经理四千以上薪资,开封市,城关-城关城区,4000.0,5000.0,岗位：杞县招聘业务经理四千以上薪资；标签：年底双薪 / 五险；薪资：4000-5000元/月,未注明,,58同城,2026-09-24 20:19:14,410221,杞县,开封市,2024-2026,58_杞县_2024_2026.csv
51,把日记本藏好,美甲师,开封市,杞县-五里河,2000.0,5000.0,岗位：美甲师；标签：经验不限 / 学历不限；薪资：2000-5000元/月,学历不限,,58同城,2026-09-24 20:19:14,410221,杞县,开封市,2024-2026,58_杞县_2024_2026.csv
52,燕子,杞县房产经纪人,开封市,其他-其它乡镇,5000.0,10000.0,岗位：杞县房产经纪人；标签：五险一金；薪资：5000-10000元/月,未注明,,58同城,2026-09-24 20:19:14,410221,杞县,开封市,2024-2026,58_杞县_2024_2026.csv
53,赵经理,郑州可元装饰有限公司/财务会计/2千起,开封市,杞县-其他,2000.0,3000.0,岗位：郑州可元装饰有限公司/财务会计/2千起；标签：包吃；薪资：2000-3000元/月,未注明,,58同城,2026-09-24 20:19:14,410221,杞县,开封市,2024-2026,58_杞县_2024_2026.csv
54,树影下的微光,销售顾问,开封市,杞县-五里河,2500.0,5000.0,岗位：销售顾问；标签：经验不限 / 学历不限；薪资：2500-5000元/月,学历不限,,58同城,2026-09-24 20:19:14,410221,杞县,开封市,2024-2026,58_杞县_2024_2026.csv
55,彭女士,杞县如奕美容美甲店/美容师/2500起,开封市,杞县-其他,2500.0,5000.0,岗位：杞县如奕美容美甲店/美容师/2500起；标签：招4人 / 经验不限 / 学历不限；薪资：2500-5000元/月,学历不限,4.0,58同城,2026-09-24 20:19:14,410221,杞县,开封市,2024-2026,58_杞县_2024_2026.csv
56,用户18890,烧烤店服务员2500起,开封市,其他-其它乡镇,2500.0,4500.0,岗位：烧烤店服务员2500起；标签：招1人 / 经验不限 / 学历不限；薪资：2500-4500元/月,学历不限,1.0,58同城,2026-09-24 20:19:14,410221,杞县,开封市,2024-2026,58_杞县_2024_2026.csv
57,杞县外卖员直聘,急招送餐员满十八周岁,开封市,五里河-五里河城区,4000.0,8000.0,岗位：急招送餐员满十八周岁；标签：年底双薪 / 加班补助；薪资：4000-8000元/月,未注明,,58同城,2026-09-24 20:19:14,410221,杞县,开封市,2024-2026,58_杞县_2024_2026.csv
58,李先生,居家抖音主播/18-45岁,开封市,杞县-其他,5000.0,8000.0,岗位：居家抖音主播/18-45岁；标签：招10人 / 经验不限 / 学历不限；薪资：5000-8000元/月,学历不限,10.0,58同城,2026-09-24 20:19:14,410221,杞县,开封市,2024-2026,58_杞县_2024_2026.csv
59,钟女士,急招开封配件配送C1司机不装卸,开封市,开封-杞县,6500.0,9000.0,岗位：急招开封配件配送C1司机不装卸；标签：包住；薪资：6500-9000元/月,未注明,,58同城,2026-09-24 20:19:14,410221,杞县,开封市,2024-2026,58_杞县_2024_2026.csv
60,杞县外卖员直聘,杞县招聘送餐骑手,开封市,五里河-五里河城区,4000.0,8000.0,岗位：杞县招聘送餐骑手；标签：加班补助 / 年底双薪；薪资：4000-8000元/月,未注明,,58同城,2026-09-24 20:19:14,410221,杞县,开封市,2024-2026,58_杞县_2024_2026.csv
61,王先生,急/300一天玩具厂印刷/长白班,开封市,杞县,7000.0,8000.0,岗位：急/300一天玩具厂印刷/长白班；标签：五险一金 / 饭补 / 五险 / 话补；薪资：7000-8000元/月,未注明,,58同城,2026-09-24 20:19:14,410221,杞县,开封市,2024-2026,58_杞县_2024_2026.csv
62,杨先生,电子厂印刷工月入8500手工活可预支,开封市,杞县,8000.0,8500.0,岗位：电子厂印刷工月入8500手工活可预支；标签：五险一金 / 五险 / 包住 / 包吃；薪资：8000-8500元/月,未注明,,58同城,2026-09-24 20:19:14,410221,杞县,开封市,2024-2026,58_杞县_2024_2026.csv
63,王先生,给公司开车周结,开封市,杞县,5500.0,6000.0,岗位：给公司开车周结；标签：五险一金 / 交通补助 / 包住 / 房补；薪资：5500-6000元/月,未注明,,58同城,2026-09-24 20:19:14,410221,杞县,开封市,2024-2026,58_杞县_2024_2026.csv
64,张女士,丝印工加班补助周末双休饭补,开封市,杞县,7500.0,8000.0,岗位：丝印工加班补助周末双休饭补；标签：五险一金 / 五险 / 包住 / 包吃；薪资：7500-8000元/月,未注明,,58同城,2026-09-24 20:19:14,410221,杞县,开封市,2024-2026,58_杞县_2024_2026.csv
65,李先生,蓝牙耳机厂锻造工300不体检可预支,开封市,五里河-五里河城区,8500.0,9000.0,岗位：蓝牙耳机厂锻造工300不体检可预支；标签：五险一金 / 五险 / 包住 / 包吃；薪资：8500-9000元/月,未注明,,58同城,2026-09-24 20:19:14,410221,杞县,开封市,2024-2026,58_杞县_2024_2026.csv
66,黄女士,给公司老板开车，小车司机，包住宿,开封市,杞县,5500.0,6000.0,岗位：给公司老板开车，小车司机，包住宿；标签：房补 / 饭补 / 加班补助；薪资：5500-6000元/月,未注明,,58同城,2026-09-24 20:19:14,410221,杞县,开封市,2024-2026,58_杞县_2024_2026.csv
67,喝奶茶的嘴巴,班车司机工资日结,开封市,杞县-五里河,5500.0,5800.0,岗位：班车司机工资日结；标签：交通补助 / 加班补助 / 饭补 / 房补；薪资：5500-5800元/月,未注明,,58同城,2026-09-24 20:19:14,410221,杞县,开封市,2024-2026,58_杞县_2024_2026.csv
68,李女士,给公司开车包住,开封市,杞县,5500.0,6000.0,岗位：给公司开车包住；标签：五险一金 / 交通补助 / 包住 / 年底双薪；薪资：5500-6000元/月,未注明,,58同城,2026-09-24 20:19:14,410221,杞县,开封市,2024-2026,58_杞县_2024_2026.csv
69,招聘主管,咖啡师,开封市,城关-城关城区,2000.0,3000.0,岗位：咖啡师；标签：经验不限 / 学历不限；薪资：2000-3000元/月,学历不限,,58同城,2026-09-24 20:19:14,410221,杞县,开封市,2024-2026,58_杞县_2024_2026.csv
70,用户74120,服装熨烫工有经验直接打我电话,开封市,开封,3000.0,7000.0,岗位：服装熨烫工有经验直接打我电话；标签：加班补助；薪资：3000-7000元/月,未注明,,58同城,2026-09-24 20:19:34,410221,杞县,开封市,2024-2026,58_杞县_2024_2026.csv
71,爱吹口哨的明明,巡逻岗保安，五险包吃住,开封市,龙亭-万达广场,4500.0,5000.0,岗位：巡逻岗保安，五险包吃住；标签：五险 / 包住 / 包吃 / 加班补助；薪资：4500-5000元/月,未注明,,58同城,2026-09-24 20:19:34,410221,杞县,开封市,2024-2026,58_杞县_2024_2026.csv
72,张飞,商超/零售店员/营业员工... 小程序,开封市,开封-龙亭,3000.0,3500.0,岗位：商超/零售店员/营业员工... 小程序；标签：招1人 / 经验不限 / 学历不限；薪资：3000-3500元/月,学历不限,1.0,58同城,2026-09-24 20:19:34,410221,杞县,开封市,2024-2026,58_杞县_2024_2026.csv
73,子默,前台/接待包住,开封市,开封-龙亭,3000.0,4500.0,岗位：前台/接待包住；标签：包住；薪资：3000-4500元/月,未注明,,58同城,2026-09-24 20:19:34,410221,杞县,开封市,2024-2026,58_杞县_2024_2026.csv
74,可爱的老板,五大街方中山收银员3直接打电话,开封市,开封-龙亭,2500.0,3000.0,岗位：五大街方中山收银员3直接打电话；标签：包吃；薪资：2500-3000元/月,未注明,,58同城,2026-09-24 20:19:34,410221,杞县,开封市,2024-2026,58_杞县_2024_2026.csv
75,于女士,正式工，入职缴纳五险一金,开封市,开封-龙亭,4000.0,7000.0,岗位：正式工，入职缴纳五险一金；标签：五险一金；薪资：4000-7000元/月,未注明,,58同城,2026-09-24 20:19:34,410221,杞县,开封市,2024-2026,58_杞县_2024_2026.csv
76,人事经理,国企装配工日薪300管吃住,开封市,开封-龙亭,4000.0,7000.0,岗位：国企装配工日薪300管吃住；标签：五险一金 / 加班补助 / 饭补；薪资：4000-7000元/月,未注明,,58同城,2026-09-24 20:19:34,410221,杞县,开封市,2024-2026,58_杞县_2024_2026.csv
77,华先生,半导体工厂普工正式工月薪8000提供食宿,开封市,开封-鼓楼,7500.0,8500.0,岗位：半导体工厂普工正式工月薪8000提供食宿；标签：五险一金 / 五险 / 包住 / 包吃；薪资：7500-8500元/月,未注明,,58同城,2026-09-24 20:19:34,410221,杞县,开封市,2024-2026,58_杞县_2024_2026.csv
78,贾女士,跟车乘务6K上几休几五险一金包吃住稳定,开封市,开封,5000.0,6000.0,岗位：跟车乘务6K上几休几五险一金包吃住稳定；标签：五险一金 / 五险 / 包住 / 包吃；薪资：5000-6000元/月,未注明,,58同城,2026-09-24 20:19:34,410221,杞县,开封市,2024-2026,58_杞县_2024_2026.csv
79,小鹿眨眨眼,烤鸭店店员,开封市,顺河-顺河回族区,3000.0,3500.0,岗位：烤鸭店店员；标签：招1人 / 经验不限 / 学历不限；薪资：3000-3500元/月,学历不限,1.0,58同城,2026-09-24 20:19:34,410221,杞县,开封市,2024-2026,58_杞县_2024_2026.csv
80,宋先生,招投标资料员,开封市,开封-龙亭,3000.0,7000.0,岗位：招投标资料员；标签：周末双休 / 交通补助 / 加班补助 / 房补；薪资：3000-7000元/月,未注明,,58同城,2026-09-24 20:19:34,410221,杞县,开封市,2024-2026,58_杞县_2024_2026.csv
81,波波,技工,开封市,开封,6000.0,12000.0,岗位：技工；标签：包住 / 加班补助 / 饭补；薪资：6000-12000元/月,未注明,,58同城,2026-09-24 20:19:34,410221,杞县,开封市,2024-2026,58_杞县_2024_2026.csv
82,花露水晒透,全盛摆件工5000起,开封市,开封-龙亭,5000.0,7000.0,岗位：全盛摆件工5000起；标签：包吃；薪资：5000-7000元/月,未注明,,58同城,2026-09-24 20:19:34,410221,杞县,开封市,2024-2026,58_杞县_2024_2026.csv
83,人事经理,新泉汽配厂普工正式工五险一金包吃包住月入,开封市,开封-龙亭,5000.0,7000.0,岗位：新泉汽配厂普工正式工五险一金包吃包住月入；标签：五险一金 / 包住 / 包吃；薪资：5000-7000元/月,未注明,,58同城,2026-09-24 20:19:34,410221,杞县,开封市,2024-2026,58_杞县_2024_2026.csv
84,张经理,诚聘超市快消品促销有意者电话联系,开封市,祥符-金帝商贸城,3000.0,6000.0,岗位：诚聘超市快消品促销有意者电话联系；标签：饭补 / 五险一金 / 加班补助；薪资：3000-6000元/月,未注明,,58同城,2026-09-24 20:19:34,410221,杞县,开封市,2024-2026,58_杞县_2024_2026.csv
85,爱喝彩的赖同学,餐饮店店员/营业员2500起,开封市,开封,2500.0,3000.0,岗位：餐饮店店员/营业员2500起；标签：经验不限 / 学历不限；薪资：2500-3000元/月,学历不限,,58同城,2026-09-24 20:19:34,410221,杞县,开封市,2024-2026,58_杞县_2024_2026.csv
86,宋先生,测量组长,开封市,开封-龙亭,3000.0,6000.0,岗位：测量组长；标签：五险一金 / 房补；薪资：3000-6000元/月,未注明,,58同城,2026-09-24 20:19:34,410221,杞县,开封市,2024-2026,58_杞县_2024_2026.csv
87,果冻小鱼游,火锅店后厨杂工3000起,开封市,开封-顺河,3000.0,3500.0,岗位：火锅店后厨杂工3000起；标签：招3人 / 经验不限 / 学历不限；薪资：3000-3500元/月,学历不限,3.0,58同城,2026-09-24 20:19:34,410221,杞县,开封市,2024-2026,58_杞县_2024_2026.csv
88,小黄,其他职位,开封市,龙亭-龙亭区,2000.0,2500.0,岗位：其他职位；标签：经验不限 / 学历不限；薪资：2000-2500元/月,学历不限,,58同城,2026-09-24 20:19:34,410221,杞县,开封市,2024-2026,58_杞县_2024_2026.csv
89,回收二手设备,商店送货工人，,开封市,禹王台-禹王台区,2800.0,4000.0,岗位：商店送货工人，；标签：饭补；薪资：2800-4000元/月,未注明,,58同城,2026-09-24 20:19:34,410221,杞县,开封市,2024-2026,58_杞县_2024_2026.csv
90,张经理,钳工,开封市,开封,4000.0,4500.0,岗位：钳工；标签：加班补助 / 年底双薪 / 饭补 / 五险一金；薪资：4000-4500元/月,未注明,,58同城,2026-09-24 20:19:34,410221,杞县,开封市,2024-2026,58_杞县_2024_2026.csv
91,用户67696,店员/营业员,开封市,龙亭-龙亭区,2500.0,4000.0,岗位：店员/营业员；标签：招2人 / 经验不限 / 学历不限；薪资：2500-4000元/月,学历不限,2.0,58同城,2026-09-24 20:19:34,410221,杞县,开封市,2024-2026,58_杞县_2024_2026.csv
92,书卷气de丁师傅,医学检验师,开封市,龙亭-龙亭区,,,岗位：医学检验师；标签：交通补助 / 饭补 / 五险；薪资：面议,未注明,,58同城,2026-09-24 20:19:34,410221,杞县,开封市,2024-2026,58_杞县_2024_2026.csv
93,孙女士,开封急招中秋月饼配送C证司机不装卸,开封市,开封,6000.0,8000.0,岗位：开封急招中秋月饼配送C证司机不装卸；标签：包住；薪资：6000-8000元/月,未注明,,58同城,2026-09-24 20:19:34,410221,杞县,开封市,2024-2026,58_杞县_2024_2026.csv
94,赵女士,原谷原麦橄榄城店招聘营业员,开封市,开封-龙亭,3500.0,4500.0,岗位：原谷原麦橄榄城店招聘营业员；标签：包吃；薪资：3500-4500元/月,未注明,,58同城,2026-09-24 20:19:34,410221,杞县,开封市,2024-2026,58_杞县_2024_2026.csv
95,张先生,耳机贴签/管吃住/日/结260/天下班发,开封市,开封,6500.0,8500.0,岗位：耳机贴签/管吃住/日/结260/天下班发；标签：五险一金 / 包住 / 包吃 / 加班补助；薪资：6500-8500元/月,未注明,,58同城,2026-09-24 20:19:34,410221,杞县,开封市,2024-2026,58_杞县_2024_2026.csv
96,申女士,景区营业员,开封市,开封-龙亭,3000.0,3500.0,岗位：景区营业员；标签：经验不限 / 学历不限；薪资：3000-3500元/月,学历不限,,58同城,2026-09-24 20:19:34,410221,杞县,开封市,2024-2026,58_杞县_2024_2026.csv
97,杨志领,食品/饮料店员/营业员3000起,开封市,鼓楼-鼓楼区,3000.0,5000.0,岗位：食品/饮料店员/营业员3000起；标签：经验不限 / 学历不限；薪资：3000-5000元/月,学历不限,,58同城,2026-09-24 20:19:34,410221,杞县,开封市,2024-2026,58_杞县_2024_2026.csv
98,赵先生,商业招商主管,开封市,龙亭-龙亭区,3700.0,4000.0,岗位：商业招商主管；标签：包吃 / 包住 / 饭补；薪资：3700-4000元/月,未注明,,58同城,2026-09-24 20:19:34,410221,杞县,开封市,2024-2026,58_杞县_2024_2026.csv
99,赵女士,开封原谷原麦鼎力国际店招储备店长,开封市,开封-龙亭,5000.0,6000.0,岗位：开封原谷原麦鼎力国际店招储备店长；标签：包吃；薪资：5000-6000元/月,未注明,,58同城,2026-09-24 20:19:34,410221,杞县,开封市,2024-2026,58_杞县_2024_2026.csv
100,贾女士,通许县急招C1货车司机,开封市,通许-通许县,9000.0,9500.0,岗位：通许县急招C1货车司机；标签：招1人 / 经验1-2年 / 学历不限；薪资：9000-9500元/月,学历不限,1.0,58同城,2026-09-24 20:21:32,410222,通许县,开封市,2024-2026,58_通许县_2024_2026.csv
101,刘先生,急招通许农副产品配送C证司机不装卸,开封市,开封-通许,6000.0,8000.0,岗位：急招通许农副产品配送C证司机不装卸；标签：包住；薪资：6000-8000元/月,未注明,,58同城,2026-09-24 20:21:32,410222,通许县,开封市,2024-2026,58_通许县_2024_2026.csv
102,杨先生,包装普工工厂送被褥长白班... 小程序,开封市,通许,7500.0,8000.0,岗位：包装普工工厂送被褥长白班... 小程序；标签：五险 / 包住 / 包吃；薪资：7500-8000元/月,未注明,,58同城,2026-09-24 20:21:32,410222,通许县,开封市,2024-2026,58_通许县_2024_2026.csv
103,品鸿供应链06,（通许）往返专线C证货运司机,开封市,通许,6000.0,7900.0,岗位：（通许）往返专线C证货运司机；标签：交通补助；薪资：6000-7900元/月,未注明,,58同城,2026-09-24 20:21:32,410222,通许县,开封市,2024-2026,58_通许县_2024_2026.csv
104,kkkkk,酒店/前台年底双薪五险饭补,开封市,通许-通许县,3000.0,4500.0,岗位：酒店/前台年底双薪五险饭补；标签：五险 / 包吃 / 年底双薪 / 饭补；薪资：3000-4500元/月,未注明,,58同城,2026-09-24 20:21:32,410222,通许县,开封市,2024-2026,58_通许县_2024_2026.csv
105,李先生,鑫藏医药物流内勤3.5k起,开封市,通许-通许县,3500.0,5500.0,岗位：鑫藏医药物流内勤3.5k起；标签：加班补助；薪资：3500-5500元/月,未注明,,58同城,2026-09-24 20:21:32,410222,通许县,开封市,2024-2026,58_通许县_2024_2026.csv
106,内心赞许DE卢师傅,8K零基础宝妈日结主播易上手直接打电话,开封市,通许-通许县,5000.0,8000.0,岗位：8K零基础宝妈日结主播易上手直接打电话；标签：经验1-2年 / 学历不限；薪资：5000-8000元/月,学历不限,,58同城,2026-09-24 20:21:32,410222,通许县,开封市,2024-2026,58_通许县_2024_2026.csv
107,爱哼歌的陈同学,收银员,开封市,通许-通许县,2500.0,3000.0,岗位：收银员；标签：经验不限 / 学历不限；薪资：2500-3000元/月,学历不限,,58同城,2026-09-24 20:21:32,410222,通许县,开封市,2024-2026,58_通许县_2024_2026.csv
108,张先生,急招健身教练无经验可培养,开封市,开封-通许,6000.0,12000.0,岗位：急招健身教练无经验可培养；标签：五险一金 / 包住 / 包吃；薪资：6000-12000元/月,未注明,,58同城,2026-09-24 20:21:32,410222,通许县,开封市,2024-2026,58_通许县_2024_2026.csv
109,梦里飞飞飞,货运司机7500起,开封市,通许,7500.0,8000.0,岗位：货运司机7500起；标签：招6人 / 经验不限 / 学历不限；薪资：7500-8000元/月,学历不限,6.0,58同城,2026-09-24 20:21:32,410222,通许县,开封市,2024-2026,58_通许县_2024_2026.csv
110,岳女士,客服专员/助理,开封市,通许-通许县,3000.0,5000.0,岗位：客服专员/助理；标签：经验不限 / 学历不限；薪资：3000-5000元/月,学历不限,,58同城,2026-09-24 20:21:32,410222,通许县,开封市,2024-2026,58_通许县_2024_2026.csv
111,脑袋转得快,财务出纳,开封市,通许-通许县,3500.0,5000.0,岗位：财务出纳；标签：招2人 / 经验不限 / 学历不限；薪资：3500-5000元/月,学历不限,2.0,58同城,2026-09-24 20:21:32,410222,通许县,开封市,2024-2026,58_通许县_2024_2026.csv
112,张坤,小吃店服务员2000起,开封市,通许-通许县,2000.0,3500.0,岗位：小吃店服务员2000起；标签：招1人 / 经验不限 / 学历不限；薪资：2000-3500元/月,学历不限,1.0,58同城,2026-09-24 20:21:32,410222,通许县,开封市,2024-2026,58_通许县_2024_2026.csv
113,爱玩沙子的小沙堡,电器公司销售专员2500起,开封市,通许-通许县,2500.0,4500.0,岗位：电器公司销售专员2500起；标签：经验1年以下 / 学历高中；薪资：2500-4500元/月,高中,,58同城,2026-09-24 20:21:32,410222,通许县,开封市,2024-2026,58_通许县_2024_2026.csv
114,予礼花草集,数据采集,开封市,通许县-通许县城,3500.0,8000.0,岗位：数据采集；标签：经验不限 / 学历不限；薪资：3500-8000元/月,学历不限,,58同城,2026-09-24 20:21:32,410222,通许县,开封市,2024-2026,58_通许县_2024_2026.csv
115,岳女士,河南狼直投实业有限公司通许分公司电话销售,开封市,通许-通许县,3000.0,5000.0,岗位：河南狼直投实业有限公司通许分公司电话销售；标签：经验不限 / 学历高中；薪资：3000-5000元/月,高中,,58同城,2026-09-24 20:21:32,410222,通许县,开封市,2024-2026,58_通许县_2024_2026.csv
116,付先生,通许工作轻松的主播助理,开封市,通许,3000.0,5000.0,岗位：通许工作轻松的主播助理；标签：招3人 / 经验不限 / 学历不限；薪资：3000-5000元/月,学历不限,3.0,58同城,2026-09-24 20:21:32,410222,通许县,开封市,2024-2026,58_通许县_2024_2026.csv
117,尉氏货拉拉招聘01,货运司机话补饭补,开封市,通许-通许县,6000.0,8000.0,岗位：货运司机话补饭补；标签：话补 / 饭补；薪资：6000-8000元/月,未注明,,58同城,2026-09-24 20:21:32,410222,通许县,开封市,2024-2026,58_通许县_2024_2026.csv
118,芝麻糊糊,奶茶/饮品师,开封市,通许县-通许县城,2500.0,4500.0,岗位：奶茶/饮品师；标签：经验不限 / 学历不限；薪资：2500-4500元/月,学历不限,,58同城,2026-09-24 20:21:32,410222,通许县,开封市,2024-2026,58_通许县_2024_2026.csv
119,招聘专员,商超/零售销售专员学历经验不限,开封市,通许-通许县,2500.0,3000.0,岗位：商超/零售销售专员学历经验不限；标签：经验不限 / 学历不限；薪资：2500-3000元/月,学历不限,,58同城,2026-09-24 20:21:32,410222,通许县,开封市,2024-2026,58_通许县_2024_2026.csv
120,吕老师,聘高中地理和初中历史老师杞县希望高中,开封市,通许,4000.0,8000.0,岗位：聘高中地理和初中历史老师杞县希望高中；标签：五险；薪资：4000-8000元/月,未注明,,58同城,2026-09-24 20:21:32,410222,通许县,开封市,2024-2026,58_通许县_2024_2026.csv
121,用户29838,台球服务部前台/接待2k起,开封市,通许县-通许县城,2000.0,2500.0,岗位：台球服务部前台/接待2k起；标签：加班补助；薪资：2000-2500元/月,未注明,,58同城,2026-09-24 20:21:32,410222,通许县,开封市,2024-2026,58_通许县_2024_2026.csv
122,相当完美DE兰博士,酒店鞋房服务员2000起,开封市,通许-通许县,2000.0,4500.0,岗位：酒店鞋房服务员2000起；标签：经验不限 / 学历不限；薪资：2000-4500元/月,学历不限,,58同城,2026-09-24 20:21:32,410222,通许县,开封市,2024-2026,58_通许县_2024_2026.csv
123,李先生,通许视频聊天主播工作轻松氛围好,开封市,通许-通许县,4500.0,6500.0,岗位：通许视频聊天主播工作轻松氛围好；标签：招1人 / 经验不限 / 学历不限；薪资：4500-6500元/月,学历不限,1.0,58同城,2026-09-24 20:21:32,410222,通许县,开封市,2024-2026,58_通许县_2024_2026.csv
124,用户46034,火锅店小吃厨师/麻辣烫师傅4k起,开封市,通许-通许县,4000.0,6000.0,岗位：火锅店小吃厨师/麻辣烫师傅4k起；标签：包吃；薪资：4000-6000元/月,未注明,,58同城,2026-09-24 20:21:32,410222,通许县,开封市,2024-2026,58_通许县_2024_2026.csv
125,阿阳,翠翠美容店/美容师4千起,开封市,通许-通许县,4000.0,7000.0,岗位：翠翠美容店/美容师4千起；标签：经验不限 / 学历不限；薪资：4000-7000元/月,学历不限,,58同城,2026-09-24 20:21:32,410222,通许县,开封市,2024-2026,58_通许县_2024_2026.csv
126,潘女士,急聘招聘专员只负责招聘工作25-45岁,开封市,通许-通许县,3000.0,5000.0,岗位：急聘招聘专员只负责招聘工作25-45岁；标签：招2人 / 经验不限 / 学历不限；薪资：3000-5000元/月,学历不限,2.0,58同城,2026-09-24 20:21:32,410222,通许县,开封市,2024-2026,58_通许县_2024_2026.csv
127,58用户,执业药师/驻店药师,开封市,通许-通许县,3000.0,5000.0,岗位：执业药师/驻店药师；标签：经验不限 / 学历不限；薪资：3000-5000元/月,学历不限,,58同城,2026-09-24 20:21:32,410222,通许县,开封市,2024-2026,58_通许县_2024_2026.csv
128,招聘专员,发型师,开封市,通许-通许县,3000.0,5000.0,岗位：发型师；标签：经验不限 / 学历不限；薪资：3000-5000元/月,学历不限,,58同城,2026-09-24 20:21:32,410222,通许县,开封市,2024-2026,58_通许县_2024_2026.csv
129,坐在树上的星,居家审核员五险齐全周末双休,开封市,通许-通许县,5000.0,8000.0,岗位：居家审核员五险齐全周末双休；标签：五险一金 / 包吃 / 包住 / 周末双休；薪资：5000-8000元/月,未注明,,58同城,2026-09-24 20:21:32,410222,通许县,开封市,2024-2026,58_通许县_2024_2026.csv
130,付先生,通许主播经纪人接收小白,开封市,通许,3000.0,5000.0,岗位：通许主播经纪人接收小白；标签：招3人 / 经验不限 / 学历不限；薪资：3000-5000元/月,学历不限,3.0,58同城,2026-09-24 20:21:36,410222,通许县,开封市,2024-2026,58_通许县_2024_2026.csv
131,58用户,汽车零配件销售,开封市,通许-通许县,,,岗位：汽车零配件销售；标签：包吃 / 包住 / 加班补助；薪资：面议,未注明,,58同城,2026-09-24 20:21:36,410222,通许县,开封市,2024-2026,58_通许县_2024_2026.csv
132,付先生,通许急聘主播经纪人不会免... 小程序,开封市,通许,3000.0,5000.0,岗位：通许急聘主播经纪人不会免... 小程序；标签：招3人 / 经验不限 / 学历不限；薪资：3000-5000元/月,学历不限,3.0,58同城,2026-09-24 20:21:36,410222,通许县,开封市,2024-2026,58_通许县_2024_2026.csv
133,用户45507,诊所口腔执业医生3千起,开封市,通许县-通许县城,3000.0,8000.0,岗位：诊所口腔执业医生3千起；标签：招1人 / 经验不限 / 学历不限；薪资：3000-8000元/月,学历不限,1.0,58同城,2026-09-24 20:21:36,410222,通许县,开封市,2024-2026,58_通许县_2024_2026.csv
134,喜欢彩虹的小小,尉氏急招百货日用品司机不装卸,开封市,尉氏,6000.0,8000.0,岗位：尉氏急招百货日用品司机不装卸；标签：五险 / 包住 / 加班补助；薪资：6000-8000元/月,未注明,,58同城,2026-09-24 20:23:23,410223,尉氏县,开封市,2024-2026,58_尉氏县_2024_2026.csv
135,总爱翻白眼的姑娘,急招尉氏送副食品C本司机,开封市,尉氏,6000.0,8000.0,岗位：急招尉氏送副食品C本司机；标签：五险 / 包住 / 加班补助；薪资：6000-8000元/月,未注明,,58同城,2026-09-24 20:23:23,410223,尉氏县,开封市,2024-2026,58_尉氏县_2024_2026.csv
136,欧先生,7k可享入职奖比亚迪郑州... 小程序,开封市,开封-尉氏,5000.0,7000.0,岗位：7k可享入职奖比亚迪郑州... 小程序；标签：五险一金 / 五险 / 包住 / 饭补；薪资：5000-7000元/月,未注明,,58同城,2026-09-24 20:23:23,410223,尉氏县,开封市,2024-2026,58_尉氏县_2024_2026.csv
137,丁先生,诚聘设备机修工薪资高待遇好,开封市,尉氏,5000.0,8000.0,岗位：诚聘设备机修工薪资高待遇好；标签：招3人 / 经验1-2年 / 学历不限；薪资：5000-8000元/月,学历不限,3.0,58同城,2026-09-24 20:23:23,410223,尉氏县,开封市,2024-2026,58_尉氏县_2024_2026.csv
138,爱穿花裙的孙小妹,尉氏工业园直招送货司机不装不卸,开封市,开封-尉氏,6000.0,8000.0,岗位：尉氏工业园直招送货司机不装不卸；标签：包住 / 饭补；薪资：6000-8000元/月,未注明,,58同城,2026-09-24 20:23:23,410223,尉氏县,开封市,2024-2026,58_尉氏县_2024_2026.csv
139,朱先生,比亚迪岗位多多普工技工,开封市,开封-尉氏,6000.0,8500.0,岗位：比亚迪岗位多多普工技工；标签：五险一金 / 包住；薪资：6000-8500元/月,未注明,,58同城,2026-09-24 20:23:23,410223,尉氏县,开封市,2024-2026,58_尉氏县_2024_2026.csv
140,找份工作,服务员,开封市,尉氏-尉氏县,2000.0,3000.0,岗位：服务员；标签：招2人 / 经验不限 / 学历不限；薪资：2000-3000元/月,学历不限,2.0,58同城,2026-09-24 20:23:23,410223,尉氏县,开封市,2024-2026,58_尉氏县_2024_2026.csv
141,喜欢哼歌的小嘴,小吃/快餐店服务员工作餐标高免费工服,开封市,尉氏县-尉氏汽车站,2600.0,3500.0,岗位：小吃/快餐店服务员工作餐标高免费工服；标签：招2人 / 经验不限 / 学历不限；薪资：2600-3500元/月,学历不限,2.0,58同城,2026-09-24 20:23:23,410223,尉氏县,开封市,2024-2026,58_尉氏县_2024_2026.csv
142,晚霞酿的酒,服装纺织厂包装工2400起,开封市,尉东市场-八房井购物中心,2400.0,3000.0,岗位：服装纺织厂包装工2400起；标签：招1人 / 经验不限 / 学历不限；薪资：2400-3000元/月,学历不限,1.0,58同城,2026-09-24 20:23:23,410223,尉氏县,开封市,2024-2026,58_尉氏县_2024_2026.csv
143,魏女士,服饰商店/服装销售3千起,开封市,尉氏-尉氏县,3000.0,8000.0,岗位：服饰商店/服装销售3千起；标签：招3人 / 经验不限 / 学历不限；薪资：3000-8000元/月,学历不限,3.0,58同城,2026-09-24 20:23:23,410223,尉氏县,开封市,2024-2026,58_尉氏县_2024_2026.csv
144,丁先生,汽车/汽配厂普工/操作工6300起,开封市,尉氏-尉氏县,6300.0,7000.0,岗位：汽车/汽配厂普工/操作工6300起；标签：招1人 / 经验不限 / 学历不限；薪资：6300-7000元/月,学历不限,1.0,58同城,2026-09-24 20:23:23,410223,尉氏县,开封市,2024-2026,58_尉氏县_2024_2026.csv
145,等雨停的窗,诚聘二保焊/五险包住包吃,开封市,开封-尉氏,5000.0,8000.0,岗位：诚聘二保焊/五险包住包吃；标签：包住 / 包吃 / 五险；薪资：5000-8000元/月,未注明,,58同城,2026-09-24 20:23:23,410223,尉氏县,开封市,2024-2026,58_尉氏县_2024_2026.csv
146,食荤者,烧烤帮工,开封市,尉东市场-八房井购物中心,2000.0,4000.0,岗位：烧烤帮工；标签：年底双薪；薪资：2000-4000元/月,未注明,,58同城,2026-09-24 20:23:23,410223,尉氏县,开封市,2024-2026,58_尉氏县_2024_2026.csv
147,郭先生,商贸类会计,开封市,尉氏-尉氏县,3500.0,4500.0,岗位：商贸类会计；标签：年底双薪；薪资：3500-4500元/月,未注明,,58同城,2026-09-24 20:23:23,410223,尉氏县,开封市,2024-2026,58_尉氏县_2024_2026.csv
148,等雨停的窗,急聘激光切割工包吃包住,开封市,开封-尉氏,5000.0,8000.0,岗位：急聘激光切割工包吃包住；标签：包住 / 包吃 / 五险；薪资：5000-8000元/月,未注明,,58同城,2026-09-24 20:23:23,410223,尉氏县,开封市,2024-2026,58_尉氏县_2024_2026.csv
149,sanlaodao,小吃店服务员2500起,开封市,尉氏-尉氏县,2500.0,3000.0,岗位：小吃店服务员2500起；标签：包吃；薪资：2500-3000元/月,未注明,,58同城,2026-09-24 20:23:23,410223,尉氏县,开封市,2024-2026,58_尉氏县_2024_2026.csv
150,招聘专员,开封冰雨药业有限公司/会计/包吃周末双休,开封市,尉氏,2500.0,4500.0,岗位：开封冰雨药业有限公司/会计/包吃周末双休；标签：周末双休 / 包住 / 包吃；薪资：2500-4500元/月,未注明,,58同城,2026-09-24 20:23:23,410223,尉氏县,开封市,2024-2026,58_尉氏县_2024_2026.csv
151,陈先生,急招集成房屋公司油漆工,开封市,尉氏-尉氏县,4500.0,10000.0,岗位：急招集成房屋公司油漆工；标签：经验3-5年 / 学历不限；薪资：4500-10000元/月,学历不限,,58同城,2026-09-24 20:23:23,410223,尉氏县,开封市,2024-2026,58_尉氏县_2024_2026.csv
152,优美动听晏老板F,潘阳建材贸易商行/办公室文员/3千起,开封市,尉氏-尉氏县,3000.0,5500.0,岗位：潘阳建材贸易商行/办公室文员/3千起；标签：加班补助；薪资：3000-5500元/月,未注明,,58同城,2026-09-24 20:23:23,410223,尉氏县,开封市,2024-2026,58_尉氏县_2024_2026.csv
153,王老利,尉氏县老利农机有限公司/新媒体运营工作时,开封市,尉氏-尉氏县,4000.0,6000.0,岗位：尉氏县老利农机有限公司/新媒体运营工作时；标签：经验1-2年 / 学历不限；薪资：4000-6000元/月,学历不限,,58同城,2026-09-24 20:23:23,410223,尉氏县,开封市,2024-2026,58_尉氏县_2024_2026.csv
154,博文双语学校,尉氏县博文双语学校/体育教师/包住包吃周,开封市,尉氏-尉氏县,2500.0,4500.0,岗位：尉氏县博文双语学校/体育教师/包住包吃周；标签：包住 / 包吃 / 周末双休；薪资：2500-4500元/月,未注明,,58同城,2026-09-24 20:23:23,410223,尉氏县,开封市,2024-2026,58_尉氏县_2024_2026.csv
155,陈先生,集装箱3D广告设计师,开封市,尉氏-尉氏县,3000.0,8000.0,岗位：集装箱3D广告设计师；标签：经验1-2年 / 学历不限；薪资：3000-8000元/月,学历不限,,58同城,2026-09-24 20:23:23,410223,尉氏县,开封市,2024-2026,58_尉氏县_2024_2026.csv
156,闫女士,钢结构厂国内电商运营周末双休包吃五险,开封市,尉氏-尉氏县,7000.0,10000.0,岗位：钢结构厂国内电商运营周末双休包吃五险；标签：五险 / 包吃 / 周末双休；薪资：7000-10000元/月,未注明,,58同城,2026-09-24 20:23:23,410223,尉氏县,开封市,2024-2026,58_尉氏县_2024_2026.csv
157,用户78404,营业员,开封市,尉氏-尉氏县,2500.0,4500.0,岗位：营业员；标签：经验不限 / 学历不限；薪资：2500-4500元/月,学历不限,,58同城,2026-09-24 20:23:23,410223,尉氏县,开封市,2024-2026,58_尉氏县_2024_2026.csv
158,捷诚科技商行,宽带装维/五险一金,开封市,尉氏-尉氏县,2500.0,11000.0,岗位：宽带装维/五险一金；标签：五险一金；薪资：2500-11000元/月,未注明,,58同城,2026-09-24 20:23:23,410223,尉氏县,开封市,2024-2026,58_尉氏县_2024_2026.csv
159,HAONONG,河南昊农生态肥业有限公司/普工/操作工加,开封市,尉氏-尉氏县,3500.0,5000.0,岗位：河南昊农生态肥业有限公司/普工/操作工加；标签：包住 / 包吃 / 加班补助；薪资：3500-5000元/月,未注明,,58同城,2026-09-24 20:23:23,410223,尉氏县,开封市,2024-2026,58_尉氏县_2024_2026.csv
160,操蛋的人生,月薪3200起诚聘客服,开封市,尉氏-尉东市场,3200.0,12000.0,岗位：月薪3200起诚聘客服；标签：经验不限 / 学历不限；薪资：3200-12000元/月,学历不限,,58同城,2026-09-24 20:23:23,410223,尉氏县,开封市,2024-2026,58_尉氏县_2024_2026.csv
161,杨先生,急招尉氏啤酒配送C本不装卸司机,开封市,开封-尉氏,6000.0,8000.0,岗位：急招尉氏啤酒配送C本不装卸司机；标签：包住；薪资：6000-8000元/月,未注明,,58同城,2026-09-24 20:23:23,410223,尉氏县,开封市,2024-2026,58_尉氏县_2024_2026.csv
162,苏先生,APp聊天客服,开封市,尉氏-尉氏县,3500.0,9000.0,岗位：APp聊天客服；标签：经验不限 / 学历不限；薪资：3500-9000元/月,学历不限,,58同城,2026-09-24 20:23:23,410223,尉氏县,开封市,2024-2026,58_尉氏县_2024_2026.csv
163,一切皆有可能_,尉氏县李宁/阿迪/耐克店长导购,开封市,尉氏县-尉氏县城,4500.0,6000.0,岗位：尉氏县李宁/阿迪/耐克店长导购；标签：五险 / 年底双薪 / 加班补助；薪资：4500-6000元/月,未注明,,58同城,2026-09-24 20:23:23,410223,尉氏县,开封市,2024-2026,58_尉氏县_2024_2026.csv
164,传诵不已的阮师傅,维也纳酒店餐饮部大堂经理,开封市,尉氏,6000.0,10000.0,岗位：维也纳酒店餐饮部大堂经理；标签：招3人 / 经验3-5年 / 学历不限；薪资：6000-10000元/月,学历不限,3.0,58同城,2026-09-24 20:23:27,410223,尉氏县,开封市,2024-2026,58_尉氏县_2024_2026.csv
165,丁先生,化验员,开封市,尉氏,5000.0,7000.0,岗位：化验员；标签：招5人 / 经验不限 / 学历大专；薪资：5000-7000元/月,大专,5.0,58同城,2026-09-24 20:23:27,410223,尉氏县,开封市,2024-2026,58_尉氏县_2024_2026.csv
166,赵女士,五险加年终奖诚聘兽药发酵... 小程序,开封市,尉氏县-尉氏汽车站,4500.0,10000.0,岗位：五险加年终奖诚聘兽药发酵... 小程序；标签：饭补 / 交通补助 / 加班补助 / 话补；薪资：4500-10000元/月,未注明,,58同城,2026-09-24 20:23:27,410223,尉氏县,开封市,2024-2026,58_尉氏县_2024_2026.csv
167,传诵不已的阮师傅,酒店餐饮部经理,开封市,尉氏,6000.0,10000.0,岗位：酒店餐饮部经理；标签：包吃 / 包住；薪资：6000-10000元/月,未注明,,58同城,2026-09-24 20:23:27,410223,尉氏县,开封市,2024-2026,58_尉氏县_2024_2026.csv
168,博文双语学校,尉氏县博文双语学校/英语老师/包吃包住周,开封市,尉氏-尉氏县,4000.0,8000.0,岗位：尉氏县博文双语学校/英语老师/包吃包住周；标签：包住 / 包吃 / 周末双休；薪资：4000-8000元/月,未注明,,58同城,2026-09-24 20:23:27,410223,尉氏县,开封市,2024-2026,58_尉氏县_2024_2026.csv
169,一帆_,篮球教练,开封市,尉氏县-尉氏汽车站,1500.0,3300.0,岗位：篮球教练；标签：招3人 / 经验1-2年 / 学历本科；薪资：1500-3300元/月,本科,3.0,58同城,2026-09-24 20:23:27,410223,尉氏县,开封市,2024-2026,58_尉氏县_2024_2026.csv
170,栖云客服招聘中,诚聘自媒体运营,开封市,尉氏,3000.0,5000.0,岗位：诚聘自媒体运营；标签：招2人 / 经验1-2年 / 学历不限；薪资：3000-5000元/月,学历不限,2.0,58同城,2026-09-24 20:23:27,410223,尉氏县,开封市,2024-2026,58_尉氏县_2024_2026.csv
171,付先生,尉氏主播经纪人3000起接受小白,开封市,尉氏,3000.0,6000.0,岗位：尉氏主播经纪人3000起接受小白；标签：招10人 / 经验不限 / 学历不限；薪资：3000-6000元/月,学历不限,10.0,58同城,2026-09-24 20:23:27,410223,尉氏县,开封市,2024-2026,58_尉氏县_2024_2026.csv
172,青涩DE管博士,医院执业药师,开封市,尉氏,4000.0,5000.0,岗位：医院执业药师；标签：招3人 / 经验不限 / 学历不限；薪资：4000-5000元/月,学历不限,3.0,58同城,2026-09-24 20:23:27,410223,尉氏县,开封市,2024-2026,58_尉氏县_2024_2026.csv
173,丁先生,化验员有矿石解析能力及行业相关经验,开封市,尉氏,5000.0,7000.0,岗位：化验员有矿石解析能力及行业相关经验；标签：招5人 / 经验1-2年 / 学历大专；薪资：5000-7000元/月,大专,5.0,58同城,2026-09-24 20:23:27,410223,尉氏县,开封市,2024-2026,58_尉氏县_2024_2026.csv
174,张驰,保单销售专员工作轻松简单,开封市,尉氏-尉氏县,2000.0,5000.0,岗位：保单销售专员工作轻松简单；标签：经验不限 / 学历高中；薪资：2000-5000元/月,高中,,58同城,2026-09-24 20:23:27,410223,尉氏县,开封市,2024-2026,58_尉氏县_2024_2026.csv
175,表达力强_耿同学,柒号美容美发店/养发师/1000起,开封市,尉氏县-尉氏县城,1000.0,3000.0,岗位：柒号美容美发店/养发师/1000起；标签：招1人 / 经验不限 / 学历不限；薪资：1000-3000元/月,学历不限,1.0,58同城,2026-09-24 20:23:27,410223,尉氏县,开封市,2024-2026,58_尉氏县_2024_2026.csv
176,招聘专员,药店执业药师/驻店药师2000起,开封市,尉氏-尉氏县,2000.0,3500.0,岗位：药店执业药师/驻店药师2000起；标签：招1人 / 经验不限 / 学历不限；薪资：2000-3500元/月,学历不限,1.0,58同城,2026-09-24 20:23:27,410223,尉氏县,开封市,2024-2026,58_尉氏县_2024_2026.csv
177,杨先生,中国人寿保险销售顾问,开封市,尉氏,3000.0,10000.0,岗位：中国人寿保险销售顾问；标签：招10人 / 经验不限 / 学历不限；薪资：3000-10000元/月,学历不限,10.0,58同城,2026-09-24 20:23:27,410223,尉氏县,开封市,2024-2026,58_尉氏县_2024_2026.csv
178,张驰,车险续保专员高提成,开封市,尉氏-尉氏县,4000.0,8000.0,岗位：车险续保专员高提成；标签：经验不限 / 学历不限；薪资：4000-8000元/月,学历不限,,58同城,2026-09-24 20:23:27,410223,尉氏县,开封市,2024-2026,58_尉氏县_2024_2026.csv
179,杨先生,中国人寿保险咨询顾问,开封市,尉氏,3000.0,10000.0,岗位：中国人寿保险咨询顾问；标签：招10人 / 经验不限 / 学历不限；薪资：3000-10000元/月,学历不限,10.0,58同城,2026-09-24 20:23:27,410223,尉氏县,开封市,2024-2026,58_尉氏县_2024_2026.csv
180,张驰,高提成资时间自由保险销售顾问,开封市,尉氏-尉氏县,4000.0,8000.0,岗位：高提成资时间自由保险销售顾问；标签：经验不限 / 学历不限；薪资：4000-8000元/月,学历不限,,58同城,2026-09-24 20:23:27,410223,尉氏县,开封市,2024-2026,58_尉氏县_2024_2026.csv
181,杨先生,中国人寿保险销售经理,开封市,尉氏,3000.0,10000.0,岗位：中国人寿保险销售经理；标签：招10人 / 经验不限 / 学历不限；薪资：3000-10000元/月,学历不限,10.0,58同城,2026-09-24 20:23:27,410223,尉氏县,开封市,2024-2026,58_尉氏县_2024_2026.csv
182,张驰,高提成人寿保险经纪人,开封市,尉氏-尉氏县,4000.0,8000.0,岗位：高提成人寿保险经纪人；标签：经验不限 / 学历不限；薪资：4000-8000元/月,学历不限,,58同城,2026-09-24 20:23:27,410223,尉氏县,开封市,2024-2026,58_尉氏县_2024_2026.csv
183,杨先生,人寿保险销售顾问,开封市,尉氏,3000.0,10000.0,岗位：人寿保险销售顾问；标签：招10人 / 经验不限 / 学历不限；薪资：3000-10000元/月,学历不限,10.0,58同城,2026-09-24 20:23:27,410223,尉氏县,开封市,2024-2026,58_尉氏县_2024_2026.csv
184,张驰,诚聘保险销售专员,开封市,尉氏-尉氏县,4000.0,8000.0,岗位：诚聘保险销售专员；标签：经验不限 / 学历不限；薪资：4000-8000元/月,学历不限,,58同城,2026-09-24 20:23:27,410223,尉氏县,开封市,2024-2026,58_尉氏县_2024_2026.csv
185,吕老师,诚聘高中物理教师杞县希望高中,开封市,尉氏,7000.0,14000.0,岗位：诚聘高中物理教师杞县希望高中；标签：招2人 / 经验1-2年 / 学历本科；薪资：7000-14000元/月,本科,2.0,58同城,2026-09-24 20:23:27,410223,尉氏县,开封市,2024-2026,58_尉氏县_2024_2026.csv
186,温柔甜美伏老板X,急聘有经验设计师待遇好请直接带电话,开封市,尉氏-尉氏县,4000.0,8500.0,岗位：急聘有经验设计师待遇好请直接带电话；标签：招2人 / 经验1年以下 / 学历大专；薪资：4000-8500元/月,大专,2.0,58同城,2026-09-24 20:23:27,410223,尉氏县,开封市,2024-2026,58_尉氏县_2024_2026.csv
187,温柔甜美伏老板X,月薪4000起诚聘有经验设计师直接打电话,开封市,尉氏-尉氏县,4000.0,7000.0,岗位：月薪4000起诚聘有经验设计师直接打电话；标签：包吃；薪资：4000-7000元/月,未注明,,58同城,2026-09-24 20:23:27,410223,尉氏县,开封市,2024-2026,58_尉氏县_2024_2026.csv
188,招聘专员,打字客服/在线客服/游戏客服,开封市,兰考-兰考县,3000.0,4000.0,岗位：打字客服/在线客服/游戏客服；标签：经验不限 / 学历不限；薪资：3000-4000元/月,学历不限,,58同城,2026-09-24 20:25:05,410225,兰考县,开封市,2024-2026,58_兰考县_2024_2026.csv
189,翟先生,聊天客服,开封市,兰考-兰考县,3000.0,5000.0,岗位：聊天客服；标签：经验不限 / 学历不限；薪资：3000-5000元/月,学历不限,,58同城,2026-09-24 20:25:05,410225,兰考县,开封市,2024-2026,58_兰考县_2024_2026.csv
190,邵先生,兰考外卖骑士 小程序,开封市,开封-兰考,8000.0,8500.0,岗位：兰考外卖骑士 小程序；标签：加班补助 / 饭补 / 话补 / 房补；薪资：8000-8500元/月,未注明,,58同城,2026-09-24 20:25:05,410225,兰考县,开封市,2024-2026,58_兰考县_2024_2026.csv
191,齐钇茗,河南风行工艺品有限公司力工包吃饭补包住,开封市,兰考县-兰考县城,2500.0,4500.0,岗位：河南风行工艺品有限公司力工包吃饭补包住；标签：包住 / 包吃 / 饭补；薪资：2500-4500元/月,未注明,,58同城,2026-09-24 20:25:05,410225,兰考县,开封市,2024-2026,58_兰考县_2024_2026.csv
192,待她笑靥如花,亚马逊网络在线客服3千至四千,开封市,兰考-兰考县,3000.0,5000.0,岗位：亚马逊网络在线客服3千至四千；标签：招2人 / 经验不限 / 学历不限；薪资：3000-5000元/月,学历不限,2.0,58同城,2026-09-24 20:25:05,410225,兰考县,开封市,2024-2026,58_兰考县_2024_2026.csv
193,爱绘图de辛师傅,货运公司招聘C本货运司机不装不卸,开封市,兰考,6500.0,8000.0,岗位：货运公司招聘C本货运司机不装不卸；标签：招6人 / 经验不限 / 学历不限；薪资：6500-8000元/月,学历不限,6.0,58同城,2026-09-24 20:25:05,410225,兰考县,开封市,2024-2026,58_兰考县_2024_2026.csv
194,谷先生,建筑装饰公司视频拍摄3千起,开封市,兰考-兰考县,3000.0,4500.0,岗位：建筑装饰公司视频拍摄3千起；标签：招1人 / 经验1-2年 / 学历不限；薪资：3000-4500元/月,学历不限,1.0,58同城,2026-09-24 20:25:05,410225,兰考县,开封市,2024-2026,58_兰考县_2024_2026.csv
195,拍星星的徐同学,台球厅台球助教5千起仅女生,开封市,兰考-兰考县,5000.0,7000.0,岗位：台球厅台球助教5千起仅女生；标签：经验不限 / 学历不限；薪资：5000-7000元/月,学历不限,,58同城,2026-09-24 20:25:05,410225,兰考县,开封市,2024-2026,58_兰考县_2024_2026.csv
196,张先生,保健服务部/足疗师房补饭补,开封市,兰考-空港,4500.0,8000.0,岗位：保健服务部/足疗师房补饭补；标签：饭补 / 房补；薪资：4500-8000元/月,未注明,,58同城,2026-09-24 20:25:05,410225,兰考县,开封市,2024-2026,58_兰考县_2024_2026.csv
197,郑女士,1万包吃住招健身教练学徒,开封市,开封-兰考,6500.0,13000.0,岗位：1万包吃住招健身教练学徒；标签：包住 / 五险一金 / 包吃；薪资：6500-13000元/月,未注明,,58同城,2026-09-24 20:25:05,410225,兰考县,开封市,2024-2026,58_兰考县_2024_2026.csv
198,王先生,小吃店服务员2000起,开封市,兰考-兰考县,2000.0,3000.0,岗位：小吃店服务员2000起；标签：经验不限 / 学历不限；薪资：2000-3000元/月,学历不限,,58同城,2026-09-24 20:25:05,410225,兰考县,开封市,2024-2026,58_兰考县_2024_2026.csv
199,爱邮购的银博士,兰栖酒店/前台,开封市,兰考县-兰考县城,2500.0,4000.0,岗位：兰栖酒店/前台；标签：招1人 / 经验不限 / 学历不限；薪资：2500-4000元/月,学历不限,1.0,58同城,2026-09-24 20:25:05,410225,兰考县,开封市,2024-2026,58_兰考县_2024_2026.csv
200,喜欢捏橡皮的可可,质检员上班转一转280一天,开封市,兰考,6000.0,8000.0,岗位：质检员上班转一转280一天；标签：五险一金 / 包吃 / 包住 / 年底双薪；薪资：6000-8000元/月,未注明,,58同城,2026-09-24 20:25:05,410225,兰考县,开封市,2024-2026,58_兰考县_2024_2026.csv
201,T丰姿绰约涂博士,中餐厅服务员/免费工服包吃,开封市,兰考县-兰考县城,3000.0,4000.0,岗位：中餐厅服务员/免费工服包吃；标签：包吃；薪资：3000-4000元/月,未注明,,58同城,2026-09-24 20:25:05,410225,兰考县,开封市,2024-2026,58_兰考县_2024_2026.csv
202,Qtpapa,生产文员,开封市,兰考,2000.0,4000.0,岗位：生产文员；标签：招21人 / 经验不限 / 学历高中；薪资：2000-4000元/月,高中,21.0,58同城,2026-09-24 20:25:05,410225,兰考县,开封市,2024-2026,58_兰考县_2024_2026.csv
203,董女士,兰考饿了么直聘骑手日结提供装备,开封市,兰考-兰考县,8000.0,8500.0,岗位：兰考饿了么直聘骑手日结提供装备；标签：年底双薪 / 交通补助；薪资：8000-8500元/月,未注明,,58同城,2026-09-24 20:25:05,410225,兰考县,开封市,2024-2026,58_兰考县_2024_2026.csv
204,卞女士,采购跟单员,开封市,兰考-兰考县,6000.0,7000.0,岗位：采购跟单员；标签：招1人 / 经验3-5年 / 学历高中；薪资：6000-7000元/月,高中,1.0,58同城,2026-09-24 20:25:05,410225,兰考县,开封市,2024-2026,58_兰考县_2024_2026.csv
205,捡石子的乐乐,居家审核员作息轻松月薪六千,开封市,兰考-空港,5000.0,8000.0,岗位：居家审核员作息轻松月薪六千；标签：五险一金 / 包吃 / 包住 / 周末双休；薪资：5000-8000元/月,未注明,,58同城,2026-09-24 20:25:05,410225,兰考县,开封市,2024-2026,58_兰考县_2024_2026.csv
206,宋先生,数据标注/AI训练师,开封市,兰考-兰考县,3000.0,5000.0,岗位：数据标注/AI训练师；标签：经验不限 / 学历不限；薪资：3000-5000元/月,学历不限,,58同城,2026-09-24 20:25:05,410225,兰考县,开封市,2024-2026,58_兰考县_2024_2026.csv
207,徐先生,兰考县允昌商贸有限公司门店店长3000起,开封市,兰考-空港,3000.0,5000.0,岗位：兰考县允昌商贸有限公司门店店长3000起；标签：饭补；薪资：3000-5000元/月,未注明,,58同城,2026-09-24 20:25:05,410225,兰考县,开封市,2024-2026,58_兰考县_2024_2026.csv
208,招聘专员,便利店店员/营业员学历经验不限,开封市,兰考-兰考县,3000.0,4000.0,岗位：便利店店员/营业员学历经验不限；标签：经验不限 / 学历不限；薪资：3000-4000元/月,学历不限,,58同城,2026-09-24 20:25:05,410225,兰考县,开封市,2024-2026,58_兰考县_2024_2026.csv
209,张先生,兰考急招餐饮店店长4000起,开封市,兰考-空港,4000.0,6000.0,岗位：兰考急招餐饮店店长4000起；标签：招1人 / 经验1-2年 / 学历不限；薪资：4000-6000元/月,学历不限,1.0,58同城,2026-09-24 20:25:05,410225,兰考县,开封市,2024-2026,58_兰考县_2024_2026.csv
210,闻桂花的人,内容审核优薪福利岗七千保底,开封市,兰考,6000.0,8000.0,岗位：内容审核优薪福利岗七千保底；标签：五险一金 / 包吃 / 包住 / 年底双薪；薪资：6000-8000元/月,未注明,,58同城,2026-09-24 20:25:05,410225,兰考县,开封市,2024-2026,58_兰考县_2024_2026.csv
211,Everythingtome,兰考县雲海招聘武术搏击教练周内双休,开封市,兰考-兰考县,3000.0,6000.0,岗位：兰考县雲海招聘武术搏击教练周内双休；标签：包住 / 周末双休；薪资：3000-6000元/月,未注明,,58同城,2026-09-24 20:25:05,410225,兰考县,开封市,2024-2026,58_兰考县_2024_2026.csv
212,张先生,兰考县张艳伟理发店美发助理/学徒2千起,开封市,兰考-兰考县,2000.0,2500.0,岗位：兰考县张艳伟理发店美发助理/学徒2千起；标签：经验不限 / 学历不限；薪资：2000-2500元/月,学历不限,,58同城,2026-09-24 20:25:05,410225,兰考县,开封市,2024-2026,58_兰考县_2024_2026.csv
213,张先生,口腔医生3000起,开封市,兰考县-兰考县城,3000.0,5000.0,岗位：口腔医生3000起；标签：经验3-5年 / 学历不限；薪资：3000-5000元/月,学历不限,,58同城,2026-09-24 20:25:05,410225,兰考县,开封市,2024-2026,58_兰考县_2024_2026.csv
214,赵女士,萘欧美甲店/美甲师/3000到5000,开封市,兰考-兰考县,3000.0,4500.0,岗位：萘欧美甲店/美甲师/3000到5000；标签：招1人 / 经验不限 / 学历不限；薪资：3000-4500元/月,学历不限,1.0,58同城,2026-09-24 20:25:05,410225,兰考县,开封市,2024-2026,58_兰考县_2024_2026.csv
215,用户64506,百货批发商行/电商运营2500起,开封市,兰考县-兰考县城,2500.0,4500.0,岗位：百货批发商行/电商运营2500起；标签：饭补；薪资：2500-4500元/月,未注明,,58同城,2026-09-24 20:25:05,410225,兰考县,开封市,2024-2026,58_兰考县_2024_2026.csv
216,用户83376,餐饮店后厨杂工18岁以上,开封市,兰考-兰考县,2000.0,2500.0,岗位：餐饮店后厨杂工18岁以上；标签：招1人 / 经验1年以下 / 学历不限；薪资：2000-2500元/月,学历不限,1.0,58同城,2026-09-24 20:25:05,410225,兰考县,开封市,2024-2026,58_兰考县_2024_2026.csv
217,董女士,兰考饿了么日结299,开封市,兰考-兰考县,7000.0,8000.0,岗位：兰考饿了么日结299；标签：年底双薪 / 交通补助；薪资：7000-8000元/月,未注明,,58同城,2026-09-24 20:25:05,410225,兰考县,开封市,2024-2026,58_兰考县_2024_2026.csv
218,杨先生,急招偃师日用百货配送C本司机不装卸,洛阳市,洛阳-偃师市,6000.0,8000.0,岗位：急招偃师日用百货配送C本司机不装卸；标签：包住；薪资：6000-8000元/月,未注明,,58同城,2026-09-24 20:26:52,410307,偃师区,洛阳市,2024-2026,58_偃师区_2024_2026.csv
219,王女士,技术员,洛阳市,偃师-岳滩,4000.0,5000.0,岗位：技术员；标签：招3人 / 经验1年以下 / 学历大专；薪资：4000-5000元/月,大专,3.0,58同城,2026-09-24 20:26:52,410307,偃师区,洛阳市,2024-2026,58_偃师区_2024_2026.csv
220,用户78504,中餐厅后厨包住洗衣机四人... 小程序,洛阳市,偃师市-顾县镇,2500.0,5000.0,岗位：中餐厅后厨包住洗衣机四人... 小程序；标签：包住 / 包吃；薪资：2500-5000元/月,未注明,,58同城,2026-09-24 20:26:52,410307,偃师区,洛阳市,2024-2026,58_偃师区_2024_2026.csv
221,刘建华,钢球生产工序操作工,洛阳市,其他-杜甫大道,5500.0,8500.0,岗位：钢球生产工序操作工；标签：五险；薪资：5500-8500元/月,未注明,,58同城,2026-09-24 20:26:52,410307,偃师区,洛阳市,2024-2026,58_偃师区_2024_2026.csv
222,何先生,靓顺管道设备服务公司文员包住饭补五险,洛阳市,偃师,3500.0,5000.0,岗位：靓顺管道设备服务公司文员包住饭补五险；标签：五险 / 包住 / 饭补；薪资：3500-5000元/月,未注明,,58同城,2026-09-24 20:26:52,410307,偃师区,洛阳市,2024-2026,58_偃师区_2024_2026.csv
223,鲍龙,羽毛球馆羽毛球教练加班补助包住包吃,洛阳市,偃师,6000.0,10000.0,岗位：羽毛球馆羽毛球教练加班补助包住包吃；标签：包住 / 包吃 / 加班补助；薪资：6000-10000元/月,未注明,,58同城,2026-09-24 20:26:52,410307,偃师区,洛阳市,2024-2026,58_偃师区_2024_2026.csv
224,赵女士,美容馆/美容学徒(澜澜团队急招),洛阳市,其他-杜甫大道,2000.0,5000.0,岗位：美容馆/美容学徒(澜澜团队急招)；标签：经验不限 / 学历不限；薪资：2000-5000元/月,学历不限,,58同城,2026-09-24 20:26:52,410307,偃师区,洛阳市,2024-2026,58_偃师区_2024_2026.csv
225,宋女士,连锁店养发师美容店长5000起/洛阳偃师,洛阳市,偃师市-其他,5000.0,10000.0,岗位：连锁店养发师美容店长5000起/洛阳偃师；标签：招1人 / 经验1-2年 / 学历不限；薪资：5000-10000元/月,学历不限,1.0,58同城,2026-09-24 20:26:52,410307,偃师区,洛阳市,2024-2026,58_偃师区_2024_2026.csv
226,yanshiruixin,办公室文员,洛阳市,偃师,3000.0,5000.0,岗位：办公室文员；标签：招5人 / 经验不限 / 学历不限；薪资：3000-5000元/月,学历不限,5.0,58同城,2026-09-24 20:26:52,410307,偃师区,洛阳市,2024-2026,58_偃师区_2024_2026.csv
227,腾讯新闻,生鲜超市理货员,洛阳市,偃师市-其他,2500.0,3000.0,岗位：生鲜超市理货员；标签：年底双薪 / 加班补助；薪资：2500-3000元/月,未注明,,58同城,2026-09-24 20:26:52,410307,偃师区,洛阳市,2024-2026,58_偃师区_2024_2026.csv
228,洛阳市宸邦实业有限公司,客户邀约专员,洛阳市,其他-杜甫大道,3000.0,10000.0,岗位：客户邀约专员；标签：招2人 / 经验不限 / 学历不限；薪资：3000-10000元/月,学历不限,2.0,58同城,2026-09-24 20:26:52,410307,偃师区,洛阳市,2024-2026,58_偃师区_2024_2026.csv
229,赵女士,美容师-时间自由-可双休(澜澜团队急招),洛阳市,其他-杜甫大道,3000.0,6000.0,岗位：美容师-时间自由-可双休(澜澜团队急招)；标签：经验不限 / 学历不限；薪资：3000-6000元/月,学历不限,,58同城,2026-09-24 20:26:52,410307,偃师区,洛阳市,2024-2026,58_偃师区_2024_2026.csv
230,左女士,商品混凝土公司销售/五险包吃包住,洛阳市,偃师-其他,5000.0,10000.0,岗位：商品混凝土公司销售/五险包吃包住；标签：五险 / 包住 / 包吃；薪资：5000-10000元/月,未注明,,58同城,2026-09-24 20:26:52,410307,偃师区,洛阳市,2024-2026,58_偃师区_2024_2026.csv
231,招聘专员,洛阳市偃师区星潮贝品母婴用品店店员/营业,洛阳市,偃师-顾县镇,2000.0,5000.0,岗位：洛阳市偃师区星潮贝品母婴用品店店员/营业；标签：经验不限 / 学历不限；薪资：2000-5000元/月,学历不限,,58同城,2026-09-24 20:26:52,410307,偃师区,洛阳市,2024-2026,58_偃师区_2024_2026.csv
232,李先生,八千直招仓库装卸工包吃住,洛阳市,洛阳-偃师市,7000.0,8500.0,岗位：八千直招仓库装卸工包吃住；标签：包住 / 包吃；薪资：7000-8500元/月,未注明,,58同城,2026-09-24 20:26:52,410307,偃师区,洛阳市,2024-2026,58_偃师区_2024_2026.csv
233,李先生,偃师安能八千包吃住直招仓库操作工,洛阳市,洛阳-偃师市,5000.0,7000.0,岗位：偃师安能八千包吃住直招仓库操作工；标签：包住 / 包吃；薪资：5000-7000元/月,未注明,,58同城,2026-09-24 20:26:52,410307,偃师区,洛阳市,2024-2026,58_偃师区_2024_2026.csv
234,何先生,设备维修焊工,洛阳市,偃师-顾县镇,6000.0,10000.0,岗位：设备维修焊工；标签：包住 / 包吃 / 交通补助 / 加班补助；薪资：6000-10000元/月,未注明,,58同城,2026-09-24 20:26:52,410307,偃师区,洛阳市,2024-2026,58_偃师区_2024_2026.csv
235,杨女士,绣花厂/看机器杂工/包住加班补助包吃,洛阳市,偃师市-其他,3500.0,5000.0,岗位：绣花厂/看机器杂工/包住加班补助包吃；标签：包住 / 包吃 / 加班补助；薪资：3500-5000元/月,未注明,,58同城,2026-09-24 20:26:52,410307,偃师区,洛阳市,2024-2026,58_偃师区_2024_2026.csv
236,王先生,金钥匙双语学校/招生专员周末双休包住包吃,洛阳市,偃师市-其他,3000.0,4500.0,岗位：金钥匙双语学校/招生专员周末双休包住包吃；标签：包住 / 包吃 / 周末双休；薪资：3000-4500元/月,未注明,,58同城,2026-09-24 20:26:52,410307,偃师区,洛阳市,2024-2026,58_偃师区_2024_2026.csv
237,叶衍团,沐足养生店/按摩师饭补包住年底双薪,洛阳市,偃师市-其他,14500.0,15000.0,岗位：沐足养生店/按摩师饭补包住年底双薪；标签：包住 / 包吃 / 年底双薪 / 饭补；薪资：14500-15000元/月,未注明,,58同城,2026-09-24 20:26:52,410307,偃师区,洛阳市,2024-2026,58_偃师区_2024_2026.csv
238,草莓味的风,陇源鞋业商行/销售专员/4千起,洛阳市,偃师市-其他,4000.0,7000.0,岗位：陇源鞋业商行/销售专员/4千起；标签：经验不限 / 学历不限；薪资：4000-7000元/月,学历不限,,58同城,2026-09-24 20:26:52,410307,偃师区,洛阳市,2024-2026,58_偃师区_2024_2026.csv
239,招聘专员,火锅店服务员2500起,洛阳市,偃师市-其他,2500.0,3200.0,岗位：火锅店服务员2500起；标签：经验不限 / 学历不限；薪资：2500-3200元/月,学历不限,,58同城,2026-09-24 20:26:52,410307,偃师区,洛阳市,2024-2026,58_偃师区_2024_2026.csv
240,墨扣时尚男装,紧急招聘营业员，有无经验均可,洛阳市,其他-杜甫大道,3000.0,5000.0,岗位：紧急招聘营业员，有无经验均可；标签：经验不限 / 学历不限；薪资：3000-5000元/月,学历不限,,58同城,2026-09-24 20:26:52,410307,偃师区,洛阳市,2024-2026,58_偃师区_2024_2026.csv
241,李先生,偃师八千包吃住直招仓库普工,洛阳市,洛阳-偃师市,7000.0,8500.0,岗位：偃师八千包吃住直招仓库普工；标签：包住 / 包吃；薪资：7000-8500元/月,未注明,,58同城,2026-09-24 20:26:52,410307,偃师区,洛阳市,2024-2026,58_偃师区_2024_2026.csv
242,至死方休,中餐厅/中餐厨师/2000起,洛阳市,偃师市-其他,2000.0,5500.0,岗位：中餐厅/中餐厨师/2000起；标签：经验不限 / 学历不限；薪资：2000-5500元/月,学历不限,,58同城,2026-09-24 20:26:52,410307,偃师区,洛阳市,2024-2026,58_偃师区_2024_2026.csv
243,聂女士,10086人工客服带薪培训,洛阳市,商城-世纪商城,3000.0,6000.0,岗位：10086人工客服带薪培训；标签：招100人 / 经验不限 / 学历不限；薪资：3000-6000元/月,学历不限,100.0,58同城,2026-09-24 20:26:52,410307,偃师区,洛阳市,2024-2026,58_偃师区_2024_2026.csv
244,大口浙江服饰,大口镇浙江服饰导购,洛阳市,偃师市-其他,3000.0,6000.0,岗位：大口镇浙江服饰导购；标签：经验不限 / 学历不限；薪资：3000-6000元/月,学历不限,,58同城,2026-09-24 20:26:52,410307,偃师区,洛阳市,2024-2026,58_偃师区_2024_2026.csv
245,T丰润封总,大口镇浙江服饰销售3000起,洛阳市,其他-杜甫大道,3000.0,6000.0,岗位：大口镇浙江服饰销售3000起；标签：招1人 / 经验不限 / 学历不限；薪资：3000-6000元/月,学历不限,1.0,58同城,2026-09-24 20:26:52,410307,偃师区,洛阳市,2024-2026,58_偃师区_2024_2026.csv
246,无知的依赖,超越骆陀鞋业店京东运营3k起,洛阳市,其他-杜甫大道,3000.0,13500.0,岗位：超越骆陀鞋业店京东运营3k起；标签：经验不限 / 学历不限；薪资：3000-13500元/月,学历不限,,58同城,2026-09-24 20:26:52,410307,偃师区,洛阳市,2024-2026,58_偃师区_2024_2026.csv
247,数蚂蚁的彤彤,美容美甲店/美甲师/白/夜班多班次可选,洛阳市,偃师市-其他,3000.0,4500.0,岗位：美容美甲店/美甲师/白/夜班多班次可选；标签：经验1-2年 / 学历不限；薪资：3000-4500元/月,学历不限,,58同城,2026-09-24 20:26:52,410307,偃师区,洛阳市,2024-2026,58_偃师区_2024_2026.csv
248,李女士,中国人寿保险人事助理五险一金周末双休,洛阳市,涧西-万达广场,3000.0,5500.0,岗位：中国人寿保险人事助理五险一金周末双休；标签：五险一金 / 周末双休；薪资：3000-5500元/月,未注明,,58同城,2026-09-24 20:27:00,410307,偃师区,洛阳市,2024-2026,58_偃师区_2024_2026.csv
249,于女士,食堂面点师包住年底双薪包吃,洛阳市,西工-周王城广场,2500.0,3500.0,岗位：食堂面点师包住年底双薪包吃；标签：包住 / 包吃 / 年底双薪；薪资：2500-3500元/月,未注明,,58同城,2026-09-24 20:27:00,410307,偃师区,洛阳市,2024-2026,58_偃师区_2024_2026.csv
250,刘先生,新媒体运营有拍摄剪辑经验 小程序,洛阳市,洛阳,5000.0,10000.0,岗位：新媒体运营有拍摄剪辑经验 小程序；标签：包住；薪资：5000-10000元/月,未注明,,58同城,2026-09-24 20:27:00,410307,偃师区,洛阳市,2024-2026,58_偃师区_2024_2026.csv
251,王女士,中餐厅餐饮主管店长包住四人间淋浴,洛阳市,涧西-涧西周边,3500.0,5500.0,岗位：中餐厅餐饮主管店长包住四人间淋浴；标签：包住 / 包吃；薪资：3500-5500元/月,未注明,,58同城,2026-09-24 20:27:00,410307,偃师区,洛阳市,2024-2026,58_偃师区_2024_2026.csv
252,于先生,中餐厨师,洛阳市,西工-周王城广场,4000.0,6000.0,岗位：中餐厨师；标签：招2人 / 经验3-5年 / 学历不限；薪资：4000-6000元/月,学历不限,2.0,58同城,2026-09-24 20:27:00,410307,偃师区,洛阳市,2024-2026,58_偃师区_2024_2026.csv
253,赵先生,熟食店店员营业员工作时间白夜兼职,洛阳市,老城-丽景门,3000.0,5000.0,岗位：熟食店店员营业员工作时间白夜兼职；标签：经验1-2年 / 学历中专；薪资：3000-5000元/月,中专/中技,,58同城,2026-09-24 20:27:00,410307,偃师区,洛阳市,2024-2026,58_偃师区_2024_2026.csv
254,姚先生,后厨帮工洗碗工,洛阳市,洛阳-西工,2500.0,3500.0,岗位：后厨帮工洗碗工；标签：包吃；薪资：2500-3500元/月,未注明,,58同城,2026-09-24 20:27:00,410307,偃师区,洛阳市,2024-2026,58_偃师区_2024_2026.csv
255,高女士,食品/店员/营业员工作时间灵活,洛阳市,瀍河-瀍河周边,2500.0,3500.0,岗位：食品/店员/营业员工作时间灵活；标签：包吃；薪资：2500-3500元/月,未注明,,58同城,2026-09-24 20:27:00,410307,偃师区,洛阳市,2024-2026,58_偃师区_2024_2026.csv
256,罗先生,文化传媒公司主播助播4k起,洛阳市,洛阳-西工,4000.0,8000.0,岗位：文化传媒公司主播助播4k起；标签：招3人 / 经验不限 / 学历不限；薪资：4000-8000元/月,学历不限,3.0,58同城,2026-09-24 20:27:00,410307,偃师区,洛阳市,2024-2026,58_偃师区_2024_2026.csv
257,kqwa4e,财务其他,洛阳市,瀍河-瀍河周边,,,岗位：财务其他；标签：经验不限 / 学历大专；薪资：面议,大专,,58同城,2026-09-24 20:27:00,410307,偃师区,洛阳市,2024-2026,58_偃师区_2024_2026.csv
258,爱啼鸟的糜博士,烧烤店餐饮主管5千起,洛阳市,洛龙-森林半岛,5000.0,7000.0,岗位：烧烤店餐饮主管5千起；标签：招1人 / 经验1-2年 / 学历不限；薪资：5000-7000元/月,学历不限,1.0,58同城,2026-09-24 20:27:00,410307,偃师区,洛阳市,2024-2026,58_偃师区_2024_2026.csv
259,王智卫,小吃/快餐店餐厅领班2000起,洛阳市,洛阳-洛龙,2000.0,5000.0,岗位：小吃/快餐店餐厅领班2000起；标签：招1人 / 经验不限 / 学历不限；薪资：2000-5000元/月,学历不限,1.0,58同城,2026-09-24 20:27:00,410307,偃师区,洛阳市,2024-2026,58_偃师区_2024_2026.csv
260,STAR,急招牛肉汤盛汤师傅,洛阳市,洛龙-新区体育场,4000.0,5000.0,岗位：急招牛肉汤盛汤师傅；标签：经验不限 / 学历不限；薪资：4000-5000元/月,学历不限,,58同城,2026-09-24 20:27:00,410307,偃师区,洛阳市,2024-2026,58_偃师区_2024_2026.csv
261,洛阳快聘人力资源,洛龙区/汽配厂普工/操作工6k起,洛阳市,洛阳,6500.0,8500.0,岗位：洛龙区/汽配厂普工/操作工6k起；标签：饭补；薪资：6500-8500元/月,未注明,,58同城,2026-09-24 20:27:00,410307,偃师区,洛阳市,2024-2026,58_偃师区_2024_2026.csv
262,郝营,好汉建筑材料销售店营业员/营业员学历不限,洛阳市,西工-王城公园,2500.0,4000.0,岗位：好汉建筑材料销售店营业员/营业员学历不限；标签：加班补助；薪资：2500-4000元/月,未注明,,58同城,2026-09-24 20:27:00,410307,偃师区,洛阳市,2024-2026,58_偃师区_2024_2026.csv
263,范先生,早餐店面点师包子工营业员包吃住,洛阳市,涧西-万达广场,3000.0,4500.0,岗位：早餐店面点师包子工营业员包吃住；标签：包住 / 包吃；薪资：3000-4500元/月,未注明,,58同城,2026-09-24 20:27:00,410307,偃师区,洛阳市,2024-2026,58_偃师区_2024_2026.csv
264,孟博先生,厨工,洛阳市,洛阳-洛龙,3000.0,4000.0,岗位：厨工；标签：经验不限 / 学历不限；薪资：3000-4000元/月,学历不限,,58同城,2026-09-24 20:27:00,410307,偃师区,洛阳市,2024-2026,58_偃师区_2024_2026.csv
265,灵活de饶老板,食品/店员2000起,洛阳市,洛阳-汝阳,2000.0,4000.0,岗位：食品/店员2000起；标签：经验不限 / 学历不限；薪资：2000-4000元/月,学历不限,,58同城,2026-09-24 20:27:00,410307,偃师区,洛阳市,2024-2026,58_偃师区_2024_2026.csv
266,陈女士,高端滋补保健营养品店员,洛阳市,涧西-万达广场,3000.0,6000.0,岗位：高端滋补保健营养品店员；标签：招1人 / 经验1年以下 / 学历不限；薪资：3000-6000元/月,学历不限,1.0,58同城,2026-09-24 20:27:00,410307,偃师区,洛阳市,2024-2026,58_偃师区_2024_2026.csv
267,用户29154,食品/饮料店员/营业员学历经验不限,洛阳市,涧西-万达广场,3000.0,4500.0,岗位：食品/饮料店员/营业员学历经验不限；标签：招2人 / 经验不限 / 学历不限；薪资：3000-4500元/月,学历不限,2.0,58同城,2026-09-24 20:27:00,410307,偃师区,洛阳市,2024-2026,58_偃师区_2024_2026.csv
268,洛阳快聘人力资源,宜阳汽配厂普工/操作工5000起,洛阳市,洛阳,5000.0,8000.0,岗位：宜阳汽配厂普工/操作工5000起；标签：饭补；薪资：5000-8000元/月,未注明,,58同城,2026-09-24 20:27:00,410307,偃师区,洛阳市,2024-2026,58_偃师区_2024_2026.csv
269,抱着抱枕发呆的阿甜,餐饮主管4500,洛阳市,洛龙-洛龙周边,4500.0,6000.0,岗位：餐饮主管4500；标签：包住 / 包吃；薪资：4500-6000元/月,未注明,,58同城,2026-09-24 20:27:00,410307,偃师区,洛阳市,2024-2026,58_偃师区_2024_2026.csv
270,玉,厨工,洛阳市,涧西-涧西周边,3000.0,3500.0,岗位：厨工；标签：招1人 / 经验不限 / 学历不限；薪资：3000-3500元/月,学历不限,1.0,58同城,2026-09-24 20:27:00,410307,偃师区,洛阳市,2024-2026,58_偃师区_2024_2026.csv
271,闫女士,上一休一/夜间客服/白天可兼职,洛阳市,洛龙-洛龙周边,,,岗位：上一休一/夜间客服/白天可兼职；标签：话补 / 饭补；薪资：面议,未注明,,58同城,2026-09-24 20:27:00,410307,偃师区,洛阳市,2024-2026,58_偃师区_2024_2026.csv
272,招聘专员,食品/店员/营业员2000起,洛阳市,老城-北大街,2000.0,3000.0,岗位：食品/店员/营业员2000起；标签：包吃；薪资：2000-3000元/月,未注明,,58同城,2026-09-24 20:27:00,410307,偃师区,洛阳市,2024-2026,58_偃师区_2024_2026.csv
273,vygln_au0,餐饮店店员/营业员,洛阳市,洛阳-涧西,3000.0,4000.0,岗位：餐饮店店员/营业员；标签：招1人 / 经验不限 / 学历不限；薪资：3000-4000元/月,学历不限,1.0,58同城,2026-09-24 20:27:00,410307,偃师区,洛阳市,2024-2026,58_偃师区_2024_2026.csv
274,高女士,诚聘自动焊焊工,洛阳市,洛阳-洛龙,5000.0,8000.0,岗位：诚聘自动焊焊工；标签：包住 / 饭补 / 加班补助；薪资：5000-8000元/月,未注明,,58同城,2026-09-24 20:27:00,410307,偃师区,洛阳市,2024-2026,58_偃师区_2024_2026.csv
275,王女士,设备操作工/班组长/食品生产,洛阳市,洛阳-涧西,3000.0,5000.0,岗位：设备操作工/班组长/食品生产；标签：加班补助 / 包吃 / 五险；薪资：3000-5000元/月,未注明,,58同城,2026-09-24 20:27:00,410307,偃师区,洛阳市,2024-2026,58_偃师区_2024_2026.csv
276,用户62371,美甲师,洛阳市,西工-新都汇,2000.0,4000.0,岗位：美甲师；标签：经验不限 / 学历不限；薪资：2000-4000元/月,学历不限,,58同城,2026-09-24 20:27:00,410307,偃师区,洛阳市,2024-2026,58_偃师区_2024_2026.csv
277,招聘专员,运营五险双休远程欢迎上岗,洛阳市,洛龙-泉舜财富中心,4300.0,4800.0,岗位：运营五险双休远程欢迎上岗；标签：五险一金；薪资：4300-4800元/月,未注明,,58同城,2026-09-24 20:27:00,410307,偃师区,洛阳市,2024-2026,58_偃师区_2024_2026.csv
278,何先生,靓顺管道设备服务公司文员... 小程序,洛阳市,偃师,3500.0,5000.0,岗位：靓顺管道设备服务公司文员... 小程序；标签：五险 / 包住 / 饭补；薪资：3500-5000元/月,未注明,,58同城,2026-09-24 20:27:24,410307,偃师区,洛阳市,2024-2026,58_偃师区_2024_2026.csv
279,用户78504,中餐厅后厨包住洗衣机四人间,洛阳市,偃师市-顾县镇,2500.0,5000.0,岗位：中餐厅后厨包住洗衣机四人间；标签：包住 / 包吃；薪资：2500-5000元/月,未注明,,58同城,2026-09-24 20:27:24,410307,偃师区,洛阳市,2024-2026,58_偃师区_2024_2026.csv
280,袁经理,会计,洛阳市,偃师市-其他,3000.0,4000.0,岗位：会计；标签：经验不限 / 学历不限；薪资：3000-4000元/月,学历不限,,58同城,2026-09-24 20:27:29,410307,偃师区,洛阳市,2024-2026,58_偃师区_2024_2026.csv
281,韩先生,偃师包装工管吃住,洛阳市,偃师市-顾县镇,4000.0,7500.0,岗位：偃师包装工管吃住；标签：包住 / 包吃；薪资：4000-7500元/月,未注明,,58同城,2026-09-24 20:27:29,410307,偃师区,洛阳市,2024-2026,58_偃师区_2024_2026.csv
282,翁先生,洛阳安能7千到1万诚聘物... 小程序,洛阳市,洛阳-偃师市,7000.0,10000.0,岗位：洛阳安能7千到1万诚聘物... 小程序；标签：包住 / 包吃；薪资：7000-10000元/月,未注明,,58同城,2026-09-24 20:27:29,410307,偃师区,洛阳市,2024-2026,58_偃师区_2024_2026.csv
283,翁先生,洛阳安能七千到一万诚聘仓库操作工包吃住,洛阳市,洛阳-偃师市,7000.0,10000.0,岗位：洛阳安能七千到一万诚聘仓库操作工包吃住；标签：包住 / 包吃；薪资：7000-10000元/月,未注明,,58同城,2026-09-24 20:27:29,410307,偃师区,洛阳市,2024-2026,58_偃师区_2024_2026.csv
284,翁先生,安能8千直招仓库普工包吃包住,洛阳市,洛阳-偃师市,7000.0,10000.0,岗位：安能8千直招仓库普工包吃包住；标签：包住 / 包吃；薪资：7000-10000元/月,未注明,,58同城,2026-09-24 20:27:29,410307,偃师区,洛阳市,2024-2026,58_偃师区_2024_2026.csv
285,李英豪,厨师-待遇好-挣得多,洛阳市,商城-世纪商城,3000.0,7000.0,岗位：厨师-待遇好-挣得多；标签：包住 / 包吃 / 年底双薪 / 加班补助；薪资：3000-7000元/月,未注明,,58同城,2026-09-24 20:27:29,410307,偃师区,洛阳市,2024-2026,58_偃师区_2024_2026.csv
286,王先生,招聘小学初中语数英理化教师各一名,洛阳市,偃师市-其他,2500.0,4000.0,岗位：招聘小学初中语数英理化教师各一名；标签：包住 / 包吃 / 周末双休；薪资：2500-4000元/月,未注明,,58同城,2026-09-24 20:27:29,410307,偃师区,洛阳市,2024-2026,58_偃师区_2024_2026.csv
287,李英豪,前厅服务员-管吃住-不内耗,洛阳市,商城-世纪商城,2800.0,3500.0,岗位：前厅服务员-管吃住-不内耗；标签：包住 / 包吃 / 年底双薪；薪资：2800-3500元/月,未注明,,58同城,2026-09-24 20:27:29,410307,偃师区,洛阳市,2024-2026,58_偃师区_2024_2026.csv
288,马女士,急/300一天口红厂印刷/长白班,洛阳市,偃师,6500.0,8500.0,岗位：急/300一天口红厂印刷/长白班；标签：五险一金 / 五险 / 包住 / 包吃；薪资：6500-8500元/月,未注明,,58同城,2026-09-24 20:27:29,410307,偃师区,洛阳市,2024-2026,58_偃师区_2024_2026.csv
289,张女士,丝印工/五险周末双休加班补助,洛阳市,偃师,7500.0,8000.0,岗位：丝印工/五险周末双休加班补助；标签：五险一金 / 五险 / 包住 / 包吃；薪资：7500-8000元/月,未注明,,58同城,2026-09-24 20:27:29,410307,偃师区,洛阳市,2024-2026,58_偃师区_2024_2026.csv
290,判若鸿沟DE曲老板,班车司机,洛阳市,偃师,5500.0,6000.0,岗位：班车司机；标签：五险一金 / 包住 / 年底双薪 / 周末双休；薪资：5500-6000元/月,未注明,,58同城,2026-09-24 20:27:29,410307,偃师区,洛阳市,2024-2026,58_偃师区_2024_2026.csv
291,玩着积木的小小,酒店/客房服务员保洁3千起,洛阳市,偃师,2500.0,3000.0,岗位：酒店/客房服务员保洁3千起；标签：招2人 / 经验不限 / 学历不限；薪资：2500-3000元/月,学历不限,2.0,58同城,2026-09-24 20:27:29,410307,偃师区,洛阳市,2024-2026,58_偃师区_2024_2026.csv
292,王女士,生产管理,洛阳市,偃师,5000.0,10000.0,岗位：生产管理；标签：招2人 / 经验3-5年 / 学历大专；薪资：5000-10000元/月,大专,2.0,58同城,2026-09-24 20:27:29,410307,偃师区,洛阳市,2024-2026,58_偃师区_2024_2026.csv
293,孔先生,偃师区诚聘护工8K入职缴纳五险带薪休假,洛阳市,商城-世纪商城,5000.0,8000.0,岗位：偃师区诚聘护工8K入职缴纳五险带薪休假；标签：五险 / 包住；薪资：5000-8000元/月,未注明,,58同城,2026-09-24 20:27:29,410307,偃师区,洛阳市,2024-2026,58_偃师区_2024_2026.csv
294,爱坦白de隋博士,共享单车运维工作时间灵活,洛阳市,偃师,4500.0,6000.0,岗位：共享单车运维工作时间灵活；标签：招2人 / 经验不限 / 学历不限；薪资：4500-6000元/月,学历不限,2.0,58同城,2026-09-24 20:27:29,410307,偃师区,洛阳市,2024-2026,58_偃师区_2024_2026.csv
295,李女士,工厂保洁8小时工作制，白班,洛阳市,偃师市-岳滩,2000.0,2500.0,岗位：工厂保洁8小时工作制，白班；标签：包吃；薪资：2000-2500元/月,未注明,,58同城,2026-09-24 20:27:29,410307,偃师区,洛阳市,2024-2026,58_偃师区_2024_2026.csv
296,娜娜,中医艾灸师(荣盛诚园店),洛阳市,偃师,4000.0,6000.0,岗位：中医艾灸师(荣盛诚园店)；标签：周末双休；薪资：4000-6000元/月,未注明,,58同城,2026-09-24 20:27:29,410307,偃师区,洛阳市,2024-2026,58_偃师区_2024_2026.csv
297,娜娜,帝景花园店诚聘美容师、艾灸师、学徒,洛阳市,偃师,3000.0,5500.0,岗位：帝景花园店诚聘美容师、艾灸师、学徒；标签：经验不限 / 学历不限；薪资：3000-5500元/月,学历不限,,58同城,2026-09-24 20:27:29,410307,偃师区,洛阳市,2024-2026,58_偃师区_2024_2026.csv
298,娜娜,养生馆中医艾灸养生（荣盛诚园店）,洛阳市,偃师,3000.0,5500.0,岗位：养生馆中医艾灸养生（荣盛诚园店）；标签：周末双休；薪资：3000-5500元/月,未注明,,58同城,2026-09-24 20:27:29,410307,偃师区,洛阳市,2024-2026,58_偃师区_2024_2026.csv
299,MT33990,BD经理,洛阳市,偃师,5000.0,6500.0,岗位：BD经理；标签：话补；薪资：5000-6500元/月,未注明,,58同城,2026-09-24 20:27:29,410307,偃师区,洛阳市,2024-2026,58_偃师区_2024_2026.csv
300,鑫悦汽车,汽车销售顾问话补房补饭补,洛阳市,偃师市-商城,4000.0,10000.0,岗位：汽车销售顾问话补房补饭补；标签：交通补助 / 加班补助 / 饭补 / 话补；薪资：4000-10000元/月,未注明,,58同城,2026-09-24 20:27:29,410307,偃师区,洛阳市,2024-2026,58_偃师区_2024_2026.csv
301,刘先生,驾校职业培训讲师2k起,洛阳市,偃师市-其他,2000.0,5000.0,岗位：驾校职业培训讲师2k起；标签：招1人 / 经验不限 / 学历高中；薪资：2000-5000元/月,高中,1.0,58同城,2026-09-24 20:27:29,410307,偃师区,洛阳市,2024-2026,58_偃师区_2024_2026.csv
302,朴实的红布林,招募合伙人,洛阳市,洛阳-偃师市,,,岗位：招募合伙人；标签：招2人 / 经验3-5年 / 学历大专；薪资：面议,大专,2.0,58同城,2026-09-24 20:27:29,410307,偃师区,洛阳市,2024-2026,58_偃师区_2024_2026.csv
303,李先生,诚聘语音厅主播（线上）工作自由薪资高,洛阳市,桂花大道-其他,8000.0,12000.0,岗位：诚聘语音厅主播（线上）工作自由薪资高；标签：招20人 / 经验不限 / 学历不限；薪资：8000-12000元/月,学历不限,20.0,58同城,2026-09-24 20:27:35,410308,孟津区,洛阳市,2024-2026,58_孟津区_2024_2026.csv
304,135******56_ejp,招聘厨师5000起,洛阳市,桂花大道-其他,5000.0,6000.0,岗位：招聘厨师5000起；标签：招1人 / 经验1年以下 / 学历不限；薪资：5000-6000元/月,学历不限,1.0,58同城,2026-09-24 20:27:35,410308,孟津区,洛阳市,2024-2026,58_孟津区_2024_2026.csv
305,李先生,诚聘专职语音厅主播（线下... 小程序,洛阳市,桂花大道-其他,8000.0,12000.0,岗位：诚聘专职语音厅主播（线下... 小程序；标签：包住；薪资：8000-12000元/月,未注明,,58同城,2026-09-24 20:27:35,410308,孟津区,洛阳市,2024-2026,58_孟津区_2024_2026.csv
306,3昊,机械厂CNC/数控操作工5千起,洛阳市,孟津-孟津休闲文化广场,5000.0,9000.0,岗位：机械厂CNC/数控操作工5千起；标签：招1人 / 经验6-7年 / 学历不限；薪资：5000-9000元/月,学历不限,1.0,58同城,2026-09-24 20:27:35,410308,孟津区,洛阳市,2024-2026,58_孟津区_2024_2026.csv
307,廉经理,孟津麻屯液压机械工程师,洛阳市,孟津,6000.0,12000.0,岗位：孟津麻屯液压机械工程师；标签：加班补助 / 包吃 / 交通补助；薪资：6000-12000元/月,未注明,,58同城,2026-09-24 20:27:35,410308,孟津区,洛阳市,2024-2026,58_孟津区_2024_2026.csv
308,透亮de卜博士,诊所护士3000起,洛阳市,桂花大道-其他,3000.0,5000.0,岗位：诊所护士3000起；标签：经验1年以下 / 学历大专；薪资：3000-5000元/月,大专,,58同城,2026-09-24 20:27:35,410308,孟津区,洛阳市,2024-2026,58_孟津区_2024_2026.csv
309,朱先生,黑科传媒/国内电商运营/2500起,洛阳市,孟津-孟津休闲文化广场,2500.0,4500.0,岗位：黑科传媒/国内电商运营/2500起；标签：加班补助；薪资：2500-4500元/月,未注明,,58同城,2026-09-24 20:27:35,410308,孟津区,洛阳市,2024-2026,58_孟津区_2024_2026.csv
310,郭先生,机械厂质量管理/测试加班补助饭补包住,洛阳市,桂花大道-其他,3000.0,5000.0,岗位：机械厂质量管理/测试加班补助饭补包住；标签：包住 / 加班补助 / 饭补；薪资：3000-5000元/月,未注明,,58同城,2026-09-24 20:27:35,410308,孟津区,洛阳市,2024-2026,58_孟津区_2024_2026.csv
311,欧克精密招聘,数控调机师傅6千起,洛阳市,孟津,6000.0,8000.0,岗位：数控调机师傅6千起；标签：招5人 / 经验不限 / 学历不限；薪资：6000-8000元/月,学历不限,5.0,58同城,2026-09-24 20:27:35,410308,孟津区,洛阳市,2024-2026,58_孟津区_2024_2026.csv
312,陆娜娜,美容院健康咨询/美容顾问,洛阳市,桂花大道-其他,2000.0,6000.0,岗位：美容院健康咨询/美容顾问；标签：招20人 / 经验1年以下 / 学历不限；薪资：2000-6000元/月,学历不限,20.0,58同城,2026-09-24 20:27:35,410308,孟津区,洛阳市,2024-2026,58_孟津区_2024_2026.csv
313,柏女士,孟津皮肤健康管理师/学徒,洛阳市,桂花大道-其他,3000.0,6000.0,岗位：孟津皮肤健康管理师/学徒；标签：招10人 / 经验不限 / 学历不限；薪资：3000-6000元/月,学历不限,10.0,58同城,2026-09-24 20:27:35,410308,孟津区,洛阳市,2024-2026,58_孟津区_2024_2026.csv
314,马延峰,数控车工-要求2年以上经验-交社保,洛阳市,孟津,6000.0,8000.0,岗位：数控车工-要求2年以上经验-交社保；标签：包住 / 包吃 / 加班补助 / 饭补；薪资：6000-8000元/月,未注明,,58同城,2026-09-24 20:27:35,410308,孟津区,洛阳市,2024-2026,58_孟津区_2024_2026.csv
315,张经理,CNC数控操作工，数控车床，加工中心,洛阳市,孟津,7000.0,12000.0,岗位：CNC数控操作工，数控车床，加工中心；标签：包吃；薪资：7000-12000元/月,未注明,,58同城,2026-09-24 20:27:35,410308,孟津区,洛阳市,2024-2026,58_孟津区_2024_2026.csv
316,廉经理,孟津麻屯数控加工中心师傅,洛阳市,孟津,6000.0,10000.0,岗位：孟津麻屯数控加工中心师傅；标签：加班补助 / 包吃 / 交通补助；薪资：6000-10000元/月,未注明,,58同城,2026-09-24 20:27:35,410308,孟津区,洛阳市,2024-2026,58_孟津区_2024_2026.csv
317,马延峰,招技校数控cnc专业26应届毕业生10名,洛阳市,孟津,,,岗位：招技校数控cnc专业26应届毕业生10名；标签：招5人 / 经验不限 / 学历不限；薪资：面议,学历不限,5.0,58同城,2026-09-24 20:27:35,410308,孟津区,洛阳市,2024-2026,58_孟津区_2024_2026.csv
318,A小情歌,机械加工厂CNC/数控工程师6k起,洛阳市,孟津,6000.0,9000.0,岗位：机械加工厂CNC/数控工程师6k起；标签：经验10年以上 / 学历不限；薪资：6000-9000元/月,学历不限,,58同城,2026-09-24 20:27:35,410308,孟津区,洛阳市,2024-2026,58_孟津区_2024_2026.csv
319,张博,牛场养殖/饲养员（可住可回家）,洛阳市,孟津-桂花大道,4500.0,5000.0,岗位：牛场养殖/饲养员（可住可回家）；标签：包住；薪资：4500-5000元/月,未注明,,58同城,2026-09-24 20:27:35,410308,孟津区,洛阳市,2024-2026,58_孟津区_2024_2026.csv
320,漕老板想洒水,网络推广,洛阳市,桂花大道-其他,3000.0,8000.0,岗位：网络推广；标签：经验不限 / 学历不限；薪资：3000-8000元/月,学历不限,,58同城,2026-09-24 20:27:35,410308,孟津区,洛阳市,2024-2026,58_孟津区_2024_2026.csv
321,招聘专员,总账会计,洛阳市,孟津,5000.0,7000.0,岗位：总账会计；标签：招8人 / 经验6-7年 / 学历本科；薪资：5000-7000元/月,本科,8.0,58同城,2026-09-24 20:27:35,410308,孟津区,洛阳市,2024-2026,58_孟津区_2024_2026.csv
322,古香古色的大鸭梨,厨师,洛阳市,孟津-桂花大道,5500.0,6000.0,岗位：厨师；标签：经验不限 / 学历不限；薪资：5500-6000元/月,学历不限,,58同城,2026-09-24 20:27:35,410308,孟津区,洛阳市,2024-2026,58_孟津区_2024_2026.csv
323,用户92862,"CNC编程操机,中走丝",洛阳市,孟津,,,"岗位：CNC编程操机,中走丝；标签：经验不限 / 学历不限；薪资：面议",学历不限,,58同城,2026-09-24 20:27:35,410308,孟津区,洛阳市,2024-2026,58_孟津区_2024_2026.csv
324,A梁彬,生态农业公司/农林技术人员年底双薪包住包,洛阳市,孟津-孟津休闲文化广场,3000.0,4500.0,岗位：生态农业公司/农林技术人员年底双薪包住包；标签：五险 / 包住 / 包吃 / 年底双薪；薪资：3000-4500元/月,未注明,,58同城,2026-09-24 20:27:35,410308,孟津区,洛阳市,2024-2026,58_孟津区_2024_2026.csv
325,项目策划,中餐厅川湘菜厨师包住四人间空调,洛阳市,孟津,2500.0,7000.0,岗位：中餐厅川湘菜厨师包住四人间空调；标签：包住 / 包吃；薪资：2500-7000元/月,未注明,,58同城,2026-09-24 20:27:35,410308,孟津区,洛阳市,2024-2026,58_孟津区_2024_2026.csv
326,廖老板爱忍耐,洛阳浩天模具厂钻工/白/夜班多班次可选,洛阳市,孟津,4000.0,5000.0,岗位：洛阳浩天模具厂钻工/白/夜班多班次可选；标签：经验不限 / 学历不限；薪资：4000-5000元/月,学历不限,,58同城,2026-09-24 20:27:35,410308,孟津区,洛阳市,2024-2026,58_孟津区_2024_2026.csv
327,马延峰,数控车工-管吃住-交社保,洛阳市,孟津,6000.0,8000.0,岗位：数控车工-管吃住-交社保；标签：包住 / 加班补助 / 饭补；薪资：6000-8000元/月,未注明,,58同城,2026-09-24 20:27:35,410308,孟津区,洛阳市,2024-2026,58_孟津区_2024_2026.csv
328,马延峰,数控车工师傅平轨机-管吃住-交社保,洛阳市,孟津,8000.0,12000.0,岗位：数控车工师傅平轨机-管吃住-交社保；标签：包住 / 包吃 / 加班补助 / 饭补；薪资：8000-12000元/月,未注明,,58同城,2026-09-24 20:27:35,410308,孟津区,洛阳市,2024-2026,58_孟津区_2024_2026.csv
329,姜丽,家装设计,洛阳市,桂花大道-其他,,,岗位：家装设计；标签：周末双休 / 饭补；薪资：面议,未注明,,58同城,2026-09-24 20:27:35,410308,孟津区,洛阳市,2024-2026,58_孟津区_2024_2026.csv
330,孙丹丹,诚聘铆工焊工,洛阳市,孟津,7000.0,10000.0,岗位：诚聘铆工焊工；标签：五险一金 / 包住 / 包吃 / 加班补助；薪资：7000-10000元/月,未注明,,58同城,2026-09-24 20:27:35,410308,孟津区,洛阳市,2024-2026,58_孟津区_2024_2026.csv
331,李女士,物业直招保安包吃住可以看手机,洛阳市,孟津-孟津休闲文化广场,4500.0,5000.0,岗位：物业直招保安包吃住可以看手机；标签：五险一金 / 五险 / 包住 / 包吃；薪资：4500-5000元/月,未注明,,58同城,2026-09-24 20:27:35,410308,孟津区,洛阳市,2024-2026,58_孟津区_2024_2026.csv
332,孟女士,物业小区坐岗保安有空调可看手机,洛阳市,孟津-桂花大道,4500.0,5000.0,岗位：物业小区坐岗保安有空调可看手机；标签：五险一金 / 五险 / 包住 / 包吃；薪资：4500-5000元/月,未注明,,58同城,2026-09-24 20:27:35,410308,孟津区,洛阳市,2024-2026,58_孟津区_2024_2026.csv
333,何先生,足疗学徒/包住/包吃,洛阳市,嵩县-汽车站,12000.0,15000.0,岗位：足疗学徒/包住/包吃；标签：包吃 / 包住；薪资：12000-15000元/月,未注明,,58同城,2026-09-24 20:33:44,410325,嵩县,洛阳市,2024-2026,58_嵩县_2024_2026.csv
334,风清扬,汝阳短视频剪辑3k起(4-6小时）,洛阳市,洛阳-汝阳,3000.0,4500.0,岗位：汝阳短视频剪辑3k起(4-6小时）；标签：周末双休；薪资：3000-4500元/月,未注明,,58同城,2026-09-24 20:34:31,410326,汝阳县,洛阳市,2024-2026,58_汝阳县_2024_2026.csv
335,T迁就罗博士,拼多多运营类目寿衣,洛阳市,洛阳-汝阳,4500.0,12000.0,岗位：拼多多运营类目寿衣；标签：五险一金 / 五险 / 包住 / 包吃；薪资：4500-12000元/月,未注明,,58同城,2026-09-24 20:34:31,410326,汝阳县,洛阳市,2024-2026,58_汝阳县_2024_2026.csv
336,非常紧张de曲总,简单收银员 小程序,洛阳市,洛阳-汝阳,2500.0,3000.0,岗位：简单收银员 小程序；标签：包吃；薪资：2500-3000元/月,未注明,,58同城,2026-09-24 20:34:31,410326,汝阳县,洛阳市,2024-2026,58_汝阳县_2024_2026.csv
337,风清扬,汝阳美食主播6小时（上5休2）,洛阳市,洛阳-汝阳,5000.0,8000.0,岗位：汝阳美食主播6小时（上5休2）；标签：周末双休；薪资：5000-8000元/月,未注明,,58同城,2026-09-24 20:34:31,410326,汝阳县,洛阳市,2024-2026,58_汝阳县_2024_2026.csv
338,风清扬,汝阳区域经理（面议）,洛阳市,洛阳-汝阳,,,岗位：汝阳区域经理（面议）；标签：招1人 / 经验3-5年 / 学历不限；薪资：面议,学历不限,1.0,58同城,2026-09-24 20:34:31,410326,汝阳县,洛阳市,2024-2026,58_汝阳县_2024_2026.csv
339,卍卍,建筑施工现场管理,洛阳市,洛阳-汝阳,5000.0,10000.0,岗位：建筑施工现场管理；标签：招3人 / 经验不限 / 学历大专；薪资：5000-10000元/月,大专,3.0,58同城,2026-09-24 20:34:31,410326,汝阳县,洛阳市,2024-2026,58_汝阳县_2024_2026.csv
340,旅人,蛋糕/裱花师,洛阳市,洛阳-汝阳,3500.0,5000.0,岗位：蛋糕/裱花师；标签：经验不限 / 学历不限；薪资：3500-5000元/月,学历不限,,58同城,2026-09-24 20:34:31,410326,汝阳县,洛阳市,2024-2026,58_汝阳县_2024_2026.csv
341,灵活de饶老板,食品/店员2000起,洛阳市,洛阳-汝阳,2000.0,4000.0,岗位：食品/店员2000起；标签：经验不限 / 学历不限；薪资：2000-4000元/月,学历不限,,58同城,2026-09-24 20:34:31,410326,汝阳县,洛阳市,2024-2026,58_汝阳县_2024_2026.csv
342,风清扬,销售,洛阳市,洛阳-汝阳,3500.0,7000.0,岗位：销售；标签：招5人 / 经验3-5年 / 学历不限；薪资：3500-7000元/月,学历不限,5.0,58同城,2026-09-24 20:34:31,410326,汝阳县,洛阳市,2024-2026,58_汝阳县_2024_2026.csv
343,招聘专员,洛阳博奕塑胶制品有限公司-会计-五险,洛阳市,洛阳-汝阳,5000.0,8500.0,岗位：洛阳博奕塑胶制品有限公司-会计-五险；标签：五险；薪资：5000-8500元/月,未注明,,58同城,2026-09-24 20:34:31,410326,汝阳县,洛阳市,2024-2026,58_汝阳县_2024_2026.csv
344,招聘专员,汽车运输公司会计五险,洛阳市,洛阳-汝阳,3000.0,6000.0,岗位：汽车运输公司会计五险；标签：五险；薪资：3000-6000元/月,未注明,,58同城,2026-09-24 20:34:31,410326,汝阳县,洛阳市,2024-2026,58_汝阳县_2024_2026.csv
345,溜达时哼歌的路人,汝阳县糖豆猩球娱乐店/店长包住加班补助,洛阳市,洛阳-汝阳,3000.0,4000.0,岗位：汝阳县糖豆猩球娱乐店/店长包住加班补助；标签：加班补助 / 包住；薪资：3000-4000元/月,未注明,,58同城,2026-09-24 20:34:31,410326,汝阳县,洛阳市,2024-2026,58_汝阳县_2024_2026.csv
346,任女士,门岗保安管吃住可带朋友,洛阳市,洛阳-汝阳,4500.0,5000.0,岗位：门岗保安管吃住可带朋友；标签：五险 / 五险一金 / 包住 / 包吃；薪资：4500-5000元/月,未注明,,58同城,2026-09-24 20:34:31,410326,汝阳县,洛阳市,2024-2026,58_汝阳县_2024_2026.csv
347,招聘主管,发型师,洛阳市,洛阳-汝阳,3000.0,6500.0,岗位：发型师；标签：经验不限 / 学历不限；薪资：3000-6500元/月,学历不限,,58同城,2026-09-24 20:34:31,410326,汝阳县,洛阳市,2024-2026,58_汝阳县_2024_2026.csv
348,卍卍,建筑工程师,洛阳市,洛阳-汝阳,10000.0,11000.0,岗位：建筑工程师；标签：招7人 / 经验3-5年 / 学历本科；薪资：10000-11000元/月,本科,7.0,58同城,2026-09-24 20:34:31,410326,汝阳县,洛阳市,2024-2026,58_汝阳县_2024_2026.csv
349,李先生,普工300报销路费当天办理入住包吃包住,洛阳市,洛阳-汝阳,8000.0,8500.0,岗位：普工300报销路费当天办理入住包吃包住；标签：包住 / 包吃 / 五险一金；薪资：8000-8500元/月,未注明,,58同城,2026-09-24 20:34:31,410326,汝阳县,洛阳市,2024-2026,58_汝阳县_2024_2026.csv
350,风清扬,短视频剪辑3k起(4-6小时）,洛阳市,洛阳-汝阳,3000.0,4500.0,岗位：短视频剪辑3k起(4-6小时）；标签：周末双休；薪资：3000-4500元/月,未注明,,58同城,2026-09-24 20:34:31,410326,汝阳县,洛阳市,2024-2026,58_汝阳县_2024_2026.csv
351,超,建筑工程公司市政工程师包住包吃,洛阳市,汝阳-罗葛路,8000.0,10000.0,岗位：建筑工程公司市政工程师包住包吃；标签：包住 / 包吃；薪资：8000-10000元/月,未注明,,58同城,2026-09-24 20:34:31,410326,汝阳县,洛阳市,2024-2026,58_汝阳县_2024_2026.csv
352,招聘专员,商务专员,洛阳市,洛阳-汝阳,,,岗位：商务专员；标签：招4人 / 经验不限 / 学历中专；薪资：面议,中专/中技,4.0,58同城,2026-09-24 20:34:31,410326,汝阳县,洛阳市,2024-2026,58_汝阳县_2024_2026.csv
353,刘昊尘,汝阳县育龙实验学校招聘小学英语中学语文,洛阳市,汝阳-罗葛路,3000.0,7000.0,岗位：汝阳县育龙实验学校招聘小学英语中学语文；标签：五险 / 包住 / 包吃 / 周末双休；薪资：3000-7000元/月,未注明,,58同城,2026-09-24 20:34:31,410326,汝阳县,洛阳市,2024-2026,58_汝阳县_2024_2026.csv
354,风清扬,美食主播6小时（上5休2）,洛阳市,洛阳-汝阳,5000.0,8000.0,岗位：美食主播6小时（上5休2）；标签：周末双休；薪资：5000-8000元/月,未注明,,58同城,2026-09-24 20:34:31,410326,汝阳县,洛阳市,2024-2026,58_汝阳县_2024_2026.csv
355,孙先生,保安/包食宿/可带朋友,洛阳市,洛阳-汝阳,4000.0,5000.0,岗位：保安/包食宿/可带朋友；标签：包住 / 包吃 / 加班补助；薪资：4000-5000元/月,未注明,,58同城,2026-09-24 20:34:31,410326,汝阳县,洛阳市,2024-2026,58_汝阳县_2024_2026.csv
356,李女士,中国人寿保险人事助理五险一金周末双休,洛阳市,涧西-万达广场,3000.0,5500.0,岗位：中国人寿保险人事助理五险一金周末双休；标签：五险一金 / 周末双休；薪资：3000-5500元/月,未注明,,58同城,2026-09-24 20:34:34,410326,汝阳县,洛阳市,2024-2026,58_汝阳县_2024_2026.csv
357,于女士,食堂面点师包住年底双薪包吃,洛阳市,西工-周王城广场,2500.0,3500.0,岗位：食堂面点师包住年底双薪包吃；标签：包住 / 包吃 / 年底双薪；薪资：2500-3500元/月,未注明,,58同城,2026-09-24 20:34:34,410326,汝阳县,洛阳市,2024-2026,58_汝阳县_2024_2026.csv
358,刘先生,新媒体运营有拍摄剪辑经验 小程序,洛阳市,洛阳,5000.0,10000.0,岗位：新媒体运营有拍摄剪辑经验 小程序；标签：包住；薪资：5000-10000元/月,未注明,,58同城,2026-09-24 20:34:34,410326,汝阳县,洛阳市,2024-2026,58_汝阳县_2024_2026.csv
359,王女士,中餐厅餐饮主管店长包住四人间淋浴,洛阳市,涧西-涧西周边,3500.0,5500.0,岗位：中餐厅餐饮主管店长包住四人间淋浴；标签：包住 / 包吃；薪资：3500-5500元/月,未注明,,58同城,2026-09-24 20:34:34,410326,汝阳县,洛阳市,2024-2026,58_汝阳县_2024_2026.csv
360,于先生,中餐厨师,洛阳市,西工-周王城广场,4000.0,6000.0,岗位：中餐厨师；标签：招2人 / 经验3-5年 / 学历不限；薪资：4000-6000元/月,学历不限,2.0,58同城,2026-09-24 20:34:34,410326,汝阳县,洛阳市,2024-2026,58_汝阳县_2024_2026.csv
361,赵先生,熟食店店员营业员工作时间白夜兼职,洛阳市,老城-丽景门,3000.0,5000.0,岗位：熟食店店员营业员工作时间白夜兼职；标签：经验1-2年 / 学历中专；薪资：3000-5000元/月,中专/中技,,58同城,2026-09-24 20:34:34,410326,汝阳县,洛阳市,2024-2026,58_汝阳县_2024_2026.csv
362,姚先生,后厨帮工洗碗工,洛阳市,洛阳-西工,2500.0,3500.0,岗位：后厨帮工洗碗工；标签：包吃；薪资：2500-3500元/月,未注明,,58同城,2026-09-24 20:34:34,410326,汝阳县,洛阳市,2024-2026,58_汝阳县_2024_2026.csv
363,高女士,食品/店员/营业员工作时间灵活,洛阳市,瀍河-瀍河周边,2500.0,3500.0,岗位：食品/店员/营业员工作时间灵活；标签：包吃；薪资：2500-3500元/月,未注明,,58同城,2026-09-24 20:34:34,410326,汝阳县,洛阳市,2024-2026,58_汝阳县_2024_2026.csv
364,罗先生,文化传媒公司主播助播4k起,洛阳市,洛阳-西工,4000.0,8000.0,岗位：文化传媒公司主播助播4k起；标签：招3人 / 经验不限 / 学历不限；薪资：4000-8000元/月,学历不限,3.0,58同城,2026-09-24 20:34:34,410326,汝阳县,洛阳市,2024-2026,58_汝阳县_2024_2026.csv
365,kqwa4e,财务其他,洛阳市,瀍河-瀍河周边,,,岗位：财务其他；标签：经验不限 / 学历大专；薪资：面议,大专,,58同城,2026-09-24 20:34:34,410326,汝阳县,洛阳市,2024-2026,58_汝阳县_2024_2026.csv
366,爱啼鸟的糜博士,烧烤店餐饮主管5千起,洛阳市,洛龙-森林半岛,5000.0,7000.0,岗位：烧烤店餐饮主管5千起；标签：招1人 / 经验1-2年 / 学历不限；薪资：5000-7000元/月,学历不限,1.0,58同城,2026-09-24 20:34:34,410326,汝阳县,洛阳市,2024-2026,58_汝阳县_2024_2026.csv
367,王智卫,小吃/快餐店餐厅领班2000起,洛阳市,洛阳-洛龙,2000.0,5000.0,岗位：小吃/快餐店餐厅领班2000起；标签：招1人 / 经验不限 / 学历不限；薪资：2000-5000元/月,学历不限,1.0,58同城,2026-09-24 20:34:34,410326,汝阳县,洛阳市,2024-2026,58_汝阳县_2024_2026.csv
368,STAR,急招牛肉汤盛汤师傅,洛阳市,洛龙-新区体育场,4000.0,5000.0,岗位：急招牛肉汤盛汤师傅；标签：经验不限 / 学历不限；薪资：4000-5000元/月,学历不限,,58同城,2026-09-24 20:34:34,410326,汝阳县,洛阳市,2024-2026,58_汝阳县_2024_2026.csv
369,洛阳快聘人力资源,洛龙区/汽配厂普工/操作工6k起,洛阳市,洛阳,6500.0,8500.0,岗位：洛龙区/汽配厂普工/操作工6k起；标签：饭补；薪资：6500-8500元/月,未注明,,58同城,2026-09-24 20:34:34,410326,汝阳县,洛阳市,2024-2026,58_汝阳县_2024_2026.csv
370,郝营,好汉建筑材料销售店营业员/营业员学历不限,洛阳市,西工-王城公园,2500.0,4000.0,岗位：好汉建筑材料销售店营业员/营业员学历不限；标签：加班补助；薪资：2500-4000元/月,未注明,,58同城,2026-09-24 20:34:34,410326,汝阳县,洛阳市,2024-2026,58_汝阳县_2024_2026.csv
371,范先生,早餐店面点师包子工营业员包吃住,洛阳市,涧西-万达广场,3000.0,4500.0,岗位：早餐店面点师包子工营业员包吃住；标签：包住 / 包吃；薪资：3000-4500元/月,未注明,,58同城,2026-09-24 20:34:34,410326,汝阳县,洛阳市,2024-2026,58_汝阳县_2024_2026.csv
372,孟博先生,厨工,洛阳市,洛阳-洛龙,3000.0,4000.0,岗位：厨工；标签：经验不限 / 学历不限；薪资：3000-4000元/月,学历不限,,58同城,2026-09-24 20:34:34,410326,汝阳县,洛阳市,2024-2026,58_汝阳县_2024_2026.csv
373,陈女士,高端滋补保健营养品店员,洛阳市,涧西-万达广场,3000.0,6000.0,岗位：高端滋补保健营养品店员；标签：招1人 / 经验1年以下 / 学历不限；薪资：3000-6000元/月,学历不限,1.0,58同城,2026-09-24 20:34:34,410326,汝阳县,洛阳市,2024-2026,58_汝阳县_2024_2026.csv
374,用户29154,食品/饮料店员/营业员学历经验不限,洛阳市,涧西-万达广场,3000.0,4500.0,岗位：食品/饮料店员/营业员学历经验不限；标签：招2人 / 经验不限 / 学历不限；薪资：3000-4500元/月,学历不限,2.0,58同城,2026-09-24 20:34:34,410326,汝阳县,洛阳市,2024-2026,58_汝阳县_2024_2026.csv
375,洛阳快聘人力资源,宜阳汽配厂普工/操作工5000起,洛阳市,洛阳,5000.0,8000.0,岗位：宜阳汽配厂普工/操作工5000起；标签：饭补；薪资：5000-8000元/月,未注明,,58同城,2026-09-24 20:34:34,410326,汝阳县,洛阳市,2024-2026,58_汝阳县_2024_2026.csv
376,抱着抱枕发呆的阿甜,餐饮主管4500,洛阳市,洛龙-洛龙周边,4500.0,6000.0,岗位：餐饮主管4500；标签：包住 / 包吃；薪资：4500-6000元/月,未注明,,58同城,2026-09-24 20:34:34,410326,汝阳县,洛阳市,2024-2026,58_汝阳县_2024_2026.csv
377,玉,厨工,洛阳市,涧西-涧西周边,3000.0,3500.0,岗位：厨工；标签：招1人 / 经验不限 / 学历不限；薪资：3000-3500元/月,学历不限,1.0,58同城,2026-09-24 20:34:34,410326,汝阳县,洛阳市,2024-2026,58_汝阳县_2024_2026.csv
378,闫女士,上一休一/夜间客服/白天可兼职,洛阳市,洛龙-洛龙周边,,,岗位：上一休一/夜间客服/白天可兼职；标签：话补 / 饭补；薪资：面议,未注明,,58同城,2026-09-24 20:34:34,410326,汝阳县,洛阳市,2024-2026,58_汝阳县_2024_2026.csv
379,招聘专员,食品/店员/营业员2000起,洛阳市,老城-北大街,2000.0,3000.0,岗位：食品/店员/营业员2000起；标签：包吃；薪资：2000-3000元/月,未注明,,58同城,2026-09-24 20:34:34,410326,汝阳县,洛阳市,2024-2026,58_汝阳县_2024_2026.csv
380,vygln_au0,餐饮店店员/营业员,洛阳市,洛阳-涧西,3000.0,4000.0,岗位：餐饮店店员/营业员；标签：招1人 / 经验不限 / 学历不限；薪资：3000-4000元/月,学历不限,1.0,58同城,2026-09-24 20:34:34,410326,汝阳县,洛阳市,2024-2026,58_汝阳县_2024_2026.csv
381,高女士,诚聘自动焊焊工,洛阳市,洛阳-洛龙,5000.0,8000.0,岗位：诚聘自动焊焊工；标签：包住 / 饭补 / 加班补助；薪资：5000-8000元/月,未注明,,58同城,2026-09-24 20:34:34,410326,汝阳县,洛阳市,2024-2026,58_汝阳县_2024_2026.csv
382,王女士,设备操作工/班组长/食品生产,洛阳市,洛阳-涧西,3000.0,5000.0,岗位：设备操作工/班组长/食品生产；标签：加班补助 / 包吃 / 五险；薪资：3000-5000元/月,未注明,,58同城,2026-09-24 20:34:34,410326,汝阳县,洛阳市,2024-2026,58_汝阳县_2024_2026.csv
383,用户62371,美甲师,洛阳市,西工-新都汇,2000.0,4000.0,岗位：美甲师；标签：经验不限 / 学历不限；薪资：2000-4000元/月,学历不限,,58同城,2026-09-24 20:34:34,410326,汝阳县,洛阳市,2024-2026,58_汝阳县_2024_2026.csv
384,招聘专员,运营五险双休远程欢迎上岗,洛阳市,洛龙-泉舜财富中心,4300.0,4800.0,岗位：运营五险双休远程欢迎上岗；标签：五险一金；薪资：4300-4800元/月,未注明,,58同城,2026-09-24 20:34:34,410326,汝阳县,洛阳市,2024-2026,58_汝阳县_2024_2026.csv
385,卫女士,洛丹美容美发店/烫染技师/2千起,洛阳市,洛阳-洛宁,3000.0,7000.0,岗位：洛丹美容美发店/烫染技师/2千起；标签：包吃；薪资：3000-7000元/月,未注明,,58同城,2026-09-24 20:39:33,410328,洛宁县,洛阳市,2024-2026,58_洛宁县_2024_2026.csv
386,品鸿供应链06,（伊川）往返专线C证货运司机,洛阳市,伊川-其他,6000.0,7900.0,岗位：（伊川）往返专线C证货运司机；标签：交通补助；薪资：6000-7900元/月,未注明,,58同城,2026-09-24 20:40:24,410329,伊川县,洛阳市,2024-2026,58_伊川县_2024_2026.csv
387,用户24236,伊川县怡家宾馆/酒店前台收银/工作时间灵,洛阳市,伊川-城区,2000.0,2100.0,岗位：伊川县怡家宾馆/酒店前台收银/工作时间灵；标签：招1人 / 经验不限 / 学历不限；薪资：2000-2100元/月,学历不限,1.0,58同城,2026-09-24 20:40:24,410329,伊川县,洛阳市,2024-2026,58_伊川县_2024_2026.csv
388,l联环信息人事,后勤3000起 小程序,洛阳市,伊川-城区,3000.0,4500.0,岗位：后勤3000起 小程序；标签：招5人 / 经验不限 / 学历不限；薪资：3000-4500元/月,学历不限,5.0,58同城,2026-09-24 20:40:24,410329,伊川县,洛阳市,2024-2026,58_伊川县_2024_2026.csv
389,l联环信息人事,人事专员/助理3k起,洛阳市,伊川-城区,3000.0,4500.0,岗位：人事专员/助理3k起；标签：招1人 / 经验不限 / 学历不限；薪资：3000-4500元/月,学历不限,1.0,58同城,2026-09-24 20:40:24,410329,伊川县,洛阳市,2024-2026,58_伊川县_2024_2026.csv
390,l联环信息人事,前台/接待2.5k起,洛阳市,伊川-城区,2500.0,4500.0,岗位：前台/接待2.5k起；标签：招1人 / 经验不限 / 学历不限；薪资：2500-4500元/月,学历不限,1.0,58同城,2026-09-24 20:40:24,410329,伊川县,洛阳市,2024-2026,58_伊川县_2024_2026.csv
391,暗里着迷,电话客服3千起,洛阳市,其他-伊川其他,3000.0,8000.0,岗位：电话客服3千起；标签：经验不限 / 学历不限；薪资：3000-8000元/月,学历不限,,58同城,2026-09-24 20:40:24,410329,伊川县,洛阳市,2024-2026,58_伊川县_2024_2026.csv
392,l联环信息人事,客服总监3k起,洛阳市,伊川-城区,3000.0,4500.0,岗位：客服总监3k起；标签：招1人 / 经验不限 / 学历不限；薪资：3000-4500元/月,学历不限,1.0,58同城,2026-09-24 20:40:24,410329,伊川县,洛阳市,2024-2026,58_伊川县_2024_2026.csv
393,招聘专员,汽车洗车工,洛阳市,伊川-城区,1500.0,3000.0,岗位：汽车洗车工；标签：包吃；薪资：1500-3000元/月,未注明,,58同城,2026-09-24 20:40:24,410329,伊川县,洛阳市,2024-2026,58_伊川县_2024_2026.csv
394,风,土鸡刀削面师傅，炝锅刀削面师傅,洛阳市,城区-伊川城区,5500.0,6000.0,岗位：土鸡刀削面师傅，炝锅刀削面师傅；标签：招2人 / 经验不限 / 学历不限；薪资：5500-6000元/月,学历不限,2.0,58同城,2026-09-24 20:40:24,410329,伊川县,洛阳市,2024-2026,58_伊川县_2024_2026.csv
395,李女士,急招健身教练新手-包教会,洛阳市,洛阳-伊川,6000.0,12000.0,岗位：急招健身教练新手-包教会；标签：五险一金 / 包住 / 包吃；薪资：6000-12000元/月,未注明,,58同城,2026-09-24 20:40:24,410329,伊川县,洛阳市,2024-2026,58_伊川县_2024_2026.csv
396,杨先生,酒店店长,洛阳市,伊川-城区,3000.0,4500.0,岗位：酒店店长；标签：经验3-5年 / 学历大专；薪资：3000-4500元/月,大专,,58同城,2026-09-24 20:40:24,410329,伊川县,洛阳市,2024-2026,58_伊川县_2024_2026.csv
397,陈先生,火锅店服务员/包吃免费工服,洛阳市,伊川-城区,2000.0,4000.0,岗位：火锅店服务员/包吃免费工服；标签：包吃；薪资：2000-4000元/月,未注明,,58同城,2026-09-24 20:40:24,410329,伊川县,洛阳市,2024-2026,58_伊川县_2024_2026.csv
398,刘先生,汽车行业/数据标注/AI训练师五险,洛阳市,伊川-城区,2500.0,5000.0,岗位：汽车行业/数据标注/AI训练师五险；标签：五险；薪资：2500-5000元/月,未注明,,58同城,2026-09-24 20:40:24,410329,伊川县,洛阳市,2024-2026,58_伊川县_2024_2026.csv
399,伊川县直聘,CNC/数控操作工-大平台-业务稳定,洛阳市,伊川,4000.0,8000.0,岗位：CNC/数控操作工-大平台-业务稳定；标签：招5人 / 经验不限 / 学历不限；薪资：4000-8000元/月,学历不限,5.0,58同城,2026-09-24 20:40:24,410329,伊川县,洛阳市,2024-2026,58_伊川县_2024_2026.csv
400,伊川县直聘,CNC/数控操作工-管吃住-离家近,洛阳市,伊川,4000.0,8000.0,岗位：CNC/数控操作工-管吃住-离家近；标签：招5人 / 经验不限 / 学历不限；薪资：4000-8000元/月,学历不限,5.0,58同城,2026-09-24 20:40:24,410329,伊川县,洛阳市,2024-2026,58_伊川县_2024_2026.csv
401,莱晴新材料,财务助理,洛阳市,伊川-城区,2500.0,5000.0,岗位：财务助理；标签：招5人 / 经验不限 / 学历不限；薪资：2500-5000元/月,学历不限,5.0,58同城,2026-09-24 20:40:24,410329,伊川县,洛阳市,2024-2026,58_伊川县_2024_2026.csv
402,众禾汽车销售有限公司,汽车服务公司销售顾问3k起,洛阳市,伊川-其他,3000.0,5000.0,岗位：汽车服务公司销售顾问3k起；标签：经验1-2年 / 学历中专；薪资：3000-5000元/月,中专/中技,,58同城,2026-09-24 20:40:24,410329,伊川县,洛阳市,2024-2026,58_伊川县_2024_2026.csv
403,用户14202,招聘会做新中式的美睫师3000起,洛阳市,伊川-其他,2500.0,4500.0,岗位：招聘会做新中式的美睫师3000起；标签：经验不限 / 学历不限；薪资：2500-4500元/月,学历不限,,58同城,2026-09-24 20:40:24,410329,伊川县,洛阳市,2024-2026,58_伊川县_2024_2026.csv
404,韩女士,快耳采耳（伊川店）招聘可视采耳师学徒,洛阳市,城区-伊川城区,4000.0,8500.0,岗位：快耳采耳（伊川店）招聘可视采耳师学徒；标签：招10人 / 经验1年以下 / 学历不限；薪资：4000-8500元/月,学历不限,10.0,58同城,2026-09-24 20:40:24,410329,伊川县,洛阳市,2024-2026,58_伊川县_2024_2026.csv
405,蛤蛤蛤蛤蟆吃天鹅,初级机械设计工程师,洛阳市,伊川,7000.0,9000.0,岗位：初级机械设计工程师；标签：招17人 / 经验不限 / 学历本科；薪资：7000-9000元/月,本科,17.0,58同城,2026-09-24 20:40:24,410329,伊川县,洛阳市,2024-2026,58_伊川县_2024_2026.csv
406,于女士,药厂招聘技工日结300一天工作简单贴标签,洛阳市,伊川,7500.0,8500.0,岗位：药厂招聘技工日结300一天工作简单贴标签；标签：五险一金 / 包住 / 包吃 / 年底双薪；薪资：7500-8500元/月,未注明,,58同城,2026-09-24 20:40:24,410329,伊川县,洛阳市,2024-2026,58_伊川县_2024_2026.csv
407,刘经理,电焊工-工作稳定-底薪6千起,洛阳市,其他-伊川其他,6000.0,10000.0,岗位：电焊工-工作稳定-底薪6千起；标签：五险一金 / 包住 / 包吃 / 年底双薪；薪资：6000-10000元/月,未注明,,58同城,2026-09-24 20:40:24,410329,伊川县,洛阳市,2024-2026,58_伊川县_2024_2026.csv
408,快乐跳跃的小兔,药厂（铁饭碗）招技工日结300一天贴标签,洛阳市,伊川,9000.0,9500.0,岗位：药厂（铁饭碗）招技工日结300一天贴标签；标签：五险一金 / 包住 / 包吃 / 加班补助；薪资：9000-9500元/月,未注明,,58同城,2026-09-24 20:40:24,410329,伊川县,洛阳市,2024-2026,58_伊川县_2024_2026.csv
409,李先生,麦乐迪服务员+提成,洛阳市,伊川-城区,2200.0,3500.0,岗位：麦乐迪服务员+提成；标签：包住 / 包吃 / 年底双薪 / 加班补助；薪资：2200-3500元/月,未注明,,58同城,2026-09-24 20:40:24,410329,伊川县,洛阳市,2024-2026,58_伊川县_2024_2026.csv
410,wenshuai,餐饮收银,洛阳市,伊川-城区,2000.0,3000.0,岗位：餐饮收银；标签：经验不限 / 学历不限；薪资：2000-3000元/月,学历不限,,58同城,2026-09-24 20:40:24,410329,伊川县,洛阳市,2024-2026,58_伊川县_2024_2026.csv
411,刘经理,氩弧焊二保焊-工作稳定-底薪6千起,洛阳市,其他-伊川其他,6000.0,10000.0,岗位：氩弧焊二保焊-工作稳定-底薪6千起；标签：招5人 / 经验不限 / 学历不限；薪资：6000-10000元/月,学历不限,5.0,58同城,2026-09-24 20:40:24,410329,伊川县,洛阳市,2024-2026,58_伊川县_2024_2026.csv
412,蹦蹦跳跳的小邓,零售连锁店督导3000起,洛阳市,伊川-城区,3000.0,6000.0,岗位：零售连锁店督导3000起；标签：招5人 / 经验不限 / 学历不限；薪资：3000-6000元/月,学历不限,5.0,58同城,2026-09-24 20:40:24,410329,伊川县,洛阳市,2024-2026,58_伊川县_2024_2026.csv
413,Floatingdream,伊川县潮衣酷服装店/服装销售2千起,洛阳市,伊川-城区,2000.0,5000.0,岗位：伊川县潮衣酷服装店/服装销售2千起；标签：招1人 / 经验不限 / 学历不限；薪资：2000-5000元/月,学历不限,1.0,58同城,2026-09-24 20:40:24,410329,伊川县,洛阳市,2024-2026,58_伊川县_2024_2026.csv
414,用户21840,洛阳刘伊强口腔门诊/口腔护士五险,洛阳市,伊川-城区,2500.0,3000.0,岗位：洛阳刘伊强口腔门诊/口腔护士五险；标签：五险；薪资：2500-3000元/月,未注明,,58同城,2026-09-24 20:40:24,410329,伊川县,洛阳市,2024-2026,58_伊川县_2024_2026.csv
415,林先生,招聘护工保洁,洛阳市,城区-伊川城区,,,岗位：招聘护工保洁；标签：招3人 / 经验不限 / 学历不限；薪资：面议,学历不限,3.0,58同城,2026-09-24 20:40:24,410329,伊川县,洛阳市,2024-2026,58_伊川县_2024_2026.csv
416,用户32831,烫染技师,洛阳市,城区-伊川城区,,,岗位：烫染技师；标签：经验不限 / 学历不限；薪资：面议,学历不限,,58同城,2026-09-24 20:40:29,410329,伊川县,洛阳市,2024-2026,58_伊川县_2024_2026.csv
417,用户83107,监控维修维护/IT技术支持3500起,洛阳市,伊川-城区,3500.0,5000.0,岗位：监控维修维护/IT技术支持3500起；标签：招1人 / 经验1-2年 / 学历高中；薪资：3500-5000元/月,高中,1.0,58同城,2026-09-24 20:40:29,410329,伊川县,洛阳市,2024-2026,58_伊川县_2024_2026.csv
418,林先生,聘彩超室医师需执业证 小程序,洛阳市,城区-伊川城区,,,岗位：聘彩超室医师需执业证 小程序；标签：五险；薪资：面议,未注明,,58同城,2026-09-24 20:40:29,410329,伊川县,洛阳市,2024-2026,58_伊川县_2024_2026.csv
419,守诚代理记账公司,代理记账公司财税主管5千起-交社保,洛阳市,伊川-城区,5000.0,10000.0,岗位：代理记账公司财税主管5千起-交社保；标签：招5人 / 经验不限 / 学历不限；薪资：5000-10000元/月,学历不限,5.0,58同城,2026-09-24 20:40:29,410329,伊川县,洛阳市,2024-2026,58_伊川县_2024_2026.csv
420,李女士,团队经理人,洛阳市,城区-伊川城区,6000.0,8000.0,岗位：团队经理人；标签：五险 / 年底双薪 / 周末双休；薪资：6000-8000元/月,未注明,,58同城,2026-09-24 20:40:29,410329,伊川县,洛阳市,2024-2026,58_伊川县_2024_2026.csv
421,高先生,洛阳大街文化传媒有限公司/主播经纪人包住,洛阳市,伊川-城区,1500.0,2000.0,岗位：洛阳大街文化传媒有限公司/主播经纪人包住；标签：包住；薪资：1500-2000元/月,未注明,,58同城,2026-09-24 20:40:29,410329,伊川县,洛阳市,2024-2026,58_伊川县_2024_2026.csv
422,陆娜娜,养发师/养发学徒,洛阳市,伊川-城区,2000.0,5000.0,岗位：养发师/养发学徒；标签：招10人 / 经验不限 / 学历不限；薪资：2000-5000元/月,学历不限,10.0,58同城,2026-09-24 20:40:29,410329,伊川县,洛阳市,2024-2026,58_伊川县_2024_2026.csv
423,冯女士,养发师/养发学徒可培养,洛阳市,伊川-城区,2000.0,6000.0,岗位：养发师/养发学徒可培养；标签：招20人 / 经验不限 / 学历不限；薪资：2000-6000元/月,学历不限,20.0,58同城,2026-09-24 20:40:29,410329,伊川县,洛阳市,2024-2026,58_伊川县_2024_2026.csv
424,伊川十月馨一站式母婴服务中心,母婴护理馆美容美体师,洛阳市,伊川-城区,3000.0,4500.0,岗位：母婴护理馆美容美体师；标签：招5人 / 经验不限 / 学历不限；薪资：3000-4500元/月,学历不限,5.0,58同城,2026-09-24 20:40:29,410329,伊川县,洛阳市,2024-2026,58_伊川县_2024_2026.csv
425,赵先生,市场营销经理,洛阳市,伊川,5000.0,20000.0,岗位：市场营销经理；标签：招5人 / 经验不限 / 学历不限；薪资：5000-20000元/月,学历不限,5.0,58同城,2026-09-24 20:40:29,410329,伊川县,洛阳市,2024-2026,58_伊川县_2024_2026.csv
426,陆娜娜,健康养生馆/理疗师3千起,洛阳市,伊川-城区,3000.0,4500.0,岗位：健康养生馆/理疗师3千起；标签：招20人 / 经验不限 / 学历不限；薪资：3000-4500元/月,学历不限,20.0,58同城,2026-09-24 20:40:29,410329,伊川县,洛阳市,2024-2026,58_伊川县_2024_2026.csv
427,陆娜娜,养生馆头疗养发师3千起,洛阳市,伊川-城区,3000.0,5000.0,岗位：养生馆头疗养发师3千起；标签：招20人 / 经验不限 / 学历不限；薪资：3000-5000元/月,学历不限,20.0,58同城,2026-09-24 20:40:29,410329,伊川县,洛阳市,2024-2026,58_伊川县_2024_2026.csv
428,伊川十月馨一站式母婴服务中心,母婴护理馆产后康复师4千起,洛阳市,伊川-城区,4000.0,10000.0,岗位：母婴护理馆产后康复师4千起；标签：招1人 / 经验不限 / 学历不限；薪资：4000-10000元/月,学历不限,1.0,58同城,2026-09-24 20:40:29,410329,伊川县,洛阳市,2024-2026,58_伊川县_2024_2026.csv
429,连女士,伊川店养生馆理疗师2千起,洛阳市,伊川-城区,2000.0,6000.0,岗位：伊川店养生馆理疗师2千起；标签：招20人 / 经验不限 / 学历不限；薪资：2000-6000元/月,学历不限,20.0,58同城,2026-09-24 20:40:29,410329,伊川县,洛阳市,2024-2026,58_伊川县_2024_2026.csv
430,陆娜娜,养生馆艾灸理疗师2.5k起,洛阳市,伊川-城区,2500.0,4500.0,岗位：养生馆艾灸理疗师2.5k起；标签：招20人 / 经验不限 / 学历不限；薪资：2500-4500元/月,学历不限,20.0,58同城,2026-09-24 20:40:29,410329,伊川县,洛阳市,2024-2026,58_伊川县_2024_2026.csv
431,小荷才露尖尖角,美容服务馆头疗师3千起,洛阳市,伊川-城区,3000.0,5000.0,岗位：美容服务馆头疗师3千起；标签：招1人 / 经验不限 / 学历不限；薪资：3000-5000元/月,学历不限,1.0,58同城,2026-09-24 20:40:29,410329,伊川县,洛阳市,2024-2026,58_伊川县_2024_2026.csv
432,殷保辉,设计总监,洛阳市,伊川-城区,3000.0,6000.0,岗位：设计总监；标签：招5人 / 经验不限 / 学历不限；薪资：3000-6000元/月,学历不限,5.0,58同城,2026-09-24 20:40:29,410329,伊川县,洛阳市,2024-2026,58_伊川县_2024_2026.csv
433,李女士,急招C1C2日结司机0元入职,平顶山市,硚口-宝丰,7200.0,11000.0,岗位：急招C1C2日结司机0元入职；标签：话补 / 饭补 / 房补；薪资：7200-11000元/月,未注明,,58同城,2026-09-24 20:42:39,410421,宝丰县,平顶山市,2024-2026,58_宝丰县_2024_2026.csv
434,舒女士,就近分配0元入职无押金供车包住配送员,平顶山市,硚口-宝丰,7000.0,9500.0,岗位：就近分配0元入职无押金供车包住配送员；标签：五险一金 / 五险 / 包住 / 包吃；薪资：7000-9500元/月,未注明,,58同城,2026-09-24 20:42:39,410421,宝丰县,平顶山市,2024-2026,58_宝丰县_2024_2026.csv
435,马先生,KTV服务员包吃包住 小程序,平顶山市,硚口-宝丰,5000.0,7000.0,岗位：KTV服务员包吃包住 小程序；标签：包住 / 包吃；薪资：5000-7000元/月,未注明,,58同城,2026-09-24 20:42:39,410421,宝丰县,平顶山市,2024-2026,58_宝丰县_2024_2026.csv
436,柯女士,固定商家固定范围超市配送,平顶山市,硚口-宝丰,6000.0,9500.0,岗位：固定商家固定范围超市配送；标签：交通补助 / 加班补助 / 饭补 / 房补；薪资：6000-9500元/月,未注明,,58同城,2026-09-24 20:42:39,410421,宝丰县,平顶山市,2024-2026,58_宝丰县_2024_2026.csv
437,走神时的李小哥,急聘文员双休五险一金7K包吃住,平顶山市,硚口-宝丰,4500.0,7000.0,岗位：急聘文员双休五险一金7K包吃住；标签：五险一金 / 五险 / 包住 / 包吃；薪资：4500-7000元/月,未注明,,58同城,2026-09-24 20:42:39,410421,宝丰县,平顶山市,2024-2026,58_宝丰县_2024_2026.csv
438,韩女士,姐妹就业最好的选择护理/护工包吃住,平顶山市,硚口-宝丰,4000.0,8000.0,岗位：姐妹就业最好的选择护理/护工包吃住；标签：包住 / 包吃；薪资：4000-8000元/月,未注明,,58同城,2026-09-24 20:42:39,410421,宝丰县,平顶山市,2024-2026,58_宝丰县_2024_2026.csv
439,招聘专员,酒店前台包住包吃五险,平顶山市,硚口-宝丰,3500.0,5000.0,岗位：酒店前台包住包吃五险；标签：五险 / 包住 / 包吃；薪资：3500-5000元/月,未注明,,58同城,2026-09-24 20:42:39,410421,宝丰县,平顶山市,2024-2026,58_宝丰县_2024_2026.csv
440,赞许的齐老板,诚聘spa技师包吃住月过万,平顶山市,硚口-宝丰,12000.0,15000.0,岗位：诚聘spa技师包吃住月过万；标签：包住 / 包吃；薪资：12000-15000元/月,未注明,,58同城,2026-09-24 20:42:39,410421,宝丰县,平顶山市,2024-2026,58_宝丰县_2024_2026.csv
441,郑女士,美容师离家近福利好客源多带薪培训,平顶山市,硚口-宝丰,5000.0,7000.0,岗位：美容师离家近福利好客源多带薪培训；标签：招6人 / 经验不限 / 学历不限；薪资：5000-7000元/月,学历不限,6.0,58同城,2026-09-24 20:42:39,410421,宝丰县,平顶山市,2024-2026,58_宝丰县_2024_2026.csv
442,吴女士,维达纸巾打包7500一月坐岗包吃住买社保,平顶山市,硚口-宝丰,6000.0,7000.0,岗位：维达纸巾打包7500一月坐岗包吃住买社保；标签：五险一金 / 包住 / 包吃 / 加班补助；薪资：6000-7000元/月,未注明,,58同城,2026-09-24 20:42:39,410421,宝丰县,平顶山市,2024-2026,58_宝丰县_2024_2026.csv
443,莞尔lovey,软装家居销售岗位（硚口生活家驻场）,平顶山市,硚口-宝丰,5000.0,10000.0,岗位：软装家居销售岗位（硚口生活家驻场）；标签：五险；薪资：5000-10000元/月,未注明,,58同城,2026-09-24 20:42:39,410421,宝丰县,平顶山市,2024-2026,58_宝丰县_2024_2026.csv
444,李女士,上班受气不如跑单（送餐员）自由等你来,平顶山市,硚口-宝丰,6000.0,9900.0,岗位：上班受气不如跑单（送餐员）自由等你来；标签：五险 / 包住 / 包吃 / 交通补助；薪资：6000-9900元/月,未注明,,58同城,2026-09-24 20:42:39,410421,宝丰县,平顶山市,2024-2026,58_宝丰县_2024_2026.csv
445,招聘专员,需求分析师（大数据开发经验）,平顶山市,硚口-宝丰,13000.0,16000.0,岗位：需求分析师（大数据开发经验）；标签：招8人 / 经验3-5年 / 学历本科；薪资：13000-16000元/月,本科,8.0,58同城,2026-09-24 20:42:39,410421,宝丰县,平顶山市,2024-2026,58_宝丰县_2024_2026.csv
446,李先生,宠物医院院长,平顶山市,硚口-宝丰,15000.0,20000.0,岗位：宠物医院院长；标签：招10人 / 经验10年以上 / 学历大专；薪资：15000-20000元/月,大专,10.0,58同城,2026-09-24 20:42:39,410421,宝丰县,平顶山市,2024-2026,58_宝丰县_2024_2026.csv
447,用户41688,康复治疗师,平顶山市,硚口-宝丰,6000.0,7000.0,岗位：康复治疗师；标签：招1人 / 经验不限 / 学历不限；薪资：6000-7000元/月,学历不限,1.0,58同城,2026-09-24 20:42:39,410421,宝丰县,平顶山市,2024-2026,58_宝丰县_2024_2026.csv
448,田女士,维达纸巾包装包住包吃240-260天长白,平顶山市,硚口-宝丰,5500.0,6500.0,岗位：维达纸巾包装包住包吃240-260天长白；标签：五险一金 / 包住 / 包吃；薪资：5500-6500元/月,未注明,,58同城,2026-09-24 20:42:39,410421,宝丰县,平顶山市,2024-2026,58_宝丰县_2024_2026.csv
449,赞许的齐老板,诚聘足疗按摩spa技师月过万,平顶山市,硚口-宝丰,8000.0,12000.0,岗位：诚聘足疗按摩spa技师月过万；标签：包住 / 包吃；薪资：8000-12000元/月,未注明,,58同城,2026-09-24 20:42:39,410421,宝丰县,平顶山市,2024-2026,58_宝丰县_2024_2026.csv
450,白先生,艳阳天酒店诚聘客户经理,平顶山市,硚口-宝丰,6000.0,12000.0,岗位：艳阳天酒店诚聘客户经理；标签：包吃 / 包住；薪资：6000-12000元/月,未注明,,58同城,2026-09-24 20:42:39,410421,宝丰县,平顶山市,2024-2026,58_宝丰县_2024_2026.csv
451,毛女士,重生之我在武汉做高价招聘驻店配送员的一天,平顶山市,硚口-宝丰,6500.0,9500.0,岗位：重生之我在武汉做高价招聘驻店配送员的一天；标签：五险 / 包住 / 包吃 / 加班补助；薪资：6500-9500元/月,未注明,,58同城,2026-09-24 20:42:39,410421,宝丰县,平顶山市,2024-2026,58_宝丰县_2024_2026.csv
452,张总,葛洲坝城市花园保洁员休4天,平顶山市,硚口-宝丰,2000.0,2500.0,岗位：葛洲坝城市花园保洁员休4天；标签：加班补助；薪资：2000-2500元/月,未注明,,58同城,2026-09-24 20:42:39,410421,宝丰县,平顶山市,2024-2026,58_宝丰县_2024_2026.csv
453,徐女士,维达纸巾扫码坐岗260一天短期不体检,平顶山市,硚口-宝丰,6500.0,8000.0,岗位：维达纸巾扫码坐岗260一天短期不体检；标签：五险一金 / 包住 / 包吃 / 年底双薪；薪资：6500-8000元/月,未注明,,58同城,2026-09-24 20:42:39,410421,宝丰县,平顶山市,2024-2026,58_宝丰县_2024_2026.csv
454,张女士,硚口写字楼保洁员,平顶山市,硚口-宝丰,2500.0,3000.0,岗位：硚口写字楼保洁员；标签：包住 / 加班补助 / 五险；薪资：2500-3000元/月,未注明,,58同城,2026-09-24 20:42:39,410421,宝丰县,平顶山市,2024-2026,58_宝丰县_2024_2026.csv
455,胡先生,6000起直招三甲医院护工/护理,平顶山市,硚口-宝丰,6000.0,9000.0,岗位：6000起直招三甲医院护工/护理；标签：包住 / 交通补助；薪资：6000-9000元/月,未注明,,58同城,2026-09-24 20:42:39,410421,宝丰县,平顶山市,2024-2026,58_宝丰县_2024_2026.csv
456,罗女士,美甲师化妆师学徒助理包住,平顶山市,硚口-宝丰,6000.0,10000.0,岗位：美甲师化妆师学徒助理包住；标签：五险 / 包住 / 包吃 / 年底双薪；薪资：6000-10000元/月,未注明,,58同城,2026-09-24 20:42:39,410421,宝丰县,平顶山市,2024-2026,58_宝丰县_2024_2026.csv
457,张女士,五险聘硚口写字楼保洁主管包住,平顶山市,硚口-宝丰,3200.0,3600.0,岗位：五险聘硚口写字楼保洁主管包住；标签：包住 / 五险；薪资：3200-3600元/月,未注明,,58同城,2026-09-24 20:42:39,410421,宝丰县,平顶山市,2024-2026,58_宝丰县_2024_2026.csv
458,赞许的齐老板,诚聘足疗修脚师包吃住可电联,平顶山市,硚口-宝丰,8000.0,12000.0,岗位：诚聘足疗修脚师包吃住可电联；标签：包住 / 包吃；薪资：8000-12000元/月,未注明,,58同城,2026-09-24 20:42:39,410421,宝丰县,平顶山市,2024-2026,58_宝丰县_2024_2026.csv
459,招聘专员,医生助理,平顶山市,硚口-宝丰,6000.0,8000.0,岗位：医生助理；标签：招1人 / 经验不限 / 学历不限；薪资：6000-8000元/月,学历不限,1.0,58同城,2026-09-24 20:42:39,410421,宝丰县,平顶山市,2024-2026,58_宝丰县_2024_2026.csv
460,小巧_洪师傅,药店药师薪资高交五险、节假日福利,平顶山市,硚口-宝丰,4500.0,8000.0,岗位：药店药师薪资高交五险、节假日福利；标签：五险 / 加班补助；薪资：4500-8000元/月,未注明,,58同城,2026-09-24 20:42:39,410421,宝丰县,平顶山市,2024-2026,58_宝丰县_2024_2026.csv
461,万女士,急招便利店营业员有补贴电联,平顶山市,洪山-光谷软件园,3500.0,6000.0,岗位：急招便利店营业员有补贴电联；标签：加班补助 / 饭补 / 话补 / 房补；薪资：3500-6000元/月,未注明,,58同城,2026-09-24 20:42:50,410421,宝丰县,平顶山市,2024-2026,58_宝丰县_2024_2026.csv
462,万女士,超市店员/营业员饭补加班补助,平顶山市,武昌-中北路,3500.0,6000.0,岗位：超市店员/营业员饭补加班补助；标签：加班补助 / 饭补 / 房补；薪资：3500-6000元/月,未注明,,58同城,2026-09-24 20:42:50,410421,宝丰县,平顶山市,2024-2026,58_宝丰县_2024_2026.csv
463,李女士,客服专员五险 小程序,平顶山市,武昌-武昌火车站,4000.0,6000.0,岗位：客服专员五险 小程序；标签：五险；薪资：4000-6000元/月,未注明,,58同城,2026-09-24 20:42:50,410421,宝丰县,平顶山市,2024-2026,58_宝丰县_2024_2026.csv
464,华师傅要暗示,电商仓库文员加班补助周末双休交通补助,平顶山市,江岸-江汉路,6700.0,6800.0,岗位：电商仓库文员加班补助周末双休交通补助；标签：五险一金 / 周末双休 / 交通补助 / 加班补助；薪资：6700-6800元/月,未注明,,58同城,2026-09-24 20:42:50,410421,宝丰县,平顶山市,2024-2026,58_宝丰县_2024_2026.csv
465,李经理,6千以上有经验电梯安装工,平顶山市,武昌-中北路,6000.0,12000.0,岗位：6千以上有经验电梯安装工；标签：话补；薪资：6000-12000元/月,未注明,,58同城,2026-09-24 20:42:50,410421,宝丰县,平顶山市,2024-2026,58_宝丰县_2024_2026.csv
466,指尖划星光,武汉餐厅招店员月薪3500-4500,平顶山市,江汉-万松园,3500.0,5500.0,岗位：武汉餐厅招店员月薪3500-4500；标签：招10人 / 经验不限 / 学历不限；薪资：3500-5500元/月,学历不限,10.0,58同城,2026-09-24 20:42:50,410421,宝丰县,平顶山市,2024-2026,58_宝丰县_2024_2026.csv
467,彭女士,儿推馆小儿推拿师,平顶山市,武汉-汉南,5000.0,7000.0,岗位：儿推馆小儿推拿师；标签：五险；薪资：5000-7000元/月,未注明,,58同城,2026-09-24 20:42:50,410421,宝丰县,平顶山市,2024-2026,58_宝丰县_2024_2026.csv
468,会笑的暖阳阳(已封禁),仓库文员五险年底双薪双休,平顶山市,汉阳-鹦鹉,5200.0,7800.0,岗位：仓库文员五险年底双薪双休；标签：五险一金 / 五险 / 包住 / 包吃；薪资：5200-7800元/月,未注明,,58同城,2026-09-24 20:42:50,410421,宝丰县,平顶山市,2024-2026,58_宝丰县_2024_2026.csv
469,踮着脚尖跳的跳跳,餐饮收银,平顶山市,武昌-徐家棚,4200.0,5000.0,岗位：餐饮收银；标签：经验不限 / 学历不限；薪资：4200-5000元/月,学历不限,,58同城,2026-09-24 20:42:50,410421,宝丰县,平顶山市,2024-2026,58_宝丰县_2024_2026.csv
470,爱喝奶茶的星子,急聘三角洲跑刀原神洛克王国游戏代练,平顶山市,江岸-三阳路,5000.0,8000.0,岗位：急聘三角洲跑刀原神洛克王国游戏代练；标签：加班补助 / 话补 / 周末双休；薪资：5000-8000元/月,未注明,,58同城,2026-09-24 20:42:50,410421,宝丰县,平顶山市,2024-2026,58_宝丰县_2024_2026.csv
471,江夏区鑫名电动车,电动车维修工学徒工,平顶山市,江夏-纸坊,3000.0,4000.0,岗位：电动车维修工学徒工；标签：包住 / 包吃 / 年底双薪 / 加班补助；薪资：3000-4000元/月,未注明,,58同城,2026-09-24 20:42:50,410421,宝丰县,平顶山市,2024-2026,58_宝丰县_2024_2026.csv
472,李女士,急招健身教练新手-包教会,平顶山市,武汉-东西湖,8000.0,16000.0,岗位：急招健身教练新手-包教会；标签：五险一金 / 包住 / 包吃；薪资：8000-16000元/月,未注明,,58同城,2026-09-24 20:42:50,410421,宝丰县,平顶山市,2024-2026,58_宝丰县_2024_2026.csv
473,张女士,武汉餐厅招店员就近分配月薪4000,平顶山市,江汉-万松园,3500.0,5000.0,岗位：武汉餐厅招店员就近分配月薪4000；标签：招15人 / 经验不限 / 学历不限；薪资：3500-5000元/月,学历不限,15.0,58同城,2026-09-24 20:42:50,410421,宝丰县,平顶山市,2024-2026,58_宝丰县_2024_2026.csv
474,肖女士,餐具消毒公司直招机修工,平顶山市,硚口-古田,5500.0,6000.0,岗位：餐具消毒公司直招机修工；标签：经验3-5年 / 学历技校；薪资：5500-6000元/月,中专/中技,,58同城,2026-09-24 20:42:50,410421,宝丰县,平顶山市,2024-2026,58_宝丰县_2024_2026.csv
475,杨女士,三角洲原神崩铁绝区零鸣潮燕云游戏代练,平顶山市,江汉-万松园,4500.0,7500.0,岗位：三角洲原神崩铁绝区零鸣潮燕云游戏代练；标签：经验不限 / 学历不限；薪资：4500-7500元/月,学历不限,,58同城,2026-09-24 20:42:50,410421,宝丰县,平顶山市,2024-2026,58_宝丰县_2024_2026.csv
476,王小姐,网络/在线客服,平顶山市,东西湖-金银湖,3000.0,3500.0,岗位：网络/在线客服；标签：经验不限 / 学历不限；薪资：3000-3500元/月,学历不限,,58同城,2026-09-24 20:42:50,410421,宝丰县,平顶山市,2024-2026,58_宝丰县_2024_2026.csv
477,王荣全132******68,电器厂项目经理五险一金包住包吃,平顶山市,武昌-武泰闸,10000.0,12500.0,岗位：电器厂项目经理五险一金包住包吃；标签：五险一金 / 包住 / 包吃；薪资：10000-12500元/月,未注明,,58同城,2026-09-24 20:42:50,410421,宝丰县,平顶山市,2024-2026,58_宝丰县_2024_2026.csv
478,啃苹果的团团,餐饮店店员,平顶山市,青山-建设二路,3500.0,4500.0,岗位：餐饮店店员；标签：招1人 / 经验不限 / 学历不限；薪资：3500-4500元/月,学历不限,1.0,58同城,2026-09-24 20:42:50,410421,宝丰县,平顶山市,2024-2026,58_宝丰县_2024_2026.csv
479,爱爬山的马小妹,食品/店员/营业员3500起,平顶山市,江岸-百步亭,3500.0,4500.0,岗位：食品/店员/营业员3500起；标签：包吃；薪资：3500-4500元/月,未注明,,58同城,2026-09-24 20:42:50,410421,宝丰县,平顶山市,2024-2026,58_宝丰县_2024_2026.csv
480,熊先生,电动车维修/师傅及学徒包住包吃,平顶山市,洪山-关山,2500.0,4500.0,岗位：电动车维修/师傅及学徒包住包吃；标签：包住 / 包吃；薪资：2500-4500元/月,未注明,,58同城,2026-09-24 20:42:50,410421,宝丰县,平顶山市,2024-2026,58_宝丰县_2024_2026.csv
481,董先生,鑫广顺机械经营部/机修工包吃话补,平顶山市,东西湖-吴家山,4000.0,4500.0,岗位：鑫广顺机械经营部/机修工包吃话补；标签：包住 / 包吃 / 饭补 / 话补；薪资：4000-4500元/月,未注明,,58同城,2026-09-24 20:42:50,410421,宝丰县,平顶山市,2024-2026,58_宝丰县_2024_2026.csv
482,技先生,网络客服居家办公信息处理,平顶山市,江岸-大智路,4300.0,5000.0,岗位：网络客服居家办公信息处理；标签：五险一金；薪资：4300-5000元/月,未注明,,58同城,2026-09-24 20:42:50,410421,宝丰县,平顶山市,2024-2026,58_宝丰县_2024_2026.csv
483,haze,食品店员/营业员加班补助饭补五险,平顶山市,武昌-中北路,4000.0,6000.0,岗位：食品店员/营业员加班补助饭补五险；标签：饭补 / 房补 / 加班补助 / 五险；薪资：4000-6000元/月,未注明,,58同城,2026-09-24 20:42:50,410421,宝丰县,平顶山市,2024-2026,58_宝丰县_2024_2026.csv
484,童先生,0费用白班质检6000包吃住,平顶山市,江夏-金融港,5000.0,6000.0,岗位：0费用白班质检6000包吃住；标签：五险一金 / 五险 / 包住 / 包吃；薪资：5000-6000元/月,未注明,,58同城,2026-09-24 20:42:50,410421,宝丰县,平顶山市,2024-2026,58_宝丰县_2024_2026.csv
485,徐先生,急招数控操作工包吃住,平顶山市,东西湖-吴家山,4000.0,8000.0,岗位：急招数控操作工包吃住；标签：包吃 / 包住 / 饭补 / 房补；薪资：4000-8000元/月,未注明,,58同城,2026-09-24 20:42:50,410421,宝丰县,平顶山市,2024-2026,58_宝丰县_2024_2026.csv
486,何先生,保洁,平顶山市,洪山-卓刀泉,1500.0,1800.0,岗位：保洁；标签：周末双休；薪资：1500-1800元/月,未注明,,58同城,2026-09-24 20:42:50,410421,宝丰县,平顶山市,2024-2026,58_宝丰县_2024_2026.csv
487,樱子,中餐厅服务员/包住洗衣机空调,平顶山市,武昌-水果湖,3800.0,4500.0,岗位：中餐厅服务员/包住洗衣机空调；标签：包住 / 包吃 / 加班补助；薪资：3800-4500元/月,未注明,,58同城,2026-09-24 20:42:50,410421,宝丰县,平顶山市,2024-2026,58_宝丰县_2024_2026.csv
488,陈先生,养生馆推拿师学历不限,平顶山市,江夏-纸坊,3500.0,5500.0,岗位：养生馆推拿师学历不限；标签：招2人 / 经验3-5年 / 学历不限；薪资：3500-5500元/月,学历不限,2.0,58同城,2026-09-24 20:42:50,410421,宝丰县,平顶山市,2024-2026,58_宝丰县_2024_2026.csv
489,V率真杨总,美甲师,平顶山市,洪山-光谷广场,4000.0,8000.0,岗位：美甲师；标签：经验不限 / 学历不限；薪资：4000-8000元/月,学历不限,,58同城,2026-09-24 20:42:50,410421,宝丰县,平顶山市,2024-2026,58_宝丰县_2024_2026.csv
490,陈总,足疗师-40岁以内，7000-10000,平顶山市,蔡甸-蔡甸城区,7000.0,10000.0,岗位：足疗师-40岁以内，7000-10000；标签：包住 / 包吃；薪资：7000-10000元/月,未注明,,58同城,2026-09-24 20:42:50,410421,宝丰县,平顶山市,2024-2026,58_宝丰县_2024_2026.csv
491,江女士,小厂贴标日日薪260包吃住非流水线坐班,平顶山市,平顶山-宝丰,6500.0,7500.0,岗位：小厂贴标日日薪260包吃住非流水线坐班；标签：五险一金 / 五险 / 包住 / 包吃；薪资：6500-7500元/月,未注明,,58同城,2026-09-24 20:43:10,410421,宝丰县,平顶山市,2024-2026,58_宝丰县_2024_2026.csv
492,雷先生,宝丰房产置业顾问,平顶山市,平顶山-宝丰,2000.0,8000.0,岗位：宝丰房产置业顾问；标签：经验不限 / 学历不限；薪资：2000-8000元/月,学历不限,,58同城,2026-09-24 20:43:22,410421,宝丰县,平顶山市,2024-2026,58_宝丰县_2024_2026.csv
493,YG,汽车维修师傅,平顶山市,宝丰-宝丰县第一高级中学,4000.0,10000.0,岗位：汽车维修师傅；标签：包住 / 饭补；薪资：4000-10000元/月,未注明,,58同城,2026-09-24 20:43:27,410421,宝丰县,平顶山市,2024-2026,58_宝丰县_2024_2026.csv
494,刘女士,养生馆招按摩师/美容推拿足疗学徒可培训,平顶山市,平顶山-宝丰,2500.0,8000.0,岗位：养生馆招按摩师/美容推拿足疗学徒可培训；标签：招8人 / 经验不限 / 学历不限；薪资：2500-8000元/月,学历不限,8.0,58同城,2026-09-24 20:43:31,410421,宝丰县,平顶山市,2024-2026,58_宝丰县_2024_2026.csv
495,刘女士,足疗师按摩师2500-8... 小程序,平顶山市,平顶山-宝丰,2000.0,8000.0,岗位：足疗师按摩师2500-8... 小程序；标签：包住 / 包吃；薪资：2000-8000元/月,未注明,,58同城,2026-09-24 20:43:31,410421,宝丰县,平顶山市,2024-2026,58_宝丰县_2024_2026.csv
496,刘女士,养生馆招聘按摩师/推拿师/足疗师,平顶山市,平顶山-宝丰,3000.0,8000.0,岗位：养生馆招聘按摩师/推拿师/足疗师；标签：包住 / 包吃；薪资：3000-8000元/月,未注明,,58同城,2026-09-24 20:43:31,410421,宝丰县,平顶山市,2024-2026,58_宝丰县_2024_2026.csv
497,刘女士,按摩师五险一金年底双薪包吃包住,平顶山市,宝丰-新世纪商贸,5000.0,15000.0,岗位：按摩师五险一金年底双薪包吃包住；标签：五险一金 / 包住 / 包吃 / 年底双薪；薪资：5000-15000元/月,未注明,,58同城,2026-09-24 20:43:31,410421,宝丰县,平顶山市,2024-2026,58_宝丰县_2024_2026.csv
498,李先生,招聘平顶山宝丰配送司机公司提供车不装卸,平顶山市,宝丰-新世纪商贸,6000.0,8000.0,岗位：招聘平顶山宝丰配送司机公司提供车不装卸；标签：五险 / 包住 / 话补；薪资：6000-8000元/月,未注明,,58同城,2026-09-24 20:43:54,410421,宝丰县,平顶山市,2024-2026,58_宝丰县_2024_2026.csv
499,李女士,货运公司C1货运司机5千起,平顶山市,平顶山-宝丰,5000.0,7500.0,岗位：货运公司C1货运司机5千起；标签：招14人 / 经验不限 / 学历不限；薪资：5000-7500元/月,学历不限,14.0,58同城,2026-09-24 20:43:54,410421,宝丰县,平顶山市,2024-2026,58_宝丰县_2024_2026.csv
500,程女士,急招铁路安检乘务地勤人员五险一金包吃包住,平顶山市,平顶山-宝丰,5500.0,6000.0,岗位：急招铁路安检乘务地勤人员五险一金包吃包住；标签：五险一金 / 加班补助 / 饭补 / 五险；薪资：5500-6000元/月,未注明,,58同城,2026-09-24 20:43:54,410421,宝丰县,平顶山市,2024-2026,58_宝丰县_2024_2026.csv
501,爱听雨的安静girl,货运司机/工作时间灵活不装不卸,平顶山市,宝丰-新世纪商贸,5000.0,8000.0,岗位：货运司机/工作时间灵活不装不卸；标签：饭补；薪资：5000-8000元/月,未注明,,58同城,2026-09-24 20:43:59,410421,宝丰县,平顶山市,2024-2026,58_宝丰县_2024_2026.csv
502,种向日葵的苗,宝丰c本司机附近商超送货只开车不装卸,平顶山市,平顶山-宝丰,6000.0,8000.0,岗位：宝丰c本司机附近商超送货只开车不装卸；标签：招12人 / 经验不限 / 学历不限；薪资：6000-8000元/月,学历不限,12.0,58同城,2026-09-24 20:43:59,410421,宝丰县,平顶山市,2024-2026,58_宝丰县_2024_2026.csv
503,尹女士,诚聘铁路地勤安检上一休一五险一金免费食宿,平顶山市,平顶山-宝丰,5000.0,6000.0,岗位：诚聘铁路地勤安检上一休一五险一金免费食宿；标签：五险一金 / 包住 / 包吃 / 年底双薪；薪资：5000-6000元/月,未注明,,58同城,2026-09-24 20:43:59,410421,宝丰县,平顶山市,2024-2026,58_宝丰县_2024_2026.csv
504,陈女士,小车司机,平顶山市,平顶山-宝丰,3500.0,4000.0,岗位：小车司机；标签：招1人 / 经验不限 / 学历不限；薪资：3500-4000元/月,学历不限,1.0,58同城,2026-09-24 20:43:59,410421,宝丰县,平顶山市,2024-2026,58_宝丰县_2024_2026.csv
505,高女士,上五休二月薪8千（五险一金）锻造工包吃住,平顶山市,平顶山-叶县,8000.0,8500.0,岗位：上五休二月薪8千（五险一金）锻造工包吃住；标签：五险一金 / 五险 / 包住 / 包吃；薪资：8000-8500元/月,未注明,,58同城,2026-09-24 20:44:58,410422,叶县,平顶山市,2024-2026,58_叶县_2024_2026.csv
506,叶县北水闸雅迪快修,电动车/摩托车维修工1名,平顶山市,平顶山-叶县,2000.0,3000.0,岗位：电动车/摩托车维修工1名；标签：招1人 / 经验不限 / 学历不限；薪资：2000-3000元/月,学历不限,1.0,58同城,2026-09-24 20:45:06,410422,叶县,平顶山市,2024-2026,58_叶县_2024_2026.csv
507,总想爬树的阿木,促销/导购员,平顶山市,叶县-建业广场,3000.0,4500.0,岗位：促销/导购员；标签：经验不限 / 学历不限；薪资：3000-4500元/月,学历不限,,58同城,2026-09-24 20:45:15,410422,叶县,平顶山市,2024-2026,58_叶县_2024_2026.csv
508,种向日葵的苗,叶县附近货运商超工厂食堂配送不装卸,平顶山市,平顶山,6000.0,8000.0,岗位：叶县附近货运商超工厂食堂配送不装卸；标签：招12人 / 经验不限 / 学历不限；薪资：6000-8000元/月,学历不限,12.0,58同城,2026-09-24 20:45:35,410422,叶县,平顶山市,2024-2026,58_叶县_2024_2026.csv
509,李先生,物流直招4.2米高栏车司... 小程序,平顶山市,平顶山-叶县,6000.0,7000.0,岗位：物流直招4.2米高栏车司... 小程序；标签：包吃；薪资：6000-7000元/月,未注明,,58同城,2026-09-24 20:45:40,410422,叶县,平顶山市,2024-2026,58_叶县_2024_2026.csv
510,货运娟娟,急招叶县配送烟草半成品c本司机不装卸,平顶山市,平顶山,6000.0,8000.0,岗位：急招叶县配送烟草半成品c本司机不装卸；标签：五险 / 包住；薪资：6000-8000元/月,未注明,,58同城,2026-09-24 20:45:40,410422,叶县,平顶山市,2024-2026,58_叶县_2024_2026.csv
511,赵女士,叶县-货运司机-6千不做苦工只干轻松事,平顶山市,叶县-建业广场,5500.0,5600.0,岗位：叶县-货运司机-6千不做苦工只干轻松事；标签：年底双薪 / 交通补助；薪资：5500-5600元/月,未注明,,58同城,2026-09-24 20:45:48,410422,叶县,平顶山市,2024-2026,58_叶县_2024_2026.csv
512,养花种草的喵,供应链管理公司/C本司机/4500起,平顶山市,平顶山-叶县,4500.0,8000.0,岗位：供应链管理公司/C本司机/4500起；标签：招6人 / 经验不限 / 学历不限；薪资：4500-8000元/月,学历不限,6.0,58同城,2026-09-24 20:45:48,410422,叶县,平顶山市,2024-2026,58_叶县_2024_2026.csv
513,E朴实真诚段师傅,生鲜配送（不卖车不租车不交押金）,平顶山市,平顶山-叶县,4000.0,7000.0,岗位：生鲜配送（不卖车不租车不交押金）；标签：包住 / 交通补助 / 加班补助；薪资：4000-7000元/月,未注明,,58同城,2026-09-24 20:45:53,410422,叶县,平顶山市,2024-2026,58_叶县_2024_2026.csv
514,帅气迷人de凌老板,养生馆推拿师包住包吃加班补助,平顶山市,平顶山-鲁山,3000.0,5000.0,岗位：养生馆推拿师包住包吃加班补助；标签：包住 / 包吃 / 加班补助；薪资：3000-5000元/月,未注明,,58同城,2026-09-24 20:46:50,410423,鲁山县,平顶山市,2024-2026,58_鲁山县_2024_2026.csv
515,辛女士,电玩城维修技师,平顶山市,鲁山-鲁山汽车站,5000.0,6000.0,岗位：电玩城维修技师；标签：加班补助 / 饭补；薪资：5000-6000元/月,未注明,,58同城,2026-09-24 20:46:54,410423,鲁山县,平顶山市,2024-2026,58_鲁山县_2024_2026.csv
516,木南,置业顾问,平顶山市,平顶山-鲁山,3800.0,8000.0,岗位：置业顾问；标签：招6人 / 经验不限 / 学历不限；薪资：3800-8000元/月,学历不限,6.0,58同城,2026-09-24 20:46:59,410423,鲁山县,平顶山市,2024-2026,58_鲁山县_2024_2026.csv
517,辛女士,鲁山本地招企宣主管交社保,平顶山市,鲁山-鲁山汽车站,5000.0,8000.0,岗位：鲁山本地招企宣主管交社保；标签：五险；薪资：5000-8000元/月,未注明,,58同城,2026-09-24 20:47:03,410423,鲁山县,平顶山市,2024-2026,58_鲁山县_2024_2026.csv
518,帅气迷人de凌老板,鲁山县凌氏保健服务店/采耳美容师包住包吃,平顶山市,平顶山-鲁山,4000.0,9000.0,岗位：鲁山县凌氏保健服务店/采耳美容师包住包吃；标签：包住 / 包吃；薪资：4000-9000元/月,未注明,,58同城,2026-09-24 20:47:11,410423,鲁山县,平顶山市,2024-2026,58_鲁山县_2024_2026.csv
519,安好,游戏客服/2000起,平顶山市,平顶山-鲁山,2000.0,2500.0,岗位：游戏客服/2000起；标签：包吃；薪资：2000-2500元/月,未注明,,58同城,2026-09-24 20:47:11,410423,鲁山县,平顶山市,2024-2026,58_鲁山县_2024_2026.csv
520,李女士,货运公司C1司机2.5k起,平顶山市,平顶山-鲁山,2500.0,4500.0,岗位：货运公司C1司机2.5k起；标签：招16人 / 经验不限 / 学历不限；薪资：2500-4500元/月,学历不限,16.0,58同城,2026-09-24 20:47:32,410423,鲁山县,平顶山市,2024-2026,58_鲁山县_2024_2026.csv
521,田女士,直招铁路乘务五险一金免费食宿带薪年假,平顶山市,平顶山-鲁山,5000.0,6000.0,岗位：直招铁路乘务五险一金免费食宿带薪年假；标签：五险一金 / 饭补 / 包住 / 包吃；薪资：5000-6000元/月,未注明,,58同城,2026-09-24 20:47:37,410423,鲁山县,平顶山市,2024-2026,58_鲁山县_2024_2026.csv
522,种向日葵的苗,鲁山不装卸货运司机附近工厂送货,平顶山市,平顶山-湛河,6000.0,8000.0,岗位：鲁山不装卸货运司机附近工厂送货；标签：招12人 / 经验1-2年 / 学历不限；薪资：6000-8000元/月,学历不限,12.0,58同城,2026-09-24 20:47:37,410423,鲁山县,平顶山市,2024-2026,58_鲁山县_2024_2026.csv
523,赵女士,鲁山菜篓儿商贸生鲜分拣员... 小程序,平顶山市,平顶山-鲁山,2000.0,2500.0,岗位：鲁山菜篓儿商贸生鲜分拣员... 小程序；标签：招5人 / 经验不限 / 学历不限；薪资：2000-2500元/月,学历不限,5.0,58同城,2026-09-24 20:47:53,410423,鲁山县,平顶山市,2024-2026,58_鲁山县_2024_2026.csv
524,e8bxcc,鲁山本地好工作仓库管理员2名,平顶山市,平顶山-鲁山,3000.0,5000.0,岗位：鲁山本地好工作仓库管理员2名；标签：招5人 / 经验1-2年 / 学历不限；薪资：3000-5000元/月,学历不限,5.0,58同城,2026-09-24 20:47:53,410423,鲁山县,平顶山市,2024-2026,58_鲁山县_2024_2026.csv
525,用户47273,郏县舍艺旗舰店/足疗师，包住，饭补,平顶山市,平顶山-郏县,3000.0,6000.0,岗位：郏县舍艺旗舰店/足疗师，包住，饭补；标签：包住 / 饭补；薪资：3000-6000元/月,未注明,,58同城,2026-09-24 20:48:48,410425,郏县,平顶山市,2024-2026,58_郏县_2024_2026.csv
526,异常兴奋DE毕老板,网络/在线客服,平顶山市,平顶山-郏县,2500.0,4500.0,岗位：网络/在线客服；标签：经验不限 / 学历不限；薪资：2500-4500元/月,学历不限,,58同城,2026-09-24 20:48:48,410425,郏县,平顶山市,2024-2026,58_郏县_2024_2026.csv
527,人力资源部,郏县连锁店店长,平顶山市,平顶山-新华,5000.0,7000.0,岗位：郏县连锁店店长；标签：招1人 / 经验1年以下 / 学历不限；薪资：5000-7000元/月,学历不限,1.0,58同城,2026-09-24 20:48:53,410425,郏县,平顶山市,2024-2026,58_郏县_2024_2026.csv
528,李先生,急招4.2米高栏车司机无押金不装卸8K,平顶山市,平顶山-郏县,5500.0,7000.0,岗位：急招4.2米高栏车司机无押金不装卸8K；标签：招5人 / 经验1-2年 / 学历不限；薪资：5500-7000元/月,学历不限,5.0,58同城,2026-09-24 20:49:18,410425,郏县,平顶山市,2024-2026,58_郏县_2024_2026.csv
529,王女士,亿万互联网工作室/APP... 小程序,平顶山市,平顶山-郏县,3500.0,8500.0,岗位：亿万互联网工作室/APP... 小程序；标签：经验不限 / 学历不限；薪资：3500-8500元/月,学历不限,,58同城,2026-09-24 20:49:23,410425,郏县,平顶山市,2024-2026,58_郏县_2024_2026.csv
530,贺女士,郏县配送/轻松跑单就近分配/兼职全职均可,平顶山市,平顶山-郏县,4000.0,8000.0,岗位：郏县配送/轻松跑单就近分配/兼职全职均可；标签：招15人 / 经验不限 / 学历不限；薪资：4000-8000元/月,学历不限,15.0,58同城,2026-09-24 20:49:31,410425,郏县,平顶山市,2024-2026,58_郏县_2024_2026.csv
531,周女士,郏县站点直招送餐员无需经验兼职/全职均可,平顶山市,平顶山-郏县,4500.0,8000.0,岗位：郏县站点直招送餐员无需经验兼职/全职均可；标签：招10人 / 经验不限 / 学历不限；薪资：4500-8000元/月,学历不限,10.0,58同城,2026-09-24 20:49:31,410425,郏县,平顶山市,2024-2026,58_郏县_2024_2026.csv
532,爱听故事的悠悠,文员订单管理做五休二,平顶山市,平顶山-郏县,5000.0,7000.0,岗位：文员订单管理做五休二；标签：五险一金 / 包吃 / 包住 / 年底双薪；薪资：5000-7000元/月,未注明,,58同城,2026-09-24 20:49:31,410425,郏县,平顶山市,2024-2026,58_郏县_2024_2026.csv
533,王女士,亿万互联网工作室/APP推广/3500起,平顶山市,平顶山-郏县,3500.0,8500.0,岗位：亿万互联网工作室/APP推广/3500起；标签：经验不限 / 学历不限；薪资：3500-8500元/月,学历不限,,58同城,2026-09-24 20:49:35,410425,郏县,平顶山市,2024-2026,58_郏县_2024_2026.csv
534,黄先生,电子厂普工/操作工包住包吃300一天,平顶山市,舞钢,7000.0,8000.0,岗位：电子厂普工/操作工包住包吃300一天；标签：五险一金 / 包吃 / 包住；薪资：7000-8000元/月,未注明,,58同城,2026-09-24 20:49:52,410481,舞钢市,平顶山市,2024-2026,58_舞钢市_2024_2026.csv
535,品鸿供应链06,（舞钢）往返专线C证货运司机,平顶山市,舞钢,6500.0,7900.0,岗位：（舞钢）往返专线C证货运司机；标签：交通补助；薪资：6500-7900元/月,未注明,,58同城,2026-09-24 20:49:52,410481,舞钢市,平顶山市,2024-2026,58_舞钢市_2024_2026.csv
536,socpn_p0,舞钢纺织接纱工（可带薪培... 小程序,平顶山市,城区-舞钢城区,3000.0,5500.0,岗位：舞钢纺织接纱工（可带薪培... 小程序；标签：加班补助；薪资：3000-5500元/月,未注明,,58同城,2026-09-24 20:49:52,410481,舞钢市,平顶山市,2024-2026,58_舞钢市_2024_2026.csv
537,杨先生,生产统计员,平顶山市,舞钢-城区,4000.0,5000.0,岗位：生产统计员；标签：包吃 / 包住；薪资：4000-5000元/月,未注明,,58同城,2026-09-24 20:49:52,410481,舞钢市,平顶山市,2024-2026,58_舞钢市_2024_2026.csv
538,判若鸿沟DE曲老板,班车司机,平顶山市,舞钢,5500.0,6000.0,岗位：班车司机；标签：包住 / 五险一金 / 年底双薪 / 周末双休；薪资：5500-6000元/月,未注明,,58同城,2026-09-24 20:49:52,410481,舞钢市,平顶山市,2024-2026,58_舞钢市_2024_2026.csv
539,何先生,卫生院招聘医生,平顶山市,舞钢-城区,6000.0,10000.0,岗位：卫生院招聘医生；标签：五险一金 / 包住；薪资：6000-10000元/月,未注明,,58同城,2026-09-24 20:49:52,410481,舞钢市,平顶山市,2024-2026,58_舞钢市_2024_2026.csv
540,董首一,舞钢牙博士招聘客服主管,平顶山市,舞钢,5000.0,8000.0,岗位：舞钢牙博士招聘客服主管；标签：包吃 / 五险一金；薪资：5000-8000元/月,未注明,,58同城,2026-09-24 20:49:52,410481,舞钢市,平顶山市,2024-2026,58_舞钢市_2024_2026.csv
541,哼着歌走过的街,招舞钢农资物料配送C1司机不装卸,平顶山市,平顶山-舞钢,6000.0,8000.0,岗位：招舞钢农资物料配送C1司机不装卸；标签：包住；薪资：6000-8000元/月,未注明,,58同城,2026-09-24 20:49:52,410481,舞钢市,平顶山市,2024-2026,58_舞钢市_2024_2026.csv
542,用户53226,雍福汇养生保健店/足疗采耳师/包住包吃,平顶山市,舞钢-城区,6000.0,10000.0,岗位：雍福汇养生保健店/足疗采耳师/包住包吃；标签：包住 / 包吃；薪资：6000-10000元/月,未注明,,58同城,2026-09-24 20:49:52,410481,舞钢市,平顶山市,2024-2026,58_舞钢市_2024_2026.csv
543,马女士,国企车险内勤/办公室行政班/入职交五险,平顶山市,舞钢-城区,5000.0,8000.0,岗位：国企车险内勤/办公室行政班/入职交五险；标签：五险一金；薪资：5000-8000元/月,未注明,,58同城,2026-09-24 20:49:52,410481,舞钢市,平顶山市,2024-2026,58_舞钢市_2024_2026.csv
544,刘女士,办公室内勤/入职可享带薪假期/五险一金,平顶山市,平顶山-舞钢,5000.0,8000.0,岗位：办公室内勤/入职可享带薪假期/五险一金；标签：五险 / 五险一金 / 年底双薪；薪资：5000-8000元/月,未注明,,58同城,2026-09-24 20:49:52,410481,舞钢市,平顶山市,2024-2026,58_舞钢市_2024_2026.csv
545,郎老板要落泪,蛋糕/裱花师,平顶山市,舞钢-城区,3000.0,4000.0,岗位：蛋糕/裱花师；标签：经验不限 / 学历不限；薪资：3000-4000元/月,学历不限,,58同城,2026-09-24 20:49:52,410481,舞钢市,平顶山市,2024-2026,58_舞钢市_2024_2026.csv
546,张先生,1万招健身教练不会可培训,平顶山市,平顶山-舞钢,6500.0,13000.0,岗位：1万招健身教练不会可培训；标签：包住 / 五险 / 包吃；薪资：6500-13000元/月,未注明,,58同城,2026-09-24 20:49:52,410481,舞钢市,平顶山市,2024-2026,58_舞钢市_2024_2026.csv
547,董首一,牙博士口腔招聘有证财务会计,平顶山市,舞钢,4000.0,5000.0,岗位：牙博士口腔招聘有证财务会计；标签：五险一金；薪资：4000-5000元/月,未注明,,58同城,2026-09-24 20:49:52,410481,舞钢市,平顶山市,2024-2026,58_舞钢市_2024_2026.csv
548,用户16633,门窗厂学徒工2000起,平顶山市,其他-舞钢其他,2000.0,2500.0,岗位：门窗厂学徒工2000起；标签：经验不限 / 学历不限；薪资：2000-2500元/月,学历不限,,58同城,2026-09-24 20:49:52,410481,舞钢市,平顶山市,2024-2026,58_舞钢市_2024_2026.csv
549,5e97lqqi5,服装网络销售早6晚2,平顶山市,舞钢-城区,3000.0,7000.0,岗位：服装网络销售早6晚2；标签：经验不限 / 学历高中；薪资：3000-7000元/月,高中,,58同城,2026-09-24 20:49:52,410481,舞钢市,平顶山市,2024-2026,58_舞钢市_2024_2026.csv
550,SaMmI,新型建材公司普工/操作工包吃五险包住,平顶山市,其他-舞钢其他,3900.0,4000.0,岗位：新型建材公司普工/操作工包吃五险包住；标签：五险 / 包住 / 包吃；薪资：3900-4000元/月,未注明,,58同城,2026-09-24 20:49:52,410481,舞钢市,平顶山市,2024-2026,58_舞钢市_2024_2026.csv
551,招聘专员,汽修连锁店汽车维修3k起,平顶山市,舞钢-其他,3000.0,6000.0,岗位：汽修连锁店汽车维修3k起；标签：五险 / 包吃 / 年底双薪 / 加班补助；薪资：3000-6000元/月,未注明,,58同城,2026-09-24 20:49:52,410481,舞钢市,平顶山市,2024-2026,58_舞钢市_2024_2026.csv
552,高经理,机械厂普工/操作工,平顶山市,舞钢-其他,3500.0,5000.0,岗位：机械厂普工/操作工；标签：包吃；薪资：3500-5000元/月,未注明,,58同城,2026-09-24 20:49:52,410481,舞钢市,平顶山市,2024-2026,58_舞钢市_2024_2026.csv
553,杨先生,舞钢养殖场招聘养殖工人,平顶山市,其他-舞钢其他,4500.0,7000.0,岗位：舞钢养殖场招聘养殖工人；标签：包吃 / 包住 / 交通补助；薪资：4500-7000元/月,未注明,,58同城,2026-09-24 20:49:52,410481,舞钢市,平顶山市,2024-2026,58_舞钢市_2024_2026.csv
554,杨帆,酒店管理,平顶山市,舞钢-城区,,,岗位：酒店管理；标签：经验3-5年 / 学历大专；薪资：面议,大专,,58同城,2026-09-24 20:49:52,410481,舞钢市,平顶山市,2024-2026,58_舞钢市_2024_2026.csv
555,58用户,眼镜店店员/营业员2500起,平顶山市,舞钢-城区,2500.0,4500.0,岗位：眼镜店店员/营业员2500起；标签：招1人 / 经验不限 / 学历高中；薪资：2500-4500元/月,高中,1.0,58同城,2026-09-24 20:49:52,410481,舞钢市,平顶山市,2024-2026,58_舞钢市_2024_2026.csv
556,为而不争,护士,平顶山市,舞钢-城区,,,岗位：护士；标签：招1人 / 经验不限 / 学历不限；薪资：面议,学历不限,1.0,58同城,2026-09-24 20:49:52,410481,舞钢市,平顶山市,2024-2026,58_舞钢市_2024_2026.csv
557,招聘专员,汽车美容店汽车美容2500起,平顶山市,舞钢-其他,2500.0,6000.0,岗位：汽车美容店汽车美容2500起；标签：包吃；薪资：2500-6000元/月,未注明,,58同城,2026-09-24 20:49:52,410481,舞钢市,平顶山市,2024-2026,58_舞钢市_2024_2026.csv
558,胡先生,舞钢新媒体运营/3千,平顶山市,舞钢-城区,2500.0,3500.0,岗位：舞钢新媒体运营/3千；标签：加班补助；薪资：2500-3500元/月,未注明,,58同城,2026-09-24 20:49:52,410481,舞钢市,平顶山市,2024-2026,58_舞钢市_2024_2026.csv
559,紫藤,舞钢市朱兰科恩洗衣店营业员1900起,平顶山市,舞钢-城区,2000.0,2100.0,岗位：舞钢市朱兰科恩洗衣店营业员1900起；标签：招1人 / 经验不限 / 学历不限；薪资：2000-2100元/月,学历不限,1.0,58同城,2026-09-24 20:49:52,410481,舞钢市,平顶山市,2024-2026,58_舞钢市_2024_2026.csv
560,用户36311,教师,平顶山市,舞钢-城区,2500.0,3000.0,岗位：教师；标签：经验不限 / 学历本科；薪资：2500-3000元/月,本科,,58同城,2026-09-24 20:49:52,410481,舞钢市,平顶山市,2024-2026,58_舞钢市_2024_2026.csv
561,爱弹钢琴的雅雅,舞钢市润味火锅餐饮店服务员/2500起,平顶山市,舞钢-城区,2500.0,3000.0,岗位：舞钢市润味火锅餐饮店服务员/2500起；标签：招6人 / 经验不限 / 学历不限；薪资：2500-3000元/月,学历不限,6.0,58同城,2026-09-24 20:49:52,410481,舞钢市,平顶山市,2024-2026,58_舞钢市_2024_2026.csv
562,雅美口腔,口腔门诊/口腔医生学历经验不限,平顶山市,舞钢,3000.0,5000.0,岗位：口腔门诊/口腔医生学历经验不限；标签：经验不限 / 学历不限；薪资：3000-5000元/月,学历不限,,58同城,2026-09-24 20:49:52,410481,舞钢市,平顶山市,2024-2026,58_舞钢市_2024_2026.csv
563,杨先生,招聘种鸽养殖厂工人,平顶山市,其他-舞钢其他,4500.0,7000.0,岗位：招聘种鸽养殖厂工人；标签：包吃 / 包住 / 交通补助；薪资：4500-7000元/月,未注明,,58同城,2026-09-24 20:49:52,410481,舞钢市,平顶山市,2024-2026,58_舞钢市_2024_2026.csv
564,爱抱毛绒熊的软,优修客装饰工程有限公司/氩弧焊工包住,平顶山市,汝州市-其他,3000.0,4500.0,岗位：优修客装饰工程有限公司/氩弧焊工包住；标签：包住；薪资：3000-4500元/月,未注明,,58同城,2026-09-24 20:52:07,410482,汝州市,平顶山市,2024-2026,58_汝州市_2024_2026.csv
565,爱吹泡泡的阿漾,宠物医院兽医工作时间灵活,平顶山市,汝州市-其他,3000.0,4500.0,岗位：宠物医院兽医工作时间灵活；标签：周末双休；薪资：3000-4500元/月,未注明,,58同城,2026-09-24 20:52:07,410482,汝州市,平顶山市,2024-2026,58_汝州市_2024_2026.csv
566,饼干香香,外贸销售/销售包住饭补五... 小程序,平顶山市,汝州市-其他,2000.0,10000.0,岗位：外贸销售/销售包住饭补五... 小程序；标签：五险 / 包住 / 饭补；薪资：2000-10000元/月,未注明,,58同城,2026-09-24 20:52:07,410482,汝州市,平顶山市,2024-2026,58_汝州市_2024_2026.csv
567,爱吹泡泡的阿漾,宠物诊所兽医/执业兽医师工作时间灵活,平顶山市,汝州市-其他,2000.0,3000.0,岗位：宠物诊所兽医/执业兽医师工作时间灵活；标签：周末双休；薪资：2000-3000元/月,未注明,,58同城,2026-09-24 20:52:07,410482,汝州市,平顶山市,2024-2026,58_汝州市_2024_2026.csv
568,qzqu59,安装工/安装师傅包吃包住农村天然气架空管,平顶山市,汝州市-其他,3000.0,9000.0,岗位：安装工/安装师傅包吃包住农村天然气架空管；标签：包住 / 包吃；薪资：3000-9000元/月,未注明,,58同城,2026-09-24 20:52:07,410482,汝州市,平顶山市,2024-2026,58_汝州市_2024_2026.csv
569,勿蹉跎,养殖场饲养员包住包吃,平顶山市,其他-其它乡镇,3500.0,3800.0,岗位：养殖场饲养员包住包吃；标签：包住 / 包吃；薪资：3500-3800元/月,未注明,,58同城,2026-09-24 20:52:07,410482,汝州市,平顶山市,2024-2026,58_汝州市_2024_2026.csv
570,汝州市辰烨通讯店,庙下镇手机店手机销售,平顶山市,其他-其它乡镇,2000.0,4500.0,岗位：庙下镇手机店手机销售；标签：经验1-2年 / 学历不限；薪资：2000-4500元/月,学历不限,,58同城,2026-09-24 20:52:07,410482,汝州市,平顶山市,2024-2026,58_汝州市_2024_2026.csv
571,爱晒被子的暖洋洋,餐饮收银,平顶山市,汝州,3000.0,3500.0,岗位：餐饮收银；标签：经验不限 / 学历不限；薪资：3000-3500元/月,学历不限,,58同城,2026-09-24 20:52:07,410482,汝州市,平顶山市,2024-2026,58_汝州市_2024_2026.csv
572,马先生,物流普工日结270每天/0费用入职包吃住,平顶山市,汝州,4500.0,8500.0,岗位：物流普工日结270每天/0费用入职包吃住；标签：五险一金 / 五险 / 包住 / 包吃；薪资：4500-8500元/月,未注明,,58同城,2026-09-24 20:52:07,410482,汝州市,平顶山市,2024-2026,58_汝州市_2024_2026.csv
573,勿蹉跎,农牧养殖/养殖包住包吃,平顶山市,其他-其它乡镇,3500.0,4000.0,岗位：农牧养殖/养殖包住包吃；标签：包住 / 包吃；薪资：3500-4000元/月,未注明,,58同城,2026-09-24 20:52:07,410482,汝州市,平顶山市,2024-2026,58_汝州市_2024_2026.csv
574,爱穿花裙的孙小妹,汝州急招百货送货司机不装不卸公司提供车辆,平顶山市,平顶山-汝州市,6000.0,8000.0,岗位：汝州急招百货送货司机不装不卸公司提供车辆；标签：包住 / 饭补；薪资：6000-8000元/月,未注明,,58同城,2026-09-24 20:52:07,410482,汝州市,平顶山市,2024-2026,58_汝州市_2024_2026.csv
575,姜女士,急招保安待遇优厚月休可调包吃住稳定上岗,平顶山市,汝州,4500.0,5000.0,岗位：急招保安待遇优厚月休可调包吃住稳定上岗；标签：五险一金 / 包吃 / 包住 / 年底双薪；薪资：4500-5000元/月,未注明,,58同城,2026-09-24 20:52:07,410482,汝州市,平顶山市,2024-2026,58_汝州市_2024_2026.csv
576,李先生,物业保安可预支包吃住,平顶山市,汝州,4500.0,5000.0,岗位：物业保安可预支包吃住；标签：五险一金 / 包吃 / 包住 / 年底双薪；薪资：4500-5000元/月,未注明,,58同城,2026-09-24 20:52:07,410482,汝州市,平顶山市,2024-2026,58_汝州市_2024_2026.csv
577,暖暖抱抱的圆圆,运营专员/助理加班补助,平顶山市,汝州市-其他,3000.0,4500.0,岗位：运营专员/助理加班补助；标签：包住 / 年底双薪 / 加班补助；薪资：3000-4500元/月,未注明,,58同城,2026-09-24 20:52:07,410482,汝州市,平顶山市,2024-2026,58_汝州市_2024_2026.csv
578,晟坤重卡充电站,停车管理员,平顶山市,汝州,2800.0,3000.0,岗位：停车管理员；标签：招1人 / 经验不限 / 学历高中；薪资：2800-3000元/月,高中,1.0,58同城,2026-09-24 20:52:07,410482,汝州市,平顶山市,2024-2026,58_汝州市_2024_2026.csv
579,王先生,急招保安待遇优厚包吃住工作轻松稳定环境好,平顶山市,汝州,4500.0,5000.0,岗位：急招保安待遇优厚包吃住工作轻松稳定环境好；标签：五险一金 / 包吃 / 包住 / 年底双薪；薪资：4500-5000元/月,未注明,,58同城,2026-09-24 20:52:07,410482,汝州市,平顶山市,2024-2026,58_汝州市_2024_2026.csv
580,赵女士,美容师饭补免费工服加班补助,平顶山市,其他-其它乡镇,3000.0,7500.0,岗位：美容师饭补免费工服加班补助；标签：饭补 / 加班补助；薪资：3000-7500元/月,未注明,,58同城,2026-09-24 20:52:07,410482,汝州市,平顶山市,2024-2026,58_汝州市_2024_2026.csv
581,安静看书的苏,机械厂普工/操作工5千起,平顶山市,汝州市-其他,5000.0,6500.0,岗位：机械厂普工/操作工5千起；标签：经验不限 / 学历不限；薪资：5000-6500元/月,学历不限,,58同城,2026-09-24 20:52:07,410482,汝州市,平顶山市,2024-2026,58_汝州市_2024_2026.csv
582,王先生,洗车工-管吃-工作简单易上手,平顶山市,汝州-煤山,3000.0,5000.0,岗位：洗车工-管吃-工作简单易上手；标签：招5人 / 经验不限 / 学历不限；薪资：3000-5000元/月,学历不限,5.0,58同城,2026-09-24 20:52:07,410482,汝州市,平顶山市,2024-2026,58_汝州市_2024_2026.csv
583,刘振,电话客服,平顶山市,汝州市-其他,5000.0,10000.0,岗位：电话客服；标签：话补；薪资：5000-10000元/月,未注明,,58同城,2026-09-24 20:52:07,410482,汝州市,平顶山市,2024-2026,58_汝州市_2024_2026.csv
584,闪丹,汝州市闪单商贸店/网络/在线客服2.5k,平顶山市,汝州市-其他,2500.0,4500.0,岗位：汝州市闪单商贸店/网络/在线客服2.5k；标签：加班补助；薪资：2500-4500元/月,未注明,,58同城,2026-09-24 20:52:07,410482,汝州市,平顶山市,2024-2026,58_汝州市_2024_2026.csv
585,喜欢遛狗的小朱,游戏代练/陪玩加班补助包吃包住,平顶山市,汝州市-其他,2000.0,5000.0,岗位：游戏代练/陪玩加班补助包吃包住；标签：包住 / 包吃 / 加班补助；薪资：2000-5000元/月,未注明,,58同城,2026-09-24 20:52:07,410482,汝州市,平顶山市,2024-2026,58_汝州市_2024_2026.csv
586,黄女士,无夜班药厂技工300一天日结贴标签包吃住,平顶山市,汝州,9000.0,11000.0,岗位：无夜班药厂技工300一天日结贴标签包吃住；标签：五险一金 / 五险 / 包住 / 包吃；薪资：9000-11000元/月,未注明,,58同城,2026-09-24 20:52:07,410482,汝州市,平顶山市,2024-2026,58_汝州市_2024_2026.csv
587,张经理,姥家大锅台招聘女服务员数名,平顶山市,其他-其它乡镇,2000.0,3000.0,岗位：姥家大锅台招聘女服务员数名；标签：包吃；薪资：2000-3000元/月,未注明,,58同城,2026-09-24 20:52:07,410482,汝州市,平顶山市,2024-2026,58_汝州市_2024_2026.csv
588,汝州和印招聘,平面设计-大平台-高待遇,平顶山市,汝州,3000.0,6000.0,岗位：平面设计-大平台-高待遇；标签：招5人 / 经验不限 / 学历不限；薪资：3000-6000元/月,学历不限,5.0,58同城,2026-09-24 20:52:07,410482,汝州市,平顶山市,2024-2026,58_汝州市_2024_2026.csv
589,李女士,急招健身教练新手-包教会,平顶山市,平顶山-汝州市,6000.0,12000.0,岗位：急招健身教练新手-包教会；标签：五险一金 / 包住 / 包吃；薪资：6000-12000元/月,未注明,,58同城,2026-09-24 20:52:07,410482,汝州市,平顶山市,2024-2026,58_汝州市_2024_2026.csv
590,爱看星星的阿美,电商运营专员/助理2.5k起,平顶山市,煤山-煤山城区,2000.0,3000.0,岗位：电商运营专员/助理2.5k起；标签：经验不限 / 学历不限；薪资：2000-3000元/月,学历不限,,58同城,2026-09-24 20:52:07,410482,汝州市,平顶山市,2024-2026,58_汝州市_2024_2026.csv
591,李老师,汝州市丽宝寄宿学校/幼儿园教师/加班补助,平顶山市,平顶山-汝州市,3000.0,5000.0,岗位：汝州市丽宝寄宿学校/幼儿园教师/加班补助；标签：包住 / 包吃 / 加班补助 / 饭补；薪资：3000-5000元/月,未注明,,58同城,2026-09-24 20:52:07,410482,汝州市,平顶山市,2024-2026,58_汝州市_2024_2026.csv
592,刘振,带薪培训不限经验电话客服,平顶山市,汝州-其他,4000.0,8000.0,岗位：带薪培训不限经验电话客服；标签：交通补助 / 加班补助 / 话补；薪资：4000-8000元/月,未注明,,58同城,2026-09-24 20:52:07,410482,汝州市,平顶山市,2024-2026,58_汝州市_2024_2026.csv
593,刘振,诚聘销售精英挑战,平顶山市,汝州-其他,3500.0,5500.0,岗位：诚聘销售精英挑战；标签：交通补助 / 加班补助 / 话补；薪资：3500-5500元/月,未注明,,58同城,2026-09-24 20:52:07,410482,汝州市,平顶山市,2024-2026,58_汝州市_2024_2026.csv
594,淡然,汝州制梁场/材料员包住包吃,平顶山市,汝州市-其他,4500.0,5000.0,岗位：汝州制梁场/材料员包住包吃；标签：包住 / 包吃；薪资：4500-5000元/月,未注明,,58同城,2026-09-24 20:52:12,410482,汝州市,平顶山市,2024-2026,58_汝州市_2024_2026.csv
595,邵先生,零售连锁店储备店长3k起,平顶山市,其他-其它乡镇,3000.0,6000.0,岗位：零售连锁店储备店长3k起；标签：经验3-5年 / 学历大专；薪资：3000-6000元/月,大专,,58同城,2026-09-24 20:52:12,410482,汝州市,平顶山市,2024-2026,58_汝州市_2024_2026.csv
596,樊经理,住宅/建筑设计师3k起 小程序,平顶山市,汝州市-其他,3000.0,10000.0,岗位：住宅/建筑设计师3k起 小程序；标签：经验1-2年 / 学历不限；薪资：3000-10000元/月,学历不限,,58同城,2026-09-24 20:52:12,410482,汝州市,平顶山市,2024-2026,58_汝州市_2024_2026.csv
597,王女士,天毅广告装饰行/平面设计/4千起,平顶山市,其他-其它乡镇,4000.0,6000.0,岗位：天毅广告装饰行/平面设计/4千起；标签：经验不限 / 学历不限；薪资：4000-6000元/月,学历不限,,58同城,2026-09-24 20:52:12,410482,汝州市,平顶山市,2024-2026,58_汝州市_2024_2026.csv
598,上善若水,通信设备维护公司/通信技术工程师/3千起,平顶山市,汝州市-其他,3000.0,5000.0,岗位：通信设备维护公司/通信技术工程师/3千起；标签：招1人 / 经验不限 / 学历不限；薪资：3000-5000元/月,学历不限,1.0,58同城,2026-09-24 20:52:12,410482,汝州市,平顶山市,2024-2026,58_汝州市_2024_2026.csv
599,吕总,河南花旗装饰有限公司装修/装潢设计年底双,平顶山市,汝州市-其他,3000.0,4500.0,岗位：河南花旗装饰有限公司装修/装潢设计年底双；标签：包吃 / 年底双薪 / 加班补助；薪资：3000-4500元/月,未注明,,58同城,2026-09-24 20:52:12,410482,汝州市,平顶山市,2024-2026,58_汝州市_2024_2026.csv
600,森弟弟,汽车美容店美容洗车2000起,平顶山市,汝州市-其他,2000.0,4000.0,岗位：汽车美容店美容洗车2000起；标签：经验不限 / 学历不限；薪资：2000-4000元/月,学历不限,,58同城,2026-09-24 20:52:12,410482,汝州市,平顶山市,2024-2026,58_汝州市_2024_2026.csv
601,李女士,长白班药厂技工300一天日结贴标签坐班,平顶山市,汝州,9000.0,11000.0,岗位：长白班药厂技工300一天日结贴标签坐班；标签：五险一金 / 五险 / 包住 / 包吃；薪资：9000-11000元/月,未注明,,58同城,2026-09-24 20:52:12,410482,汝州市,平顶山市,2024-2026,58_汝州市_2024_2026.csv
602,A美家装饰向超,装饰材料经营部/市场营销专员/2500起,平顶山市,其他-其它乡镇,2500.0,4500.0,岗位：装饰材料经营部/市场营销专员/2500起；标签：招1人 / 经验不限 / 学历不限；薪资：2500-4500元/月,学历不限,1.0,58同城,2026-09-24 20:52:12,410482,汝州市,平顶山市,2024-2026,58_汝州市_2024_2026.csv
603,刘先生,美容美体馆/美容师包住,平顶山市,汝州市-其他,4000.0,7000.0,岗位：美容美体馆/美容师包住；标签：包住；薪资：4000-7000元/月,未注明,,58同城,2026-09-24 20:52:12,410482,汝州市,平顶山市,2024-2026,58_汝州市_2024_2026.csv
604,史先生,名流造型会所美发助理/学徒3千起,平顶山市,其他-其它乡镇,3000.0,5000.0,岗位：名流造型会所美发助理/学徒3千起；标签：包吃；薪资：3000-5000元/月,未注明,,58同城,2026-09-24 20:52:12,410482,汝州市,平顶山市,2024-2026,58_汝州市_2024_2026.csv
605,余芃苇,急聘店面销售,平顶山市,其他-其它乡镇,3000.0,6000.0,岗位：急聘店面销售；标签：加班补助；薪资：3000-6000元/月,未注明,,58同城,2026-09-24 20:52:12,410482,汝州市,平顶山市,2024-2026,58_汝州市_2024_2026.csv
606,余芃苇,汝州欣辉实业急招设计师,平顶山市,汝州-其他,5000.0,10000.0,岗位：汝州欣辉实业急招设计师；标签：交通补助 / 加班补助 / 话补；薪资：5000-10000元/月,未注明,,58同城,2026-09-24 20:52:12,410482,汝州市,平顶山市,2024-2026,58_汝州市_2024_2026.csv
607,余芃苇,汝州欣辉实业招家具设计师,平顶山市,汝州-其他,5000.0,10000.0,岗位：汝州欣辉实业招家具设计师；标签：招5人 / 经验不限 / 学历不限；薪资：5000-10000元/月,学历不限,5.0,58同城,2026-09-24 20:52:12,410482,汝州市,平顶山市,2024-2026,58_汝州市_2024_2026.csv
608,刘女士,月子服务中心美体师3千起,平顶山市,其他-其它乡镇,3000.0,6000.0,岗位：月子服务中心美体师3千起；标签：招5人 / 经验不限 / 学历不限；薪资：3000-6000元/月,学历不限,5.0,58同城,2026-09-24 20:52:12,410482,汝州市,平顶山市,2024-2026,58_汝州市_2024_2026.csv
609,樊经理,豪宅/室内设计师4k起,平顶山市,汝州市-其他,4000.0,10000.0,岗位：豪宅/室内设计师4k起；标签：经验3-5年 / 学历不限；薪资：4000-10000元/月,学历不限,,58同城,2026-09-24 20:52:12,410482,汝州市,平顶山市,2024-2026,58_汝州市_2024_2026.csv
610,王先生,无夜班药厂技工日结300一天管吃住贴标签,平顶山市,汝州,9000.0,11000.0,岗位：无夜班药厂技工日结300一天管吃住贴标签；标签：五险一金 / 包住 / 包吃 / 年底双薪；薪资：9000-11000元/月,未注明,,58同城,2026-09-24 20:52:12,410482,汝州市,平顶山市,2024-2026,58_汝州市_2024_2026.csv
611,李女士,美术老师-待遇好-环境好,平顶山市,其他-其它乡镇,3000.0,5000.0,岗位：美术老师-待遇好-环境好；标签：招5人 / 经验不限 / 学历不限；薪资：3000-5000元/月,学历不限,5.0,58同城,2026-09-24 20:52:12,410482,汝州市,平顶山市,2024-2026,58_汝州市_2024_2026.csv
612,汝州市辰烨通讯店,手机店营业员/店员/2500起25岁以上,平顶山市,其他-其它乡镇,2500.0,4500.0,岗位：手机店营业员/店员/2500起25岁以上；标签：经验1-2年 / 学历不限；薪资：2500-4500元/月,学历不限,,58同城,2026-09-24 20:52:12,410482,汝州市,平顶山市,2024-2026,58_汝州市_2024_2026.csv
613,梁先生,润滑油销售经理-能开车-挣得多,平顶山市,汝州,8000.0,12000.0,岗位：润滑油销售经理-能开车-挣得多；标签：招5人 / 经验不限 / 学历不限；薪资：8000-12000元/月,学历不限,5.0,58同城,2026-09-24 20:52:12,410482,汝州市,平顶山市,2024-2026,58_汝州市_2024_2026.csv
614,徐经理,服务员,平顶山市,汝州,2500.0,3500.0,岗位：服务员；标签：包吃；薪资：2500-3500元/月,未注明,,58同城,2026-09-24 20:52:12,410482,汝州市,平顶山市,2024-2026,58_汝州市_2024_2026.csv
615,乐购超市,超市果蔬区理货员缴纳养老金补贴,平顶山市,其他-其它乡镇,3000.0,3500.0,岗位：超市果蔬区理货员缴纳养老金补贴；标签：招2人 / 经验不限 / 学历不限；薪资：3000-3500元/月,学历不限,2.0,58同城,2026-09-24 20:52:12,410482,汝州市,平顶山市,2024-2026,58_汝州市_2024_2026.csv
616,常常迷路的路,药厂（铁饭碗）招技工日结300一天贴标签,平顶山市,汝州,9000.0,9500.0,岗位：药厂（铁饭碗）招技工日结300一天贴标签；标签：五险一金 / 包住 / 包吃；薪资：9000-9500元/月,未注明,,58同城,2026-09-24 20:52:12,410482,汝州市,平顶山市,2024-2026,58_汝州市_2024_2026.csv
617,徐经理,勤杂工2500起,平顶山市,临汝-临汝城区,2500.0,3500.0,岗位：勤杂工2500起；标签：经验不限 / 学历不限；薪资：2500-3500元/月,学历不限,,58同城,2026-09-24 20:52:12,410482,汝州市,平顶山市,2024-2026,58_汝州市_2024_2026.csv
618,汝州移动客服中心,移动10086纯接听客服（月休8-9天）,平顶山市,煤山-煤山城区,4000.0,8000.0,岗位：移动10086纯接听客服（月休8-9天）；标签：五险一金；薪资：4000-8000元/月,未注明,,58同城,2026-09-24 20:52:12,410482,汝州市,平顶山市,2024-2026,58_汝州市_2024_2026.csv
619,汝州移动客服中心,汝州客服中心招聘客服（上2休1）,平顶山市,煤山-煤山城区,3500.0,6500.0,岗位：汝州客服中心招聘客服（上2休1）；标签：五险一金；薪资：3500-6500元/月,未注明,,58同城,2026-09-24 20:52:12,410482,汝州市,平顶山市,2024-2026,58_汝州市_2024_2026.csv
620,汝州移动客服中心,10086纯接听客服（月休8-9天）,平顶山市,煤山-煤山城区,3500.0,6500.0,岗位：10086纯接听客服（月休8-9天）；标签：五险；薪资：3500-6500元/月,未注明,,58同城,2026-09-24 20:52:12,410482,汝州市,平顶山市,2024-2026,58_汝州市_2024_2026.csv
621,汝州移动客服中心,不加班客服（月休8-9天）,平顶山市,煤山-煤山城区,3500.0,6500.0,岗位：不加班客服（月休8-9天）；标签：五险一金；薪资：3500-6500元/月,未注明,,58同城,2026-09-24 20:52:12,410482,汝州市,平顶山市,2024-2026,58_汝州市_2024_2026.csv
622,汝州移动客服中心,移动坐席代表（上2休1）不销售,平顶山市,煤山-煤山城区,3500.0,6500.0,岗位：移动坐席代表（上2休1）不销售；标签：五险一金；薪资：3500-6500元/月,未注明,,58同城,2026-09-24 20:52:12,410482,汝州市,平顶山市,2024-2026,58_汝州市_2024_2026.csv
623,汝州移动客服中心,无销售客服（月休8-9天）社保,平顶山市,煤山-煤山城区,4000.0,8000.0,岗位：无销售客服（月休8-9天）社保；标签：五险；薪资：4000-8000元/月,未注明,,58同城,2026-09-24 20:52:12,410482,汝州市,平顶山市,2024-2026,58_汝州市_2024_2026.csv
624,总爱数蚂蚁的蚂蚁,买手,平顶山市,汝州,3000.0,4500.0,岗位：买手；标签：招5人 / 经验不限 / 学历不限；薪资：3000-4500元/月,学历不限,5.0,58同城,2026-09-24 20:52:16,410482,汝州市,平顶山市,2024-2026,58_汝州市_2024_2026.csv
625,汝州市鸿浩智能科技有限公司,内容审核标注,平顶山市,汝州,3000.0,6000.0,岗位：内容审核标注；标签：招5人 / 经验不限 / 学历不限；薪资：3000-6000元/月,学历不限,5.0,58同城,2026-09-24 20:52:16,410482,汝州市,平顶山市,2024-2026,58_汝州市_2024_2026.csv
626,李素团,金融分析师-管培训易上手... 小程序,平顶山市,汝州,2000.0,3500.0,岗位：金融分析师-管培训易上手... 小程序；标签：周末双休；薪资：2000-3500元/月,未注明,,58同城,2026-09-24 20:52:16,410482,汝州市,平顶山市,2024-2026,58_汝州市_2024_2026.csv
627,汝州市雅迪电动车,网络数据运营3000起,平顶山市,汝州,3000.0,6000.0,岗位：网络数据运营3000起；标签：招5人 / 经验不限 / 学历不限；薪资：3000-6000元/月,学历不限,5.0,58同城,2026-09-24 20:52:16,410482,汝州市,平顶山市,2024-2026,58_汝州市_2024_2026.csv
628,旺家旺超市,甜点/面包师-裱花师,平顶山市,汝州,4000.0,5500.0,岗位：甜点/面包师-裱花师；标签：招1人 / 经验不限 / 学历不限；薪资：4000-5500元/月,学历不限,1.0,58同城,2026-09-24 20:52:16,410482,汝州市,平顶山市,2024-2026,58_汝州市_2024_2026.csv
629,总爱数蚂蚁的蚂蚁,名品代购/买手2500起,平顶山市,汝州,2500.0,4500.0,岗位：名品代购/买手2500起；标签：招1人 / 经验不限 / 学历不限；薪资：2500-4500元/月,学历不限,1.0,58同城,2026-09-24 20:52:16,410482,汝州市,平顶山市,2024-2026,58_汝州市_2024_2026.csv
630,用户56291,架子鼓老师工作时间灵活,平顶山市,汝州市-煤山,2000.0,3500.0,岗位：架子鼓老师工作时间灵活；标签：经验不限 / 学历不限；薪资：2000-3500元/月,学历不限,,58同城,2026-09-24 20:52:16,410482,汝州市,平顶山市,2024-2026,58_汝州市_2024_2026.csv
631,侯女士,汽车定损/理赔,平顶山市,汝州,3000.0,5500.0,岗位：汽车定损/理赔；标签：经验不限 / 学历不限；薪资：3000-5500元/月,学历不限,,58同城,2026-09-24 20:52:16,410482,汝州市,平顶山市,2024-2026,58_汝州市_2024_2026.csv
632,汝州美团外卖,团购BD经理,平顶山市,汝州,4000.0,6000.0,岗位：团购BD经理；标签：招3人 / 经验不限 / 学历不限；薪资：4000-6000元/月,学历不限,3.0,58同城,2026-09-24 20:52:16,410482,汝州市,平顶山市,2024-2026,58_汝州市_2024_2026.csv
633,侯女士,区域总监,平顶山市,汝州,4000.0,4500.0,岗位：区域总监；标签：经验不限 / 学历不限；薪资：4000-4500元/月,学历不限,,58同城,2026-09-24 20:52:16,410482,汝州市,平顶山市,2024-2026,58_汝州市_2024_2026.csv
634,李素团,综合金融专员-时间自由-半天班,平顶山市,汝州,2000.0,4000.0,岗位：综合金融专员-时间自由-半天班；标签：年底双薪 / 周末双休 / 交通补助；薪资：2000-4000元/月,未注明,,58同城,2026-09-24 20:52:16,410482,汝州市,平顶山市,2024-2026,58_汝州市_2024_2026.csv
635,侯女士,金融销售,平顶山市,汝州,3000.0,5000.0,岗位：金融销售；标签：经验不限 / 学历不限；薪资：3000-5000元/月,学历不限,,58同城,2026-09-24 20:52:16,410482,汝州市,平顶山市,2024-2026,58_汝州市_2024_2026.csv
636,陈女士,法务助理3k起,平顶山市,汝州,3000.0,4000.0,岗位：法务助理3k起；标签：招1人 / 经验3-5年 / 学历大专；薪资：3000-4000元/月,大专,1.0,58同城,2026-09-24 20:52:16,410482,汝州市,平顶山市,2024-2026,58_汝州市_2024_2026.csv
637,黄先生,护士长,平顶山市,临汝-临汝城区,,,岗位：护士长；标签：招5人 / 经验不限 / 学历不限；薪资：面议,学历不限,5.0,58同城,2026-09-24 20:52:16,410482,汝州市,平顶山市,2024-2026,58_汝州市_2024_2026.csv
638,李先生,诚聘汝州货运不装卸纯开车... 小程序,平顶山市,平顶山,6000.0,8000.0,岗位：诚聘汝州货运不装卸纯开车... 小程序；标签：包住 / 五险 / 话补；薪资：6000-8000元/月,未注明,,58同城,2026-09-24 20:53:26,410482,汝州市,平顶山市,2024-2026,58_汝州市_2024_2026.csv
639,毛先生,顺丰快递员（平顶山汝州）,平顶山市,平顶山,4500.0,7000.0,岗位：顺丰快递员（平顶山汝州）；标签：招5人 / 经验不限 / 学历不限；薪资：4500-7000元/月,学历不限,5.0,58同城,2026-09-24 20:53:43,410482,汝州市,平顶山市,2024-2026,58_汝州市_2024_2026.csv
640,喜欢摸小猫的手,铆工,安阳市,安阳-安阳县,3000.0,7000.0,岗位：铆工；标签：招1人 / 经验1年以下 / 学历中专；薪资：3000-7000元/月,中专/中技,1.0,58同城,2026-09-24 20:54:04,410522,安阳县,安阳市,2024-2026,58_安阳县_2024_2026.csv
641,看蚂蚁的虫,急聘铁路安检地勤上一休一免费食宿五险一金,安阳市,安阳-安阳县,5000.0,6000.0,岗位：急聘铁路安检地勤上一休一免费食宿五险一金；标签：五险一金 / 五险 / 包住 / 包吃；薪资：5000-6000元/月,未注明,,58同城,2026-09-24 20:54:04,410522,安阳县,安阳市,2024-2026,58_安阳县_2024_2026.csv
642,高天,工厂物业维修工包住包吃 小程序,安阳市,安阳-安阳县,4500.0,8000.0,岗位：工厂物业维修工包住包吃 小程序；标签：包住 / 包吃；薪资：4500-8000元/月,未注明,,58同城,2026-09-24 20:54:04,410522,安阳县,安阳市,2024-2026,58_安阳县_2024_2026.csv
643,树梢捉迷藏,其他职位,安阳市,安阳-安阳县,3000.0,5000.0,岗位：其他职位；标签：经验不限 / 学历不限；薪资：3000-5000元/月,学历不限,,58同城,2026-09-24 20:54:04,410522,安阳县,安阳市,2024-2026,58_安阳县_2024_2026.csv
644,黄先生,安阳比亚迪直招普工操作工入职缴纳五险一金,安阳市,安阳-安阳县,5500.0,8000.0,岗位：安阳比亚迪直招普工操作工入职缴纳五险一金；标签：五险一金 / 包住；薪资：5500-8000元/月,未注明,,58同城,2026-09-24 20:54:04,410522,安阳县,安阳市,2024-2026,58_安阳县_2024_2026.csv
645,马女士,比亚迪急招普工/操作工,安阳市,安阳-安阳县,5500.0,7000.0,岗位：比亚迪急招普工/操作工；标签：五险一金 / 包住 / 包吃 / 饭补；薪资：5500-7000元/月,未注明,,58同城,2026-09-24 20:54:04,410522,安阳县,安阳市,2024-2026,58_安阳县_2024_2026.csv
646,冯女士,比亚迪安阳普工6K-8K,安阳市,安阳-安阳县,5000.0,7000.0,岗位：比亚迪安阳普工6K-8K；标签：五险一金 / 五险 / 包住 / 加班补助；薪资：5000-7000元/月,未注明,,58同城,2026-09-24 20:54:04,410522,安阳县,安阳市,2024-2026,58_安阳县_2024_2026.csv
647,张女士,比亚迪直招/安阳操作工/五险一金包住,安阳市,安阳-安阳县,5000.0,8000.0,岗位：比亚迪直招/安阳操作工/五险一金包住；标签：五险一金 / 包住 / 加班补助 / 饭补；薪资：5000-8000元/月,未注明,,58同城,2026-09-24 20:54:04,410522,安阳县,安阳市,2024-2026,58_安阳县_2024_2026.csv
648,岳女士,比亚迪普工（郑州港区比亚迪五险一金包住）,安阳市,安阳-安阳县,5000.0,7000.0,岗位：比亚迪普工（郑州港区比亚迪五险一金包住）；标签：五险一金 / 加班补助；薪资：5000-7000元/月,未注明,,58同城,2026-09-24 20:54:04,410522,安阳县,安阳市,2024-2026,58_安阳县_2024_2026.csv
649,翟先生,安阳比亚迪普工/操作工,安阳市,安阳-安阳县,5000.0,7000.0,岗位：安阳比亚迪普工/操作工；标签：五险一金 / 包住 / 饭补；薪资：5000-7000元/月,未注明,,58同城,2026-09-24 20:54:04,410522,安阳县,安阳市,2024-2026,58_安阳县_2024_2026.csv
650,王子,美发店长/商业医疗保险周末双休交通补助,安阳市,安阳-安阳县,5000.0,10000.0,岗位：美发店长/商业医疗保险周末双休交通补助；标签：交通补助 / 周末双休 / 加班补助；薪资：5000-10000元/月,未注明,,58同城,2026-09-24 20:54:04,410522,安阳县,安阳市,2024-2026,58_安阳县_2024_2026.csv
651,遛小狗的徐小哥,比亚迪工厂直招急招（技工）五险一金包住宿,安阳市,安阳-安阳县,6000.0,9000.0,岗位：比亚迪工厂直招急招（技工）五险一金包住宿；标签：五险一金；薪资：6000-9000元/月,未注明,,58同城,2026-09-24 20:54:04,410522,安阳县,安阳市,2024-2026,58_安阳县_2024_2026.csv
652,徐女士,急需6000高端家庭收纳师，可工资日结,安阳市,安阳县-城区,6000.0,8000.0,岗位：急需6000高端家庭收纳师，可工资日结；标签：招50人 / 经验不限 / 学历不限；薪资：6000-8000元/月,学历不限,50.0,58同城,2026-09-24 20:54:04,410522,安阳县,安阳市,2024-2026,58_安阳县_2024_2026.csv
653,张先生,安阳比亚迪-操作工-五险一金-包住宿,安阳市,安阳-安阳县,5000.0,7000.0,岗位：安阳比亚迪-操作工-五险一金-包住宿；标签：五险一金；薪资：5000-7000元/月,未注明,,58同城,2026-09-24 20:54:04,410522,安阳县,安阳市,2024-2026,58_安阳县_2024_2026.csv
654,陈先生,安阳比亚迪直招、普工/操作工五险一金包住,安阳市,安阳县-城区,6000.0,7000.0,岗位：安阳比亚迪直招、普工/操作工五险一金包住；标签：五险一金；薪资：6000-7000元/月,未注明,,58同城,2026-09-24 20:54:04,410522,安阳县,安阳市,2024-2026,58_安阳县_2024_2026.csv
655,李先生,新媒体运营,安阳市,安阳-安阳县,5000.0,10000.0,岗位：新媒体运营；标签：五险；薪资：5000-10000元/月,未注明,,58同城,2026-09-24 20:54:04,410522,安阳县,安阳市,2024-2026,58_安阳县_2024_2026.csv
656,闫经理,物业管理客服专员/助理五险,安阳市,安阳-安阳县,3500.0,5000.0,岗位：物业管理客服专员/助理五险；标签：五险；薪资：3500-5000元/月,未注明,,58同城,2026-09-24 20:54:04,410522,安阳县,安阳市,2024-2026,58_安阳县_2024_2026.csv
657,李女士,5k急招做饭家务阿姨时间灵活,安阳市,安阳-安阳县,5000.0,7000.0,岗位：5k急招做饭家务阿姨时间灵活；标签：周末双休 / 年底双薪 / 包住 / 包吃；薪资：5000-7000元/月,未注明,,58同城,2026-09-24 20:54:04,410522,安阳县,安阳市,2024-2026,58_安阳县_2024_2026.csv
658,李女士,5k急需做饭阿姨周末双休包住包吃,安阳市,安阳-安阳县,3000.0,6000.0,岗位：5k急需做饭阿姨周末双休包住包吃；标签：包住 / 包吃 / 周末双休；薪资：3000-6000元/月,未注明,,58同城,2026-09-24 20:54:04,410522,安阳县,安阳市,2024-2026,58_安阳县_2024_2026.csv
659,最爱小鱼的萌萌,居家审核员五险双休作息稳定,安阳市,安阳县-城区,5000.0,8000.0,岗位：居家审核员五险双休作息稳定；标签：五险一金 / 包吃 / 包住 / 周末双休；薪资：5000-8000元/月,未注明,,58同城,2026-09-24 20:54:04,410522,安阳县,安阳市,2024-2026,58_安阳县_2024_2026.csv
660,徐女士,招7500专业产后康复师，工作环境好.,安阳市,安阳县-城区,7500.0,9000.0,岗位：招7500专业产后康复师，工作环境好.；标签：招30人 / 经验不限 / 学历不限；薪资：7500-9000元/月,学历不限,30.0,58同城,2026-09-24 20:54:04,410522,安阳县,安阳市,2024-2026,58_安阳县_2024_2026.csv
661,李女士,8K医院产后康复师,安阳市,安阳-安阳县,8000.0,10000.0,岗位：8K医院产后康复师；标签：包住 / 包吃 / 周末双休 / 加班补助；薪资：8000-10000元/月,未注明,,58同城,2026-09-24 20:54:04,410522,安阳县,安阳市,2024-2026,58_安阳县_2024_2026.csv
662,闲人闲心,药店执业药师/驻店药师五险,安阳市,安阳-安阳县,3000.0,4500.0,岗位：药店执业药师/驻店药师五险；标签：五险；薪资：3000-4500元/月,未注明,,58同城,2026-09-24 20:54:04,410522,安阳县,安阳市,2024-2026,58_安阳县_2024_2026.csv
663,风清扬,手绘师,安阳市,安阳-安阳县,3000.0,5000.0,岗位：手绘师；标签：招10人 / 经验不限 / 学历不限；薪资：3000-5000元/月,学历不限,10.0,58同城,2026-09-24 20:54:04,410522,安阳县,安阳市,2024-2026,58_安阳县_2024_2026.csv
664,招聘主管,急招保安/交通补助包吃包住,安阳市,文峰-万达广场,4500.0,5000.0,岗位：急招保安/交通补助包吃包住；标签：五险一金 / 包住 / 包吃 / 交通补助；薪资：4500-5000元/月,未注明,,58同城,2026-09-24 20:54:08,410522,安阳县,安阳市,2024-2026,58_安阳县_2024_2026.csv
665,郁女士,轻松岗位保安5K可预支,安阳市,安阳,4000.0,5000.0,岗位：轻松岗位保安5K可预支；标签：招3人 / 经验不限 / 学历不限；薪资：4000-5000元/月,学历不限,3.0,58同城,2026-09-24 20:54:08,410522,安阳县,安阳市,2024-2026,58_安阳县_2024_2026.csv
666,小兔蹦蹦蹦,门岗保安无任何费用坐岗有... 小程序,安阳市,内黄-万洋国际广场,4000.0,5000.0,岗位：门岗保安无任何费用坐岗有... 小程序；标签：包住 / 包吃 / 加班补助 / 交通补助；薪资：4000-5000元/月,未注明,,58同城,2026-09-24 20:54:08,410522,安阳县,安阳市,2024-2026,58_安阳县_2024_2026.csv
667,捏橡皮泥的小星,居家客服早九晚五260一天,安阳市,其他-其它,5000.0,8000.0,岗位：居家客服早九晚五260一天；标签：五险一金 / 包吃 / 包住 / 周末双休；薪资：5000-8000元/月,未注明,,58同城,2026-09-24 20:54:08,410522,安阳县,安阳市,2024-2026,58_安阳县_2024_2026.csv
668,宋女士,巡逻保安包吃住五险,安阳市,安阳-文峰,4500.0,5000.0,岗位：巡逻保安包吃住五险；标签：五险 / 包住 / 包吃；薪资：4500-5000元/月,未注明,,58同城,2026-09-24 20:54:08,410522,安阳县,安阳市,2024-2026,58_安阳县_2024_2026.csv
669,程宁临,母婴导购,安阳市,文峰-万达广场,3000.0,6000.0,岗位：母婴导购；标签：年底双薪 / 加班补助；薪资：3000-6000元/月,未注明,,58同城,2026-09-24 20:54:08,410522,安阳县,安阳市,2024-2026,58_安阳县_2024_2026.csv
670,张女士,要30-45岁服务员包住（白班夜班可选）,安阳市,安阳-文峰,4000.0,6000.0,岗位：要30-45岁服务员包住（白班夜班可选）；标签：包住 / 包吃 / 年底双薪 / 加班补助；薪资：4000-6000元/月,未注明,,58同城,2026-09-24 20:54:08,410522,安阳县,安阳市,2024-2026,58_安阳县_2024_2026.csv
671,和和,生物科技公司店员,安阳市,龙安-钢城购物,2500.0,4500.0,岗位：生物科技公司店员；标签：招3人 / 经验1-2年 / 学历不限；薪资：2500-4500元/月,学历不限,3.0,58同城,2026-09-24 20:54:08,410522,安阳县,安阳市,2024-2026,58_安阳县_2024_2026.csv
672,彭先生,万达金街/招聘/美发助理/烫染师,安阳市,文峰-万达广场,2000.0,3000.0,岗位：万达金街/招聘/美发助理/烫染师；标签：经验不限 / 学历不限；薪资：2000-3000元/月,学历不限,,58同城,2026-09-24 20:54:08,410522,安阳县,安阳市,2024-2026,58_安阳县_2024_2026.csv
673,吴女士,阳基科技监控门市部/IT技术支持/,安阳市,北关-安阳站,2500.0,3000.0,岗位：阳基科技监控门市部/IT技术支持/；标签：招1人 / 经验1年以下 / 学历技校；薪资：2500-3000元/月,中专/中技,1.0,58同城,2026-09-24 20:54:08,410522,安阳县,安阳市,2024-2026,58_安阳县_2024_2026.csv
674,程宁临,七年母婴店营业员优薪诚聘欢迎电话咨询,安阳市,文峰-万达广场,3000.0,6000.0,岗位：七年母婴店营业员优薪诚聘欢迎电话咨询；标签：加班补助；薪资：3000-6000元/月,未注明,,58同城,2026-09-24 20:54:08,410522,安阳县,安阳市,2024-2026,58_安阳县_2024_2026.csv
675,赵丽,河南耀彩工艺品有限责任公司/抖音运营/3,安阳市,安阳-龙安,3000.0,5000.0,岗位：河南耀彩工艺品有限责任公司/抖音运营/3；标签：经验不限 / 学历不限；薪资：3000-5000元/月,学历不限,,58同城,2026-09-24 20:54:08,410522,安阳县,安阳市,2024-2026,58_安阳县_2024_2026.csv
676,畅行汽修,汽车修理工,安阳市,文峰-华强城,1500.0,3000.0,岗位：汽车修理工；标签：包住 / 包吃；薪资：1500-3000元/月,未注明,,58同城,2026-09-24 20:54:08,410522,安阳县,安阳市,2024-2026,58_安阳县_2024_2026.csv
677,高天,工厂物业维修工包住包吃,安阳市,安阳-安阳县,4500.0,8000.0,岗位：工厂物业维修工包住包吃；标签：包住 / 包吃；薪资：4500-8000元/月,未注明,,58同城,2026-09-24 20:54:08,410522,安阳县,安阳市,2024-2026,58_安阳县_2024_2026.csv
678,招聘专员,火锅店后厨切配,安阳市,文峰-万达广场,3200.0,4000.0,岗位：火锅店后厨切配；标签：包吃；薪资：3200-4000元/月,未注明,,58同城,2026-09-24 20:54:08,410522,安阳县,安阳市,2024-2026,58_安阳县_2024_2026.csv
679,安阳荷塘悦色,优秀采耳师,安阳市,安阳-文峰,6000.0,10000.0,岗位：优秀采耳师；标签：包吃 / 包住 / 交通补助 / 加班补助；薪资：6000-10000元/月,未注明,,58同城,2026-09-24 20:54:08,410522,安阳县,安阳市,2024-2026,58_安阳县_2024_2026.csv
680,慈蔼de刁师傅,餐饮收银打包,安阳市,龙安-安阳商贸城,2500.0,3500.0,岗位：餐饮收银打包；标签：包吃；薪资：2500-3500元/月,未注明,,58同城,2026-09-24 20:54:08,410522,安阳县,安阳市,2024-2026,58_安阳县_2024_2026.csv
681,畅行汽修,汽车维修学徒工,安阳市,文峰-华强城,500.0,1000.0,岗位：汽车维修学徒工；标签：包住 / 包吃；薪资：500-1000元/月,未注明,,58同城,2026-09-24 20:54:08,410522,安阳县,安阳市,2024-2026,58_安阳县_2024_2026.csv
682,招聘专员,在线客服线上兼职线上接待,安阳市,安阳-文峰,4600.0,5700.0,岗位：在线客服线上兼职线上接待；标签：五险一金；薪资：4600-5700元/月,未注明,,58同城,2026-09-24 20:54:08,410522,安阳县,安阳市,2024-2026,58_安阳县_2024_2026.csv
683,招聘主管,羽毛球专卖店营业员2000起,安阳市,安阳-文峰,2000.0,3000.0,岗位：羽毛球专卖店营业员2000起；标签：经验不限 / 学历不限；薪资：2000-3000元/月,学历不限,,58同城,2026-09-24 20:54:08,410522,安阳县,安阳市,2024-2026,58_安阳县_2024_2026.csv
684,小橘,酒店/客房经理包住包吃,安阳市,安阳-文峰,3000.0,5000.0,岗位：酒店/客房经理包住包吃；标签：包住 / 包吃；薪资：3000-5000元/月,未注明,,58同城,2026-09-24 20:54:08,410522,安阳县,安阳市,2024-2026,58_安阳县_2024_2026.csv
685,郑先生,美甲师,安阳市,安阳-文峰,3000.0,5000.0,岗位：美甲师；标签：经验不限 / 学历不限；薪资：3000-5000元/月,学历不限,,58同城,2026-09-24 20:54:08,410522,安阳县,安阳市,2024-2026,58_安阳县_2024_2026.csv
686,刘社喜,机械设计制造工程师,安阳市,安阳,6000.0,8000.0,岗位：机械设计制造工程师；标签：包吃 / 饭补 / 话补；薪资：6000-8000元/月,未注明,,58同城,2026-09-24 20:54:08,410522,安阳县,安阳市,2024-2026,58_安阳县_2024_2026.csv
687,小手比心的光,网店客服/电商客服2500,安阳市,安阳-文峰,2500.0,3000.0,岗位：网店客服/电商客服2500；标签：招2人 / 经验不限 / 学历不限；薪资：2500-3000元/月,学历不限,2.0,58同城,2026-09-24 20:54:08,410522,安阳县,安阳市,2024-2026,58_安阳县_2024_2026.csv
688,王女士,网络科技公司客服专员/助理加班补助包住五,安阳市,安阳-文峰,2500.0,4000.0,岗位：网络科技公司客服专员/助理加班补助包住五；标签：五险 / 包住 / 加班补助；薪资：2500-4000元/月,未注明,,58同城,2026-09-24 20:54:08,410522,安阳县,安阳市,2024-2026,58_安阳县_2024_2026.csv
689,牛先生,郑州市金水区开垦招聘店员/营业员,安阳市,安阳-文峰,3000.0,4000.0,岗位：郑州市金水区开垦招聘店员/营业员；标签：招4人 / 经验1年以下 / 学历中专；薪资：3000-4000元/月,中专/中技,4.0,58同城,2026-09-24 20:54:08,410522,安阳县,安阳市,2024-2026,58_安阳县_2024_2026.csv
690,爱踢球的孙同学,急招文峰区百货配送C本司机不装卸,安阳市,安阳,6300.0,8000.0,岗位：急招文峰区百货配送C本司机不装卸；标签：五险 / 包住 / 饭补 / 话补；薪资：6300-8000元/月,未注明,,58同城,2026-09-24 20:54:08,410522,安阳县,安阳市,2024-2026,58_安阳县_2024_2026.csv
691,张女士,安阳市夜班,安阳市,安阳-文峰,5000.0,8500.0,岗位：安阳市夜班；标签：交通补助 / 加班补助 / 话补；薪资：5000-8500元/月,未注明,,58同城,2026-09-24 20:54:53,410522,安阳县,安阳市,2024-2026,58_安阳县_2024_2026.csv
692,赵女士,『自由加班』日均280一天招配送员送餐员骑手,安阳市,安阳-文峰,5000.0,8500.0,岗位：『自由加班』日均280一天招配送员送餐员骑手；标签：招10人 / 经验不限 / 学历不限；薪资：5000-8500元/月,学历不限,10.0,58同城,2026-09-24 20:54:53,410522,安阳县,安阳市,2024-2026,58_安阳县_2024_2026.csv
693,张女士,晋升空间多自由加班月85... 小程序,安阳市,龙安-安阳商贸城,5000.0,8500.0,岗位：晋升空间多自由加班月85... 小程序；标签：加班补助 / 交通补助 / 话补；薪资：5000-8500元/月,未注明,,58同城,2026-09-24 20:54:53,410522,安阳县,安阳市,2024-2026,58_安阳县_2024_2026.csv
694,张女士,挣钱不分男女/骑手派单挣钱/超时不扣费,安阳市,安阳-文峰,5000.0,8000.0,岗位：挣钱不分男女/骑手派单挣钱/超时不扣费；标签：房补；薪资：5000-8000元/月,未注明,,58同城,2026-09-24 20:54:53,410522,安阳县,安阳市,2024-2026,58_安阳县_2024_2026.csv
695,赵女士,骑电动车：急招骑手提供车子装备差评超时不扣钱,安阳市,安阳-龙安,5000.0,8500.0,岗位：骑电动车：急招骑手提供车子装备差评超时不扣钱；标签：招10人 / 经验不限 / 学历不限；薪资：5000-8500元/月,学历不限,10.0,58同城,2026-09-24 20:54:53,410522,安阳县,安阳市,2024-2026,58_安阳县_2024_2026.csv
696,宋女士,单价高福利好骑手包车装备,安阳市,龙安-安阳商贸城,5000.0,8000.0,岗位：单价高福利好骑手包车装备；标签：年底双薪 / 交通补助 / 加班补助 / 话补；薪资：5000-8000元/月,未注明,,58同城,2026-09-24 20:54:53,410522,安阳县,安阳市,2024-2026,58_安阳县_2024_2026.csv
697,张女士,安阳本地骑手/免押供车装/超时差评不扣钱,安阳市,安阳-文峰,5000.0,7000.0,岗位：安阳本地骑手/免押供车装/超时差评不扣钱；标签：话补；薪资：5000-7000元/月,未注明,,58同城,2026-09-24 20:54:53,410522,安阳县,安阳市,2024-2026,58_安阳县_2024_2026.csv
698,宋女士,无门槛包车包装备骑手,安阳市,龙安-安阳商贸城,5000.0,8000.0,岗位：无门槛包车包装备骑手；标签：年底双薪 / 交通补助 / 加班补助；薪资：5000-8000元/月,未注明,,58同城,2026-09-24 20:54:53,410522,安阳县,安阳市,2024-2026,58_安阳县_2024_2026.csv
699,孟女士,东区铁西安钢就近安排送餐员,安阳市,安阳-龙安,5000.0,8000.0,岗位：东区铁西安钢就近安排送餐员；标签：交通补助 / 加班补助 / 话补；薪资：5000-8000元/月,未注明,,58同城,2026-09-24 20:54:53,410522,安阳县,安阳市,2024-2026,58_安阳县_2024_2026.csv
700,范女士,无需经验者有人带长短期皆可,安阳市,安阳-文峰,5000.0,8500.0,岗位：无需经验者有人带长短期皆可；标签：招99人 / 经验不限 / 学历不限；薪资：5000-8500元/月,学历不限,99.0,58同城,2026-09-24 20:54:53,410522,安阳县,安阳市,2024-2026,58_安阳县_2024_2026.csv
701,157******89_jqh,服务员预定员收银员,安阳市,安阳-北关,2500.0,3500.0,岗位：服务员预定员收银员；标签：五险 / 包吃 / 加班补助；薪资：2500-3500元/月,未注明,,58同城,2026-09-24 20:54:53,410522,安阳县,安阳市,2024-2026,58_安阳县_2024_2026.csv
702,宁静,SPA技师管吃住,安阳市,安阳-龙安,8000.0,10000.0,岗位：SPA技师管吃住；标签：经验不限 / 学历不限；薪资：8000-10000元/月,学历不限,,58同城,2026-09-24 20:54:53,410522,安阳县,安阳市,2024-2026,58_安阳县_2024_2026.csv
703,Z,足疗按摩技师,安阳市,安阳-文峰,9000.0,15000.0,岗位：足疗按摩技师；标签：包住 / 包吃 / 饭补；薪资：9000-15000元/月,未注明,,58同城,2026-09-24 20:54:53,410522,安阳县,安阳市,2024-2026,58_安阳县_2024_2026.csv
704,安阳荷塘悦色,荷塘悦色按摩师,安阳市,文峰-万达广场,8000.0,12000.0,岗位：荷塘悦色按摩师；标签：包住 / 包吃 / 交通补助 / 加班补助；薪资：8000-12000元/月,未注明,,58同城,2026-09-24 20:54:53,410522,安阳县,安阳市,2024-2026,58_安阳县_2024_2026.csv
705,安阳荷塘悦色,荷塘悦色足疗师义乌店,安阳市,安阳-文峰,8000.0,13000.0,岗位：荷塘悦色足疗师义乌店；标签：包住 / 包吃 / 交通补助 / 加班补助；薪资：8000-13000元/月,未注明,,58同城,2026-09-24 20:54:53,410522,安阳县,安阳市,2024-2026,58_安阳县_2024_2026.csv
706,爱保密DE韦总,急聘铁路安检地勤上一休一免费食宿五险一金,安阳市,北关-安阳站,4000.0,6000.0,岗位：急聘铁路安检地勤上一休一免费食宿五险一金；标签：五险一金 / 五险 / 包住 / 包吃；薪资：4000-6000元/月,未注明,,58同城,2026-09-24 20:54:53,410522,安阳县,安阳市,2024-2026,58_安阳县_2024_2026.csv
707,受到欢迎的申总,急聘铁路安检地勤上一休一免费食宿五险一金,安阳市,安阳-安阳县,5000.0,6000.0,岗位：急聘铁路安检地勤上一休一免费食宿五险一金；标签：五险一金 / 包住 / 包吃 / 加班补助；薪资：5000-6000元/月,未注明,,58同城,2026-09-24 20:54:53,410522,安阳县,安阳市,2024-2026,58_安阳县_2024_2026.csv
708,喜欢摸小猫的手,数控龙门加工中心师傅,安阳市,安阳-安阳县,6000.0,10000.0,岗位：数控龙门加工中心师傅；标签：招1人 / 经验1-2年 / 学历不限；薪资：6000-10000元/月,学历不限,1.0,58同城,2026-09-24 20:54:53,410522,安阳县,安阳市,2024-2026,58_安阳县_2024_2026.csv
709,招聘专员,诚信招聘足疗修脚按摩师,安阳市,安阳-龙安,2000.0,5000.0,岗位：诚信招聘足疗修脚按摩师；标签：经验不限 / 学历不限；薪资：2000-5000元/月,学历不限,,58同城,2026-09-24 20:54:53,410522,安阳县,安阳市,2024-2026,58_安阳县_2024_2026.csv
710,张先生,小吃店服务员包住包吃加班补助,安阳市,安阳-文峰,3000.0,3500.0,岗位：小吃店服务员包住包吃加班补助；标签：包住 / 包吃 / 加班补助；薪资：3000-3500元/月,未注明,,58同城,2026-09-24 20:54:53,410522,安阳县,安阳市,2024-2026,58_安阳县_2024_2026.csv
711,178******67_qxi,中餐厅服务员包住免费工服,安阳市,安阳-文峰,3700.0,4500.0,岗位：中餐厅服务员包住免费工服；标签：包住；薪资：3700-4500元/月,未注明,,58同城,2026-09-24 20:54:53,410522,安阳县,安阳市,2024-2026,58_安阳县_2024_2026.csv
712,m3wmih,博创机械有限公司/会计包吃周末双休,安阳市,安阳-文峰,2000.0,3500.0,岗位：博创机械有限公司/会计包吃周末双休；标签：包吃 / 周末双休；薪资：2000-3500元/月,未注明,,58同城,2026-09-24 20:54:53,410522,安阳县,安阳市,2024-2026,58_安阳县_2024_2026.csv
713,用户59640,空港新城饮品店奶茶/饮品师饭补加班补助,安阳市,安阳-文峰,2500.0,4500.0,岗位：空港新城饮品店奶茶/饮品师饭补加班补助；标签：加班补助 / 饭补；薪资：2500-4500元/月,未注明,,58同城,2026-09-24 20:55:01,410522,安阳县,安阳市,2024-2026,58_安阳县_2024_2026.csv
714,张总,机修工,安阳市,安阳-北关,4500.0,6000.0,岗位：机修工；标签：包住 / 包吃 / 加班补助；薪资：4500-6000元/月,未注明,,58同城,2026-09-24 20:55:01,410522,安阳县,安阳市,2024-2026,58_安阳县_2024_2026.csv
715,吕小哥奶茶店,饮品店奶茶/饮品师饭补加班补助年底双薪,安阳市,安阳-文峰,2500.0,4500.0,岗位：饮品店奶茶/饮品师饭补加班补助年底双薪；标签：年底双薪 / 加班补助 / 饭补；薪资：2500-4500元/月,未注明,,58同城,2026-09-24 20:55:01,410522,安阳县,安阳市,2024-2026,58_安阳县_2024_2026.csv
716,罗先生,磨工师傅数名,安阳市,安阳-北关,5000.0,9000.0,岗位：磨工师傅数名；标签：五险 / 包吃 / 饭补；薪资：5000-9000元/月,未注明,,58同城,2026-09-24 20:55:01,410522,安阳县,安阳市,2024-2026,58_安阳县_2024_2026.csv
717,刘先生,人事助理,安阳市,安阳-文峰,4000.0,5000.0,岗位：人事助理；标签：包吃 / 饭补 / 包住；薪资：4000-5000元/月,未注明,,58同城,2026-09-24 20:55:01,410522,安阳县,安阳市,2024-2026,58_安阳县_2024_2026.csv
718,张女士,公司直招小车司机包吃住可日结无任何费用,安阳市,安阳-文峰,6500.0,7000.0,岗位：公司直招小车司机包吃住可日结无任何费用；标签：五险一金 / 五险 / 包住 / 包吃；薪资：6500-7000元/月,未注明,,58同城,2026-09-24 20:55:01,410522,安阳县,安阳市,2024-2026,58_安阳县_2024_2026.csv
719,陈先生,直招C1C2驾驶员给公司开车包住宿,安阳市,安阳,6000.0,6500.0,岗位：直招C1C2驾驶员给公司开车包住宿；标签：包住 / 年底双薪 / 周末双休 / 交通补助；薪资：6000-6500元/月,未注明,,58同城,2026-09-24 20:55:01,410522,安阳县,安阳市,2024-2026,58_安阳县_2024_2026.csv
720,于女士,满16-检测员260/天-免费吃住,安阳市,安阳,7000.0,8000.0,岗位：满16-检测员260/天-免费吃住；标签：包住 / 包吃；薪资：7000-8000元/月,未注明,,58同城,2026-09-24 20:55:01,410522,安阳县,安阳市,2024-2026,58_安阳县_2024_2026.csv
721,于女士,满16岁检测员260/天人走账清,安阳市,安阳-文峰,7000.0,8000.0,岗位：满16岁检测员260/天人走账清；标签：包住 / 包吃；薪资：7000-8000元/月,未注明,,58同城,2026-09-24 20:55:01,410522,安阳县,安阳市,2024-2026,58_安阳县_2024_2026.csv
722,于女士,满16-检测员260/天人走账清,安阳市,安阳-殷都,7000.0,8000.0,岗位：满16-检测员260/天人走账清；标签：包住 / 包吃；薪资：7000-8000元/月,未注明,,58同城,2026-09-24 20:55:01,410522,安阳县,安阳市,2024-2026,58_安阳县_2024_2026.csv
723,用户22684,文员,安阳市,安阳-文峰,3500.0,6000.0,岗位：文员；标签：包吃 / 饭补；薪资：3500-6000元/月,未注明,,58同城,2026-09-24 20:55:01,410522,安阳县,安阳市,2024-2026,58_安阳县_2024_2026.csv
724,小巷里的笑声,居家审核员早九晚五薪资六千,安阳市,殷都-安阳西站,5000.0,8000.0,岗位：居家审核员早九晚五薪资六千；标签：五险一金 / 包吃 / 包住 / 周末双休；薪资：5000-8000元/月,未注明,,58同城,2026-09-24 20:55:01,410522,安阳县,安阳市,2024-2026,58_安阳县_2024_2026.csv
725,悄悄放风筝,居家审核员五险双休作息稳定,安阳市,殷都-安阳西站,5000.0,8000.0,岗位：居家审核员五险双休作息稳定；标签：五险一金 / 包吃 / 包住 / 周末双休；薪资：5000-8000元/月,未注明,,58同城,2026-09-24 20:55:01,410522,安阳县,安阳市,2024-2026,58_安阳县_2024_2026.csv
726,03,线上审核咨询客服246一天,安阳市,安阳,4300.0,7300.0,岗位：线上审核咨询客服246一天；标签：五险一金 / 包吃 / 包住 / 年底双薪；薪资：4300-7300元/月,未注明,,58同城,2026-09-24 20:55:01,410522,安阳县,安阳市,2024-2026,58_安阳县_2024_2026.csv
727,谷女士,服装/业务生产跟单4千起,安阳市,安阳-汤阴,4000.0,5000.0,岗位：服装/业务生产跟单4千起；标签：招1人 / 经验1-2年 / 学历不限；薪资：4000-5000元/月,学历不限,1.0,58同城,2026-09-24 20:55:01,410522,安阳县,安阳市,2024-2026,58_安阳县_2024_2026.csv
728,晃悠悠的风筝,航运普工月1.2万,安阳市,安阳,9000.0,12000.0,岗位：航运普工月1.2万；标签：五险一金 / 五险 / 包住 / 包吃；薪资：9000-12000元/月,未注明,,58同城,2026-09-24 20:55:01,410522,安阳县,安阳市,2024-2026,58_安阳县_2024_2026.csv
729,张总,对色师傅,安阳市,安阳,10000.0,15000.0,岗位：对色师傅；标签：五险一金 / 包住 / 包吃 / 加班补助；薪资：10000-15000元/月,未注明,,58同城,2026-09-24 20:55:01,410522,安阳县,安阳市,2024-2026,58_安阳县_2024_2026.csv
730,坐秋千的然然,居家信息审核员时间自由无需经验,安阳市,安阳,4000.0,6000.0,岗位：居家信息审核员时间自由无需经验；标签：五险一金 / 包吃 / 包住 / 年底双薪；薪资：4000-6000元/月,未注明,,58同城,2026-09-24 20:55:01,410522,安阳县,安阳市,2024-2026,58_安阳县_2024_2026.csv
731,梁先生,三角洲行动跑刀（工作时间自由可居家办公）,安阳市,安阳-汤阴,3000.0,5000.0,岗位：三角洲行动跑刀（工作时间自由可居家办公）；标签：招100人 / 经验不限 / 学历不限；薪资：3000-5000元/月,学历不限,100.0,58同城,2026-09-24 20:55:26,410523,汤阴县,安阳市,2024-2026,58_汤阴县_2024_2026.csv
732,Expect,广告业经营部客服专员/助理包住,安阳市,汤阴-政通大道,3000.0,5000.0,岗位：广告业经营部客服专员/助理包住；标签：包住；薪资：3000-5000元/月,未注明,,58同城,2026-09-24 20:55:43,410523,汤阴县,安阳市,2024-2026,58_汤阴县_2024_2026.csv
733,货运运输,C本司机-到仓拉货-不装卸纯开车,安阳市,安阳-汤阴,7500.0,8000.0,岗位：C本司机-到仓拉货-不装卸纯开车；标签：年底双薪 / 包住；薪资：7500-8000元/月,未注明,,58同城,2026-09-24 20:56:14,410523,汤阴县,安阳市,2024-2026,58_汤阴县_2024_2026.csv
734,巨龙腾飞保老板A,招日用百货送货C证司机,安阳市,汤阴-政通大道,7000.0,9500.0,岗位：招日用百货送货C证司机；标签：招20人 / 经验不限 / 学历不限；薪资：7000-9500元/月,学历不限,20.0,58同城,2026-09-24 20:56:14,410523,汤阴县,安阳市,2024-2026,58_汤阴县_2024_2026.csv
735,刘女士,汤阴本地夜班仓库验货员,安阳市,安阳-汤阴,4000.0,5400.0,岗位：汤阴本地夜班仓库验货员；标签：招1人 / 经验不限 / 学历中专；薪资：4000-5400元/月,中专/中技,1.0,58同城,2026-09-24 20:56:27,410523,汤阴县,安阳市,2024-2026,58_汤阴县_2024_2026.csv
736,马女士,招滑县配送日用百货不装卸C1司机,安阳市,安阳-滑县,6000.0,8000.0,岗位：招滑县配送日用百货不装卸C1司机；标签：五险 / 包住；薪资：6000-8000元/月,未注明,,58同城,2026-09-24 20:56:48,410526,滑县,安阳市,2024-2026,58_滑县_2024_2026.csv
737,袁经理,滑县急招农副产品配送司机不装卸,安阳市,滑县,6500.0,8000.0,岗位：滑县急招农副产品配送司机不装卸；标签：包住 / 饭补 / 年底双薪；薪资：6500-8000元/月,未注明,,58同城,2026-09-24 20:56:48,410526,滑县,安阳市,2024-2026,58_滑县_2024_2026.csv
738,李先生,物业保安可预支包吃住 小程序,安阳市,滑县,4500.0,5000.0,岗位：物业保安可预支包吃住 小程序；标签：五险一金 / 包吃 / 包住 / 年底双薪；薪资：4500-5000元/月,未注明,,58同城,2026-09-24 20:56:48,410526,滑县,安阳市,2024-2026,58_滑县_2024_2026.csv
739,姜女士,急招保安待遇优厚月休可调包吃住稳定上岗,安阳市,滑县,4500.0,5000.0,岗位：急招保安待遇优厚月休可调包吃住稳定上岗；标签：五险一金 / 包吃 / 包住 / 年底双薪；薪资：4500-5000元/月,未注明,,58同城,2026-09-24 20:56:48,410526,滑县,安阳市,2024-2026,58_滑县_2024_2026.csv
740,王先生,急招保安待遇优厚包吃住工作轻松稳定环境好,安阳市,滑县,4500.0,5000.0,岗位：急招保安待遇优厚包吃住工作轻松稳定环境好；标签：五险一金 / 包吃 / 包住 / 年底双薪；薪资：4500-5000元/月,未注明,,58同城,2026-09-24 20:56:48,410526,滑县,安阳市,2024-2026,58_滑县_2024_2026.csv
741,Jui733,台球厅台球助教2000起,安阳市,滑县-滑县其他,2000.0,7000.0,岗位：台球厅台球助教2000起；标签：经验不限 / 学历不限；薪资：2000-7000元/月,学历不限,,58同城,2026-09-24 20:56:48,410526,滑县,安阳市,2024-2026,58_滑县_2024_2026.csv
742,严老板爱滑雪,网络公司维修/直播职位2000起,安阳市,滑县-滑县城区,2000.0,7500.0,岗位：网络公司维修/直播职位2000起；标签：经验不限 / 学历不限；薪资：2000-7500元/月,学历不限,,58同城,2026-09-24 20:56:48,410526,滑县,安阳市,2024-2026,58_滑县_2024_2026.csv
743,邵先生,滑县急招外卖员可马上拿钱,安阳市,滑县-滑县城区,7500.0,8500.0,岗位：滑县急招外卖员可马上拿钱；标签：加班补助 / 饭补 / 话补 / 房补；薪资：7500-8500元/月,未注明,,58同城,2026-09-24 20:56:48,410526,滑县,安阳市,2024-2026,58_滑县_2024_2026.csv
744,一笑泯恩仇,食品店员/营业员2000起,安阳市,滑县城区-光洋百货,2000.0,2500.0,岗位：食品店员/营业员2000起；标签：招1人 / 经验不限 / 学历不限；薪资：2000-2500元/月,学历不限,1.0,58同城,2026-09-24 20:56:48,410526,滑县,安阳市,2024-2026,58_滑县_2024_2026.csv
745,宋女士,美甲师,安阳市,滑县-滑县城区,2000.0,3500.0,岗位：美甲师；标签：经验不限 / 学历不限；薪资：2000-3500元/月,学历不限,,58同城,2026-09-24 20:56:48,410526,滑县,安阳市,2024-2026,58_滑县_2024_2026.csv
746,爱鼓励DE万总,滑县杜杰医疗器械贸易有限公司会计/加班补,安阳市,滑县其他-其它,3000.0,5000.0,岗位：滑县杜杰医疗器械贸易有限公司会计/加班补；标签：周末双休 / 加班补助；薪资：3000-5000元/月,未注明,,58同城,2026-09-24 20:56:48,410526,滑县,安阳市,2024-2026,58_滑县_2024_2026.csv
747,许女士,青丰外墙装修装饰门市部/店员/2千起,安阳市,滑县-滑县城区,2000.0,3500.0,岗位：青丰外墙装修装饰门市部/店员/2千起；标签：经验1-2年 / 学历不限；薪资：2000-3500元/月,学历不限,,58同城,2026-09-24 20:56:48,410526,滑县,安阳市,2024-2026,58_滑县_2024_2026.csv
748,招聘专员,安阳敬佩商贸有限公司安装工包住包吃,安阳市,滑县-滑县其他,5000.0,8000.0,岗位：安阳敬佩商贸有限公司安装工包住包吃；标签：包住 / 包吃；薪资：5000-8000元/月,未注明,,58同城,2026-09-24 20:56:48,410526,滑县,安阳市,2024-2026,58_滑县_2024_2026.csv
749,M更伟大聂博士,安阳姜亿新型建材有限公司/短视频运营/2,安阳市,滑县其他-其它,2500.0,4500.0,岗位：安阳姜亿新型建材有限公司/短视频运营/2；标签：招1人 / 经验3-5年 / 学历不限；薪资：2500-4500元/月,学历不限,1.0,58同城,2026-09-24 20:56:48,410526,滑县,安阳市,2024-2026,58_滑县_2024_2026.csv
750,李女士,急招健身教练新手-包教会,安阳市,安阳-滑县,6000.0,12000.0,岗位：急招健身教练新手-包教会；标签：五险一金 / 包住 / 包吃；薪资：6000-12000元/月,未注明,,58同城,2026-09-24 20:56:48,410526,滑县,安阳市,2024-2026,58_滑县_2024_2026.csv
751,爱游览的姚总,酒吧餐饮收银包住单人间wifi,安阳市,滑县-滑县其他,2000.0,4500.0,岗位：酒吧餐饮收银包住单人间wifi；标签：包住；薪资：2000-4500元/月,未注明,,58同城,2026-09-24 20:56:48,410526,滑县,安阳市,2024-2026,58_滑县_2024_2026.csv
752,邵先生,找人送餐月可日结,安阳市,滑县-滑县城区,7500.0,8500.0,岗位：找人送餐月可日结；标签：加班补助 / 饭补 / 话补 / 房补；薪资：7500-8500元/月,未注明,,58同城,2026-09-24 20:56:48,410526,滑县,安阳市,2024-2026,58_滑县_2024_2026.csv
753,一笑泯恩仇,食品店员/营业员,安阳市,滑县城区-光洋百货,3000.0,5000.0,岗位：食品店员/营业员；标签：招1人 / 经验1年以下 / 学历不限；薪资：3000-5000元/月,学历不限,1.0,58同城,2026-09-24 20:56:48,410526,滑县,安阳市,2024-2026,58_滑县_2024_2026.csv
754,邵先生,送餐员招聘可短期可兼职,安阳市,滑县-滑县城区,8000.0,8500.0,岗位：送餐员招聘可短期可兼职；标签：加班补助 / 饭补 / 话补 / 房补；薪资：8000-8500元/月,未注明,,58同城,2026-09-24 20:56:48,410526,滑县,安阳市,2024-2026,58_滑县_2024_2026.csv
755,杨先生,急招滑县日用品配送C本不装卸司机,安阳市,安阳-滑县,6000.0,8000.0,岗位：急招滑县日用品配送C本不装卸司机；标签：包住；薪资：6000-8000元/月,未注明,,58同城,2026-09-24 20:56:48,410526,滑县,安阳市,2024-2026,58_滑县_2024_2026.csv
756,陈经理,滑县种子公司诚聘区域销售经理20岁以上,安阳市,滑县其他-其它,1800.0,8000.0,岗位：滑县种子公司诚聘区域销售经理20岁以上；标签：招2人 / 经验不限 / 学历不限；薪资：1800-8000元/月,学历不限,2.0,58同城,2026-09-24 20:56:48,410526,滑县,安阳市,2024-2026,58_滑县_2024_2026.csv
757,陈女士,滑县招司机配送食品不装卸月结,安阳市,滑县,6000.0,8000.0,岗位：滑县招司机配送食品不装卸月结；标签：五险 / 包住；薪资：6000-8000元/月,未注明,,58同城,2026-09-24 20:56:48,410526,滑县,安阳市,2024-2026,58_滑县_2024_2026.csv
758,齐先生,滑县吾悦聘洗碗工,安阳市,滑县-滑县城区,2800.0,3500.0,岗位：滑县吾悦聘洗碗工；标签：包住 / 包吃；薪资：2800-3500元/月,未注明,,58同城,2026-09-24 20:56:48,410526,滑县,安阳市,2024-2026,58_滑县_2024_2026.csv
759,洪成强,销售专员,安阳市,滑县-滑县其他,3000.0,4000.0,岗位：销售专员；标签：招3人 / 经验不限 / 学历不限；薪资：3000-4000元/月,学历不限,3.0,58同城,2026-09-24 20:56:48,410526,滑县,安阳市,2024-2026,58_滑县_2024_2026.csv
760,洪成强,店面主播,安阳市,滑县-滑县其他,3000.0,4500.0,岗位：店面主播；标签：招1人 / 经验不限 / 学历不限；薪资：3000-4500元/月,学历不限,1.0,58同城,2026-09-24 20:56:48,410526,滑县,安阳市,2024-2026,58_滑县_2024_2026.csv
761,洪成强,吾悦广场店招聘验光师有经验优先,安阳市,滑县-滑县其他,3000.0,4000.0,岗位：吾悦广场店招聘验光师有经验优先；标签：招2人 / 经验不限 / 学历高中；薪资：3000-4000元/月,高中,2.0,58同城,2026-09-24 20:56:48,410526,滑县,安阳市,2024-2026,58_滑县_2024_2026.csv
762,郭先生,蓝牙耳机质检不体检30/时活轻松坐岗,安阳市,滑县,7500.0,8000.0,岗位：蓝牙耳机质检不体检30/时活轻松坐岗；标签：五险一金 / 加班补助 / 饭补 / 五险；薪资：7500-8000元/月,未注明,,58同城,2026-09-24 20:56:48,410526,滑县,安阳市,2024-2026,58_滑县_2024_2026.csv
763,肖先生,电子厂显卡质检包吃住不穿无尘服0元入职,安阳市,滑县城区-市中心,7500.0,8500.0,岗位：电子厂显卡质检包吃住不穿无尘服0元入职；标签：五险一金 / 包住 / 包吃 / 年底双薪；薪资：7500-8500元/月,未注明,,58同城,2026-09-24 20:56:48,410526,滑县,安阳市,2024-2026,58_滑县_2024_2026.csv
764,马先生,300一天质检员/坐班/包吃住/4人间,安阳市,滑县城区-市中心,7500.0,8000.0,岗位：300一天质检员/坐班/包吃住/4人间；标签：五险一金 / 五险 / 包住 / 包吃；薪资：7500-8000元/月,未注明,,58同城,2026-09-24 20:56:48,410526,滑县,安阳市,2024-2026,58_滑县_2024_2026.csv
765,陈女士,诚聘铁路安检地勤人员五险一金上一休一,安阳市,滑县-滑县城区,5000.0,6000.0,岗位：诚聘铁路安检地勤人员五险一金上一休一；标签：五险一金 / 包住 / 包吃 / 年底双薪；薪资：5000-6000元/月,未注明,,58同城,2026-09-24 20:56:48,410526,滑县,安阳市,2024-2026,58_滑县_2024_2026.csv
766,许女士,五险一金沟通会计,安阳市,滑县,4000.0,6000.0,岗位：五险一金沟通会计；标签：五险一金 / 饭补 / 话补 / 交通补助；薪资：4000-6000元/月,未注明,,58同城,2026-09-24 20:56:52,410526,滑县,安阳市,2024-2026,58_滑县_2024_2026.csv
767,招聘专员,童鑫学校小学语文老师,安阳市,安阳-滑县,2500.0,8000.0,岗位：童鑫学校小学语文老师；标签：招4人 / 经验1-2年 / 学历本科；薪资：2500-8000元/月,本科,4.0,58同城,2026-09-24 20:56:52,410526,滑县,安阳市,2024-2026,58_滑县_2024_2026.csv
768,招聘专员,童鑫学校小学数学老师 小程序,安阳市,安阳-滑县,2500.0,8000.0,岗位：童鑫学校小学数学老师 小程序；标签：招5人 / 经验1年以下 / 学历本科；薪资：2500-8000元/月,本科,5.0,58同城,2026-09-24 20:56:52,410526,滑县,安阳市,2024-2026,58_滑县_2024_2026.csv
769,招聘专员,区域总监,安阳市,安阳-滑县,,,岗位：区域总监；标签：经验不限 / 学历不限；薪资：面议,学历不限,,58同城,2026-09-24 20:56:52,410526,滑县,安阳市,2024-2026,58_滑县_2024_2026.csv
770,招聘专员,市场营销策划,安阳市,安阳-滑县,10000.0,30000.0,岗位：市场营销策划；标签：话补 / 交通补助 / 周末双休 / 包住；薪资：10000-30000元/月,未注明,,58同城,2026-09-24 20:56:52,410526,滑县,安阳市,2024-2026,58_滑县_2024_2026.csv
771,货运运输,C本司机-7千滑县不限男女不限学历,安阳市,安阳,6500.0,7000.0,岗位：C本司机-7千滑县不限男女不限学历；标签：包吃 / 年底双薪；薪资：6500-7000元/月,未注明,,58同城,2026-09-24 20:58:05,410526,滑县,安阳市,2024-2026,58_滑县_2024_2026.csv
772,招聘专员,内黄县康特医药房/执业药师/2千起,安阳市,安阳-内黄,2000.0,4500.0,岗位：内黄县康特医药房/执业药师/2千起；标签：经验1-2年 / 学历不限；薪资：2000-4500元/月,学历不限,,58同城,2026-09-24 20:59:14,410527,内黄县,安阳市,2024-2026,58_内黄县_2024_2026.csv
773,爱听故事的悠悠,电商文员管理数据双休,安阳市,安阳-内黄,5000.0,7000.0,岗位：电商文员管理数据双休；标签：五险一金 / 包吃 / 包住 / 年底双薪；薪资：5000-7000元/月,未注明,,58同城,2026-09-24 21:00:05,410527,内黄县,安阳市,2024-2026,58_内黄县_2024_2026.csv
774,马女士,招林州配送汽车配件C1司机不装卸,安阳市,安阳-林州,6000.0,8000.0,岗位：招林州配送汽车配件C1司机不装卸；标签：五险 / 包住；薪资：6000-8000元/月,未注明,,58同城,2026-09-24 21:00:23,410581,林州市,安阳市,2024-2026,58_林州市_2024_2026.csv
775,刘先生,林州直招汽车配件配送C证司机不装卸,安阳市,林州-其他,6000.0,8000.0,岗位：林州直招汽车配件配送C证司机不装卸；标签：包住；薪资：6000-8000元/月,未注明,,58同城,2026-09-24 21:00:23,410581,林州市,安阳市,2024-2026,58_林州市_2024_2026.csv
776,姜女士,急招保安待遇优厚月休可调... 小程序,安阳市,林州,4500.0,5000.0,岗位：急招保安待遇优厚月休可调... 小程序；标签：五险一金 / 包吃 / 包住 / 年底双薪；薪资：4500-5000元/月,未注明,,58同城,2026-09-24 21:00:23,410581,林州市,安阳市,2024-2026,58_林州市_2024_2026.csv
777,李先生,物业保安可预支包吃住,安阳市,林州,4500.0,5000.0,岗位：物业保安可预支包吃住；标签：五险一金 / 包吃 / 包住 / 年底双薪；薪资：4500-5000元/月,未注明,,58同城,2026-09-24 21:00:23,410581,林州市,安阳市,2024-2026,58_林州市_2024_2026.csv
778,王先生,急招保安待遇优厚包吃住工作轻松稳定环境好,安阳市,林州,4500.0,5000.0,岗位：急招保安待遇优厚包吃住工作轻松稳定环境好；标签：五险一金 / 包吃 / 包住 / 年底双薪；薪资：4500-5000元/月,未注明,,58同城,2026-09-24 21:00:23,410581,林州市,安阳市,2024-2026,58_林州市_2024_2026.csv
779,招聘专员,服装店店员/营业员3千起,安阳市,林州-城区,3000.0,6000.0,岗位：服装店店员/营业员3千起；标签：经验3-5年 / 学历高中；薪资：3000-6000元/月,高中,,58同城,2026-09-24 21:00:23,410581,林州市,安阳市,2024-2026,58_林州市_2024_2026.csv
780,欧总要背包,车桥制造厂人事经理/主管2.5k起,安阳市,其他-林州其他,5000.0,9000.0,岗位：车桥制造厂人事经理/主管2.5k起；标签：加班补助；薪资：5000-9000元/月,未注明,,58同城,2026-09-24 21:00:23,410581,林州市,安阳市,2024-2026,58_林州市_2024_2026.csv
781,申先生,6000做饭阿姨包吃包住双休接孩子,安阳市,林州,4000.0,6000.0,岗位：6000做饭阿姨包吃包住双休接孩子；标签：五险一金 / 年底双薪 / 周末双休 / 加班补助；薪资：4000-6000元/月,未注明,,58同城,2026-09-24 21:00:23,410581,林州市,安阳市,2024-2026,58_林州市_2024_2026.csv
782,万吉祥,服务员,安阳市,林州-其他,2000.0,3000.0,岗位：服务员；标签：招若干人 / 经验不限 / 学历不限；薪资：2000-3000元/月,学历不限,,58同城,2026-09-24 21:00:23,410581,林州市,安阳市,2024-2026,58_林州市_2024_2026.csv
783,张女士,餐吧服务员包吃住待遇好五险一金,安阳市,林州-城区,5000.0,6000.0,岗位：餐吧服务员包吃住待遇好五险一金；标签：五险一金 / 五险 / 包住 / 包吃；薪资：5000-6000元/月,未注明,,58同城,2026-09-24 21:00:23,410581,林州市,安阳市,2024-2026,58_林州市_2024_2026.csv
784,王先生,林州化肥厂招C1不装不卸司机趟结，无押金,安阳市,其他-采桑镇汽车客运站,7500.0,8000.0,岗位：林州化肥厂招C1不装不卸司机趟结，无押金；标签：招3人 / 经验1-2年 / 学历不限；薪资：7500-8000元/月,学历不限,3.0,58同城,2026-09-24 21:00:23,410581,林州市,安阳市,2024-2026,58_林州市_2024_2026.csv
785,侯先生,林州木沁贸易有限公司普工/操作工2000,安阳市,林州-城区,2000.0,4000.0,岗位：林州木沁贸易有限公司普工/操作工2000；标签：招10人 / 经验不限 / 学历不限；薪资：2000-4000元/月,学历不限,10.0,58同城,2026-09-24 21:00:23,410581,林州市,安阳市,2024-2026,58_林州市_2024_2026.csv
786,AAAA年轻,店员/销售建材有经验优先,安阳市,林州-城区,3000.0,5000.0,岗位：店员/销售建材有经验优先；标签：招2人 / 经验1-2年 / 学历不限；薪资：3000-5000元/月,学历不限,2.0,58同城,2026-09-24 21:00:23,410581,林州市,安阳市,2024-2026,58_林州市_2024_2026.csv
787,程先生,跟车乘务员包吃住上几修几五险一金,安阳市,林州-城区,5000.0,6000.0,岗位：跟车乘务员包吃住上几修几五险一金；标签：五险一金 / 五险 / 包住 / 包吃；薪资：5000-6000元/月,未注明,,58同城,2026-09-24 21:00:23,410581,林州市,安阳市,2024-2026,58_林州市_2024_2026.csv
788,高先生,可接受小白保安可预支工资,安阳市,城区-太阳国际城市广场,4000.0,5000.0,岗位：可接受小白保安可预支工资；标签：五险 / 包住 / 包吃 / 年底双薪；薪资：4000-5000元/月,未注明,,58同城,2026-09-24 21:00:23,410581,林州市,安阳市,2024-2026,58_林州市_2024_2026.csv
789,李女士,急需家政阿姨急用月嫂9800,安阳市,林州,7000.0,10000.0,岗位：急需家政阿姨急用月嫂9800；标签：年底双薪 / 包住 / 包吃；薪资：7000-10000元/月,未注明,,58同城,2026-09-24 21:00:23,410581,林州市,安阳市,2024-2026,58_林州市_2024_2026.csv
790,申女士,上机工（五险一金）,安阳市,林州-城区,4500.0,5000.0,岗位：上机工（五险一金）；标签：包住 / 五险一金 / 加班补助 / 饭补；薪资：4500-5000元/月,未注明,,58同城,2026-09-24 21:00:23,410581,林州市,安阳市,2024-2026,58_林州市_2024_2026.csv
791,欧总要背包,车桥制造厂质检部长3千起,安阳市,其他-林州其他,3000.0,9000.0,岗位：车桥制造厂质检部长3千起；标签：经验3-5年 / 学历大专；薪资：3000-9000元/月,大专,,58同城,2026-09-24 21:00:23,410581,林州市,安阳市,2024-2026,58_林州市_2024_2026.csv
792,王女士,电工,安阳市,其他-林州其他,2100.0,2500.0,岗位：电工；标签：包吃 / 包住；薪资：2100-2500元/月,未注明,,58同城,2026-09-24 21:00:23,410581,林州市,安阳市,2024-2026,58_林州市_2024_2026.csv
793,莫小冉,装饰公司网络销售,安阳市,林州-其他,3000.0,6000.0,岗位：装饰公司网络销售；标签：交通补助 / 加班补助 / 饭补 / 话补；薪资：3000-6000元/月,未注明,,58同城,2026-09-24 21:00:23,410581,林州市,安阳市,2024-2026,58_林州市_2024_2026.csv
794,耀飞,汽车行业销售经理/主管3500起,安阳市,林州-其他,3500.0,9000.0,岗位：汽车行业销售经理/主管3500起；标签：包吃；薪资：3500-9000元/月,未注明,,58同城,2026-09-24 21:00:23,410581,林州市,安阳市,2024-2026,58_林州市_2024_2026.csv
795,杨挺,供销宾馆/小吃厨师包住包吃,安阳市,林州-其他,3000.0,5000.0,岗位：供销宾馆/小吃厨师包住包吃；标签：包住 / 包吃；薪资：3000-5000元/月,未注明,,58同城,2026-09-24 21:00:23,410581,林州市,安阳市,2024-2026,58_林州市_2024_2026.csv
796,顽皮淘气_艾博士,包装有限公司内勤文员包吃包住,安阳市,林州-其他,3000.0,5000.0,岗位：包装有限公司内勤文员包吃包住；标签：包住 / 包吃；薪资：3000-5000元/月,未注明,,58同城,2026-09-24 21:00:23,410581,林州市,安阳市,2024-2026,58_林州市_2024_2026.csv
797,莫小冉,住宅/室内设计3000起,安阳市,林州-其他,3000.0,10000.0,岗位：住宅/室内设计3000起；标签：饭补；薪资：3000-10000元/月,未注明,,58同城,2026-09-24 21:00:23,410581,林州市,安阳市,2024-2026,58_林州市_2024_2026.csv
798,王先生,药厂(铁饭碗)招技工日结300一天贴标签,安阳市,林州,5000.0,12500.0,岗位：药厂(铁饭碗)招技工日结300一天贴标签；标签：五险一金 / 五险 / 包住 / 年底双薪；薪资：5000-12500元/月,未注明,,58同城,2026-09-24 21:00:23,410581,林州市,安阳市,2024-2026,58_林州市_2024_2026.csv
799,常常走神的脑袋,居家审核员双休保底6000,安阳市,林州-城区,5000.0,8000.0,岗位：居家审核员双休保底6000；标签：五险一金 / 包吃 / 包住 / 周末双休；薪资：5000-8000元/月,未注明,,58同城,2026-09-24 21:00:23,410581,林州市,安阳市,2024-2026,58_林州市_2024_2026.csv
800,肖先生,直给纯开车司机包住宿,安阳市,林州,5000.0,6000.0,岗位：直给纯开车司机包住宿；标签：五险一金 / 加班补助 / 五险 / 饭补；薪资：5000-6000元/月,未注明,,58同城,2026-09-24 21:00:23,410581,林州市,安阳市,2024-2026,58_林州市_2024_2026.csv
801,乔先生,公司直招班车司机周结包住,安阳市,林州,5500.0,6000.0,岗位：公司直招班车司机周结包住；标签：包住 / 房补；薪资：5500-6000元/月,未注明,,58同城,2026-09-24 21:00:23,410581,林州市,安阳市,2024-2026,58_林州市_2024_2026.csv
802,万吉祥,中餐厅砧板厨师包吃免费工服,安阳市,林州-城区,4500.0,5500.0,岗位：中餐厅砧板厨师包吃免费工服；标签：包吃；薪资：4500-5500元/月,未注明,,58同城,2026-09-24 21:00:23,410581,林州市,安阳市,2024-2026,58_林州市_2024_2026.csv
803,申女士,挡车工（包住有餐费）,安阳市,林州,4500.0,5000.0,岗位：挡车工（包住有餐费）；标签：包住 / 五险一金 / 加班补助 / 饭补；薪资：4500-5000元/月,未注明,,58同城,2026-09-24 21:00:23,410581,林州市,安阳市,2024-2026,58_林州市_2024_2026.csv
804,宋女士,会展销售浚县,鹤壁市,鹤壁,2400.0,8000.0,岗位：会展销售浚县；标签：招10人 / 经验不限 / 学历不限；薪资：2400-8000元/月,学历不限,10.0,58同城,2026-09-24 21:04:22,410621,浚县,鹤壁市,2024-2026,58_浚县_2024_2026.csv
805,货运运输,鹤壁淇县-货运司机-7千打底多干8千,鹤壁市,鹤壁,6500.0,7000.0,岗位：鹤壁淇县-货运司机-7千打底多干8千；标签：年底双薪 / 交通补助；薪资：6500-7000元/月,未注明,,58同城,2026-09-24 21:06:28,410622,淇县,鹤壁市,2024-2026,58_淇县_2024_2026.csv
806,王先生,门窗厂普工/操作工2500起,新乡市,新乡-新乡县,2500.0,7500.0,岗位：门窗厂普工/操作工2500起；标签：经验不限 / 学历不限；薪资：2500-7500元/月,学历不限,,58同城,2026-09-24 21:07:14,410721,新乡县,新乡市,2024-2026,58_新乡县_2024_2026.csv
807,经理,鑫盛模具会计五险一金,新乡市,辉县-辉县汽车站,3000.0,5500.0,岗位：鑫盛模具会计五险一金；标签：五险一金 / 包吃 / 加班补助 / 话补；薪资：3000-5500元/月,未注明,,58同城,2026-09-24 21:07:14,410721,新乡县,新乡市,2024-2026,58_新乡县_2024_2026.csv
808,李女士,富士康直聘普工不压工资 小程序,新乡市,红旗-宝龙广场,7000.0,8000.0,岗位：富士康直聘普工不压工资 小程序；标签：五险一金 / 包住 / 包吃 / 加班补助；薪资：7000-8000元/月,未注明,,58同城,2026-09-24 21:07:14,410721,新乡县,新乡市,2024-2026,58_新乡县_2024_2026.csv
809,王先生,中控保安提供服装被褥包吃住交五险,新乡市,新乡-红旗,4500.0,5000.0,岗位：中控保安提供服装被褥包吃住交五险；标签：五险一金 / 包住 / 包吃 / 年底双薪；薪资：4500-5000元/月,未注明,,58同城,2026-09-24 21:07:14,410721,新乡县,新乡市,2024-2026,58_新乡县_2024_2026.csv
810,郭老师,抖音运营,新乡市,新乡-新乡县,3000.0,4500.0,岗位：抖音运营；标签：招5人 / 经验不限 / 学历不限；薪资：3000-4500元/月,学历不限,5.0,58同城,2026-09-24 21:07:14,410721,新乡县,新乡市,2024-2026,58_新乡县_2024_2026.csv
811,董先生,电竞俱乐部代练/陪玩饭补包住,新乡市,新乡-新乡县,3000.0,5000.0,岗位：电竞俱乐部代练/陪玩饭补包住；标签：包住 / 饭补；薪资：3000-5000元/月,未注明,,58同城,2026-09-24 21:07:14,410721,新乡县,新乡市,2024-2026,58_新乡县_2024_2026.csv
812,华先生,半导体工厂普工正式工月薪8000提供食宿,新乡市,新乡-牧野,5000.0,7000.0,岗位：半导体工厂普工正式工月薪8000提供食宿；标签：五险一金 / 五险 / 包住 / 包吃；薪资：5000-7000元/月,未注明,,58同城,2026-09-24 21:07:14,410721,新乡县,新乡市,2024-2026,58_新乡县_2024_2026.csv
813,踮脚看云的阿宁,好旺角休闲娱乐馆店员/营业员3500起,新乡市,红旗-宝龙广场,3500.0,6000.0,岗位：好旺角休闲娱乐馆店员/营业员3500起；标签：招1人 / 经验3-5年 / 学历不限；薪资：3500-6000元/月,学历不限,1.0,58同城,2026-09-24 21:07:14,410721,新乡县,新乡市,2024-2026,58_新乡县_2024_2026.csv
814,Aluu,洗车工,新乡市,新乡,1000.0,2000.0,岗位：洗车工；标签：包吃；薪资：1000-2000元/月,未注明,,58同城,2026-09-24 21:07:14,410721,新乡县,新乡市,2024-2026,58_新乡县_2024_2026.csv
815,谭先生,商超/零售店员/营业员2500起,新乡市,牧野-定国湖,2500.0,5000.0,岗位：商超/零售店员/营业员2500起；标签：饭补；薪资：2500-5000元/月,未注明,,58同城,2026-09-24 21:07:14,410721,新乡县,新乡市,2024-2026,58_新乡县_2024_2026.csv
816,没谱青年,暖暖靓机汇手机配件经营店店员/营业员3千,新乡市,新乡-延津,3000.0,6000.0,岗位：暖暖靓机汇手机配件经营店店员/营业员3千；标签：招1人 / 经验不限 / 学历不限；薪资：3000-6000元/月,学历不限,1.0,58同城,2026-09-24 21:07:14,410721,新乡县,新乡市,2024-2026,58_新乡县_2024_2026.csv
817,爱赞成的莫师傅,恒馨百货店/电商运营工作时间灵活,新乡市,其他-获嘉,3000.0,7000.0,岗位：恒馨百货店/电商运营工作时间灵活；标签：经验不限 / 学历不限；薪资：3000-7000元/月,学历不限,,58同城,2026-09-24 21:07:14,410721,新乡县,新乡市,2024-2026,58_新乡县_2024_2026.csv
818,落叶不随风,源鸿电器商行店员/营业员3千起,新乡市,其他-获嘉,3000.0,5000.0,岗位：源鸿电器商行店员/营业员3千起；标签：饭补；薪资：3000-5000元/月,未注明,,58同城,2026-09-24 21:07:14,410721,新乡县,新乡市,2024-2026,58_新乡县_2024_2026.csv
819,落叶不随风,商超/店员/营业员2500起,新乡市,其他-获嘉,2500.0,5000.0,岗位：商超/店员/营业员2500起；标签：饭补；薪资：2500-5000元/月,未注明,,58同城,2026-09-24 21:07:14,410721,新乡县,新乡市,2024-2026,58_新乡县_2024_2026.csv
820,空压机三滤生产厂家,滤芯厂女工,新乡市,新乡-牧野,3000.0,4500.0,岗位：滤芯厂女工；标签：加班补助；薪资：3000-4500元/月,未注明,,58同城,2026-09-24 21:07:14,410721,新乡县,新乡市,2024-2026,58_新乡县_2024_2026.csv
821,郭保树,促销/导购员2500起,新乡市,新乡-牧野,2500.0,4000.0,岗位：促销/导购员2500起；标签：经验不限 / 学历不限；薪资：2500-4000元/月,学历不限,,58同城,2026-09-24 21:07:14,410721,新乡县,新乡市,2024-2026,58_新乡县_2024_2026.csv
822,用户18246,氩弧焊工,新乡市,其他-其它,6000.0,9000.0,岗位：氩弧焊工；标签：五险一金 / 包住 / 包吃 / 饭补；薪资：6000-9000元/月,未注明,,58同城,2026-09-24 21:07:14,410721,新乡县,新乡市,2024-2026,58_新乡县_2024_2026.csv
823,我本善良,东成通讯部店员/营业员2.5k起,新乡市,红旗-胖东来,2500.0,5000.0,岗位：东成通讯部店员/营业员2.5k起；标签：经验不限 / 学历不限；薪资：2500-5000元/月,学历不限,,58同城,2026-09-24 21:07:14,410721,新乡县,新乡市,2024-2026,58_新乡县_2024_2026.csv
824,张,美发师助理,新乡市,红旗-胖东来,2000.0,3000.0,岗位：美发师助理；标签：包住 / 包吃；薪资：2000-3000元/月,未注明,,58同城,2026-09-24 21:07:14,410721,新乡县,新乡市,2024-2026,58_新乡县_2024_2026.csv
825,郭先生,鲜肉店销售,新乡市,新乡-卫辉,2600.0,3200.0,岗位：鲜肉店销售；标签：周末双休 / 加班补助 / 饭补；薪资：2600-3200元/月,未注明,,58同城,2026-09-24 21:07:14,410721,新乡县,新乡市,2024-2026,58_新乡县_2024_2026.csv
826,王洋,中餐厨师,新乡市,新乡-卫滨,5000.0,8000.0,岗位：中餐厨师；标签：包住 / 包吃；薪资：5000-8000元/月,未注明,,58同城,2026-09-24 21:07:14,410721,新乡县,新乡市,2024-2026,58_新乡县_2024_2026.csv
827,招聘专员,采购专员居家办公轻松岗位,新乡市,红旗-宝龙广场,4300.0,4900.0,岗位：采购专员居家办公轻松岗位；标签：五险一金；薪资：4300-4900元/月,未注明,,58同城,2026-09-24 21:07:14,410721,新乡县,新乡市,2024-2026,58_新乡县_2024_2026.csv
828,爱穿裙子的兔,美甲师,新乡市,红旗-宝龙广场,4000.0,6000.0,岗位：美甲师；标签：经验不限 / 学历不限；薪资：4000-6000元/月,学历不限,,58同城,2026-09-24 21:07:14,410721,新乡县,新乡市,2024-2026,58_新乡县_2024_2026.csv
829,河南富鑫新材料科技有限公司,视频剪辑/编辑3.5k起,新乡市,红旗-宝龙广场,3500.0,4000.0,岗位：视频剪辑/编辑3.5k起；标签：招1人 / 经验3-5年 / 学历大专；薪资：3500-4000元/月,大专,1.0,58同城,2026-09-24 21:07:14,410721,新乡县,新乡市,2024-2026,58_新乡县_2024_2026.csv
830,天德汽修,汽车机修学徒,新乡市,牧野-定国湖,2000.0,3000.0,岗位：汽车机修学徒；标签：包住 / 包吃；薪资：2000-3000元/月,未注明,,58同城,2026-09-24 21:07:14,410721,新乡县,新乡市,2024-2026,58_新乡县_2024_2026.csv
831,捏小脸的温柔,制衣厂缝纫工3k起,新乡市,其他-封丘,3000.0,6000.0,岗位：制衣厂缝纫工3k起；标签：饭补；薪资：3000-6000元/月,未注明,,58同城,2026-09-24 21:07:14,410721,新乡县,新乡市,2024-2026,58_新乡县_2024_2026.csv
832,闫女士,缝纫工/缝纫学徒加班补助包住包吃,新乡市,其他-原阳,4000.0,8000.0,岗位：缝纫工/缝纫学徒加班补助包住包吃；标签：包住 / 包吃 / 加班补助；薪资：4000-8000元/月,未注明,,58同城,2026-09-24 21:07:14,410721,新乡县,新乡市,2024-2026,58_新乡县_2024_2026.csv
833,招聘专员,家装销售营销员,新乡市,其他-封丘,2000.0,4500.0,岗位：家装销售营销员；标签：交通补助 / 话补 / 房补；薪资：2000-4500元/月,未注明,,58同城,2026-09-24 21:07:14,410721,新乡县,新乡市,2024-2026,58_新乡县_2024_2026.csv
834,郝先生,火锅店餐饮学徒2000起,新乡市,其他-封丘,2000.0,3500.0,岗位：火锅店餐饮学徒2000起；标签：经验不限 / 学历不限；薪资：2000-3500元/月,学历不限,,58同城,2026-09-24 21:07:14,410721,新乡县,新乡市,2024-2026,58_新乡县_2024_2026.csv
835,用户98122,中餐厨师,新乡市,新乡-辉县,5000.0,5500.0,岗位：中餐厨师；标签：经验不限 / 学历不限；薪资：5000-5500元/月,学历不限,,58同城,2026-09-24 21:07:14,410721,新乡县,新乡市,2024-2026,58_新乡县_2024_2026.csv
836,殷老板爱称赞,网络销售工作时间灵活,新乡市,其他-其它,4000.0,9500.0,岗位：网络销售工作时间灵活；标签：招100人 / 经验不限 / 学历不限；薪资：4000-9500元/月,学历不限,100.0,58同城,2026-09-24 21:07:55,410721,新乡县,新乡市,2024-2026,58_新乡县_2024_2026.csv
837,家庭美肤管家,印刷厂烫金/模切工包住饭... 小程序,新乡市,其他-其它,5000.0,8000.0,岗位：印刷厂烫金/模切工包住饭... 小程序；标签：包住 / 饭补；薪资：5000-8000元/月,未注明,,58同城,2026-09-24 21:07:55,410721,新乡县,新乡市,2024-2026,58_新乡县_2024_2026.csv
838,用户18246,CAD钣金机械制图员,新乡市,其他-其它,8000.0,11000.0,岗位：CAD钣金机械制图员；标签：五险一金 / 包住 / 包吃 / 加班补助；薪资：8000-11000元/月,未注明,,58同城,2026-09-24 21:07:55,410721,新乡县,新乡市,2024-2026,58_新乡县_2024_2026.csv
839,招聘专员,托管全职老师,新乡市,其他-其它,3000.0,5000.0,岗位：托管全职老师；标签：五险 / 包吃 / 周末双休；薪资：3000-5000元/月,未注明,,58同城,2026-09-24 21:07:55,410721,新乡县,新乡市,2024-2026,58_新乡县_2024_2026.csv
840,张先生,跟车餐吧服务员上几休几交社保,新乡市,新乡-红旗,5000.0,6000.0,岗位：跟车餐吧服务员上几休几交社保；标签：招8人 / 经验不限 / 学历不限；薪资：5000-6000元/月,学历不限,8.0,58同城,2026-09-24 21:08:07,410721,新乡县,新乡市,2024-2026,58_新乡县_2024_2026.csv
841,朱先生,急招操作工300一天包吃... 小程序,新乡市,新乡-牧野,8000.0,8500.0,岗位：急招操作工300一天包吃... 小程序；标签：五险一金 / 包住 / 五险 / 包吃；薪资：8000-8500元/月,未注明,,58同城,2026-09-24 21:08:07,410721,新乡县,新乡市,2024-2026,58_新乡县_2024_2026.csv
842,天道酬勤,化工厂普工/操作工包吃饭补交通补助,新乡市,新乡-新乡县,5500.0,8500.0,岗位：化工厂普工/操作工包吃饭补交通补助；标签：包吃 / 交通补助 / 加班补助 / 饭补；薪资：5500-8500元/月,未注明,,58同城,2026-09-24 21:08:07,410721,新乡县,新乡市,2024-2026,58_新乡县_2024_2026.csv
843,爱叠纸船的周小舟,企业职工餐厅（主管）,新乡市,新乡-牧野,4000.0,4500.0,岗位：企业职工餐厅（主管）；标签：五险；薪资：4000-4500元/月,未注明,,58同城,2026-09-24 21:08:07,410721,新乡县,新乡市,2024-2026,58_新乡县_2024_2026.csv
844,唐女士,原谷原麦枫景上东店招聘店员（22-45）,新乡市,新乡-牧野,3500.0,5000.0,岗位：原谷原麦枫景上东店招聘店员（22-45）；标签：包吃 / 加班补助；薪资：3500-5000元/月,未注明,,58同城,2026-09-24 21:08:07,410721,新乡县,新乡市,2024-2026,58_新乡县_2024_2026.csv
845,唐女士,原谷原麦大学源店招店员（25-45岁）,新乡市,新乡-红旗,3500.0,5000.0,岗位：原谷原麦大学源店招店员（25-45岁）；标签：包吃 / 加班补助；薪资：3500-5000元/月,未注明,,58同城,2026-09-24 21:08:07,410721,新乡县,新乡市,2024-2026,58_新乡县_2024_2026.csv
846,你会腻,智能设备厂会计3千起,新乡市,其他-原阳,3000.0,5000.0,岗位：智能设备厂会计3千起；标签：经验1-2年 / 学历大专；薪资：3000-5000元/月,大专,,58同城,2026-09-24 21:08:07,410721,新乡县,新乡市,2024-2026,58_新乡县_2024_2026.csv
847,家庭美肤管家,印刷厂烫金/模切工包住饭补,新乡市,其他-其它,5000.0,8000.0,岗位：印刷厂烫金/模切工包住饭补；标签：包住 / 饭补；薪资：5000-8000元/月,未注明,,58同城,2026-09-24 21:08:07,410721,新乡县,新乡市,2024-2026,58_新乡县_2024_2026.csv
848,U勇敢坚强时总,在线后勤仓储文职当天入职6k,新乡市,新乡,4000.0,6000.0,岗位：在线后勤仓储文职当天入职6k；标签：五险一金 / 包吃 / 包住 / 周末双休；薪资：4000-6000元/月,未注明,,58同城,2026-09-24 21:08:07,410721,新乡县,新乡市,2024-2026,58_新乡县_2024_2026.csv
849,朱先生,普工硫化工（提供食宿，年终奖，五险）,新乡市,新乡-新乡县,4000.0,7000.0,岗位：普工硫化工（提供食宿，年终奖，五险）；标签：五险 / 包住 / 包吃 / 加班补助；薪资：4000-7000元/月,未注明,,58同城,2026-09-24 21:08:07,410721,新乡县,新乡市,2024-2026,58_新乡县_2024_2026.csv
850,爱赞成的莫师傅,恒馨百货店/国内电商运营/3k起,新乡市,其他-获嘉,3000.0,7000.0,岗位：恒馨百货店/国内电商运营/3k起；标签：招1人 / 经验3-5年 / 学历不限；薪资：3000-7000元/月,学历不限,1.0,58同城,2026-09-24 21:08:07,410721,新乡县,新乡市,2024-2026,58_新乡县_2024_2026.csv
851,吴先生,生物科技公司/短视频运营五险周末双休房补,新乡市,其他-封丘,3000.0,5000.0,岗位：生物科技公司/短视频运营五险周末双休房补；标签：五险 / 周末双休 / 房补；薪资：3000-5000元/月,未注明,,58同城,2026-09-24 21:08:07,410721,新乡县,新乡市,2024-2026,58_新乡县_2024_2026.csv
852,关女士,16岁以上线束厂普工面试当天住宿舍包吃住,新乡市,其他-原阳,7000.0,7500.0,岗位：16岁以上线束厂普工面试当天住宿舍包吃住；标签：五险一金 / 五险 / 包住 / 包吃；薪资：7000-7500元/月,未注明,,58同城,2026-09-24 21:08:07,410721,新乡县,新乡市,2024-2026,58_新乡县_2024_2026.csv
853,平女士,8小时坐班客服（双休/接受应届生）,新乡市,新乡-红旗,4000.0,8000.0,岗位：8小时坐班客服（双休/接受应届生）；标签：五险一金 / 周末双休；薪资：4000-8000元/月,未注明,,58同城,2026-09-24 21:08:07,410721,新乡县,新乡市,2024-2026,58_新乡县_2024_2026.csv
854,李先生,电子厂长期普工270一天非流水线福利多多,新乡市,新乡-其他,6500.0,7500.0,岗位：电子厂长期普工270一天非流水线福利多多；标签：五险一金 / 包住 / 包吃；薪资：6500-7500元/月,未注明,,58同城,2026-09-24 21:08:07,410721,新乡县,新乡市,2024-2026,58_新乡县_2024_2026.csv
855,杨先生,工价高0费用入职坐班白班可选普工,新乡市,其他-获嘉,6500.0,7000.0,岗位：工价高0费用入职坐班白班可选普工；标签：五险一金 / 五险 / 包住 / 包吃；薪资：6500-7000元/月,未注明,,58同城,2026-09-24 21:08:07,410721,新乡县,新乡市,2024-2026,58_新乡县_2024_2026.csv
856,王先生,24/时电子厂急招普工,新乡市,新乡-新乡县,6000.0,7500.0,岗位：24/时电子厂急招普工；标签：包住 / 包吃；薪资：6000-7500元/月,未注明,,58同城,2026-09-24 21:08:07,410721,新乡县,新乡市,2024-2026,58_新乡县_2024_2026.csv
857,李先生,普工300报销路费当天办理入住包吃包住,新乡市,新乡,8000.0,8500.0,岗位：普工300报销路费当天办理入住包吃包住；标签：包住 / 包吃；薪资：8000-8500元/月,未注明,,58同城,2026-09-24 21:08:07,410721,新乡县,新乡市,2024-2026,58_新乡县_2024_2026.csv
858,申女士,新产线28/H简单手工活可预支普工,新乡市,其他-获嘉,6500.0,7000.0,岗位：新产线28/H简单手工活可预支普工；标签：五险 / 包住 / 包吃；薪资：6500-7000元/月,未注明,,58同城,2026-09-24 21:08:07,410721,新乡县,新乡市,2024-2026,58_新乡县_2024_2026.csv
859,鞠先生,急招常州电子厂普工/操作工包住五险房补,新乡市,红旗-东站十字,5000.0,7000.0,岗位：急招常州电子厂普工/操作工包住五险房补；标签：包住 / 五险 / 包吃 / 饭补；薪资：5000-7000元/月,未注明,,58同城,2026-09-24 21:08:07,410721,新乡县,新乡市,2024-2026,58_新乡县_2024_2026.csv
860,踩水坑的皮皮,居家审核员包吃住双休岗位,新乡市,其他-原阳,5000.0,8000.0,岗位：居家审核员包吃住双休岗位；标签：五险一金 / 包吃 / 包住 / 周末双休；薪资：5000-8000元/月,未注明,,58同城,2026-09-24 21:08:07,410721,新乡县,新乡市,2024-2026,58_新乡县_2024_2026.csv
861,宋女士,红旗区/牧野区送餐员交保险,新乡市,新乡,5000.0,8000.0,岗位：红旗区/牧野区送餐员交保险；标签：五险 / 包住 / 年底双薪 / 交通补助；薪资：5000-8000元/月,未注明,,58同城,2026-09-24 21:08:19,410721,新乡县,新乡市,2024-2026,58_新乡县_2024_2026.csv
862,闲逛小巷的悠悠猫,7k登记订单白班文员 小程序,新乡市,新乡,5500.0,6800.0,岗位：7k登记订单白班文员 小程序；标签：五险一金 / 包吃 / 包住 / 年底双薪；薪资：5500-6800元/月,未注明,,58同城,2026-09-24 21:08:19,410721,新乡县,新乡市,2024-2026,58_新乡县_2024_2026.csv
863,孙先生,花纤悦足疗店/礼仪模特包住,新乡市,新乡-红旗,5000.0,25000.0,岗位：花纤悦足疗店/礼仪模特包住；标签：包住；薪资：5000-25000元/月,未注明,,58同城,2026-09-24 21:08:19,410721,新乡县,新乡市,2024-2026,58_新乡县_2024_2026.csv
864,开心快乐每一天,CNC/数控编程及学徒,新乡市,新乡-牧野,3000.0,8000.0,岗位：CNC/数控编程及学徒；标签：包吃 / 加班补助；薪资：3000-8000元/月,未注明,,58同城,2026-09-24 21:08:19,410721,新乡县,新乡市,2024-2026,58_新乡县_2024_2026.csv
865,用户28328,搓澡培训师,新乡市,新乡-卫滨,3000.0,5000.0,岗位：搓澡培训师；标签：包住 / 包吃；薪资：3000-5000元/月,未注明,,58同城,2026-09-24 21:08:19,410721,新乡县,新乡市,2024-2026,58_新乡县_2024_2026.csv
866,招聘专员,装载机、推土机、自卸车维修工招聘,新乡市,新乡,8000.0,10000.0,岗位：装载机、推土机、自卸车维修工招聘；标签：招1人 / 经验1-2年 / 学历不限；薪资：8000-10000元/月,学历不限,1.0,58同城,2026-09-24 21:08:19,410721,新乡县,新乡市,2024-2026,58_新乡县_2024_2026.csv
867,白宏江,机械工程师,新乡市,新乡-牧野,5000.0,6000.0,岗位：机械工程师；标签：经验3-5年 / 学历大专；薪资：5000-6000元/月,大专,,58同城,2026-09-24 21:08:19,410721,新乡县,新乡市,2024-2026,58_新乡县_2024_2026.csv
868,孟女士,日薪240普工耳机贴签白班坐岗可预支,新乡市,新乡-红旗,7000.0,8000.0,岗位：日薪240普工耳机贴签白班坐岗可预支；标签：包住 / 包吃；薪资：7000-8000元/月,未注明,,58同城,2026-09-24 21:08:19,410721,新乡县,新乡市,2024-2026,58_新乡县_2024_2026.csv
869,海阔天空,检验员，加工中心,新乡市,新乡-牧野,3500.0,10000.0,岗位：检验员，加工中心；标签：五险一金 / 包吃 / 交通补助 / 加班补助；薪资：3500-10000元/月,未注明,,58同城,2026-09-24 21:08:19,410721,新乡县,新乡市,2024-2026,58_新乡县_2024_2026.csv
870,范先生,台球厅/台球助教工作时间灵活,新乡市,新乡-牧野,8000.0,10000.0,岗位：台球厅/台球助教工作时间灵活；标签：经验不限 / 学历不限；薪资：8000-10000元/月,学历不限,,58同城,2026-09-24 21:08:19,410721,新乡县,新乡市,2024-2026,58_新乡县_2024_2026.csv
871,杨经理,机械设计工程师,新乡市,新乡-牧野,8000.0,12000.0,岗位：机械设计工程师；标签：包吃 / 年底双薪 / 交通补助 / 加班补助；薪资：8000-12000元/月,未注明,,58同城,2026-09-24 21:08:19,410721,新乡县,新乡市,2024-2026,58_新乡县_2024_2026.csv
872,招聘专员,CNC/数控操作工包住包吃,新乡市,新乡-辉县,6000.0,7500.0,岗位：CNC/数控操作工包住包吃；标签：包住 / 包吃；薪资：6000-7500元/月,未注明,,58同城,2026-09-24 21:08:19,410721,新乡县,新乡市,2024-2026,58_新乡县_2024_2026.csv
873,似水流年,数控车床师傅/五险,新乡市,新乡-牧野,7000.0,9000.0,岗位：数控车床师傅/五险；标签：五险；薪资：7000-9000元/月,未注明,,58同城,2026-09-24 21:08:19,410721,新乡县,新乡市,2024-2026,58_新乡县_2024_2026.csv
874,秦先生,CNC操作员,新乡市,新乡-原阳,5000.0,8000.0,岗位：CNC操作员；标签：包住 / 包吃 / 年底双薪；薪资：5000-8000元/月,未注明,,58同城,2026-09-24 21:08:19,410721,新乡县,新乡市,2024-2026,58_新乡县_2024_2026.csv
875,齐心MRO,迎旭养生馆/按摩师包住,新乡市,新乡-红旗,14500.0,15000.0,岗位：迎旭养生馆/按摩师包住；标签：包住；薪资：14500-15000元/月,未注明,,58同城,2026-09-24 21:08:19,410721,新乡县,新乡市,2024-2026,58_新乡县_2024_2026.csv
876,赵彦江,远盛机械制造有限公司/CNC/数控操作工,新乡市,新乡-红旗,6000.0,10000.0,岗位：远盛机械制造有限公司/CNC/数控操作工；标签：招1人 / 经验1-2年 / 学历不限；薪资：6000-10000元/月,学历不限,1.0,58同城,2026-09-24 21:08:19,410721,新乡县,新乡市,2024-2026,58_新乡县_2024_2026.csv
877,爱依靠的甄师傅,食品饮料厂组装/装配工包住包吃,新乡市,新乡-原阳,4500.0,6000.0,岗位：食品饮料厂组装/装配工包住包吃；标签：包住 / 包吃；薪资：4500-6000元/月,未注明,,58同城,2026-09-24 21:08:19,410721,新乡县,新乡市,2024-2026,58_新乡县_2024_2026.csv
878,断然_丛师傅,按摩师,新乡市,新乡-凤泉,10000.0,13500.0,岗位：按摩师；标签：经验不限 / 学历不限；薪资：10000-13500元/月,学历不限,,58同城,2026-09-24 21:08:24,410721,新乡县,新乡市,2024-2026,58_新乡县_2024_2026.csv
879,豁朗姜同学E,茶艺师 小程序,新乡市,新乡-红旗,2500.0,4500.0,岗位：茶艺师 小程序；标签：经验不限 / 学历不限；薪资：2500-4500元/月,学历不限,,58同城,2026-09-24 21:08:24,410721,新乡县,新乡市,2024-2026,58_新乡县_2024_2026.csv
880,花中仙0,江彬保健服务店/足疗师/3千起,新乡市,新乡-牧野,3000.0,5000.0,岗位：江彬保健服务店/足疗师/3千起；标签：经验不限 / 学历不限；薪资：3000-5000元/月,学历不限,,58同城,2026-09-24 21:08:24,410721,新乡县,新乡市,2024-2026,58_新乡县_2024_2026.csv
881,蓝图,蓝图机床数控车床师傅6k起加工中心师傅,新乡市,新乡-新乡县,6000.0,9000.0,岗位：蓝图机床数控车床师傅6k起加工中心师傅；标签：经验1-2年 / 学历不限；薪资：6000-9000元/月,学历不限,,58同城,2026-09-24 21:08:24,410721,新乡县,新乡市,2024-2026,58_新乡县_2024_2026.csv
882,招聘专员,利阳机械CNC/数控操作工包吃五险加班补,新乡市,新乡-辉县,6000.0,10000.0,岗位：利阳机械CNC/数控操作工包吃五险加班补；标签：五险 / 包吃 / 交通补助 / 加班补助；薪资：6000-10000元/月,未注明,,58同城,2026-09-24 21:08:24,410721,新乡县,新乡市,2024-2026,58_新乡县_2024_2026.csv
883,招聘专员,鑫岩石材加工厂安装工工作时间灵活,新乡市,新乡-卫辉,5000.0,8000.0,岗位：鑫岩石材加工厂安装工工作时间灵活；标签：经验不限 / 学历不限；薪资：5000-8000元/月,学历不限,,58同城,2026-09-24 21:08:24,410721,新乡县,新乡市,2024-2026,58_新乡县_2024_2026.csv
884,王文秀,舞蹈艺术培训中心/舞蹈老师/3千起,新乡市,新乡-辉县,3000.0,4500.0,岗位：舞蹈艺术培训中心/舞蹈老师/3千起；标签：经验不限 / 学历大专；薪资：3000-4500元/月,大专,,58同城,2026-09-24 21:08:24,410721,新乡县,新乡市,2024-2026,58_新乡县_2024_2026.csv
885,用户40717,宰鱼工,新乡市,新乡-卫滨,4500.0,6000.0,岗位：宰鱼工；标签：加班补助；薪资：4500-6000元/月,未注明,,58同城,2026-09-24 21:08:24,410721,新乡县,新乡市,2024-2026,58_新乡县_2024_2026.csv
886,爱收集贝壳的贝贝,搓澡工,新乡市,新乡-红旗,6000.0,8000.0,岗位：搓澡工；标签：经验不限 / 学历不限；薪资：6000-8000元/月,学历不限,,58同城,2026-09-24 21:08:24,410721,新乡县,新乡市,2024-2026,58_新乡县_2024_2026.csv
887,田先生,机械设计/工艺工程师,新乡市,新乡-牧野,5000.0,10000.0,岗位：机械设计/工艺工程师；标签：五险一金 / 加班补助；薪资：5000-10000元/月,未注明,,58同城,2026-09-24 21:08:24,410721,新乡县,新乡市,2024-2026,58_新乡县_2024_2026.csv
888,张先生,机械设计/制造,新乡市,新乡-牧野,4000.0,5000.0,岗位：机械设计/制造；标签：招13人 / 经验不限 / 学历大专；薪资：4000-5000元/月,大专,13.0,58同城,2026-09-24 21:08:24,410721,新乡县,新乡市,2024-2026,58_新乡县_2024_2026.csv
889,刘先生,新乡招聘采耳按摩师包吃包住月入过万,新乡市,新乡-红旗,10000.0,15000.0,岗位：新乡招聘采耳按摩师包吃包住月入过万；标签：包吃 / 包住；薪资：10000-15000元/月,未注明,,58同城,2026-09-24 21:08:24,410721,新乡县,新乡市,2024-2026,58_新乡县_2024_2026.csv
890,朱先生,急招操作工300一天包吃住坐岗下班拿钱,新乡市,新乡-牧野,8000.0,8500.0,岗位：急招操作工300一天包吃住坐岗下班拿钱；标签：五险一金 / 包住 / 五险 / 包吃；薪资：8000-8500元/月,未注明,,58同城,2026-09-24 21:08:24,410721,新乡县,新乡市,2024-2026,58_新乡县_2024_2026.csv
891,袁女士,娱乐场所收银员3000起,新乡市,新乡-牧野,3000.0,3500.0,岗位：娱乐场所收银员3000起；标签：包吃；薪资：3000-3500元/月,未注明,,58同城,2026-09-24 21:08:24,410721,新乡县,新乡市,2024-2026,58_新乡县_2024_2026.csv
892,爱留恋的莫博士,中餐厅后厨杂工2500起,新乡市,新乡-红旗,2500.0,4500.0,岗位：中餐厅后厨杂工2500起；标签：包吃；薪资：2500-4500元/月,未注明,,58同城,2026-09-24 21:08:24,410721,新乡县,新乡市,2024-2026,58_新乡县_2024_2026.csv
893,偷溜去海边,古筝老师,新乡市,新乡-凤泉,2000.0,2500.0,岗位：古筝老师；标签：经验不限 / 学历不限；薪资：2000-2500元/月,学历不限,,58同城,2026-09-24 21:08:24,410721,新乡县,新乡市,2024-2026,58_新乡县_2024_2026.csv
894,哼着歌走路的云云,餐厅餐饮收银/包吃加班补助免费工服,新乡市,新乡-卫辉,3000.0,4500.0,岗位：餐厅餐饮收银/包吃加班补助免费工服；标签：包住 / 包吃 / 加班补助；薪资：3000-4500元/月,未注明,,58同城,2026-09-24 21:08:24,410721,新乡县,新乡市,2024-2026,58_新乡县_2024_2026.csv
895,招聘专员,诊所口腔医生8000起,新乡市,新乡-辉县,8000.0,23000.0,岗位：诊所口腔医生8000起；标签：经验1-2年 / 学历大专；薪资：8000-23000元/月,大专,,58同城,2026-09-24 21:08:24,410721,新乡县,新乡市,2024-2026,58_新乡县_2024_2026.csv
896,符先生,急招数名/按摩师/保底1万起可小白,新乡市,新乡-红旗,10000.0,15000.0,岗位：急招数名/按摩师/保底1万起可小白；标签：经验不限 / 学历不限；薪资：10000-15000元/月,学历不限,,58同城,2026-09-24 21:08:24,410721,新乡县,新乡市,2024-2026,58_新乡县_2024_2026.csv
897,胡先生,无基础转行健身教练包吃住,新乡市,新乡-红旗,7845.0,14587.0,岗位：无基础转行健身教练包吃住；标签：五险一金 / 包住 / 包吃 / 年底双薪；薪资：7845-14587元/月,未注明,,58同城,2026-09-24 21:08:24,410721,新乡县,新乡市,2024-2026,58_新乡县_2024_2026.csv
898,安女士,新乡新店开业诚聘芳疗师包吃住,新乡市,新乡-牧野,8000.0,15000.0,岗位：新乡新店开业诚聘芳疗师包吃住；标签：包吃 / 包住；薪资：8000-15000元/月,未注明,,58同城,2026-09-24 21:08:24,410721,新乡县,新乡市,2024-2026,58_新乡县_2024_2026.csv
899,187******86_ptl,财务人员,新乡市,其他-获嘉,2000.0,6000.0,岗位：财务人员；标签：五险一金 / 周末双休；薪资：2000-6000元/月,未注明,,58同城,2026-09-24 21:08:31,410724,获嘉县,新乡市,2024-2026,58_获嘉县_2024_2026.csv
900,爱赞成的莫师傅,恒馨百货店/电商运营工作时间灵活,新乡市,其他-获嘉,3000.0,7000.0,岗位：恒馨百货店/电商运营工作时间灵活；标签：经验不限 / 学历不限；薪资：3000-7000元/月,学历不限,,58同城,2026-09-24 21:08:31,410724,获嘉县,新乡市,2024-2026,58_获嘉县_2024_2026.csv
901,落叶不随风,源鸿电器商行店员/营业员... 小程序,新乡市,其他-获嘉,3000.0,5000.0,岗位：源鸿电器商行店员/营业员... 小程序；标签：饭补；薪资：3000-5000元/月,未注明,,58同城,2026-09-24 21:08:31,410724,获嘉县,新乡市,2024-2026,58_获嘉县_2024_2026.csv
902,落叶不随风,销售专员,新乡市,其他-获嘉,3000.0,5000.0,岗位：销售专员；标签：经验不限 / 学历不限；薪资：3000-5000元/月,学历不限,,58同城,2026-09-24 21:08:31,410724,获嘉县,新乡市,2024-2026,58_获嘉县_2024_2026.csv
903,落叶不随风,商超/店员/营业员2500起,新乡市,其他-获嘉,2500.0,5000.0,岗位：商超/店员/营业员2500起；标签：饭补；薪资：2500-5000元/月,未注明,,58同城,2026-09-24 21:08:31,410724,获嘉县,新乡市,2024-2026,58_获嘉县_2024_2026.csv
904,用户13309,豫北厨电卫浴批发/厨电销售员/3千起,新乡市,其他-获嘉,3000.0,10000.0,岗位：豫北厨电卫浴批发/厨电销售员/3千起；标签：经验不限 / 学历不限；薪资：3000-10000元/月,学历不限,,58同城,2026-09-24 21:08:31,410724,获嘉县,新乡市,2024-2026,58_获嘉县_2024_2026.csv
905,用户41943,办公室主任,新乡市,其他-获嘉,3000.0,5000.0,岗位：办公室主任；标签：招14人 / 经验6-7年 / 学历本科；薪资：3000-5000元/月,本科,14.0,58同城,2026-09-24 21:08:31,410724,获嘉县,新乡市,2024-2026,58_获嘉县_2024_2026.csv
906,爱赞成的莫师傅,恒馨百货店/国内电商运营/3k起,新乡市,其他-获嘉,3000.0,7000.0,岗位：恒馨百货店/国内电商运营/3k起；标签：招1人 / 经验3-5年 / 学历不限；薪资：3000-7000元/月,学历不限,1.0,58同城,2026-09-24 21:08:31,410724,获嘉县,新乡市,2024-2026,58_获嘉县_2024_2026.csv
907,用户41943,新乡市荣锋材料科技招聘车工,新乡市,其他-获嘉,4000.0,5000.0,岗位：新乡市荣锋材料科技招聘车工；标签：招20人 / 经验不限 / 学历中专；薪资：4000-5000元/月,中专/中技,20.0,58同城,2026-09-24 21:08:31,410724,获嘉县,新乡市,2024-2026,58_获嘉县_2024_2026.csv
908,申女士,新产线28/H简单手工活可预支普工,新乡市,其他-获嘉,6500.0,7000.0,岗位：新产线28/H简单手工活可预支普工；标签：五险 / 包住 / 包吃；薪资：6500-7000元/月,未注明,,58同城,2026-09-24 21:08:31,410724,获嘉县,新乡市,2024-2026,58_获嘉县_2024_2026.csv
909,用户41943,总经理经营管理助理,新乡市,其他-获嘉,4000.0,5000.0,岗位：总经理经营管理助理；标签：招20人 / 经验6-7年 / 学历本科；薪资：4000-5000元/月,本科,20.0,58同城,2026-09-24 21:08:31,410724,获嘉县,新乡市,2024-2026,58_获嘉县_2024_2026.csv
910,杨先生,工价高0费用入职坐班白班可选普工,新乡市,其他-获嘉,6500.0,7000.0,岗位：工价高0费用入职坐班白班可选普工；标签：五险一金 / 五险 / 包住 / 包吃；薪资：6500-7000元/月,未注明,,58同城,2026-09-24 21:08:31,410724,获嘉县,新乡市,2024-2026,58_获嘉县_2024_2026.csv
911,用户41943,制图员,新乡市,其他-获嘉,3000.0,5000.0,岗位：制图员；标签：招14人 / 经验不限 / 学历本科；薪资：3000-5000元/月,本科,14.0,58同城,2026-09-24 21:08:31,410724,获嘉县,新乡市,2024-2026,58_获嘉县_2024_2026.csv
912,安静,长垣上市汽车零部件厂普工月薪七千包吃包住,新乡市,其他-获嘉,5000.0,7000.0,岗位：长垣上市汽车零部件厂普工月薪七千包吃包住；标签：五险一金 / 饭补 / 交通补助；薪资：5000-7000元/月,未注明,,58同城,2026-09-24 21:08:31,410724,获嘉县,新乡市,2024-2026,58_获嘉县_2024_2026.csv
913,王先生,门窗厂普工/操作工2500起,新乡市,新乡-新乡县,2500.0,7500.0,岗位：门窗厂普工/操作工2500起；标签：经验不限 / 学历不限；薪资：2500-7500元/月,学历不限,,58同城,2026-09-24 21:08:31,410724,获嘉县,新乡市,2024-2026,58_获嘉县_2024_2026.csv
914,经理,鑫盛模具会计五险一金,新乡市,辉县-辉县汽车站,3000.0,5500.0,岗位：鑫盛模具会计五险一金；标签：五险一金 / 包吃 / 加班补助 / 话补；薪资：3000-5500元/月,未注明,,58同城,2026-09-24 21:08:31,410724,获嘉县,新乡市,2024-2026,58_获嘉县_2024_2026.csv
915,李女士,富士康直聘普工不压工资 小程序,新乡市,红旗-宝龙广场,7000.0,8000.0,岗位：富士康直聘普工不压工资 小程序；标签：五险一金 / 包住 / 包吃 / 加班补助；薪资：7000-8000元/月,未注明,,58同城,2026-09-24 21:08:31,410724,获嘉县,新乡市,2024-2026,58_获嘉县_2024_2026.csv
916,王先生,中控保安提供服装被褥包吃住交五险,新乡市,新乡-红旗,4500.0,5000.0,岗位：中控保安提供服装被褥包吃住交五险；标签：五险一金 / 包住 / 包吃 / 年底双薪；薪资：4500-5000元/月,未注明,,58同城,2026-09-24 21:08:31,410724,获嘉县,新乡市,2024-2026,58_获嘉县_2024_2026.csv
917,郭老师,抖音运营,新乡市,新乡-新乡县,3000.0,4500.0,岗位：抖音运营；标签：招5人 / 经验不限 / 学历不限；薪资：3000-4500元/月,学历不限,5.0,58同城,2026-09-24 21:08:31,410724,获嘉县,新乡市,2024-2026,58_获嘉县_2024_2026.csv
918,董先生,电竞俱乐部代练/陪玩饭补包住,新乡市,新乡-新乡县,3000.0,5000.0,岗位：电竞俱乐部代练/陪玩饭补包住；标签：包住 / 饭补；薪资：3000-5000元/月,未注明,,58同城,2026-09-24 21:08:31,410724,获嘉县,新乡市,2024-2026,58_获嘉县_2024_2026.csv
919,华先生,半导体工厂普工正式工月薪8000提供食宿,新乡市,新乡-牧野,5000.0,7000.0,岗位：半导体工厂普工正式工月薪8000提供食宿；标签：五险一金 / 五险 / 包住 / 包吃；薪资：5000-7000元/月,未注明,,58同城,2026-09-24 21:08:31,410724,获嘉县,新乡市,2024-2026,58_获嘉县_2024_2026.csv
920,踮脚看云的阿宁,好旺角休闲娱乐馆店员/营业员3500起,新乡市,红旗-宝龙广场,3500.0,6000.0,岗位：好旺角休闲娱乐馆店员/营业员3500起；标签：招1人 / 经验3-5年 / 学历不限；薪资：3500-6000元/月,学历不限,1.0,58同城,2026-09-24 21:08:31,410724,获嘉县,新乡市,2024-2026,58_获嘉县_2024_2026.csv
921,Aluu,洗车工,新乡市,新乡,1000.0,2000.0,岗位：洗车工；标签：包吃；薪资：1000-2000元/月,未注明,,58同城,2026-09-24 21:08:31,410724,获嘉县,新乡市,2024-2026,58_获嘉县_2024_2026.csv
922,谭先生,商超/零售店员/营业员2500起,新乡市,牧野-定国湖,2500.0,5000.0,岗位：商超/零售店员/营业员2500起；标签：饭补；薪资：2500-5000元/月,未注明,,58同城,2026-09-24 21:08:31,410724,获嘉县,新乡市,2024-2026,58_获嘉县_2024_2026.csv
923,没谱青年,暖暖靓机汇手机配件经营店店员/营业员3千,新乡市,新乡-延津,3000.0,6000.0,岗位：暖暖靓机汇手机配件经营店店员/营业员3千；标签：招1人 / 经验不限 / 学历不限；薪资：3000-6000元/月,学历不限,1.0,58同城,2026-09-24 21:08:31,410724,获嘉县,新乡市,2024-2026,58_获嘉县_2024_2026.csv
924,落叶不随风,源鸿电器商行店员/营业员3千起,新乡市,其他-获嘉,3000.0,5000.0,岗位：源鸿电器商行店员/营业员3千起；标签：饭补；薪资：3000-5000元/月,未注明,,58同城,2026-09-24 21:08:31,410724,获嘉县,新乡市,2024-2026,58_获嘉县_2024_2026.csv
925,空压机三滤生产厂家,滤芯厂女工,新乡市,新乡-牧野,3000.0,4500.0,岗位：滤芯厂女工；标签：加班补助；薪资：3000-4500元/月,未注明,,58同城,2026-09-24 21:08:31,410724,获嘉县,新乡市,2024-2026,58_获嘉县_2024_2026.csv
926,郭保树,促销/导购员2500起,新乡市,新乡-牧野,2500.0,4000.0,岗位：促销/导购员2500起；标签：经验不限 / 学历不限；薪资：2500-4000元/月,学历不限,,58同城,2026-09-24 21:08:31,410724,获嘉县,新乡市,2024-2026,58_获嘉县_2024_2026.csv
927,用户18246,氩弧焊工,新乡市,其他-其它,6000.0,9000.0,岗位：氩弧焊工；标签：五险一金 / 包住 / 包吃 / 饭补；薪资：6000-9000元/月,未注明,,58同城,2026-09-24 21:08:51,410724,获嘉县,新乡市,2024-2026,58_获嘉县_2024_2026.csv
928,我本善良,东成通讯部店员/营业员2.5k起,新乡市,红旗-胖东来,2500.0,5000.0,岗位：东成通讯部店员/营业员2.5k起；标签：经验不限 / 学历不限；薪资：2500-5000元/月,学历不限,,58同城,2026-09-24 21:08:51,410724,获嘉县,新乡市,2024-2026,58_获嘉县_2024_2026.csv
929,张,美发师助理,新乡市,红旗-胖东来,2000.0,3000.0,岗位：美发师助理；标签：包住 / 包吃；薪资：2000-3000元/月,未注明,,58同城,2026-09-24 21:08:51,410724,获嘉县,新乡市,2024-2026,58_获嘉县_2024_2026.csv
930,郭先生,鲜肉店销售,新乡市,新乡-卫辉,2600.0,3200.0,岗位：鲜肉店销售；标签：周末双休 / 加班补助 / 饭补；薪资：2600-3200元/月,未注明,,58同城,2026-09-24 21:08:51,410724,获嘉县,新乡市,2024-2026,58_获嘉县_2024_2026.csv
931,王洋,中餐厨师,新乡市,新乡-卫滨,5000.0,8000.0,岗位：中餐厨师；标签：包住 / 包吃；薪资：5000-8000元/月,未注明,,58同城,2026-09-24 21:08:51,410724,获嘉县,新乡市,2024-2026,58_获嘉县_2024_2026.csv
932,招聘专员,采购专员居家办公轻松岗位,新乡市,红旗-宝龙广场,4300.0,4900.0,岗位：采购专员居家办公轻松岗位；标签：五险一金；薪资：4300-4900元/月,未注明,,58同城,2026-09-24 21:08:51,410724,获嘉县,新乡市,2024-2026,58_获嘉县_2024_2026.csv
933,爱穿裙子的兔,美甲师,新乡市,红旗-宝龙广场,4000.0,6000.0,岗位：美甲师；标签：经验不限 / 学历不限；薪资：4000-6000元/月,学历不限,,58同城,2026-09-24 21:08:51,410724,获嘉县,新乡市,2024-2026,58_获嘉县_2024_2026.csv
934,河南富鑫新材料科技有限公司,视频剪辑/编辑3.5k起,新乡市,红旗-宝龙广场,3500.0,4000.0,岗位：视频剪辑/编辑3.5k起；标签：招1人 / 经验3-5年 / 学历大专；薪资：3500-4000元/月,大专,1.0,58同城,2026-09-24 21:08:51,410724,获嘉县,新乡市,2024-2026,58_获嘉县_2024_2026.csv
935,天德汽修,汽车机修学徒,新乡市,牧野-定国湖,2000.0,3000.0,岗位：汽车机修学徒；标签：包住 / 包吃；薪资：2000-3000元/月,未注明,,58同城,2026-09-24 21:08:51,410724,获嘉县,新乡市,2024-2026,58_获嘉县_2024_2026.csv
936,捏小脸的温柔,制衣厂缝纫工3k起,新乡市,其他-封丘,3000.0,6000.0,岗位：制衣厂缝纫工3k起；标签：饭补；薪资：3000-6000元/月,未注明,,58同城,2026-09-24 21:08:51,410724,获嘉县,新乡市,2024-2026,58_获嘉县_2024_2026.csv
937,闫女士,缝纫工/缝纫学徒加班补助包住包吃,新乡市,其他-原阳,4000.0,8000.0,岗位：缝纫工/缝纫学徒加班补助包住包吃；标签：包住 / 包吃 / 加班补助；薪资：4000-8000元/月,未注明,,58同城,2026-09-24 21:08:51,410724,获嘉县,新乡市,2024-2026,58_获嘉县_2024_2026.csv
938,招聘专员,家装销售营销员,新乡市,其他-封丘,2000.0,4500.0,岗位：家装销售营销员；标签：交通补助 / 话补 / 房补；薪资：2000-4500元/月,未注明,,58同城,2026-09-24 21:08:51,410724,获嘉县,新乡市,2024-2026,58_获嘉县_2024_2026.csv
939,郝先生,火锅店餐饮学徒2000起,新乡市,其他-封丘,2000.0,3500.0,岗位：火锅店餐饮学徒2000起；标签：经验不限 / 学历不限；薪资：2000-3500元/月,学历不限,,58同城,2026-09-24 21:08:51,410724,获嘉县,新乡市,2024-2026,58_获嘉县_2024_2026.csv
940,用户98122,中餐厨师,新乡市,新乡-辉县,5000.0,5500.0,岗位：中餐厨师；标签：经验不限 / 学历不限；薪资：5000-5500元/月,学历不限,,58同城,2026-09-24 21:08:51,410724,获嘉县,新乡市,2024-2026,58_获嘉县_2024_2026.csv
941,张宇,生产跟单/生产调度员五险包住包吃,新乡市,新乡-获嘉,2800.0,4600.0,岗位：生产跟单/生产调度员五险包住包吃；标签：五险 / 包住 / 包吃；薪资：2800-4600元/月,未注明,,58同城,2026-09-24 21:10:05,410724,获嘉县,新乡市,2024-2026,58_获嘉县_2024_2026.csv
942,黄女士,获嘉德邦招快递员4K-10K免费工服,新乡市,新乡-红旗,4000.0,10000.0,岗位：获嘉德邦招快递员4K-10K免费工服；标签：话补；薪资：4000-10000元/月,未注明,,58同城,2026-09-24 21:11:24,410724,获嘉县,新乡市,2024-2026,58_获嘉县_2024_2026.csv
943,看蚂蚁的静静,仓库管理包吃住买五险,新乡市,获嘉-迎宾大道,5000.0,8000.0,岗位：仓库管理包吃住买五险；标签：五险一金 / 包吃 / 包住 / 周末双休；薪资：5000-8000元/月,未注明,,58同城,2026-09-24 21:11:34,410724,获嘉县,新乡市,2024-2026,58_获嘉县_2024_2026.csv
944,李先生,申通直招配/理/拣/发货,新乡市,新乡-获嘉,5000.0,6000.0,岗位：申通直招配/理/拣/发货；标签：包住 / 包吃 / 年底双薪 / 加班补助；薪资：5000-6000元/月,未注明,,58同城,2026-09-24 21:11:34,410724,获嘉县,新乡市,2024-2026,58_获嘉县_2024_2026.csv
945,闫女士,缝纫工/缝纫学徒加班补助包住包吃,新乡市,其他-原阳,4000.0,8000.0,岗位：缝纫工/缝纫学徒加班补助包住包吃；标签：包住 / 包吃 / 加班补助；薪资：4000-8000元/月,未注明,,58同城,2026-09-24 21:11:48,410725,原阳县,新乡市,2024-2026,58_原阳县_2024_2026.csv
946,代先生,坐班长白班280/天不穿无尘服普工,新乡市,其他-原阳,5500.0,7500.0,岗位：坐班长白班280/天不穿无尘服普工；标签：五险 / 包住 / 包吃；薪资：5500-7500元/月,未注明,,58同城,2026-09-24 21:11:48,410725,原阳县,新乡市,2024-2026,58_原阳县_2024_2026.csv
947,杨先生,16岁以上耳机厂坐班急聘... 小程序,新乡市,其他-原阳,6000.0,7000.0,岗位：16岁以上耳机厂坐班急聘... 小程序；标签：包住 / 包吃；薪资：6000-7000元/月,未注明,,58同城,2026-09-24 21:11:48,410725,原阳县,新乡市,2024-2026,58_原阳县_2024_2026.csv
948,晃脑袋的铃,电话销售,新乡市,其他-原阳,3000.0,7000.0,岗位：电话销售；标签：经验不限 / 学历不限；薪资：3000-7000元/月,学历不限,,58同城,2026-09-24 21:11:48,410725,原阳县,新乡市,2024-2026,58_原阳县_2024_2026.csv
949,招聘主管,豪宅/家装设计饭补话补,新乡市,其他-原阳,4500.0,10000.0,岗位：豪宅/家装设计饭补话补；标签：饭补 / 话补；薪资：4500-10000元/月,未注明,,58同城,2026-09-24 21:11:48,410725,原阳县,新乡市,2024-2026,58_原阳县_2024_2026.csv
950,踩水坑的皮皮,居家审核员包吃住双休岗位,新乡市,其他-原阳,5000.0,8000.0,岗位：居家审核员包吃住双休岗位；标签：五险一金 / 包吃 / 包住 / 周末双休；薪资：5000-8000元/月,未注明,,58同城,2026-09-24 21:11:48,410725,原阳县,新乡市,2024-2026,58_原阳县_2024_2026.csv
951,关女士,16岁以上线束厂普工面试当天住宿舍包吃住,新乡市,其他-原阳,7000.0,7500.0,岗位：16岁以上线束厂普工面试当天住宿舍包吃住；标签：五险一金 / 五险 / 包住 / 包吃；薪资：7000-7500元/月,未注明,,58同城,2026-09-24 21:11:48,410725,原阳县,新乡市,2024-2026,58_原阳县_2024_2026.csv
952,你会腻,智能设备厂会计3千起,新乡市,其他-原阳,3000.0,5000.0,岗位：智能设备厂会计3千起；标签：经验1-2年 / 学历大专；薪资：3000-5000元/月,大专,,58同城,2026-09-24 21:11:48,410725,原阳县,新乡市,2024-2026,58_原阳县_2024_2026.csv
953,王先生,门窗厂普工/操作工2500起,新乡市,新乡-新乡县,2500.0,7500.0,岗位：门窗厂普工/操作工2500起；标签：经验不限 / 学历不限；薪资：2500-7500元/月,学历不限,,58同城,2026-09-24 21:11:48,410725,原阳县,新乡市,2024-2026,58_原阳县_2024_2026.csv
954,经理,鑫盛模具会计五险一金,新乡市,辉县-辉县汽车站,3000.0,5500.0,岗位：鑫盛模具会计五险一金；标签：五险一金 / 包吃 / 加班补助 / 话补；薪资：3000-5500元/月,未注明,,58同城,2026-09-24 21:11:48,410725,原阳县,新乡市,2024-2026,58_原阳县_2024_2026.csv
955,李女士,富士康直聘普工不压工资 小程序,新乡市,红旗-宝龙广场,7000.0,8000.0,岗位：富士康直聘普工不压工资 小程序；标签：五险一金 / 包住 / 包吃 / 加班补助；薪资：7000-8000元/月,未注明,,58同城,2026-09-24 21:11:48,410725,原阳县,新乡市,2024-2026,58_原阳县_2024_2026.csv
956,王先生,中控保安提供服装被褥包吃住交五险,新乡市,新乡-红旗,4500.0,5000.0,岗位：中控保安提供服装被褥包吃住交五险；标签：五险一金 / 包住 / 包吃 / 年底双薪；薪资：4500-5000元/月,未注明,,58同城,2026-09-24 21:11:48,410725,原阳县,新乡市,2024-2026,58_原阳县_2024_2026.csv
957,郭老师,抖音运营,新乡市,新乡-新乡县,3000.0,4500.0,岗位：抖音运营；标签：招5人 / 经验不限 / 学历不限；薪资：3000-4500元/月,学历不限,5.0,58同城,2026-09-24 21:11:48,410725,原阳县,新乡市,2024-2026,58_原阳县_2024_2026.csv
958,董先生,电竞俱乐部代练/陪玩饭补包住,新乡市,新乡-新乡县,3000.0,5000.0,岗位：电竞俱乐部代练/陪玩饭补包住；标签：包住 / 饭补；薪资：3000-5000元/月,未注明,,58同城,2026-09-24 21:11:48,410725,原阳县,新乡市,2024-2026,58_原阳县_2024_2026.csv
959,华先生,半导体工厂普工正式工月薪8000提供食宿,新乡市,新乡-牧野,5000.0,7000.0,岗位：半导体工厂普工正式工月薪8000提供食宿；标签：五险一金 / 五险 / 包住 / 包吃；薪资：5000-7000元/月,未注明,,58同城,2026-09-24 21:11:48,410725,原阳县,新乡市,2024-2026,58_原阳县_2024_2026.csv
960,踮脚看云的阿宁,好旺角休闲娱乐馆店员/营业员3500起,新乡市,红旗-宝龙广场,3500.0,6000.0,岗位：好旺角休闲娱乐馆店员/营业员3500起；标签：招1人 / 经验3-5年 / 学历不限；薪资：3500-6000元/月,学历不限,1.0,58同城,2026-09-24 21:11:48,410725,原阳县,新乡市,2024-2026,58_原阳县_2024_2026.csv
961,Aluu,洗车工,新乡市,新乡,1000.0,2000.0,岗位：洗车工；标签：包吃；薪资：1000-2000元/月,未注明,,58同城,2026-09-24 21:11:48,410725,原阳县,新乡市,2024-2026,58_原阳县_2024_2026.csv
962,佰网优选,超市店员/营业员2500起,新乡市,新乡-红旗,2500.0,5000.0,岗位：超市店员/营业员2500起；标签：招1人 / 经验不限 / 学历大专；薪资：2500-5000元/月,大专,1.0,58同城,2026-09-24 21:11:48,410725,原阳县,新乡市,2024-2026,58_原阳县_2024_2026.csv
963,谭先生,商超/零售店员/营业员2500起,新乡市,牧野-定国湖,2500.0,5000.0,岗位：商超/零售店员/营业员2500起；标签：饭补；薪资：2500-5000元/月,未注明,,58同城,2026-09-24 21:11:48,410725,原阳县,新乡市,2024-2026,58_原阳县_2024_2026.csv
964,没谱青年,暖暖靓机汇手机配件经营店店员/营业员3千,新乡市,新乡-延津,3000.0,6000.0,岗位：暖暖靓机汇手机配件经营店店员/营业员3千；标签：招1人 / 经验不限 / 学历不限；薪资：3000-6000元/月,学历不限,1.0,58同城,2026-09-24 21:11:48,410725,原阳县,新乡市,2024-2026,58_原阳县_2024_2026.csv
965,爱赞成的莫师傅,恒馨百货店/电商运营工作时间灵活,新乡市,其他-获嘉,3000.0,7000.0,岗位：恒馨百货店/电商运营工作时间灵活；标签：经验不限 / 学历不限；薪资：3000-7000元/月,学历不限,,58同城,2026-09-24 21:11:48,410725,原阳县,新乡市,2024-2026,58_原阳县_2024_2026.csv
966,落叶不随风,源鸿电器商行店员/营业员3千起,新乡市,其他-获嘉,3000.0,5000.0,岗位：源鸿电器商行店员/营业员3千起；标签：饭补；薪资：3000-5000元/月,未注明,,58同城,2026-09-24 21:11:48,410725,原阳县,新乡市,2024-2026,58_原阳县_2024_2026.csv
967,落叶不随风,商超/店员/营业员2500起,新乡市,其他-获嘉,2500.0,5000.0,岗位：商超/店员/营业员2500起；标签：饭补；薪资：2500-5000元/月,未注明,,58同城,2026-09-24 21:11:48,410725,原阳县,新乡市,2024-2026,58_原阳县_2024_2026.csv
968,空压机三滤生产厂家,滤芯厂女工,新乡市,新乡-牧野,3000.0,4500.0,岗位：滤芯厂女工；标签：加班补助；薪资：3000-4500元/月,未注明,,58同城,2026-09-24 21:11:48,410725,原阳县,新乡市,2024-2026,58_原阳县_2024_2026.csv
969,郭保树,促销/导购员2500起,新乡市,新乡-牧野,2500.0,4000.0,岗位：促销/导购员2500起；标签：经验不限 / 学历不限；薪资：2500-4000元/月,学历不限,,58同城,2026-09-24 21:11:48,410725,原阳县,新乡市,2024-2026,58_原阳县_2024_2026.csv
970,用户18246,氩弧焊工,新乡市,其他-其它,6000.0,9000.0,岗位：氩弧焊工；标签：五险一金 / 包住 / 包吃 / 饭补；薪资：6000-9000元/月,未注明,,58同城,2026-09-24 21:11:48,410725,原阳县,新乡市,2024-2026,58_原阳县_2024_2026.csv
971,张,美发师助理,新乡市,红旗-胖东来,2000.0,3000.0,岗位：美发师助理；标签：包住 / 包吃；薪资：2000-3000元/月,未注明,,58同城,2026-09-24 21:11:48,410725,原阳县,新乡市,2024-2026,58_原阳县_2024_2026.csv
972,我本善良,东成通讯部店员/营业员2.5k起,新乡市,红旗-胖东来,2500.0,5000.0,岗位：东成通讯部店员/营业员2.5k起；标签：经验不限 / 学历不限；薪资：2500-5000元/月,学历不限,,58同城,2026-09-24 21:11:48,410725,原阳县,新乡市,2024-2026,58_原阳县_2024_2026.csv
973,郭先生,鲜肉店销售,新乡市,新乡-卫辉,2600.0,3200.0,岗位：鲜肉店销售；标签：周末双休 / 加班补助 / 饭补；薪资：2600-3200元/月,未注明,,58同城,2026-09-24 21:11:48,410725,原阳县,新乡市,2024-2026,58_原阳县_2024_2026.csv
974,王洋,中餐厨师,新乡市,新乡-卫滨,5000.0,8000.0,岗位：中餐厨师；标签：包住 / 包吃；薪资：5000-8000元/月,未注明,,58同城,2026-09-24 21:11:48,410725,原阳县,新乡市,2024-2026,58_原阳县_2024_2026.csv
975,招聘专员,采购专员居家办公轻松岗位,新乡市,红旗-宝龙广场,4300.0,4900.0,岗位：采购专员居家办公轻松岗位；标签：五险一金；薪资：4300-4900元/月,未注明,,58同城,2026-09-24 21:11:53,410725,原阳县,新乡市,2024-2026,58_原阳县_2024_2026.csv
976,爱穿裙子的兔,美甲师,新乡市,红旗-宝龙广场,4000.0,6000.0,岗位：美甲师；标签：经验不限 / 学历不限；薪资：4000-6000元/月,学历不限,,58同城,2026-09-24 21:11:53,410725,原阳县,新乡市,2024-2026,58_原阳县_2024_2026.csv
977,河南富鑫新材料科技有限公司,视频剪辑/编辑3.5k起,新乡市,红旗-宝龙广场,3500.0,4000.0,岗位：视频剪辑/编辑3.5k起；标签：招1人 / 经验3-5年 / 学历大专；薪资：3500-4000元/月,大专,1.0,58同城,2026-09-24 21:11:53,410725,原阳县,新乡市,2024-2026,58_原阳县_2024_2026.csv
978,天德汽修,汽车机修学徒,新乡市,牧野-定国湖,2000.0,3000.0,岗位：汽车机修学徒；标签：包住 / 包吃；薪资：2000-3000元/月,未注明,,58同城,2026-09-24 21:11:53,410725,原阳县,新乡市,2024-2026,58_原阳县_2024_2026.csv
979,捏小脸的温柔,制衣厂缝纫工3k起,新乡市,其他-封丘,3000.0,6000.0,岗位：制衣厂缝纫工3k起；标签：饭补；薪资：3000-6000元/月,未注明,,58同城,2026-09-24 21:11:53,410725,原阳县,新乡市,2024-2026,58_原阳县_2024_2026.csv
980,招聘专员,家装销售营销员,新乡市,其他-封丘,2000.0,4500.0,岗位：家装销售营销员；标签：交通补助 / 话补 / 房补；薪资：2000-4500元/月,未注明,,58同城,2026-09-24 21:11:53,410725,原阳县,新乡市,2024-2026,58_原阳县_2024_2026.csv
981,郝先生,火锅店餐饮学徒2000起,新乡市,其他-封丘,2000.0,3500.0,岗位：火锅店餐饮学徒2000起；标签：经验不限 / 学历不限；薪资：2000-3500元/月,学历不限,,58同城,2026-09-24 21:11:53,410725,原阳县,新乡市,2024-2026,58_原阳县_2024_2026.csv
982,秦先生,CNC操作员,新乡市,新乡-原阳,5000.0,8000.0,岗位：CNC操作员；标签：包住 / 包吃 / 年底双薪；薪资：5000-8000元/月,未注明,,58同城,2026-09-24 21:14:31,410725,原阳县,新乡市,2024-2026,58_原阳县_2024_2026.csv
983,胡老板,招商,新乡市,原阳-黄河大道,8000.0,29500.0,岗位：招商；标签：招20人 / 经验不限 / 学历不限；薪资：8000-29500元/月,学历不限,20.0,58同城,2026-09-24 21:15:12,410725,原阳县,新乡市,2024-2026,58_原阳县_2024_2026.csv
984,固始县宜居美景房产中介有限公司,宝藏岗位-固始7000招房产销售,信阳市,固始-城区,8000.0,16000.0,岗位：宝藏岗位-固始7000招房产销售；标签：招5人 / 经验不限 / 学历不限；薪资：8000-16000元/月,学历不限,5.0,58同城,2026-09-24 19:49:54,411525,固始县,信阳市,2024-2026,58_固始县_2024_2026.csv
985,固始县诚达装饰设计有限公司,固始县往流镇好想来零食乐园店员/营业员,信阳市,其他-固始其他,2500.0,4500.0,岗位：固始县往流镇好想来零食乐园店员/营业员；标签：招4人 / 经验不限 / 学历不限；薪资：2500-4500元/月,学历不限,4.0,58同城,2026-09-24 19:49:54,411525,固始县,信阳市,2024-2026,58_固始县_2024_2026.csv
986,固始县宜居美景房产中介有限公司,月薪过万，不加班，五险聘...,信阳市,固始-城区,10000.0,20000.0,岗位：月薪过万，不加班，五险聘...；标签：话补 / 五险一金；薪资：10000-20000元/月,未注明,,58同城,2026-09-24 19:49:54,411525,固始县,信阳市,2024-2026,58_固始县_2024_2026.csv
987,六安市裕安区晓辉阳家居用品厂（个体工商户）,缝纫工/熟练缝纫工工作时间灵活,信阳市,固始-其他,4000.0,7000.0,岗位：缝纫工/熟练缝纫工工作时间灵活；标签：饭补；薪资：4000-7000元/月,未注明,,58同城,2026-09-24 19:49:54,411525,固始县,信阳市,2024-2026,58_固始县_2024_2026.csv
988,固始县信怡城北房产中介有限公司,销售高底薪高提成/福利优厚25-45岁,信阳市,城区-固始城区,5000.0,10000.0,岗位：销售高底薪高提成/福利优厚25-45岁；标签：招7人 / 经验1-2年 / 学历不限；薪资：5000-10000元/月,学历不限,7.0,58同城,2026-09-24 19:49:54,411525,固始县,信阳市,2024-2026,58_固始县_2024_2026.csv
989,固始县铂金纯铠音乐俱乐部（个体工商户）,皇冠城市会客厅营销经理,信阳市,固始-城区,5000.0,10000.0,岗位：皇冠城市会客厅营销经理；标签：招5人 / 经验不限 / 学历不限；薪资：5000-10000元/月,学历不限,5.0,58同城,2026-09-24 19:49:54,411525,固始县,信阳市,2024-2026,58_固始县_2024_2026.csv
990,固始县宜居美景房产中介有限公司,房产经纪人,信阳市,城区-根亲文化公园,8000.0,16000.0,岗位：房产经纪人；标签：招10人 / 经验不限 / 学历不限；薪资：8000-16000元/月,学历不限,10.0,58同城,2026-09-24 19:49:54,411525,固始县,信阳市,2024-2026,58_固始县_2024_2026.csv
991,固始县铂金纯铠音乐俱乐部（个体工商户）,皇冠城市会客厅营销总监面议,信阳市,固始-城区,10000.0,15000.0,岗位：皇冠城市会客厅营销总监面议；标签：招5人 / 经验3-5年 / 学历不限；薪资：10000-15000元/月,学历不限,5.0,58同城,2026-09-24 19:49:54,411525,固始县,信阳市,2024-2026,58_固始县_2024_2026.csv
992,固始县育星武艺文化体育有限公司,育星武艺文化体育公司销售专员2k起,信阳市,固始-其他,2000.0,5000.0,岗位：育星武艺文化体育公司销售专员2k起；标签：招1人 / 经验不限 / 学历不限；薪资：2000-5000元/月,学历不限,1.0,58同城,2026-09-24 19:49:54,411525,固始县,信阳市,2024-2026,58_固始县_2024_2026.csv
993,河南纪开农业发展有限公司,养殖/包住包吃,信阳市,固始-其他,2500.0,4500.0,岗位：养殖/包住包吃；标签：包住 / 包吃；薪资：2500-4500元/月,未注明,,58同城,2026-09-24 19:49:54,411525,固始县,信阳市,2024-2026,58_固始县_2024_2026.csv
994,固始县唯伊美容店,美容师,信阳市,固始-其他,3000.0,11000.0,岗位：美容师；标签：包吃 / 加班补助；薪资：3000-11000元/月,未注明,,58同城,2026-09-24 19:49:54,411525,固始县,信阳市,2024-2026,58_固始县_2024_2026.csv
995,固始县元丰健康养老服务有限公司,养老服务师3k起,信阳市,固始-其他,3000.0,3500.0,岗位：养老服务师3k起；标签：经验1-2年 / 学历不限；薪资：3000-3500元/月,学历不限,,58同城,2026-09-24 19:49:54,411525,固始县,信阳市,2024-2026,58_固始县_2024_2026.csv
996,固始县唯伊美容店,唯伊美容店/美容师加班补助免费工服包吃,信阳市,固始-其他,3000.0,10000.0,岗位：唯伊美容店/美容师加班补助免费工服包吃；标签：包吃 / 加班补助；薪资：3000-10000元/月,未注明,,58同城,2026-09-24 19:49:54,411525,固始县,信阳市,2024-2026,58_固始县_2024_2026.csv
997,固始县山中无老虎火锅餐饮店（个体工商户）,收银员,信阳市,固始-其他,3500.0,4000.0,岗位：收银员；标签：包吃；薪资：3500-4000元/月,未注明,,58同城,2026-09-24 19:49:54,411525,固始县,信阳市,2024-2026,58_固始县_2024_2026.csv
998,河南岚众信息咨询有限公司,急招固始不装卸配送农产品不装卸C1司机,信阳市,信阳-固始,6000.0,8000.0,岗位：急招固始不装卸配送农产品不装卸C1司机；标签：五险 / 包住；薪资：6000-8000元/月,未注明,,58同城,2026-09-24 19:49:54,411525,固始县,信阳市,2024-2026,58_固始县_2024_2026.csv
999,固始县星空建筑装饰材料店,贴画/打包/封边工人,信阳市,固始-城区,4000.0,6000.0,岗位：贴画/打包/封边工人；标签：饭补；薪资：4000-6000元/月,未注明,,58同城,2026-09-24 19:49:54,411525,固始县,信阳市,2024-2026,58_固始县_2024_2026.csv
1000,固始县大品牌建材装饰材料工厂店,品牌店业务员底薪3千5,信阳市,固始,3500.0,7000.0,岗位：品牌店业务员底薪3千5；标签：招5人 / 经验不限 / 学历不限；薪资：3500-7000元/月,学历不限,5.0,58同城,2026-09-24 19:49:54,411525,固始县,信阳市,2024-2026,58_固始县_2024_2026.csv
1001,固始盛世广告传媒有限公司,诚聘普工/操作工稳定待遇好,信阳市,固始-城区,2500.0,4500.0,岗位：诚聘普工/操作工稳定待遇好；标签：招5人 / 经验不限 / 学历不限；薪资：2500-4500元/月,学历不限,5.0,58同城,2026-09-24 19:49:54,411525,固始县,信阳市,2024-2026,58_固始县_2024_2026.csv
1002,广东快薪人力资源有限公司,300/天日结坐班线路检测-包入职不管严,信阳市,信阳-固始,6500.0,8500.0,岗位：300/天日结坐班线路检测-包入职不管严；标签：五险一金 / 五险 / 包住 / 包吃；薪资：6500-8500元/月,未注明,,58同城,2026-09-24 19:49:54,411525,固始县,信阳市,2024-2026,58_固始县_2024_2026.csv
1003,乐清市同立人力资源有限公司,电子厂印刷工月入8500包食宿可预支,信阳市,固始,8000.0,8500.0,岗位：电子厂印刷工月入8500包食宿可预支；标签：五险一金 / 五险 / 包住 / 包吃；薪资：8000-8500元/月,未注明,,58同城,2026-09-24 19:49:54,411525,固始县,信阳市,2024-2026,58_固始县_2024_2026.csv
1004,淮安零工巧匠科技有限公司,急/300一天口红厂印刷/长白班,信阳市,固始,7500.0,8000.0,岗位：急/300一天口红厂印刷/长白班；标签：五险一金 / 五险 / 包住 / 包吃；薪资：7500-8000元/月,未注明,,58同城,2026-09-24 19:49:54,411525,固始县,信阳市,2024-2026,58_固始县_2024_2026.csv
1005,上海南风汽车租赁有限公司,公司招司机上下班接送员工,信阳市,固始,5900.0,6000.0,岗位：公司招司机上下班接送员工；标签：五险一金 / 五险 / 包住 / 包吃；薪资：5900-6000元/月,未注明,,58同城,2026-09-24 19:49:54,411525,固始县,信阳市,2024-2026,58_固始县_2024_2026.csv
1006,上海南风汽车租赁有限公司,招小车司机包吃住会开车就行,信阳市,固始,6500.0,7000.0,岗位：招小车司机包吃住会开车就行；标签：五险一金 / 五险 / 包住 / 包吃；薪资：6500-7000元/月,未注明,,58同城,2026-09-24 19:49:54,411525,固始县,信阳市,2024-2026,58_固始县_2024_2026.csv
1007,上海安心用汽车服务有限公司,给公司老板开车包住宿7200,信阳市,固始,7100.0,7200.0,岗位：给公司老板开车包住宿7200；标签：包住 / 交通补助 / 加班补助；薪资：7100-7200元/月,未注明,,58同城,2026-09-24 19:49:54,411525,固始县,信阳市,2024-2026,58_固始县_2024_2026.csv
1008,上海南风汽车租赁有限公司,招司机包吃住会开车即可,信阳市,固始,7100.0,7200.0,岗位：招司机包吃住会开车即可；标签：五险一金 / 加班补助 / 五险 / 饭补；薪资：7100-7200元/月,未注明,,58同城,2026-09-24 19:49:54,411525,固始县,信阳市,2024-2026,58_固始县_2024_2026.csv
1009,上海安心用汽车服务有限公司,给公司老板开车小车司机，包住宿,信阳市,固始,5500.0,6000.0,岗位：给公司老板开车小车司机，包住宿；标签：房补 / 饭补 / 加班补助；薪资：5500-6000元/月,未注明,,58同城,2026-09-24 19:49:54,411525,固始县,信阳市,2024-2026,58_固始县_2024_2026.csv
1010,上海安心用汽车服务有限公司,企业招班车司机,信阳市,固始,5800.0,6000.0,岗位：企业招班车司机；标签：五险一金 / 五险 / 包住 / 包吃；薪资：5800-6000元/月,未注明,,58同城,2026-09-24 19:49:54,411525,固始县,信阳市,2024-2026,58_固始县_2024_2026.csv
1011,上海南风汽车租赁有限公司,直聘纯上班司机非中介工资周结,信阳市,固始,5900.0,6000.0,岗位：直聘纯上班司机非中介工资周结；标签：五险一金 / 房补 / 五险 / 包住；薪资：5900-6000元/月,未注明,,58同城,2026-09-24 19:49:54,411525,固始县,信阳市,2024-2026,58_固始县_2024_2026.csv
1012,上海顺桐宇汽车服务有限公司,直招商务司机，包住,信阳市,固始,5900.0,6000.0,岗位：直招商务司机，包住；标签：五险 / 包住 / 加班补助 / 房补；薪资：5900-6000元/月,未注明,,58同城,2026-09-24 19:49:54,411525,固始县,信阳市,2024-2026,58_固始县_2024_2026.csv
1013,上海南风汽车租赁有限公司,直招小车司机,信阳市,固始,5900.0,6000.0,岗位：直招小车司机；标签：五险一金 / 五险 / 包住 / 包吃；薪资：5900-6000元/月,未注明,,58同城,2026-09-24 19:49:54,411525,固始县,信阳市,2024-2026,58_固始县_2024_2026.csv
