ad_id,企业名称,招聘岗位,工作城市,工作区域,最低月薪,最高月薪,职位描述,学历要求,招聘人数,来源平台,抓取时间,county_code,county_name,prefecture,crawl_period,source_file
1,陈先生,郑州韵达直招维保员,郑州市,中牟-中牟城区,4000.0,5000.0,岗位：郑州韵达直招维保员；标签：五险 / 包住 / 包吃；薪资：4000-5000元/月,未注明,,58同城,2026-09-24 20:10:28,410122,中牟县,郑州市,2024-2026,58_中牟县_2024_2026.csv
2,付先生,富泰京精密电子厂机械维修/保养包住,郑州市,中牟-中牟城区,5000.0,7000.0,岗位：富泰京精密电子厂机械维修/保养包住；标签：包住；薪资：5000-7000元/月,未注明,,58同城,2026-09-24 20:10:28,410122,中牟县,郑州市,2024-2026,58_中牟县_2024_2026.csv
3,招聘专员,直播运营,郑州市,中牟-中牟城区,18000.0,26000.0,岗位：直播运营；标签：招1人 / 经验不限 / 学历不限；薪资：18000-26000元/月,学历不限,1.0,58同城,2026-09-24 20:10:33,410122,中牟县,郑州市,2024-2026,58_中牟县_2024_2026.csv
4,招聘专员,武术教练,郑州市,中牟-中牟城区,5000.0,8000.0,岗位：武术教练；标签：招1人 / 经验不限 / 学历不限；薪资：5000-8000元/月,学历不限,1.0,58同城,2026-09-24 20:10:38,410122,中牟县,郑州市,2024-2026,58_中牟县_2024_2026.csv
5,招聘专员,建筑机电工程师,郑州市,中牟-中牟城区,7000.0,9000.0,岗位：建筑机电工程师；标签：招1人 / 经验不限 / 学历不限；薪资：7000-9000元/月,学历不限,1.0,58同城,2026-09-24 20:10:38,410122,中牟县,郑州市,2024-2026,58_中牟县_2024_2026.csv
6,招聘专员,游戏客服,郑州市,中牟-中牟城区,5000.0,10000.0,岗位：游戏客服；标签：招1人 / 经验不限 / 学历不限；薪资：5000-10000元/月,学历不限,1.0,58同城,2026-09-24 20:10:59,410122,中牟县,郑州市,2024-2026,58_中牟县_2024_2026.csv
7,果冻摇尾巴,超市卖场经理/5000起,郑州市,中牟-中牟城区,5000.0,8000.0,岗位：超市卖场经理/5000起；标签：招1人 / 经验3-5年 / 学历不限；薪资：5000-8000元/月,学历不限,1.0,58同城,2026-09-24 20:11:03,410122,中牟县,郑州市,2024-2026,58_中牟县_2024_2026.csv
8,王女士,急招C证小车司机一名，月... 小程序,郑州市,郑州-中牟,9000.0,12000.0,岗位：急招C证小车司机一名，月... 小程序；标签：年底双薪 / 周末双休 / 交通补助 / 加班补助；薪资：9000-12000元/月,未注明,,58同城,2026-09-24 20:11:12,410122,中牟县,郑州市,2024-2026,58_中牟县_2024_2026.csv
9,王女士,无责保底8K招司机,郑州市,郑州-中牟,8000.0,12000.0,岗位：无责保底8K招司机；标签：年底双薪 / 周末双休 / 交通补助 / 加班补助；薪资：8000-12000元/月,未注明,,58同城,2026-09-24 20:11:12,410122,中牟县,郑州市,2024-2026,58_中牟县_2024_2026.csv
10,边先生,不租不购招聘专职司机月薪8千多,郑州市,中牟-中牟城区,7000.0,10000.0,岗位：不租不购招聘专职司机月薪8千多；标签：招2人 / 经验8-10年 / 学历不限；薪资：7000-10000元/月,学历不限,2.0,58同城,2026-09-24 20:11:16,410122,中牟县,郑州市,2024-2026,58_中牟县_2024_2026.csv
11,魏女士,日结260元分拣仓储男女不限,郑州市,中牟-中牟城区,7000.0,8000.0,岗位：日结260元分拣仓储男女不限；标签：包住 / 五险一金 / 饭补；薪资：7000-8000元/月,未注明,,58同城,2026-09-24 20:11:36,410122,中牟县,郑州市,2024-2026,58_中牟县_2024_2026.csv
12,张先生,小件快递分拣装卸包吃住无押金242一天,郑州市,郑州-中牟,5500.0,7000.0,岗位：小件快递分拣装卸包吃住无押金242一天；标签：包住 / 包吃；薪资：5500-7000元/月,未注明,,58同城,2026-09-24 20:11:36,410122,中牟县,郑州市,2024-2026,58_中牟县_2024_2026.csv
13,冯先生,包吃住日薪242元小快递分拣理货,郑州市,郑州-中牟,6000.0,8000.0,岗位：包吃住日薪242元小快递分拣理货；标签：五险 / 包住 / 包吃 / 年底双薪；薪资：6000-8000元/月,未注明,,58同城,2026-09-24 20:11:36,410122,中牟县,郑州市,2024-2026,58_中牟县_2024_2026.csv
14,冯女士,长白班包吃住日结300交社保男女不限,郑州市,中牟-中牟城区,6500.0,7500.0,岗位：长白班包吃住日结300交社保男女不限；标签：包住 / 包吃；薪资：6500-7500元/月,未注明,,58同城,2026-09-24 20:11:36,410122,中牟县,郑州市,2024-2026,58_中牟县_2024_2026.csv
15,晓行夜宿de栗老板,（空）配/理/拣/发货导入装车,郑州市,中牟-中牟城区,4500.0,7500.0,岗位：（空）配/理/拣/发货导入装车；标签：招5人 / 经验不限 / 学历不限；薪资：4500-7500元/月,学历不限,5.0,58同城,2026-09-24 20:11:36,410122,中牟县,郑州市,2024-2026,58_中牟县_2024_2026.csv
16,高女士,物流小件分拣220/天可短期,郑州市,中牟-中牟城区,6000.0,7500.0,岗位：物流小件分拣220/天可短期；标签：饭补 / 房补 / 五险一金 / 五险；薪资：6000-7500元/月,未注明,,58同城,2026-09-24 20:11:36,410122,中牟县,郑州市,2024-2026,58_中牟县_2024_2026.csv
17,招聘专员,台球助教工作,郑州市,郑州-巩义,5000.0,7000.0,岗位：台球助教工作；标签：招8人 / 经验不限 / 学历不限；薪资：5000-7000元/月,学历不限,8.0,58同城,2026-09-24 21:42:34,410181,巩义市,郑州市,2024-2026,58_巩义市_2024_2026.csv
18,刘先生,纯开车司机，时间自由,郑州市,郑州-巩义,7000.0,9500.0,岗位：纯开车司机，时间自由；标签：年底双薪 / 周末双休 / 交通补助 / 加班补助；薪资：7000-9500元/月,未注明,,58同城,2026-09-24 21:43:16,410181,巩义市,郑州市,2024-2026,58_巩义市_2024_2026.csv
19,晨曦小鹿,16-55日结280电子厂普工/操作工,郑州市,荥阳-荥阳城区,4500.0,7000.0,岗位：16-55日结280电子厂普工/操作工；标签：五险一金 / 五险 / 包住 / 包吃；薪资：4500-7000元/月,未注明,,58同城,2026-09-24 20:13:23,410182,荥阳市,郑州市,2024-2026,58_荥阳市_2024_2026.csv
20,陈经理,龙门加工中心师傅8k起,郑州市,荥阳-荥阳城区,8000.0,11000.0,岗位：龙门加工中心师傅8k起；标签：招1人 / 经验3-5年 / 学历不限；薪资：8000-11000元/月,学历不限,1.0,58同城,2026-09-24 20:13:23,410182,荥阳市,郑州市,2024-2026,58_荥阳市_2024_2026.csv
21,晨曦小鹿,16-55日结280电子... 小程序,郑州市,荥阳-荥阳城区,4500.0,7000.0,岗位：16-55日结280电子... 小程序；标签：五险一金 / 五险 / 包住 / 包吃；薪资：4500-7000元/月,未注明,,58同城,2026-09-24 20:13:27,410182,荥阳市,郑州市,2024-2026,58_荥阳市_2024_2026.csv
22,招聘专员,机械工程师 小程序,郑州市,荥阳-荥阳城区,10000.0,15000.0,岗位：机械工程师 小程序；标签：招1人 / 经验不限 / 学历不限；薪资：10000-15000元/月,学历不限,1.0,58同城,2026-09-24 20:13:31,410182,荥阳市,郑州市,2024-2026,58_荥阳市_2024_2026.csv
23,李春莲,CNC/数控工程师,郑州市,荥阳-荥阳城区,4000.0,6000.0,岗位：CNC/数控工程师；标签：招1人 / 经验不限 / 学历不限；薪资：4000-6000元/月,学历不限,1.0,58同城,2026-09-24 20:13:31,410182,荥阳市,郑州市,2024-2026,58_荥阳市_2024_2026.csv
24,王先生,机电工程师/五险包住,郑州市,郑州-荥阳,6000.0,10000.0,岗位：机电工程师/五险包住；标签：五险 / 包住；薪资：6000-10000元/月,未注明,,58同城,2026-09-24 20:13:36,410182,荥阳市,郑州市,2024-2026,58_荥阳市_2024_2026.csv
25,周秀娟,机电工程师,郑州市,郑州-荥阳,5000.0,6000.0,岗位：机电工程师；标签：招1人 / 经验不限 / 学历不限；薪资：5000-6000元/月,学历不限,1.0,58同城,2026-09-24 20:13:36,410182,荥阳市,郑州市,2024-2026,58_荥阳市_2024_2026.csv
26,樊书欣,诚聘仓库管理员有经验优先,郑州市,郑州-荥阳,3000.0,4000.0,岗位：诚聘仓库管理员有经验优先；标签：招1人 / 经验1-2年 / 学历不限；薪资：3000-4000元/月,学历不限,1.0,58同城,2026-09-24 20:14:31,410182,荥阳市,郑州市,2024-2026,58_荥阳市_2024_2026.csv
27,王遂贵,CNC/数控工程师,郑州市,郑州-新密,8000.0,10000.0,岗位：CNC/数控工程师；标签：招1人 / 经验不限 / 学历不限；薪资：8000-10000元/月,学历不限,1.0,58同城,2026-09-24 20:14:55,410183,新密市,郑州市,2024-2026,58_新密市_2024_2026.csv
28,郭先生,收入稳定做司机，上班工作不受气,郑州市,郑州-新郑,8000.0,12000.0,岗位：收入稳定做司机，上班工作不受气；标签：年底双薪 / 周末双休 / 交通补助 / 加班补助；薪资：8000-12000元/月,未注明,,58同城,2026-09-24 20:16:19,410184,新郑市,郑州市,2024-2026,58_新郑市_2024_2026.csv
29,咕噜咕噜,郑州比亚迪招聘机修工（包住五险一金）,郑州市,郑州-新郑,6000.0,8000.0,岗位：郑州比亚迪招聘机修工（包住五险一金）；标签：五险一金 / 包住；薪资：6000-8000元/月,未注明,,58同城,2026-09-24 20:16:19,410184,新郑市,郑州市,2024-2026,58_新郑市_2024_2026.csv
30,雷女士,足疗师/包吃包住,郑州市,郑州-新郑,6500.0,11000.0,岗位：足疗师/包吃包住；标签：招1人 / 经验不限 / 学历不限；薪资：6500-11000元/月,学历不限,1.0,58同城,2026-09-24 20:16:19,410184,新郑市,郑州市,2024-2026,58_新郑市_2024_2026.csv
31,咕噜咕噜,郑州比亚迪招聘机修工（包... 小程序,郑州市,郑州-新郑,6000.0,8000.0,岗位：郑州比亚迪招聘机修工（包... 小程序；标签：五险一金 / 包住；薪资：6000-8000元/月,未注明,,58同城,2026-09-24 20:16:31,410184,新郑市,郑州市,2024-2026,58_新郑市_2024_2026.csv
32,刘教练,跆拳道教练,郑州市,郑州-新郑,4000.0,8000.0,岗位：跆拳道教练；标签：招1人 / 经验不限 / 学历不限；薪资：4000-8000元/月,学历不限,1.0,58同城,2026-09-24 20:16:35,410184,新郑市,郑州市,2024-2026,58_新郑市_2024_2026.csv
33,王女士,线上倾诉服务员6k单间包... 小程序,郑州市,郑州-新郑,6000.0,8000.0,岗位：线上倾诉服务员6k单间包... 小程序；标签：包住 / 交通补助 / 加班补助 / 饭补；薪资：6000-8000元/月,未注明,,58同城,2026-09-24 20:16:48,410184,新郑市,郑州市,2024-2026,58_新郑市_2024_2026.csv
34,甘于奉献de田同学,忆梦阁养生保健店/按摩师/14500起,郑州市,郑州-新郑,14500.0,15000.0,岗位：忆梦阁养生保健店/按摩师/14500起；标签：经验不限 / 学历不限；薪资：14500-15000元/月,学历不限,,58同城,2026-09-24 20:16:48,410184,新郑市,郑州市,2024-2026,58_新郑市_2024_2026.csv
35,陈小姐,天跃新材料科技/销售工程师话补五险,郑州市,郑州-新郑,4000.0,12000.0,岗位：天跃新材料科技/销售工程师话补五险；标签：话补 / 五险；薪资：4000-12000元/月,未注明,,58同城,2026-09-24 20:16:57,410184,新郑市,郑州市,2024-2026,58_新郑市_2024_2026.csv
36,王先生,郭店物流园招4.2米高栏车司机不装卸7K,郑州市,郑州-新郑,7000.0,10500.0,岗位：郭店物流园招4.2米高栏车司机不装卸7K；标签：招5人 / 经验不限 / 学历不限；薪资：7000-10500元/月,学历不限,5.0,58同城,2026-09-24 20:17:02,410184,新郑市,郑州市,2024-2026,58_新郑市_2024_2026.csv
37,刘先生,新人可带薪培训商务司机岗位,郑州市,新郑-新郑城区,6000.0,8500.0,岗位：新人可带薪培训商务司机岗位；标签：年底双薪 / 周末双休 / 交通补助 / 加班补助；薪资：6000-8500元/月,未注明,,58同城,2026-09-24 20:17:02,410184,新郑市,郑州市,2024-2026,58_新郑市_2024_2026.csv
38,许先生,日结300一天急招理货普工分拣普工,郑州市,郑州-新郑,5500.0,7500.0,岗位：日结300一天急招理货普工分拣普工；标签：五险一金 / 包住 / 包吃 / 年底双薪；薪资：5500-7500元/月,未注明,,58同城,2026-09-24 20:17:23,410184,新郑市,郑州市,2024-2026,58_新郑市_2024_2026.csv
39,王女士,日结不体检不面试300/天快递分拣包吃住,郑州市,郑州-新郑,6000.0,8000.0,岗位：日结不体检不面试300/天快递分拣包吃住；标签：包住 / 包吃；薪资：6000-8000元/月,未注明,,58同城,2026-09-24 20:17:23,410184,新郑市,郑州市,2024-2026,58_新郑市_2024_2026.csv
40,,恩佳食品销售店·外卖 服务区域：登封、巩义,郑州市,登封市,,,岗位：恩佳食品销售店·外卖 服务区域：登封、巩义,未注明,,58同城,2026-09-24 21:47:40,410185,登封市,郑州市,2024-2026,58_登封市_2024_2026.csv
41,,郑州周边游·登封 服务区域：金水,郑州市,登封市,,,岗位：郑州周边游·登封 服务区域：金水,未注明,,58同城,2026-09-24 21:47:40,410185,登封市,郑州市,2024-2026,58_登封市_2024_2026.csv
42,,郑州周边游·登封 服务区域：管城,郑州市,登封市,,,岗位：郑州周边游·登封 服务区域：管城,未注明,,58同城,2026-09-24 21:47:40,410185,登封市,郑州市,2024-2026,58_登封市_2024_2026.csv
43,爱种花的小雅,急招杞县建材配送C证司机不装不卸,开封市,杞县,6500.0,8000.0,岗位：急招杞县建材配送C证司机不装不卸；标签：包住；薪资：6500-8000元/月,未注明,,58同城,2026-09-24 20:19:14,410221,杞县,开封市,2024-2026,58_杞县_2024_2026.csv
44,李先生,抖音PK主播（全职兼职均可）18-45岁,开封市,杞县-其他,5000.0,8000.0,岗位：抖音PK主播（全职兼职均可）18-45岁；标签：包住 / 包吃；薪资：5000-8000元/月,未注明,,58同城,2026-09-24 20:19:14,410221,杞县,开封市,2024-2026,58_杞县_2024_2026.csv
45,杞县外卖员直聘,茶饮店员 小程序,开封市,城关-城关城区,,,岗位：茶饮店员 小程序；标签：招5人 / 经验不限 / 学历不限；薪资：面议,学历不限,5.0,58同城,2026-09-24 20:19:14,410221,杞县,开封市,2024-2026,58_杞县_2024_2026.csv
46,李先生,6000无基础主播/18-45岁,开封市,杞县-其他,5000.0,10000.0,岗位：6000无基础主播/18-45岁；标签：招5人 / 经验不限 / 学历不限；薪资：5000-10000元/月,学历不限,5.0,58同城,2026-09-24 20:19:14,410221,杞县,开封市,2024-2026,58_杞县_2024_2026.csv
47,李先生,无基础主播5千起/18-45岁,开封市,杞县-其他,5000.0,12000.0,岗位：无基础主播5千起/18-45岁；标签：招5人 / 经验不限 / 学历不限；薪资：5000-12000元/月,学历不限,5.0,58同城,2026-09-24 20:19:14,410221,杞县,开封市,2024-2026,58_杞县_2024_2026.csv
48,李先生,急招娱乐主播5K-12K/18-45岁,开封市,杞县-其他,5000.0,12000.0,岗位：急招娱乐主播5K-12K/18-45岁；标签：招10人 / 经验不限 / 学历不限；薪资：5000-12000元/月,学历不限,10.0,58同城,2026-09-24 20:19:14,410221,杞县,开封市,2024-2026,58_杞县_2024_2026.csv
49,李鑫,食堂厨师试用期4000，转正5000+,开封市,其他-其它乡镇,3000.0,5000.0,岗位：食堂厨师试用期4000，转正5000+；标签：包吃；薪资：3000-5000元/月,未注明,,58同城,2026-09-24 20:19:14,410221,杞县,开封市,2024-2026,58_杞县_2024_2026.csv
50,李先生,娱乐主播（零基础，兼职全职均可）,开封市,杞县-其他,5000.0,8000.0,岗位：娱乐主播（零基础，兼职全职均可）；标签：招20人 / 经验不限 / 学历不限；薪资：5000-8000元/月,学历不限,20.0,58同城,2026-09-24 20:19:14,410221,杞县,开封市,2024-2026,58_杞县_2024_2026.csv
51,李先生,娱乐主播5千起/全职兼职均可18-45岁,开封市,杞县-其他,5000.0,12000.0,岗位：娱乐主播5千起/全职兼职均可18-45岁；标签：招5人 / 经验不限 / 学历不限；薪资：5000-12000元/月,学历不限,5.0,58同城,2026-09-24 20:19:14,410221,杞县,开封市,2024-2026,58_杞县_2024_2026.csv
52,rnxrv_au1,杞县台球厅店员负责收银工作,开封市,城关-城关城区,2300.0,4500.0,岗位：杞县台球厅店员负责收银工作；标签：招1人 / 经验1-2年 / 学历不限；薪资：2300-4500元/月,学历不限,1.0,58同城,2026-09-24 20:19:14,410221,杞县,开封市,2024-2026,58_杞县_2024_2026.csv
53,杞县外卖员直聘,杞县招聘业务经理四千以上薪资,开封市,城关-城关城区,4000.0,5000.0,岗位：杞县招聘业务经理四千以上薪资；标签：年底双薪 / 五险；薪资：4000-5000元/月,未注明,,58同城,2026-09-24 20:19:14,410221,杞县,开封市,2024-2026,58_杞县_2024_2026.csv
54,把日记本藏好,美甲师,开封市,杞县-五里河,2000.0,5000.0,岗位：美甲师；标签：经验不限 / 学历不限；薪资：2000-5000元/月,学历不限,,58同城,2026-09-24 20:19:14,410221,杞县,开封市,2024-2026,58_杞县_2024_2026.csv
55,燕子,杞县房产经纪人,开封市,其他-其它乡镇,5000.0,10000.0,岗位：杞县房产经纪人；标签：五险一金；薪资：5000-10000元/月,未注明,,58同城,2026-09-24 20:19:14,410221,杞县,开封市,2024-2026,58_杞县_2024_2026.csv
56,赵经理,郑州可元装饰有限公司/财务会计/2千起,开封市,杞县-其他,2000.0,3000.0,岗位：郑州可元装饰有限公司/财务会计/2千起；标签：包吃；薪资：2000-3000元/月,未注明,,58同城,2026-09-24 20:19:14,410221,杞县,开封市,2024-2026,58_杞县_2024_2026.csv
57,树影下的微光,销售顾问,开封市,杞县-五里河,2500.0,5000.0,岗位：销售顾问；标签：经验不限 / 学历不限；薪资：2500-5000元/月,学历不限,,58同城,2026-09-24 20:19:14,410221,杞县,开封市,2024-2026,58_杞县_2024_2026.csv
58,彭女士,杞县如奕美容美甲店/美容师/2500起,开封市,杞县-其他,2500.0,5000.0,岗位：杞县如奕美容美甲店/美容师/2500起；标签：招4人 / 经验不限 / 学历不限；薪资：2500-5000元/月,学历不限,4.0,58同城,2026-09-24 20:19:14,410221,杞县,开封市,2024-2026,58_杞县_2024_2026.csv
59,用户18890,烧烤店服务员2500起,开封市,其他-其它乡镇,2500.0,4500.0,岗位：烧烤店服务员2500起；标签：招1人 / 经验不限 / 学历不限；薪资：2500-4500元/月,学历不限,1.0,58同城,2026-09-24 20:19:14,410221,杞县,开封市,2024-2026,58_杞县_2024_2026.csv
60,杞县外卖员直聘,急招送餐员满十八周岁,开封市,五里河-五里河城区,4000.0,8000.0,岗位：急招送餐员满十八周岁；标签：年底双薪 / 加班补助；薪资：4000-8000元/月,未注明,,58同城,2026-09-24 20:19:14,410221,杞县,开封市,2024-2026,58_杞县_2024_2026.csv
61,李先生,居家抖音主播/18-45岁,开封市,杞县-其他,5000.0,8000.0,岗位：居家抖音主播/18-45岁；标签：招10人 / 经验不限 / 学历不限；薪资：5000-8000元/月,学历不限,10.0,58同城,2026-09-24 20:19:14,410221,杞县,开封市,2024-2026,58_杞县_2024_2026.csv
62,钟女士,急招开封配件配送C1司机不装卸,开封市,开封-杞县,6500.0,9000.0,岗位：急招开封配件配送C1司机不装卸；标签：包住；薪资：6500-9000元/月,未注明,,58同城,2026-09-24 20:19:14,410221,杞县,开封市,2024-2026,58_杞县_2024_2026.csv
63,杞县外卖员直聘,杞县招聘送餐骑手,开封市,五里河-五里河城区,4000.0,8000.0,岗位：杞县招聘送餐骑手；标签：加班补助 / 年底双薪；薪资：4000-8000元/月,未注明,,58同城,2026-09-24 20:19:14,410221,杞县,开封市,2024-2026,58_杞县_2024_2026.csv
64,王先生,急/300一天玩具厂印刷/长白班,开封市,杞县,7000.0,8000.0,岗位：急/300一天玩具厂印刷/长白班；标签：五险一金 / 饭补 / 五险 / 话补；薪资：7000-8000元/月,未注明,,58同城,2026-09-24 20:19:14,410221,杞县,开封市,2024-2026,58_杞县_2024_2026.csv
65,杨先生,电子厂印刷工月入8500手工活可预支,开封市,杞县,8000.0,8500.0,岗位：电子厂印刷工月入8500手工活可预支；标签：五险一金 / 五险 / 包住 / 包吃；薪资：8000-8500元/月,未注明,,58同城,2026-09-24 20:19:14,410221,杞县,开封市,2024-2026,58_杞县_2024_2026.csv
66,王先生,给公司开车周结,开封市,杞县,5500.0,6000.0,岗位：给公司开车周结；标签：五险一金 / 交通补助 / 包住 / 房补；薪资：5500-6000元/月,未注明,,58同城,2026-09-24 20:19:14,410221,杞县,开封市,2024-2026,58_杞县_2024_2026.csv
67,张女士,丝印工加班补助周末双休饭补,开封市,杞县,7500.0,8000.0,岗位：丝印工加班补助周末双休饭补；标签：五险一金 / 五险 / 包住 / 包吃；薪资：7500-8000元/月,未注明,,58同城,2026-09-24 20:19:14,410221,杞县,开封市,2024-2026,58_杞县_2024_2026.csv
68,李先生,蓝牙耳机厂锻造工300不体检可预支,开封市,五里河-五里河城区,8500.0,9000.0,岗位：蓝牙耳机厂锻造工300不体检可预支；标签：五险一金 / 五险 / 包住 / 包吃；薪资：8500-9000元/月,未注明,,58同城,2026-09-24 20:19:14,410221,杞县,开封市,2024-2026,58_杞县_2024_2026.csv
69,黄女士,给公司老板开车，小车司机，包住宿,开封市,杞县,5500.0,6000.0,岗位：给公司老板开车，小车司机，包住宿；标签：房补 / 饭补 / 加班补助；薪资：5500-6000元/月,未注明,,58同城,2026-09-24 20:19:14,410221,杞县,开封市,2024-2026,58_杞县_2024_2026.csv
70,喝奶茶的嘴巴,班车司机工资日结,开封市,杞县-五里河,5500.0,5800.0,岗位：班车司机工资日结；标签：交通补助 / 加班补助 / 饭补 / 房补；薪资：5500-5800元/月,未注明,,58同城,2026-09-24 20:19:14,410221,杞县,开封市,2024-2026,58_杞县_2024_2026.csv
71,李女士,给公司开车包住,开封市,杞县,5500.0,6000.0,岗位：给公司开车包住；标签：五险一金 / 交通补助 / 包住 / 年底双薪；薪资：5500-6000元/月,未注明,,58同城,2026-09-24 20:19:14,410221,杞县,开封市,2024-2026,58_杞县_2024_2026.csv
72,招聘主管,咖啡师,开封市,城关-城关城区,2000.0,3000.0,岗位：咖啡师；标签：经验不限 / 学历不限；薪资：2000-3000元/月,学历不限,,58同城,2026-09-24 20:19:14,410221,杞县,开封市,2024-2026,58_杞县_2024_2026.csv
73,用户74120,服装熨烫工有经验直接打我电话,开封市,开封,3000.0,7000.0,岗位：服装熨烫工有经验直接打我电话；标签：加班补助；薪资：3000-7000元/月,未注明,,58同城,2026-09-24 20:19:34,410221,杞县,开封市,2024-2026,58_杞县_2024_2026.csv
74,爱吹口哨的明明,巡逻岗保安，五险包吃住,开封市,龙亭-万达广场,4500.0,5000.0,岗位：巡逻岗保安，五险包吃住；标签：五险 / 包住 / 包吃 / 加班补助；薪资：4500-5000元/月,未注明,,58同城,2026-09-24 20:19:34,410221,杞县,开封市,2024-2026,58_杞县_2024_2026.csv
75,张飞,商超/零售店员/营业员工... 小程序,开封市,开封-龙亭,3000.0,3500.0,岗位：商超/零售店员/营业员工... 小程序；标签：招1人 / 经验不限 / 学历不限；薪资：3000-3500元/月,学历不限,1.0,58同城,2026-09-24 20:19:34,410221,杞县,开封市,2024-2026,58_杞县_2024_2026.csv
76,子默,前台/接待包住,开封市,开封-龙亭,3000.0,4500.0,岗位：前台/接待包住；标签：包住；薪资：3000-4500元/月,未注明,,58同城,2026-09-24 20:19:34,410221,杞县,开封市,2024-2026,58_杞县_2024_2026.csv
77,可爱的老板,五大街方中山收银员3直接打电话,开封市,开封-龙亭,2500.0,3000.0,岗位：五大街方中山收银员3直接打电话；标签：包吃；薪资：2500-3000元/月,未注明,,58同城,2026-09-24 20:19:34,410221,杞县,开封市,2024-2026,58_杞县_2024_2026.csv
78,于女士,正式工，入职缴纳五险一金,开封市,开封-龙亭,4000.0,7000.0,岗位：正式工，入职缴纳五险一金；标签：五险一金；薪资：4000-7000元/月,未注明,,58同城,2026-09-24 20:19:34,410221,杞县,开封市,2024-2026,58_杞县_2024_2026.csv
79,人事经理,国企装配工日薪300管吃住,开封市,开封-龙亭,4000.0,7000.0,岗位：国企装配工日薪300管吃住；标签：五险一金 / 加班补助 / 饭补；薪资：4000-7000元/月,未注明,,58同城,2026-09-24 20:19:34,410221,杞县,开封市,2024-2026,58_杞县_2024_2026.csv
80,华先生,半导体工厂普工正式工月薪8000提供食宿,开封市,开封-鼓楼,7500.0,8500.0,岗位：半导体工厂普工正式工月薪8000提供食宿；标签：五险一金 / 五险 / 包住 / 包吃；薪资：7500-8500元/月,未注明,,58同城,2026-09-24 20:19:34,410221,杞县,开封市,2024-2026,58_杞县_2024_2026.csv
81,贾女士,跟车乘务6K上几休几五险一金包吃住稳定,开封市,开封,5000.0,6000.0,岗位：跟车乘务6K上几休几五险一金包吃住稳定；标签：五险一金 / 五险 / 包住 / 包吃；薪资：5000-6000元/月,未注明,,58同城,2026-09-24 20:19:34,410221,杞县,开封市,2024-2026,58_杞县_2024_2026.csv
82,小鹿眨眨眼,烤鸭店店员,开封市,顺河-顺河回族区,3000.0,3500.0,岗位：烤鸭店店员；标签：招1人 / 经验不限 / 学历不限；薪资：3000-3500元/月,学历不限,1.0,58同城,2026-09-24 20:19:34,410221,杞县,开封市,2024-2026,58_杞县_2024_2026.csv
83,宋先生,招投标资料员,开封市,开封-龙亭,3000.0,7000.0,岗位：招投标资料员；标签：周末双休 / 交通补助 / 加班补助 / 房补；薪资：3000-7000元/月,未注明,,58同城,2026-09-24 20:19:34,410221,杞县,开封市,2024-2026,58_杞县_2024_2026.csv
84,波波,技工,开封市,开封,6000.0,12000.0,岗位：技工；标签：包住 / 加班补助 / 饭补；薪资：6000-12000元/月,未注明,,58同城,2026-09-24 20:19:34,410221,杞县,开封市,2024-2026,58_杞县_2024_2026.csv
85,花露水晒透,全盛摆件工5000起,开封市,开封-龙亭,5000.0,7000.0,岗位：全盛摆件工5000起；标签：包吃；薪资：5000-7000元/月,未注明,,58同城,2026-09-24 20:19:34,410221,杞县,开封市,2024-2026,58_杞县_2024_2026.csv
86,人事经理,新泉汽配厂普工正式工五险一金包吃包住月入,开封市,开封-龙亭,5000.0,7000.0,岗位：新泉汽配厂普工正式工五险一金包吃包住月入；标签：五险一金 / 包住 / 包吃；薪资：5000-7000元/月,未注明,,58同城,2026-09-24 20:19:34,410221,杞县,开封市,2024-2026,58_杞县_2024_2026.csv
87,张经理,诚聘超市快消品促销有意者电话联系,开封市,祥符-金帝商贸城,3000.0,6000.0,岗位：诚聘超市快消品促销有意者电话联系；标签：饭补 / 五险一金 / 加班补助；薪资：3000-6000元/月,未注明,,58同城,2026-09-24 20:19:34,410221,杞县,开封市,2024-2026,58_杞县_2024_2026.csv
88,爱喝彩的赖同学,餐饮店店员/营业员2500起,开封市,开封,2500.0,3000.0,岗位：餐饮店店员/营业员2500起；标签：经验不限 / 学历不限；薪资：2500-3000元/月,学历不限,,58同城,2026-09-24 20:19:34,410221,杞县,开封市,2024-2026,58_杞县_2024_2026.csv
89,宋先生,测量组长,开封市,开封-龙亭,3000.0,6000.0,岗位：测量组长；标签：五险一金 / 房补；薪资：3000-6000元/月,未注明,,58同城,2026-09-24 20:19:34,410221,杞县,开封市,2024-2026,58_杞县_2024_2026.csv
90,果冻小鱼游,火锅店后厨杂工3000起,开封市,开封-顺河,3000.0,3500.0,岗位：火锅店后厨杂工3000起；标签：招3人 / 经验不限 / 学历不限；薪资：3000-3500元/月,学历不限,3.0,58同城,2026-09-24 20:19:34,410221,杞县,开封市,2024-2026,58_杞县_2024_2026.csv
91,小黄,其他职位,开封市,龙亭-龙亭区,2000.0,2500.0,岗位：其他职位；标签：经验不限 / 学历不限；薪资：2000-2500元/月,学历不限,,58同城,2026-09-24 20:19:34,410221,杞县,开封市,2024-2026,58_杞县_2024_2026.csv
92,回收二手设备,商店送货工人，,开封市,禹王台-禹王台区,2800.0,4000.0,岗位：商店送货工人，；标签：饭补；薪资：2800-4000元/月,未注明,,58同城,2026-09-24 20:19:34,410221,杞县,开封市,2024-2026,58_杞县_2024_2026.csv
93,张经理,钳工,开封市,开封,4000.0,4500.0,岗位：钳工；标签：加班补助 / 年底双薪 / 饭补 / 五险一金；薪资：4000-4500元/月,未注明,,58同城,2026-09-24 20:19:34,410221,杞县,开封市,2024-2026,58_杞县_2024_2026.csv
94,用户67696,店员/营业员,开封市,龙亭-龙亭区,2500.0,4000.0,岗位：店员/营业员；标签：招2人 / 经验不限 / 学历不限；薪资：2500-4000元/月,学历不限,2.0,58同城,2026-09-24 20:19:34,410221,杞县,开封市,2024-2026,58_杞县_2024_2026.csv
95,书卷气de丁师傅,医学检验师,开封市,龙亭-龙亭区,,,岗位：医学检验师；标签：交通补助 / 饭补 / 五险；薪资：面议,未注明,,58同城,2026-09-24 20:19:34,410221,杞县,开封市,2024-2026,58_杞县_2024_2026.csv
96,孙女士,开封急招中秋月饼配送C证司机不装卸,开封市,开封,6000.0,8000.0,岗位：开封急招中秋月饼配送C证司机不装卸；标签：包住；薪资：6000-8000元/月,未注明,,58同城,2026-09-24 20:19:34,410221,杞县,开封市,2024-2026,58_杞县_2024_2026.csv
97,赵女士,原谷原麦橄榄城店招聘营业员,开封市,开封-龙亭,3500.0,4500.0,岗位：原谷原麦橄榄城店招聘营业员；标签：包吃；薪资：3500-4500元/月,未注明,,58同城,2026-09-24 20:19:34,410221,杞县,开封市,2024-2026,58_杞县_2024_2026.csv
98,张先生,耳机贴签/管吃住/日/结260/天下班发,开封市,开封,6500.0,8500.0,岗位：耳机贴签/管吃住/日/结260/天下班发；标签：五险一金 / 包住 / 包吃 / 加班补助；薪资：6500-8500元/月,未注明,,58同城,2026-09-24 20:19:34,410221,杞县,开封市,2024-2026,58_杞县_2024_2026.csv
99,申女士,景区营业员,开封市,开封-龙亭,3000.0,3500.0,岗位：景区营业员；标签：经验不限 / 学历不限；薪资：3000-3500元/月,学历不限,,58同城,2026-09-24 20:19:34,410221,杞县,开封市,2024-2026,58_杞县_2024_2026.csv
100,杨志领,食品/饮料店员/营业员3000起,开封市,鼓楼-鼓楼区,3000.0,5000.0,岗位：食品/饮料店员/营业员3000起；标签：经验不限 / 学历不限；薪资：3000-5000元/月,学历不限,,58同城,2026-09-24 20:19:34,410221,杞县,开封市,2024-2026,58_杞县_2024_2026.csv
101,赵先生,商业招商主管,开封市,龙亭-龙亭区,3700.0,4000.0,岗位：商业招商主管；标签：包吃 / 包住 / 饭补；薪资：3700-4000元/月,未注明,,58同城,2026-09-24 20:19:34,410221,杞县,开封市,2024-2026,58_杞县_2024_2026.csv
102,赵女士,开封原谷原麦鼎力国际店招储备店长,开封市,开封-龙亭,5000.0,6000.0,岗位：开封原谷原麦鼎力国际店招储备店长；标签：包吃；薪资：5000-6000元/月,未注明,,58同城,2026-09-24 20:19:34,410221,杞县,开封市,2024-2026,58_杞县_2024_2026.csv
103,贾女士,通许县急招C1货车司机,开封市,通许-通许县,9000.0,9500.0,岗位：通许县急招C1货车司机；标签：招1人 / 经验1-2年 / 学历不限；薪资：9000-9500元/月,学历不限,1.0,58同城,2026-09-24 20:21:32,410222,通许县,开封市,2024-2026,58_通许县_2024_2026.csv
104,刘先生,急招通许农副产品配送C证司机不装卸,开封市,开封-通许,6000.0,8000.0,岗位：急招通许农副产品配送C证司机不装卸；标签：包住；薪资：6000-8000元/月,未注明,,58同城,2026-09-24 20:21:32,410222,通许县,开封市,2024-2026,58_通许县_2024_2026.csv
105,杨先生,包装普工工厂送被褥长白班... 小程序,开封市,通许,7500.0,8000.0,岗位：包装普工工厂送被褥长白班... 小程序；标签：五险 / 包住 / 包吃；薪资：7500-8000元/月,未注明,,58同城,2026-09-24 20:21:32,410222,通许县,开封市,2024-2026,58_通许县_2024_2026.csv
106,品鸿供应链06,（通许）往返专线C证货运司机,开封市,通许,6000.0,7900.0,岗位：（通许）往返专线C证货运司机；标签：交通补助；薪资：6000-7900元/月,未注明,,58同城,2026-09-24 20:21:32,410222,通许县,开封市,2024-2026,58_通许县_2024_2026.csv
107,kkkkk,酒店/前台年底双薪五险饭补,开封市,通许-通许县,3000.0,4500.0,岗位：酒店/前台年底双薪五险饭补；标签：五险 / 包吃 / 年底双薪 / 饭补；薪资：3000-4500元/月,未注明,,58同城,2026-09-24 20:21:32,410222,通许县,开封市,2024-2026,58_通许县_2024_2026.csv
108,李先生,鑫藏医药物流内勤3.5k起,开封市,通许-通许县,3500.0,5500.0,岗位：鑫藏医药物流内勤3.5k起；标签：加班补助；薪资：3500-5500元/月,未注明,,58同城,2026-09-24 20:21:32,410222,通许县,开封市,2024-2026,58_通许县_2024_2026.csv
109,内心赞许DE卢师傅,8K零基础宝妈日结主播易上手直接打电话,开封市,通许-通许县,5000.0,8000.0,岗位：8K零基础宝妈日结主播易上手直接打电话；标签：经验1-2年 / 学历不限；薪资：5000-8000元/月,学历不限,,58同城,2026-09-24 20:21:32,410222,通许县,开封市,2024-2026,58_通许县_2024_2026.csv
110,爱哼歌的陈同学,收银员,开封市,通许-通许县,2500.0,3000.0,岗位：收银员；标签：经验不限 / 学历不限；薪资：2500-3000元/月,学历不限,,58同城,2026-09-24 20:21:32,410222,通许县,开封市,2024-2026,58_通许县_2024_2026.csv
111,张先生,急招健身教练无经验可培养,开封市,开封-通许,6000.0,12000.0,岗位：急招健身教练无经验可培养；标签：五险一金 / 包住 / 包吃；薪资：6000-12000元/月,未注明,,58同城,2026-09-24 20:21:32,410222,通许县,开封市,2024-2026,58_通许县_2024_2026.csv
112,梦里飞飞飞,货运司机7500起,开封市,通许,7500.0,8000.0,岗位：货运司机7500起；标签：招6人 / 经验不限 / 学历不限；薪资：7500-8000元/月,学历不限,6.0,58同城,2026-09-24 20:21:32,410222,通许县,开封市,2024-2026,58_通许县_2024_2026.csv
113,岳女士,客服专员/助理,开封市,通许-通许县,3000.0,5000.0,岗位：客服专员/助理；标签：经验不限 / 学历不限；薪资：3000-5000元/月,学历不限,,58同城,2026-09-24 20:21:32,410222,通许县,开封市,2024-2026,58_通许县_2024_2026.csv
114,脑袋转得快,财务出纳,开封市,通许-通许县,3500.0,5000.0,岗位：财务出纳；标签：招2人 / 经验不限 / 学历不限；薪资：3500-5000元/月,学历不限,2.0,58同城,2026-09-24 20:21:32,410222,通许县,开封市,2024-2026,58_通许县_2024_2026.csv
115,张坤,小吃店服务员2000起,开封市,通许-通许县,2000.0,3500.0,岗位：小吃店服务员2000起；标签：招1人 / 经验不限 / 学历不限；薪资：2000-3500元/月,学历不限,1.0,58同城,2026-09-24 20:21:32,410222,通许县,开封市,2024-2026,58_通许县_2024_2026.csv
116,爱玩沙子的小沙堡,电器公司销售专员2500起,开封市,通许-通许县,2500.0,4500.0,岗位：电器公司销售专员2500起；标签：经验1年以下 / 学历高中；薪资：2500-4500元/月,高中,,58同城,2026-09-24 20:21:32,410222,通许县,开封市,2024-2026,58_通许县_2024_2026.csv
117,予礼花草集,数据采集,开封市,通许县-通许县城,3500.0,8000.0,岗位：数据采集；标签：经验不限 / 学历不限；薪资：3500-8000元/月,学历不限,,58同城,2026-09-24 20:21:32,410222,通许县,开封市,2024-2026,58_通许县_2024_2026.csv
118,岳女士,河南狼直投实业有限公司通许分公司电话销售,开封市,通许-通许县,3000.0,5000.0,岗位：河南狼直投实业有限公司通许分公司电话销售；标签：经验不限 / 学历高中；薪资：3000-5000元/月,高中,,58同城,2026-09-24 20:21:32,410222,通许县,开封市,2024-2026,58_通许县_2024_2026.csv
119,付先生,通许工作轻松的主播助理,开封市,通许,3000.0,5000.0,岗位：通许工作轻松的主播助理；标签：招3人 / 经验不限 / 学历不限；薪资：3000-5000元/月,学历不限,3.0,58同城,2026-09-24 20:21:32,410222,通许县,开封市,2024-2026,58_通许县_2024_2026.csv
120,尉氏货拉拉招聘01,货运司机话补饭补,开封市,通许-通许县,6000.0,8000.0,岗位：货运司机话补饭补；标签：话补 / 饭补；薪资：6000-8000元/月,未注明,,58同城,2026-09-24 20:21:32,410222,通许县,开封市,2024-2026,58_通许县_2024_2026.csv
121,芝麻糊糊,奶茶/饮品师,开封市,通许县-通许县城,2500.0,4500.0,岗位：奶茶/饮品师；标签：经验不限 / 学历不限；薪资：2500-4500元/月,学历不限,,58同城,2026-09-24 20:21:32,410222,通许县,开封市,2024-2026,58_通许县_2024_2026.csv
122,招聘专员,商超/零售销售专员学历经验不限,开封市,通许-通许县,2500.0,3000.0,岗位：商超/零售销售专员学历经验不限；标签：经验不限 / 学历不限；薪资：2500-3000元/月,学历不限,,58同城,2026-09-24 20:21:32,410222,通许县,开封市,2024-2026,58_通许县_2024_2026.csv
123,吕老师,聘高中地理和初中历史老师杞县希望高中,开封市,通许,4000.0,8000.0,岗位：聘高中地理和初中历史老师杞县希望高中；标签：五险；薪资：4000-8000元/月,未注明,,58同城,2026-09-24 20:21:32,410222,通许县,开封市,2024-2026,58_通许县_2024_2026.csv
124,用户29838,台球服务部前台/接待2k起,开封市,通许县-通许县城,2000.0,2500.0,岗位：台球服务部前台/接待2k起；标签：加班补助；薪资：2000-2500元/月,未注明,,58同城,2026-09-24 20:21:32,410222,通许县,开封市,2024-2026,58_通许县_2024_2026.csv
125,相当完美DE兰博士,酒店鞋房服务员2000起,开封市,通许-通许县,2000.0,4500.0,岗位：酒店鞋房服务员2000起；标签：经验不限 / 学历不限；薪资：2000-4500元/月,学历不限,,58同城,2026-09-24 20:21:32,410222,通许县,开封市,2024-2026,58_通许县_2024_2026.csv
126,李先生,通许视频聊天主播工作轻松氛围好,开封市,通许-通许县,4500.0,6500.0,岗位：通许视频聊天主播工作轻松氛围好；标签：招1人 / 经验不限 / 学历不限；薪资：4500-6500元/月,学历不限,1.0,58同城,2026-09-24 20:21:32,410222,通许县,开封市,2024-2026,58_通许县_2024_2026.csv
127,用户46034,火锅店小吃厨师/麻辣烫师傅4k起,开封市,通许-通许县,4000.0,6000.0,岗位：火锅店小吃厨师/麻辣烫师傅4k起；标签：包吃；薪资：4000-6000元/月,未注明,,58同城,2026-09-24 20:21:32,410222,通许县,开封市,2024-2026,58_通许县_2024_2026.csv
128,阿阳,翠翠美容店/美容师4千起,开封市,通许-通许县,4000.0,7000.0,岗位：翠翠美容店/美容师4千起；标签：经验不限 / 学历不限；薪资：4000-7000元/月,学历不限,,58同城,2026-09-24 20:21:32,410222,通许县,开封市,2024-2026,58_通许县_2024_2026.csv
129,潘女士,急聘招聘专员只负责招聘工作25-45岁,开封市,通许-通许县,3000.0,5000.0,岗位：急聘招聘专员只负责招聘工作25-45岁；标签：招2人 / 经验不限 / 学历不限；薪资：3000-5000元/月,学历不限,2.0,58同城,2026-09-24 20:21:32,410222,通许县,开封市,2024-2026,58_通许县_2024_2026.csv
130,58用户,执业药师/驻店药师,开封市,通许-通许县,3000.0,5000.0,岗位：执业药师/驻店药师；标签：经验不限 / 学历不限；薪资：3000-5000元/月,学历不限,,58同城,2026-09-24 20:21:32,410222,通许县,开封市,2024-2026,58_通许县_2024_2026.csv
131,招聘专员,发型师,开封市,通许-通许县,3000.0,5000.0,岗位：发型师；标签：经验不限 / 学历不限；薪资：3000-5000元/月,学历不限,,58同城,2026-09-24 20:21:32,410222,通许县,开封市,2024-2026,58_通许县_2024_2026.csv
132,坐在树上的星,居家审核员五险齐全周末双休,开封市,通许-通许县,5000.0,8000.0,岗位：居家审核员五险齐全周末双休；标签：五险一金 / 包吃 / 包住 / 周末双休；薪资：5000-8000元/月,未注明,,58同城,2026-09-24 20:21:32,410222,通许县,开封市,2024-2026,58_通许县_2024_2026.csv
133,付先生,通许主播经纪人接收小白,开封市,通许,3000.0,5000.0,岗位：通许主播经纪人接收小白；标签：招3人 / 经验不限 / 学历不限；薪资：3000-5000元/月,学历不限,3.0,58同城,2026-09-24 20:21:36,410222,通许县,开封市,2024-2026,58_通许县_2024_2026.csv
134,58用户,汽车零配件销售,开封市,通许-通许县,,,岗位：汽车零配件销售；标签：包吃 / 包住 / 加班补助；薪资：面议,未注明,,58同城,2026-09-24 20:21:36,410222,通许县,开封市,2024-2026,58_通许县_2024_2026.csv
135,付先生,通许急聘主播经纪人不会免... 小程序,开封市,通许,3000.0,5000.0,岗位：通许急聘主播经纪人不会免... 小程序；标签：招3人 / 经验不限 / 学历不限；薪资：3000-5000元/月,学历不限,3.0,58同城,2026-09-24 20:21:36,410222,通许县,开封市,2024-2026,58_通许县_2024_2026.csv
136,用户45507,诊所口腔执业医生3千起,开封市,通许县-通许县城,3000.0,8000.0,岗位：诊所口腔执业医生3千起；标签：招1人 / 经验不限 / 学历不限；薪资：3000-8000元/月,学历不限,1.0,58同城,2026-09-24 20:21:36,410222,通许县,开封市,2024-2026,58_通许县_2024_2026.csv
137,喜欢彩虹的小小,尉氏急招百货日用品司机不装卸,开封市,尉氏,6000.0,8000.0,岗位：尉氏急招百货日用品司机不装卸；标签：五险 / 包住 / 加班补助；薪资：6000-8000元/月,未注明,,58同城,2026-09-24 20:23:23,410223,尉氏县,开封市,2024-2026,58_尉氏县_2024_2026.csv
138,总爱翻白眼的姑娘,急招尉氏送副食品C本司机,开封市,尉氏,6000.0,8000.0,岗位：急招尉氏送副食品C本司机；标签：五险 / 包住 / 加班补助；薪资：6000-8000元/月,未注明,,58同城,2026-09-24 20:23:23,410223,尉氏县,开封市,2024-2026,58_尉氏县_2024_2026.csv
139,欧先生,7k可享入职奖比亚迪郑州... 小程序,开封市,开封-尉氏,5000.0,7000.0,岗位：7k可享入职奖比亚迪郑州... 小程序；标签：五险一金 / 五险 / 包住 / 饭补；薪资：5000-7000元/月,未注明,,58同城,2026-09-24 20:23:23,410223,尉氏县,开封市,2024-2026,58_尉氏县_2024_2026.csv
140,丁先生,诚聘设备机修工薪资高待遇好,开封市,尉氏,5000.0,8000.0,岗位：诚聘设备机修工薪资高待遇好；标签：招3人 / 经验1-2年 / 学历不限；薪资：5000-8000元/月,学历不限,3.0,58同城,2026-09-24 20:23:23,410223,尉氏县,开封市,2024-2026,58_尉氏县_2024_2026.csv
141,爱穿花裙的孙小妹,尉氏工业园直招送货司机不装不卸,开封市,开封-尉氏,6000.0,8000.0,岗位：尉氏工业园直招送货司机不装不卸；标签：包住 / 饭补；薪资：6000-8000元/月,未注明,,58同城,2026-09-24 20:23:23,410223,尉氏县,开封市,2024-2026,58_尉氏县_2024_2026.csv
142,朱先生,比亚迪岗位多多普工技工,开封市,开封-尉氏,6000.0,8500.0,岗位：比亚迪岗位多多普工技工；标签：五险一金 / 包住；薪资：6000-8500元/月,未注明,,58同城,2026-09-24 20:23:23,410223,尉氏县,开封市,2024-2026,58_尉氏县_2024_2026.csv
143,找份工作,服务员,开封市,尉氏-尉氏县,2000.0,3000.0,岗位：服务员；标签：招2人 / 经验不限 / 学历不限；薪资：2000-3000元/月,学历不限,2.0,58同城,2026-09-24 20:23:23,410223,尉氏县,开封市,2024-2026,58_尉氏县_2024_2026.csv
144,喜欢哼歌的小嘴,小吃/快餐店服务员工作餐标高免费工服,开封市,尉氏县-尉氏汽车站,2600.0,3500.0,岗位：小吃/快餐店服务员工作餐标高免费工服；标签：招2人 / 经验不限 / 学历不限；薪资：2600-3500元/月,学历不限,2.0,58同城,2026-09-24 20:23:23,410223,尉氏县,开封市,2024-2026,58_尉氏县_2024_2026.csv
145,晚霞酿的酒,服装纺织厂包装工2400起,开封市,尉东市场-八房井购物中心,2400.0,3000.0,岗位：服装纺织厂包装工2400起；标签：招1人 / 经验不限 / 学历不限；薪资：2400-3000元/月,学历不限,1.0,58同城,2026-09-24 20:23:23,410223,尉氏县,开封市,2024-2026,58_尉氏县_2024_2026.csv
146,魏女士,服饰商店/服装销售3千起,开封市,尉氏-尉氏县,3000.0,8000.0,岗位：服饰商店/服装销售3千起；标签：招3人 / 经验不限 / 学历不限；薪资：3000-8000元/月,学历不限,3.0,58同城,2026-09-24 20:23:23,410223,尉氏县,开封市,2024-2026,58_尉氏县_2024_2026.csv
147,丁先生,汽车/汽配厂普工/操作工6300起,开封市,尉氏-尉氏县,6300.0,7000.0,岗位：汽车/汽配厂普工/操作工6300起；标签：招1人 / 经验不限 / 学历不限；薪资：6300-7000元/月,学历不限,1.0,58同城,2026-09-24 20:23:23,410223,尉氏县,开封市,2024-2026,58_尉氏县_2024_2026.csv
148,等雨停的窗,诚聘二保焊/五险包住包吃,开封市,开封-尉氏,5000.0,8000.0,岗位：诚聘二保焊/五险包住包吃；标签：包住 / 包吃 / 五险；薪资：5000-8000元/月,未注明,,58同城,2026-09-24 20:23:23,410223,尉氏县,开封市,2024-2026,58_尉氏县_2024_2026.csv
149,食荤者,烧烤帮工,开封市,尉东市场-八房井购物中心,2000.0,4000.0,岗位：烧烤帮工；标签：年底双薪；薪资：2000-4000元/月,未注明,,58同城,2026-09-24 20:23:23,410223,尉氏县,开封市,2024-2026,58_尉氏县_2024_2026.csv
150,郭先生,商贸类会计,开封市,尉氏-尉氏县,3500.0,4500.0,岗位：商贸类会计；标签：年底双薪；薪资：3500-4500元/月,未注明,,58同城,2026-09-24 20:23:23,410223,尉氏县,开封市,2024-2026,58_尉氏县_2024_2026.csv
151,等雨停的窗,急聘激光切割工包吃包住,开封市,开封-尉氏,5000.0,8000.0,岗位：急聘激光切割工包吃包住；标签：包住 / 包吃 / 五险；薪资：5000-8000元/月,未注明,,58同城,2026-09-24 20:23:23,410223,尉氏县,开封市,2024-2026,58_尉氏县_2024_2026.csv
152,sanlaodao,小吃店服务员2500起,开封市,尉氏-尉氏县,2500.0,3000.0,岗位：小吃店服务员2500起；标签：包吃；薪资：2500-3000元/月,未注明,,58同城,2026-09-24 20:23:23,410223,尉氏县,开封市,2024-2026,58_尉氏县_2024_2026.csv
153,招聘专员,开封冰雨药业有限公司/会计/包吃周末双休,开封市,尉氏,2500.0,4500.0,岗位：开封冰雨药业有限公司/会计/包吃周末双休；标签：周末双休 / 包住 / 包吃；薪资：2500-4500元/月,未注明,,58同城,2026-09-24 20:23:23,410223,尉氏县,开封市,2024-2026,58_尉氏县_2024_2026.csv
154,陈先生,急招集成房屋公司油漆工,开封市,尉氏-尉氏县,4500.0,10000.0,岗位：急招集成房屋公司油漆工；标签：经验3-5年 / 学历不限；薪资：4500-10000元/月,学历不限,,58同城,2026-09-24 20:23:23,410223,尉氏县,开封市,2024-2026,58_尉氏县_2024_2026.csv
155,优美动听晏老板F,潘阳建材贸易商行/办公室文员/3千起,开封市,尉氏-尉氏县,3000.0,5500.0,岗位：潘阳建材贸易商行/办公室文员/3千起；标签：加班补助；薪资：3000-5500元/月,未注明,,58同城,2026-09-24 20:23:23,410223,尉氏县,开封市,2024-2026,58_尉氏县_2024_2026.csv
156,王老利,尉氏县老利农机有限公司/新媒体运营工作时,开封市,尉氏-尉氏县,4000.0,6000.0,岗位：尉氏县老利农机有限公司/新媒体运营工作时；标签：经验1-2年 / 学历不限；薪资：4000-6000元/月,学历不限,,58同城,2026-09-24 20:23:23,410223,尉氏县,开封市,2024-2026,58_尉氏县_2024_2026.csv
157,博文双语学校,尉氏县博文双语学校/体育教师/包住包吃周,开封市,尉氏-尉氏县,2500.0,4500.0,岗位：尉氏县博文双语学校/体育教师/包住包吃周；标签：包住 / 包吃 / 周末双休；薪资：2500-4500元/月,未注明,,58同城,2026-09-24 20:23:23,410223,尉氏县,开封市,2024-2026,58_尉氏县_2024_2026.csv
158,陈先生,集装箱3D广告设计师,开封市,尉氏-尉氏县,3000.0,8000.0,岗位：集装箱3D广告设计师；标签：经验1-2年 / 学历不限；薪资：3000-8000元/月,学历不限,,58同城,2026-09-24 20:23:23,410223,尉氏县,开封市,2024-2026,58_尉氏县_2024_2026.csv
159,闫女士,钢结构厂国内电商运营周末双休包吃五险,开封市,尉氏-尉氏县,7000.0,10000.0,岗位：钢结构厂国内电商运营周末双休包吃五险；标签：五险 / 包吃 / 周末双休；薪资：7000-10000元/月,未注明,,58同城,2026-09-24 20:23:23,410223,尉氏县,开封市,2024-2026,58_尉氏县_2024_2026.csv
160,用户78404,营业员,开封市,尉氏-尉氏县,2500.0,4500.0,岗位：营业员；标签：经验不限 / 学历不限；薪资：2500-4500元/月,学历不限,,58同城,2026-09-24 20:23:23,410223,尉氏县,开封市,2024-2026,58_尉氏县_2024_2026.csv
161,捷诚科技商行,宽带装维/五险一金,开封市,尉氏-尉氏县,2500.0,11000.0,岗位：宽带装维/五险一金；标签：五险一金；薪资：2500-11000元/月,未注明,,58同城,2026-09-24 20:23:23,410223,尉氏县,开封市,2024-2026,58_尉氏县_2024_2026.csv
162,HAONONG,河南昊农生态肥业有限公司/普工/操作工加,开封市,尉氏-尉氏县,3500.0,5000.0,岗位：河南昊农生态肥业有限公司/普工/操作工加；标签：包住 / 包吃 / 加班补助；薪资：3500-5000元/月,未注明,,58同城,2026-09-24 20:23:23,410223,尉氏县,开封市,2024-2026,58_尉氏县_2024_2026.csv
163,操蛋的人生,月薪3200起诚聘客服,开封市,尉氏-尉东市场,3200.0,12000.0,岗位：月薪3200起诚聘客服；标签：经验不限 / 学历不限；薪资：3200-12000元/月,学历不限,,58同城,2026-09-24 20:23:23,410223,尉氏县,开封市,2024-2026,58_尉氏县_2024_2026.csv
164,杨先生,急招尉氏啤酒配送C本不装卸司机,开封市,开封-尉氏,6000.0,8000.0,岗位：急招尉氏啤酒配送C本不装卸司机；标签：包住；薪资：6000-8000元/月,未注明,,58同城,2026-09-24 20:23:23,410223,尉氏县,开封市,2024-2026,58_尉氏县_2024_2026.csv
165,苏先生,APp聊天客服,开封市,尉氏-尉氏县,3500.0,9000.0,岗位：APp聊天客服；标签：经验不限 / 学历不限；薪资：3500-9000元/月,学历不限,,58同城,2026-09-24 20:23:23,410223,尉氏县,开封市,2024-2026,58_尉氏县_2024_2026.csv
166,一切皆有可能_,尉氏县李宁/阿迪/耐克店长导购,开封市,尉氏县-尉氏县城,4500.0,6000.0,岗位：尉氏县李宁/阿迪/耐克店长导购；标签：五险 / 年底双薪 / 加班补助；薪资：4500-6000元/月,未注明,,58同城,2026-09-24 20:23:23,410223,尉氏县,开封市,2024-2026,58_尉氏县_2024_2026.csv
167,传诵不已的阮师傅,维也纳酒店餐饮部大堂经理,开封市,尉氏,6000.0,10000.0,岗位：维也纳酒店餐饮部大堂经理；标签：招3人 / 经验3-5年 / 学历不限；薪资：6000-10000元/月,学历不限,3.0,58同城,2026-09-24 20:23:27,410223,尉氏县,开封市,2024-2026,58_尉氏县_2024_2026.csv
168,丁先生,化验员,开封市,尉氏,5000.0,7000.0,岗位：化验员；标签：招5人 / 经验不限 / 学历大专；薪资：5000-7000元/月,大专,5.0,58同城,2026-09-24 20:23:27,410223,尉氏县,开封市,2024-2026,58_尉氏县_2024_2026.csv
169,赵女士,五险加年终奖诚聘兽药发酵... 小程序,开封市,尉氏县-尉氏汽车站,4500.0,10000.0,岗位：五险加年终奖诚聘兽药发酵... 小程序；标签：饭补 / 交通补助 / 加班补助 / 话补；薪资：4500-10000元/月,未注明,,58同城,2026-09-24 20:23:27,410223,尉氏县,开封市,2024-2026,58_尉氏县_2024_2026.csv
170,传诵不已的阮师傅,酒店餐饮部经理,开封市,尉氏,6000.0,10000.0,岗位：酒店餐饮部经理；标签：包吃 / 包住；薪资：6000-10000元/月,未注明,,58同城,2026-09-24 20:23:27,410223,尉氏县,开封市,2024-2026,58_尉氏县_2024_2026.csv
171,博文双语学校,尉氏县博文双语学校/英语老师/包吃包住周,开封市,尉氏-尉氏县,4000.0,8000.0,岗位：尉氏县博文双语学校/英语老师/包吃包住周；标签：包住 / 包吃 / 周末双休；薪资：4000-8000元/月,未注明,,58同城,2026-09-24 20:23:27,410223,尉氏县,开封市,2024-2026,58_尉氏县_2024_2026.csv
172,一帆_,篮球教练,开封市,尉氏县-尉氏汽车站,1500.0,3300.0,岗位：篮球教练；标签：招3人 / 经验1-2年 / 学历本科；薪资：1500-3300元/月,本科,3.0,58同城,2026-09-24 20:23:27,410223,尉氏县,开封市,2024-2026,58_尉氏县_2024_2026.csv
173,栖云客服招聘中,诚聘自媒体运营,开封市,尉氏,3000.0,5000.0,岗位：诚聘自媒体运营；标签：招2人 / 经验1-2年 / 学历不限；薪资：3000-5000元/月,学历不限,2.0,58同城,2026-09-24 20:23:27,410223,尉氏县,开封市,2024-2026,58_尉氏县_2024_2026.csv
174,付先生,尉氏主播经纪人3000起接受小白,开封市,尉氏,3000.0,6000.0,岗位：尉氏主播经纪人3000起接受小白；标签：招10人 / 经验不限 / 学历不限；薪资：3000-6000元/月,学历不限,10.0,58同城,2026-09-24 20:23:27,410223,尉氏县,开封市,2024-2026,58_尉氏县_2024_2026.csv
175,青涩DE管博士,医院执业药师,开封市,尉氏,4000.0,5000.0,岗位：医院执业药师；标签：招3人 / 经验不限 / 学历不限；薪资：4000-5000元/月,学历不限,3.0,58同城,2026-09-24 20:23:27,410223,尉氏县,开封市,2024-2026,58_尉氏县_2024_2026.csv
176,丁先生,化验员有矿石解析能力及行业相关经验,开封市,尉氏,5000.0,7000.0,岗位：化验员有矿石解析能力及行业相关经验；标签：招5人 / 经验1-2年 / 学历大专；薪资：5000-7000元/月,大专,5.0,58同城,2026-09-24 20:23:27,410223,尉氏县,开封市,2024-2026,58_尉氏县_2024_2026.csv
177,张驰,保单销售专员工作轻松简单,开封市,尉氏-尉氏县,2000.0,5000.0,岗位：保单销售专员工作轻松简单；标签：经验不限 / 学历高中；薪资：2000-5000元/月,高中,,58同城,2026-09-24 20:23:27,410223,尉氏县,开封市,2024-2026,58_尉氏县_2024_2026.csv
178,表达力强_耿同学,柒号美容美发店/养发师/1000起,开封市,尉氏县-尉氏县城,1000.0,3000.0,岗位：柒号美容美发店/养发师/1000起；标签：招1人 / 经验不限 / 学历不限；薪资：1000-3000元/月,学历不限,1.0,58同城,2026-09-24 20:23:27,410223,尉氏县,开封市,2024-2026,58_尉氏县_2024_2026.csv
179,招聘专员,药店执业药师/驻店药师2000起,开封市,尉氏-尉氏县,2000.0,3500.0,岗位：药店执业药师/驻店药师2000起；标签：招1人 / 经验不限 / 学历不限；薪资：2000-3500元/月,学历不限,1.0,58同城,2026-09-24 20:23:27,410223,尉氏县,开封市,2024-2026,58_尉氏县_2024_2026.csv
180,杨先生,中国人寿保险销售顾问,开封市,尉氏,3000.0,10000.0,岗位：中国人寿保险销售顾问；标签：招10人 / 经验不限 / 学历不限；薪资：3000-10000元/月,学历不限,10.0,58同城,2026-09-24 20:23:27,410223,尉氏县,开封市,2024-2026,58_尉氏县_2024_2026.csv
181,张驰,车险续保专员高提成,开封市,尉氏-尉氏县,4000.0,8000.0,岗位：车险续保专员高提成；标签：经验不限 / 学历不限；薪资：4000-8000元/月,学历不限,,58同城,2026-09-24 20:23:27,410223,尉氏县,开封市,2024-2026,58_尉氏县_2024_2026.csv
182,杨先生,中国人寿保险咨询顾问,开封市,尉氏,3000.0,10000.0,岗位：中国人寿保险咨询顾问；标签：招10人 / 经验不限 / 学历不限；薪资：3000-10000元/月,学历不限,10.0,58同城,2026-09-24 20:23:27,410223,尉氏县,开封市,2024-2026,58_尉氏县_2024_2026.csv
183,张驰,高提成资时间自由保险销售顾问,开封市,尉氏-尉氏县,4000.0,8000.0,岗位：高提成资时间自由保险销售顾问；标签：经验不限 / 学历不限；薪资：4000-8000元/月,学历不限,,58同城,2026-09-24 20:23:27,410223,尉氏县,开封市,2024-2026,58_尉氏县_2024_2026.csv
184,杨先生,中国人寿保险销售经理,开封市,尉氏,3000.0,10000.0,岗位：中国人寿保险销售经理；标签：招10人 / 经验不限 / 学历不限；薪资：3000-10000元/月,学历不限,10.0,58同城,2026-09-24 20:23:27,410223,尉氏县,开封市,2024-2026,58_尉氏县_2024_2026.csv
185,张驰,高提成人寿保险经纪人,开封市,尉氏-尉氏县,4000.0,8000.0,岗位：高提成人寿保险经纪人；标签：经验不限 / 学历不限；薪资：4000-8000元/月,学历不限,,58同城,2026-09-24 20:23:27,410223,尉氏县,开封市,2024-2026,58_尉氏县_2024_2026.csv
186,杨先生,人寿保险销售顾问,开封市,尉氏,3000.0,10000.0,岗位：人寿保险销售顾问；标签：招10人 / 经验不限 / 学历不限；薪资：3000-10000元/月,学历不限,10.0,58同城,2026-09-24 20:23:27,410223,尉氏县,开封市,2024-2026,58_尉氏县_2024_2026.csv
187,张驰,诚聘保险销售专员,开封市,尉氏-尉氏县,4000.0,8000.0,岗位：诚聘保险销售专员；标签：经验不限 / 学历不限；薪资：4000-8000元/月,学历不限,,58同城,2026-09-24 20:23:27,410223,尉氏县,开封市,2024-2026,58_尉氏县_2024_2026.csv
188,吕老师,诚聘高中物理教师杞县希望高中,开封市,尉氏,7000.0,14000.0,岗位：诚聘高中物理教师杞县希望高中；标签：招2人 / 经验1-2年 / 学历本科；薪资：7000-14000元/月,本科,2.0,58同城,2026-09-24 20:23:27,410223,尉氏县,开封市,2024-2026,58_尉氏县_2024_2026.csv
189,温柔甜美伏老板X,急聘有经验设计师待遇好请直接带电话,开封市,尉氏-尉氏县,4000.0,8500.0,岗位：急聘有经验设计师待遇好请直接带电话；标签：招2人 / 经验1年以下 / 学历大专；薪资：4000-8500元/月,大专,2.0,58同城,2026-09-24 20:23:27,410223,尉氏县,开封市,2024-2026,58_尉氏县_2024_2026.csv
190,温柔甜美伏老板X,月薪4000起诚聘有经验设计师直接打电话,开封市,尉氏-尉氏县,4000.0,7000.0,岗位：月薪4000起诚聘有经验设计师直接打电话；标签：包吃；薪资：4000-7000元/月,未注明,,58同城,2026-09-24 20:23:27,410223,尉氏县,开封市,2024-2026,58_尉氏县_2024_2026.csv
191,招聘专员,打字客服/在线客服/游戏客服,开封市,兰考-兰考县,3000.0,4000.0,岗位：打字客服/在线客服/游戏客服；标签：经验不限 / 学历不限；薪资：3000-4000元/月,学历不限,,58同城,2026-09-24 20:25:05,410225,兰考县,开封市,2024-2026,58_兰考县_2024_2026.csv
192,翟先生,聊天客服,开封市,兰考-兰考县,3000.0,5000.0,岗位：聊天客服；标签：经验不限 / 学历不限；薪资：3000-5000元/月,学历不限,,58同城,2026-09-24 20:25:05,410225,兰考县,开封市,2024-2026,58_兰考县_2024_2026.csv
193,邵先生,兰考外卖骑士 小程序,开封市,开封-兰考,8000.0,8500.0,岗位：兰考外卖骑士 小程序；标签：加班补助 / 饭补 / 话补 / 房补；薪资：8000-8500元/月,未注明,,58同城,2026-09-24 20:25:05,410225,兰考县,开封市,2024-2026,58_兰考县_2024_2026.csv
194,齐钇茗,河南风行工艺品有限公司力工包吃饭补包住,开封市,兰考县-兰考县城,2500.0,4500.0,岗位：河南风行工艺品有限公司力工包吃饭补包住；标签：包住 / 包吃 / 饭补；薪资：2500-4500元/月,未注明,,58同城,2026-09-24 20:25:05,410225,兰考县,开封市,2024-2026,58_兰考县_2024_2026.csv
195,待她笑靥如花,亚马逊网络在线客服3千至四千,开封市,兰考-兰考县,3000.0,5000.0,岗位：亚马逊网络在线客服3千至四千；标签：招2人 / 经验不限 / 学历不限；薪资：3000-5000元/月,学历不限,2.0,58同城,2026-09-24 20:25:05,410225,兰考县,开封市,2024-2026,58_兰考县_2024_2026.csv
196,爱绘图de辛师傅,货运公司招聘C本货运司机不装不卸,开封市,兰考,6500.0,8000.0,岗位：货运公司招聘C本货运司机不装不卸；标签：招6人 / 经验不限 / 学历不限；薪资：6500-8000元/月,学历不限,6.0,58同城,2026-09-24 20:25:05,410225,兰考县,开封市,2024-2026,58_兰考县_2024_2026.csv
197,谷先生,建筑装饰公司视频拍摄3千起,开封市,兰考-兰考县,3000.0,4500.0,岗位：建筑装饰公司视频拍摄3千起；标签：招1人 / 经验1-2年 / 学历不限；薪资：3000-4500元/月,学历不限,1.0,58同城,2026-09-24 20:25:05,410225,兰考县,开封市,2024-2026,58_兰考县_2024_2026.csv
198,拍星星的徐同学,台球厅台球助教5千起仅女生,开封市,兰考-兰考县,5000.0,7000.0,岗位：台球厅台球助教5千起仅女生；标签：经验不限 / 学历不限；薪资：5000-7000元/月,学历不限,,58同城,2026-09-24 20:25:05,410225,兰考县,开封市,2024-2026,58_兰考县_2024_2026.csv
199,张先生,保健服务部/足疗师房补饭补,开封市,兰考-空港,4500.0,8000.0,岗位：保健服务部/足疗师房补饭补；标签：饭补 / 房补；薪资：4500-8000元/月,未注明,,58同城,2026-09-24 20:25:05,410225,兰考县,开封市,2024-2026,58_兰考县_2024_2026.csv
200,郑女士,1万包吃住招健身教练学徒,开封市,开封-兰考,6500.0,13000.0,岗位：1万包吃住招健身教练学徒；标签：包住 / 五险一金 / 包吃；薪资：6500-13000元/月,未注明,,58同城,2026-09-24 20:25:05,410225,兰考县,开封市,2024-2026,58_兰考县_2024_2026.csv
201,王先生,小吃店服务员2000起,开封市,兰考-兰考县,2000.0,3000.0,岗位：小吃店服务员2000起；标签：经验不限 / 学历不限；薪资：2000-3000元/月,学历不限,,58同城,2026-09-24 20:25:05,410225,兰考县,开封市,2024-2026,58_兰考县_2024_2026.csv
202,爱邮购的银博士,兰栖酒店/前台,开封市,兰考县-兰考县城,2500.0,4000.0,岗位：兰栖酒店/前台；标签：招1人 / 经验不限 / 学历不限；薪资：2500-4000元/月,学历不限,1.0,58同城,2026-09-24 20:25:05,410225,兰考县,开封市,2024-2026,58_兰考县_2024_2026.csv
203,喜欢捏橡皮的可可,质检员上班转一转280一天,开封市,兰考,6000.0,8000.0,岗位：质检员上班转一转280一天；标签：五险一金 / 包吃 / 包住 / 年底双薪；薪资：6000-8000元/月,未注明,,58同城,2026-09-24 20:25:05,410225,兰考县,开封市,2024-2026,58_兰考县_2024_2026.csv
204,T丰姿绰约涂博士,中餐厅服务员/免费工服包吃,开封市,兰考县-兰考县城,3000.0,4000.0,岗位：中餐厅服务员/免费工服包吃；标签：包吃；薪资：3000-4000元/月,未注明,,58同城,2026-09-24 20:25:05,410225,兰考县,开封市,2024-2026,58_兰考县_2024_2026.csv
205,Qtpapa,生产文员,开封市,兰考,2000.0,4000.0,岗位：生产文员；标签：招21人 / 经验不限 / 学历高中；薪资：2000-4000元/月,高中,21.0,58同城,2026-09-24 20:25:05,410225,兰考县,开封市,2024-2026,58_兰考县_2024_2026.csv
206,董女士,兰考饿了么直聘骑手日结提供装备,开封市,兰考-兰考县,8000.0,8500.0,岗位：兰考饿了么直聘骑手日结提供装备；标签：年底双薪 / 交通补助；薪资：8000-8500元/月,未注明,,58同城,2026-09-24 20:25:05,410225,兰考县,开封市,2024-2026,58_兰考县_2024_2026.csv
207,卞女士,采购跟单员,开封市,兰考-兰考县,6000.0,7000.0,岗位：采购跟单员；标签：招1人 / 经验3-5年 / 学历高中；薪资：6000-7000元/月,高中,1.0,58同城,2026-09-24 20:25:05,410225,兰考县,开封市,2024-2026,58_兰考县_2024_2026.csv
208,捡石子的乐乐,居家审核员作息轻松月薪六千,开封市,兰考-空港,5000.0,8000.0,岗位：居家审核员作息轻松月薪六千；标签：五险一金 / 包吃 / 包住 / 周末双休；薪资：5000-8000元/月,未注明,,58同城,2026-09-24 20:25:05,410225,兰考县,开封市,2024-2026,58_兰考县_2024_2026.csv
209,宋先生,数据标注/AI训练师,开封市,兰考-兰考县,3000.0,5000.0,岗位：数据标注/AI训练师；标签：经验不限 / 学历不限；薪资：3000-5000元/月,学历不限,,58同城,2026-09-24 20:25:05,410225,兰考县,开封市,2024-2026,58_兰考县_2024_2026.csv
210,徐先生,兰考县允昌商贸有限公司门店店长3000起,开封市,兰考-空港,3000.0,5000.0,岗位：兰考县允昌商贸有限公司门店店长3000起；标签：饭补；薪资：3000-5000元/月,未注明,,58同城,2026-09-24 20:25:05,410225,兰考县,开封市,2024-2026,58_兰考县_2024_2026.csv
211,招聘专员,便利店店员/营业员学历经验不限,开封市,兰考-兰考县,3000.0,4000.0,岗位：便利店店员/营业员学历经验不限；标签：经验不限 / 学历不限；薪资：3000-4000元/月,学历不限,,58同城,2026-09-24 20:25:05,410225,兰考县,开封市,2024-2026,58_兰考县_2024_2026.csv
212,张先生,兰考急招餐饮店店长4000起,开封市,兰考-空港,4000.0,6000.0,岗位：兰考急招餐饮店店长4000起；标签：招1人 / 经验1-2年 / 学历不限；薪资：4000-6000元/月,学历不限,1.0,58同城,2026-09-24 20:25:05,410225,兰考县,开封市,2024-2026,58_兰考县_2024_2026.csv
213,闻桂花的人,内容审核优薪福利岗七千保底,开封市,兰考,6000.0,8000.0,岗位：内容审核优薪福利岗七千保底；标签：五险一金 / 包吃 / 包住 / 年底双薪；薪资：6000-8000元/月,未注明,,58同城,2026-09-24 20:25:05,410225,兰考县,开封市,2024-2026,58_兰考县_2024_2026.csv
214,Everythingtome,兰考县雲海招聘武术搏击教练周内双休,开封市,兰考-兰考县,3000.0,6000.0,岗位：兰考县雲海招聘武术搏击教练周内双休；标签：包住 / 周末双休；薪资：3000-6000元/月,未注明,,58同城,2026-09-24 20:25:05,410225,兰考县,开封市,2024-2026,58_兰考县_2024_2026.csv
215,张先生,兰考县张艳伟理发店美发助理/学徒2千起,开封市,兰考-兰考县,2000.0,2500.0,岗位：兰考县张艳伟理发店美发助理/学徒2千起；标签：经验不限 / 学历不限；薪资：2000-2500元/月,学历不限,,58同城,2026-09-24 20:25:05,410225,兰考县,开封市,2024-2026,58_兰考县_2024_2026.csv
216,张先生,口腔医生3000起,开封市,兰考县-兰考县城,3000.0,5000.0,岗位：口腔医生3000起；标签：经验3-5年 / 学历不限；薪资：3000-5000元/月,学历不限,,58同城,2026-09-24 20:25:05,410225,兰考县,开封市,2024-2026,58_兰考县_2024_2026.csv
217,赵女士,萘欧美甲店/美甲师/3000到5000,开封市,兰考-兰考县,3000.0,4500.0,岗位：萘欧美甲店/美甲师/3000到5000；标签：招1人 / 经验不限 / 学历不限；薪资：3000-4500元/月,学历不限,1.0,58同城,2026-09-24 20:25:05,410225,兰考县,开封市,2024-2026,58_兰考县_2024_2026.csv
218,用户64506,百货批发商行/电商运营2500起,开封市,兰考县-兰考县城,2500.0,4500.0,岗位：百货批发商行/电商运营2500起；标签：饭补；薪资：2500-4500元/月,未注明,,58同城,2026-09-24 20:25:05,410225,兰考县,开封市,2024-2026,58_兰考县_2024_2026.csv
219,用户83376,餐饮店后厨杂工18岁以上,开封市,兰考-兰考县,2000.0,2500.0,岗位：餐饮店后厨杂工18岁以上；标签：招1人 / 经验1年以下 / 学历不限；薪资：2000-2500元/月,学历不限,1.0,58同城,2026-09-24 20:25:05,410225,兰考县,开封市,2024-2026,58_兰考县_2024_2026.csv
220,董女士,兰考饿了么日结299,开封市,兰考-兰考县,7000.0,8000.0,岗位：兰考饿了么日结299；标签：年底双薪 / 交通补助；薪资：7000-8000元/月,未注明,,58同城,2026-09-24 20:25:05,410225,兰考县,开封市,2024-2026,58_兰考县_2024_2026.csv
221,杨先生,急招偃师日用百货配送C本司机不装卸,洛阳市,洛阳-偃师市,6000.0,8000.0,岗位：急招偃师日用百货配送C本司机不装卸；标签：包住；薪资：6000-8000元/月,未注明,,58同城,2026-09-24 20:26:52,410307,偃师区,洛阳市,2024-2026,58_偃师区_2024_2026.csv
222,王女士,技术员,洛阳市,偃师-岳滩,4000.0,5000.0,岗位：技术员；标签：招3人 / 经验1年以下 / 学历大专；薪资：4000-5000元/月,大专,3.0,58同城,2026-09-24 20:26:52,410307,偃师区,洛阳市,2024-2026,58_偃师区_2024_2026.csv
223,用户78504,中餐厅后厨包住洗衣机四人... 小程序,洛阳市,偃师市-顾县镇,2500.0,5000.0,岗位：中餐厅后厨包住洗衣机四人... 小程序；标签：包住 / 包吃；薪资：2500-5000元/月,未注明,,58同城,2026-09-24 20:26:52,410307,偃师区,洛阳市,2024-2026,58_偃师区_2024_2026.csv
224,刘建华,钢球生产工序操作工,洛阳市,其他-杜甫大道,5500.0,8500.0,岗位：钢球生产工序操作工；标签：五险；薪资：5500-8500元/月,未注明,,58同城,2026-09-24 20:26:52,410307,偃师区,洛阳市,2024-2026,58_偃师区_2024_2026.csv
225,何先生,靓顺管道设备服务公司文员包住饭补五险,洛阳市,偃师,3500.0,5000.0,岗位：靓顺管道设备服务公司文员包住饭补五险；标签：五险 / 包住 / 饭补；薪资：3500-5000元/月,未注明,,58同城,2026-09-24 20:26:52,410307,偃师区,洛阳市,2024-2026,58_偃师区_2024_2026.csv
226,鲍龙,羽毛球馆羽毛球教练加班补助包住包吃,洛阳市,偃师,6000.0,10000.0,岗位：羽毛球馆羽毛球教练加班补助包住包吃；标签：包住 / 包吃 / 加班补助；薪资：6000-10000元/月,未注明,,58同城,2026-09-24 20:26:52,410307,偃师区,洛阳市,2024-2026,58_偃师区_2024_2026.csv
227,赵女士,美容馆/美容学徒(澜澜团队急招),洛阳市,其他-杜甫大道,2000.0,5000.0,岗位：美容馆/美容学徒(澜澜团队急招)；标签：经验不限 / 学历不限；薪资：2000-5000元/月,学历不限,,58同城,2026-09-24 20:26:52,410307,偃师区,洛阳市,2024-2026,58_偃师区_2024_2026.csv
228,宋女士,连锁店养发师美容店长5000起/洛阳偃师,洛阳市,偃师市-其他,5000.0,10000.0,岗位：连锁店养发师美容店长5000起/洛阳偃师；标签：招1人 / 经验1-2年 / 学历不限；薪资：5000-10000元/月,学历不限,1.0,58同城,2026-09-24 20:26:52,410307,偃师区,洛阳市,2024-2026,58_偃师区_2024_2026.csv
229,yanshiruixin,办公室文员,洛阳市,偃师,3000.0,5000.0,岗位：办公室文员；标签：招5人 / 经验不限 / 学历不限；薪资：3000-5000元/月,学历不限,5.0,58同城,2026-09-24 20:26:52,410307,偃师区,洛阳市,2024-2026,58_偃师区_2024_2026.csv
230,腾讯新闻,生鲜超市理货员,洛阳市,偃师市-其他,2500.0,3000.0,岗位：生鲜超市理货员；标签：年底双薪 / 加班补助；薪资：2500-3000元/月,未注明,,58同城,2026-09-24 20:26:52,410307,偃师区,洛阳市,2024-2026,58_偃师区_2024_2026.csv
231,洛阳市宸邦实业有限公司,客户邀约专员,洛阳市,其他-杜甫大道,3000.0,10000.0,岗位：客户邀约专员；标签：招2人 / 经验不限 / 学历不限；薪资：3000-10000元/月,学历不限,2.0,58同城,2026-09-24 20:26:52,410307,偃师区,洛阳市,2024-2026,58_偃师区_2024_2026.csv
232,赵女士,美容师-时间自由-可双休(澜澜团队急招),洛阳市,其他-杜甫大道,3000.0,6000.0,岗位：美容师-时间自由-可双休(澜澜团队急招)；标签：经验不限 / 学历不限；薪资：3000-6000元/月,学历不限,,58同城,2026-09-24 20:26:52,410307,偃师区,洛阳市,2024-2026,58_偃师区_2024_2026.csv
233,左女士,商品混凝土公司销售/五险包吃包住,洛阳市,偃师-其他,5000.0,10000.0,岗位：商品混凝土公司销售/五险包吃包住；标签：五险 / 包住 / 包吃；薪资：5000-10000元/月,未注明,,58同城,2026-09-24 20:26:52,410307,偃师区,洛阳市,2024-2026,58_偃师区_2024_2026.csv
234,招聘专员,洛阳市偃师区星潮贝品母婴用品店店员/营业,洛阳市,偃师-顾县镇,2000.0,5000.0,岗位：洛阳市偃师区星潮贝品母婴用品店店员/营业；标签：经验不限 / 学历不限；薪资：2000-5000元/月,学历不限,,58同城,2026-09-24 20:26:52,410307,偃师区,洛阳市,2024-2026,58_偃师区_2024_2026.csv
235,李先生,八千直招仓库装卸工包吃住,洛阳市,洛阳-偃师市,7000.0,8500.0,岗位：八千直招仓库装卸工包吃住；标签：包住 / 包吃；薪资：7000-8500元/月,未注明,,58同城,2026-09-24 20:26:52,410307,偃师区,洛阳市,2024-2026,58_偃师区_2024_2026.csv
236,李先生,偃师安能八千包吃住直招仓库操作工,洛阳市,洛阳-偃师市,5000.0,7000.0,岗位：偃师安能八千包吃住直招仓库操作工；标签：包住 / 包吃；薪资：5000-7000元/月,未注明,,58同城,2026-09-24 20:26:52,410307,偃师区,洛阳市,2024-2026,58_偃师区_2024_2026.csv
237,何先生,设备维修焊工,洛阳市,偃师-顾县镇,6000.0,10000.0,岗位：设备维修焊工；标签：包住 / 包吃 / 交通补助 / 加班补助；薪资：6000-10000元/月,未注明,,58同城,2026-09-24 20:26:52,410307,偃师区,洛阳市,2024-2026,58_偃师区_2024_2026.csv
238,杨女士,绣花厂/看机器杂工/包住加班补助包吃,洛阳市,偃师市-其他,3500.0,5000.0,岗位：绣花厂/看机器杂工/包住加班补助包吃；标签：包住 / 包吃 / 加班补助；薪资：3500-5000元/月,未注明,,58同城,2026-09-24 20:26:52,410307,偃师区,洛阳市,2024-2026,58_偃师区_2024_2026.csv
239,王先生,金钥匙双语学校/招生专员周末双休包住包吃,洛阳市,偃师市-其他,3000.0,4500.0,岗位：金钥匙双语学校/招生专员周末双休包住包吃；标签：包住 / 包吃 / 周末双休；薪资：3000-4500元/月,未注明,,58同城,2026-09-24 20:26:52,410307,偃师区,洛阳市,2024-2026,58_偃师区_2024_2026.csv
240,叶衍团,沐足养生店/按摩师饭补包住年底双薪,洛阳市,偃师市-其他,14500.0,15000.0,岗位：沐足养生店/按摩师饭补包住年底双薪；标签：包住 / 包吃 / 年底双薪 / 饭补；薪资：14500-15000元/月,未注明,,58同城,2026-09-24 20:26:52,410307,偃师区,洛阳市,2024-2026,58_偃师区_2024_2026.csv
241,草莓味的风,陇源鞋业商行/销售专员/4千起,洛阳市,偃师市-其他,4000.0,7000.0,岗位：陇源鞋业商行/销售专员/4千起；标签：经验不限 / 学历不限；薪资：4000-7000元/月,学历不限,,58同城,2026-09-24 20:26:52,410307,偃师区,洛阳市,2024-2026,58_偃师区_2024_2026.csv
242,招聘专员,火锅店服务员2500起,洛阳市,偃师市-其他,2500.0,3200.0,岗位：火锅店服务员2500起；标签：经验不限 / 学历不限；薪资：2500-3200元/月,学历不限,,58同城,2026-09-24 20:26:52,410307,偃师区,洛阳市,2024-2026,58_偃师区_2024_2026.csv
243,墨扣时尚男装,紧急招聘营业员，有无经验均可,洛阳市,其他-杜甫大道,3000.0,5000.0,岗位：紧急招聘营业员，有无经验均可；标签：经验不限 / 学历不限；薪资：3000-5000元/月,学历不限,,58同城,2026-09-24 20:26:52,410307,偃师区,洛阳市,2024-2026,58_偃师区_2024_2026.csv
244,李先生,偃师八千包吃住直招仓库普工,洛阳市,洛阳-偃师市,7000.0,8500.0,岗位：偃师八千包吃住直招仓库普工；标签：包住 / 包吃；薪资：7000-8500元/月,未注明,,58同城,2026-09-24 20:26:52,410307,偃师区,洛阳市,2024-2026,58_偃师区_2024_2026.csv
245,至死方休,中餐厅/中餐厨师/2000起,洛阳市,偃师市-其他,2000.0,5500.0,岗位：中餐厅/中餐厨师/2000起；标签：经验不限 / 学历不限；薪资：2000-5500元/月,学历不限,,58同城,2026-09-24 20:26:52,410307,偃师区,洛阳市,2024-2026,58_偃师区_2024_2026.csv
246,聂女士,10086人工客服带薪培训,洛阳市,商城-世纪商城,3000.0,6000.0,岗位：10086人工客服带薪培训；标签：招100人 / 经验不限 / 学历不限；薪资：3000-6000元/月,学历不限,100.0,58同城,2026-09-24 20:26:52,410307,偃师区,洛阳市,2024-2026,58_偃师区_2024_2026.csv
247,大口浙江服饰,大口镇浙江服饰导购,洛阳市,偃师市-其他,3000.0,6000.0,岗位：大口镇浙江服饰导购；标签：经验不限 / 学历不限；薪资：3000-6000元/月,学历不限,,58同城,2026-09-24 20:26:52,410307,偃师区,洛阳市,2024-2026,58_偃师区_2024_2026.csv
248,T丰润封总,大口镇浙江服饰销售3000起,洛阳市,其他-杜甫大道,3000.0,6000.0,岗位：大口镇浙江服饰销售3000起；标签：招1人 / 经验不限 / 学历不限；薪资：3000-6000元/月,学历不限,1.0,58同城,2026-09-24 20:26:52,410307,偃师区,洛阳市,2024-2026,58_偃师区_2024_2026.csv
249,无知的依赖,超越骆陀鞋业店京东运营3k起,洛阳市,其他-杜甫大道,3000.0,13500.0,岗位：超越骆陀鞋业店京东运营3k起；标签：经验不限 / 学历不限；薪资：3000-13500元/月,学历不限,,58同城,2026-09-24 20:26:52,410307,偃师区,洛阳市,2024-2026,58_偃师区_2024_2026.csv
250,数蚂蚁的彤彤,美容美甲店/美甲师/白/夜班多班次可选,洛阳市,偃师市-其他,3000.0,4500.0,岗位：美容美甲店/美甲师/白/夜班多班次可选；标签：经验1-2年 / 学历不限；薪资：3000-4500元/月,学历不限,,58同城,2026-09-24 20:26:52,410307,偃师区,洛阳市,2024-2026,58_偃师区_2024_2026.csv
251,李女士,中国人寿保险人事助理五险一金周末双休,洛阳市,涧西-万达广场,3000.0,5500.0,岗位：中国人寿保险人事助理五险一金周末双休；标签：五险一金 / 周末双休；薪资：3000-5500元/月,未注明,,58同城,2026-09-24 20:27:00,410307,偃师区,洛阳市,2024-2026,58_偃师区_2024_2026.csv
252,于女士,食堂面点师包住年底双薪包吃,洛阳市,西工-周王城广场,2500.0,3500.0,岗位：食堂面点师包住年底双薪包吃；标签：包住 / 包吃 / 年底双薪；薪资：2500-3500元/月,未注明,,58同城,2026-09-24 20:27:00,410307,偃师区,洛阳市,2024-2026,58_偃师区_2024_2026.csv
253,刘先生,新媒体运营有拍摄剪辑经验 小程序,洛阳市,洛阳,5000.0,10000.0,岗位：新媒体运营有拍摄剪辑经验 小程序；标签：包住；薪资：5000-10000元/月,未注明,,58同城,2026-09-24 20:27:00,410307,偃师区,洛阳市,2024-2026,58_偃师区_2024_2026.csv
254,王女士,中餐厅餐饮主管店长包住四人间淋浴,洛阳市,涧西-涧西周边,3500.0,5500.0,岗位：中餐厅餐饮主管店长包住四人间淋浴；标签：包住 / 包吃；薪资：3500-5500元/月,未注明,,58同城,2026-09-24 20:27:00,410307,偃师区,洛阳市,2024-2026,58_偃师区_2024_2026.csv
255,于先生,中餐厨师,洛阳市,西工-周王城广场,4000.0,6000.0,岗位：中餐厨师；标签：招2人 / 经验3-5年 / 学历不限；薪资：4000-6000元/月,学历不限,2.0,58同城,2026-09-24 20:27:00,410307,偃师区,洛阳市,2024-2026,58_偃师区_2024_2026.csv
256,赵先生,熟食店店员营业员工作时间白夜兼职,洛阳市,老城-丽景门,3000.0,5000.0,岗位：熟食店店员营业员工作时间白夜兼职；标签：经验1-2年 / 学历中专；薪资：3000-5000元/月,中专/中技,,58同城,2026-09-24 20:27:00,410307,偃师区,洛阳市,2024-2026,58_偃师区_2024_2026.csv
257,姚先生,后厨帮工洗碗工,洛阳市,洛阳-西工,2500.0,3500.0,岗位：后厨帮工洗碗工；标签：包吃；薪资：2500-3500元/月,未注明,,58同城,2026-09-24 20:27:00,410307,偃师区,洛阳市,2024-2026,58_偃师区_2024_2026.csv
258,高女士,食品/店员/营业员工作时间灵活,洛阳市,瀍河-瀍河周边,2500.0,3500.0,岗位：食品/店员/营业员工作时间灵活；标签：包吃；薪资：2500-3500元/月,未注明,,58同城,2026-09-24 20:27:00,410307,偃师区,洛阳市,2024-2026,58_偃师区_2024_2026.csv
259,罗先生,文化传媒公司主播助播4k起,洛阳市,洛阳-西工,4000.0,8000.0,岗位：文化传媒公司主播助播4k起；标签：招3人 / 经验不限 / 学历不限；薪资：4000-8000元/月,学历不限,3.0,58同城,2026-09-24 20:27:00,410307,偃师区,洛阳市,2024-2026,58_偃师区_2024_2026.csv
260,kqwa4e,财务其他,洛阳市,瀍河-瀍河周边,,,岗位：财务其他；标签：经验不限 / 学历大专；薪资：面议,大专,,58同城,2026-09-24 20:27:00,410307,偃师区,洛阳市,2024-2026,58_偃师区_2024_2026.csv
261,爱啼鸟的糜博士,烧烤店餐饮主管5千起,洛阳市,洛龙-森林半岛,5000.0,7000.0,岗位：烧烤店餐饮主管5千起；标签：招1人 / 经验1-2年 / 学历不限；薪资：5000-7000元/月,学历不限,1.0,58同城,2026-09-24 20:27:00,410307,偃师区,洛阳市,2024-2026,58_偃师区_2024_2026.csv
262,王智卫,小吃/快餐店餐厅领班2000起,洛阳市,洛阳-洛龙,2000.0,5000.0,岗位：小吃/快餐店餐厅领班2000起；标签：招1人 / 经验不限 / 学历不限；薪资：2000-5000元/月,学历不限,1.0,58同城,2026-09-24 20:27:00,410307,偃师区,洛阳市,2024-2026,58_偃师区_2024_2026.csv
263,STAR,急招牛肉汤盛汤师傅,洛阳市,洛龙-新区体育场,4000.0,5000.0,岗位：急招牛肉汤盛汤师傅；标签：经验不限 / 学历不限；薪资：4000-5000元/月,学历不限,,58同城,2026-09-24 20:27:00,410307,偃师区,洛阳市,2024-2026,58_偃师区_2024_2026.csv
264,洛阳快聘人力资源,洛龙区/汽配厂普工/操作工6k起,洛阳市,洛阳,6500.0,8500.0,岗位：洛龙区/汽配厂普工/操作工6k起；标签：饭补；薪资：6500-8500元/月,未注明,,58同城,2026-09-24 20:27:00,410307,偃师区,洛阳市,2024-2026,58_偃师区_2024_2026.csv
265,郝营,好汉建筑材料销售店营业员/营业员学历不限,洛阳市,西工-王城公园,2500.0,4000.0,岗位：好汉建筑材料销售店营业员/营业员学历不限；标签：加班补助；薪资：2500-4000元/月,未注明,,58同城,2026-09-24 20:27:00,410307,偃师区,洛阳市,2024-2026,58_偃师区_2024_2026.csv
266,范先生,早餐店面点师包子工营业员包吃住,洛阳市,涧西-万达广场,3000.0,4500.0,岗位：早餐店面点师包子工营业员包吃住；标签：包住 / 包吃；薪资：3000-4500元/月,未注明,,58同城,2026-09-24 20:27:00,410307,偃师区,洛阳市,2024-2026,58_偃师区_2024_2026.csv
267,孟博先生,厨工,洛阳市,洛阳-洛龙,3000.0,4000.0,岗位：厨工；标签：经验不限 / 学历不限；薪资：3000-4000元/月,学历不限,,58同城,2026-09-24 20:27:00,410307,偃师区,洛阳市,2024-2026,58_偃师区_2024_2026.csv
268,灵活de饶老板,食品/店员2000起,洛阳市,洛阳-汝阳,2000.0,4000.0,岗位：食品/店员2000起；标签：经验不限 / 学历不限；薪资：2000-4000元/月,学历不限,,58同城,2026-09-24 20:27:00,410307,偃师区,洛阳市,2024-2026,58_偃师区_2024_2026.csv
269,陈女士,高端滋补保健营养品店员,洛阳市,涧西-万达广场,3000.0,6000.0,岗位：高端滋补保健营养品店员；标签：招1人 / 经验1年以下 / 学历不限；薪资：3000-6000元/月,学历不限,1.0,58同城,2026-09-24 20:27:00,410307,偃师区,洛阳市,2024-2026,58_偃师区_2024_2026.csv
270,用户29154,食品/饮料店员/营业员学历经验不限,洛阳市,涧西-万达广场,3000.0,4500.0,岗位：食品/饮料店员/营业员学历经验不限；标签：招2人 / 经验不限 / 学历不限；薪资：3000-4500元/月,学历不限,2.0,58同城,2026-09-24 20:27:00,410307,偃师区,洛阳市,2024-2026,58_偃师区_2024_2026.csv
271,洛阳快聘人力资源,宜阳汽配厂普工/操作工5000起,洛阳市,洛阳,5000.0,8000.0,岗位：宜阳汽配厂普工/操作工5000起；标签：饭补；薪资：5000-8000元/月,未注明,,58同城,2026-09-24 20:27:00,410307,偃师区,洛阳市,2024-2026,58_偃师区_2024_2026.csv
272,抱着抱枕发呆的阿甜,餐饮主管4500,洛阳市,洛龙-洛龙周边,4500.0,6000.0,岗位：餐饮主管4500；标签：包住 / 包吃；薪资：4500-6000元/月,未注明,,58同城,2026-09-24 20:27:00,410307,偃师区,洛阳市,2024-2026,58_偃师区_2024_2026.csv
273,玉,厨工,洛阳市,涧西-涧西周边,3000.0,3500.0,岗位：厨工；标签：招1人 / 经验不限 / 学历不限；薪资：3000-3500元/月,学历不限,1.0,58同城,2026-09-24 20:27:00,410307,偃师区,洛阳市,2024-2026,58_偃师区_2024_2026.csv
274,闫女士,上一休一/夜间客服/白天可兼职,洛阳市,洛龙-洛龙周边,,,岗位：上一休一/夜间客服/白天可兼职；标签：话补 / 饭补；薪资：面议,未注明,,58同城,2026-09-24 20:27:00,410307,偃师区,洛阳市,2024-2026,58_偃师区_2024_2026.csv
275,招聘专员,食品/店员/营业员2000起,洛阳市,老城-北大街,2000.0,3000.0,岗位：食品/店员/营业员2000起；标签：包吃；薪资：2000-3000元/月,未注明,,58同城,2026-09-24 20:27:00,410307,偃师区,洛阳市,2024-2026,58_偃师区_2024_2026.csv
276,vygln_au0,餐饮店店员/营业员,洛阳市,洛阳-涧西,3000.0,4000.0,岗位：餐饮店店员/营业员；标签：招1人 / 经验不限 / 学历不限；薪资：3000-4000元/月,学历不限,1.0,58同城,2026-09-24 20:27:00,410307,偃师区,洛阳市,2024-2026,58_偃师区_2024_2026.csv
277,高女士,诚聘自动焊焊工,洛阳市,洛阳-洛龙,5000.0,8000.0,岗位：诚聘自动焊焊工；标签：包住 / 饭补 / 加班补助；薪资：5000-8000元/月,未注明,,58同城,2026-09-24 20:27:00,410307,偃师区,洛阳市,2024-2026,58_偃师区_2024_2026.csv
278,王女士,设备操作工/班组长/食品生产,洛阳市,洛阳-涧西,3000.0,5000.0,岗位：设备操作工/班组长/食品生产；标签：加班补助 / 包吃 / 五险；薪资：3000-5000元/月,未注明,,58同城,2026-09-24 20:27:00,410307,偃师区,洛阳市,2024-2026,58_偃师区_2024_2026.csv
279,用户62371,美甲师,洛阳市,西工-新都汇,2000.0,4000.0,岗位：美甲师；标签：经验不限 / 学历不限；薪资：2000-4000元/月,学历不限,,58同城,2026-09-24 20:27:00,410307,偃师区,洛阳市,2024-2026,58_偃师区_2024_2026.csv
280,招聘专员,运营五险双休远程欢迎上岗,洛阳市,洛龙-泉舜财富中心,4300.0,4800.0,岗位：运营五险双休远程欢迎上岗；标签：五险一金；薪资：4300-4800元/月,未注明,,58同城,2026-09-24 20:27:00,410307,偃师区,洛阳市,2024-2026,58_偃师区_2024_2026.csv
281,何先生,靓顺管道设备服务公司文员... 小程序,洛阳市,偃师,3500.0,5000.0,岗位：靓顺管道设备服务公司文员... 小程序；标签：五险 / 包住 / 饭补；薪资：3500-5000元/月,未注明,,58同城,2026-09-24 20:27:24,410307,偃师区,洛阳市,2024-2026,58_偃师区_2024_2026.csv
282,用户78504,中餐厅后厨包住洗衣机四人间,洛阳市,偃师市-顾县镇,2500.0,5000.0,岗位：中餐厅后厨包住洗衣机四人间；标签：包住 / 包吃；薪资：2500-5000元/月,未注明,,58同城,2026-09-24 20:27:24,410307,偃师区,洛阳市,2024-2026,58_偃师区_2024_2026.csv
283,袁经理,会计,洛阳市,偃师市-其他,3000.0,4000.0,岗位：会计；标签：经验不限 / 学历不限；薪资：3000-4000元/月,学历不限,,58同城,2026-09-24 20:27:29,410307,偃师区,洛阳市,2024-2026,58_偃师区_2024_2026.csv
284,韩先生,偃师包装工管吃住,洛阳市,偃师市-顾县镇,4000.0,7500.0,岗位：偃师包装工管吃住；标签：包住 / 包吃；薪资：4000-7500元/月,未注明,,58同城,2026-09-24 20:27:29,410307,偃师区,洛阳市,2024-2026,58_偃师区_2024_2026.csv
285,翁先生,洛阳安能7千到1万诚聘物... 小程序,洛阳市,洛阳-偃师市,7000.0,10000.0,岗位：洛阳安能7千到1万诚聘物... 小程序；标签：包住 / 包吃；薪资：7000-10000元/月,未注明,,58同城,2026-09-24 20:27:29,410307,偃师区,洛阳市,2024-2026,58_偃师区_2024_2026.csv
286,翁先生,洛阳安能七千到一万诚聘仓库操作工包吃住,洛阳市,洛阳-偃师市,7000.0,10000.0,岗位：洛阳安能七千到一万诚聘仓库操作工包吃住；标签：包住 / 包吃；薪资：7000-10000元/月,未注明,,58同城,2026-09-24 20:27:29,410307,偃师区,洛阳市,2024-2026,58_偃师区_2024_2026.csv
287,翁先生,安能8千直招仓库普工包吃包住,洛阳市,洛阳-偃师市,7000.0,10000.0,岗位：安能8千直招仓库普工包吃包住；标签：包住 / 包吃；薪资：7000-10000元/月,未注明,,58同城,2026-09-24 20:27:29,410307,偃师区,洛阳市,2024-2026,58_偃师区_2024_2026.csv
288,李英豪,厨师-待遇好-挣得多,洛阳市,商城-世纪商城,3000.0,7000.0,岗位：厨师-待遇好-挣得多；标签：包住 / 包吃 / 年底双薪 / 加班补助；薪资：3000-7000元/月,未注明,,58同城,2026-09-24 20:27:29,410307,偃师区,洛阳市,2024-2026,58_偃师区_2024_2026.csv
289,王先生,招聘小学初中语数英理化教师各一名,洛阳市,偃师市-其他,2500.0,4000.0,岗位：招聘小学初中语数英理化教师各一名；标签：包住 / 包吃 / 周末双休；薪资：2500-4000元/月,未注明,,58同城,2026-09-24 20:27:29,410307,偃师区,洛阳市,2024-2026,58_偃师区_2024_2026.csv
290,李英豪,前厅服务员-管吃住-不内耗,洛阳市,商城-世纪商城,2800.0,3500.0,岗位：前厅服务员-管吃住-不内耗；标签：包住 / 包吃 / 年底双薪；薪资：2800-3500元/月,未注明,,58同城,2026-09-24 20:27:29,410307,偃师区,洛阳市,2024-2026,58_偃师区_2024_2026.csv
291,马女士,急/300一天口红厂印刷/长白班,洛阳市,偃师,6500.0,8500.0,岗位：急/300一天口红厂印刷/长白班；标签：五险一金 / 五险 / 包住 / 包吃；薪资：6500-8500元/月,未注明,,58同城,2026-09-24 20:27:29,410307,偃师区,洛阳市,2024-2026,58_偃师区_2024_2026.csv
292,张女士,丝印工/五险周末双休加班补助,洛阳市,偃师,7500.0,8000.0,岗位：丝印工/五险周末双休加班补助；标签：五险一金 / 五险 / 包住 / 包吃；薪资：7500-8000元/月,未注明,,58同城,2026-09-24 20:27:29,410307,偃师区,洛阳市,2024-2026,58_偃师区_2024_2026.csv
293,判若鸿沟DE曲老板,班车司机,洛阳市,偃师,5500.0,6000.0,岗位：班车司机；标签：五险一金 / 包住 / 年底双薪 / 周末双休；薪资：5500-6000元/月,未注明,,58同城,2026-09-24 20:27:29,410307,偃师区,洛阳市,2024-2026,58_偃师区_2024_2026.csv
294,玩着积木的小小,酒店/客房服务员保洁3千起,洛阳市,偃师,2500.0,3000.0,岗位：酒店/客房服务员保洁3千起；标签：招2人 / 经验不限 / 学历不限；薪资：2500-3000元/月,学历不限,2.0,58同城,2026-09-24 20:27:29,410307,偃师区,洛阳市,2024-2026,58_偃师区_2024_2026.csv
295,王女士,生产管理,洛阳市,偃师,5000.0,10000.0,岗位：生产管理；标签：招2人 / 经验3-5年 / 学历大专；薪资：5000-10000元/月,大专,2.0,58同城,2026-09-24 20:27:29,410307,偃师区,洛阳市,2024-2026,58_偃师区_2024_2026.csv
296,孔先生,偃师区诚聘护工8K入职缴纳五险带薪休假,洛阳市,商城-世纪商城,5000.0,8000.0,岗位：偃师区诚聘护工8K入职缴纳五险带薪休假；标签：五险 / 包住；薪资：5000-8000元/月,未注明,,58同城,2026-09-24 20:27:29,410307,偃师区,洛阳市,2024-2026,58_偃师区_2024_2026.csv
297,爱坦白de隋博士,共享单车运维工作时间灵活,洛阳市,偃师,4500.0,6000.0,岗位：共享单车运维工作时间灵活；标签：招2人 / 经验不限 / 学历不限；薪资：4500-6000元/月,学历不限,2.0,58同城,2026-09-24 20:27:29,410307,偃师区,洛阳市,2024-2026,58_偃师区_2024_2026.csv
298,李女士,工厂保洁8小时工作制，白班,洛阳市,偃师市-岳滩,2000.0,2500.0,岗位：工厂保洁8小时工作制，白班；标签：包吃；薪资：2000-2500元/月,未注明,,58同城,2026-09-24 20:27:29,410307,偃师区,洛阳市,2024-2026,58_偃师区_2024_2026.csv
299,娜娜,中医艾灸师(荣盛诚园店),洛阳市,偃师,4000.0,6000.0,岗位：中医艾灸师(荣盛诚园店)；标签：周末双休；薪资：4000-6000元/月,未注明,,58同城,2026-09-24 20:27:29,410307,偃师区,洛阳市,2024-2026,58_偃师区_2024_2026.csv
300,娜娜,帝景花园店诚聘美容师、艾灸师、学徒,洛阳市,偃师,3000.0,5500.0,岗位：帝景花园店诚聘美容师、艾灸师、学徒；标签：经验不限 / 学历不限；薪资：3000-5500元/月,学历不限,,58同城,2026-09-24 20:27:29,410307,偃师区,洛阳市,2024-2026,58_偃师区_2024_2026.csv
301,娜娜,养生馆中医艾灸养生（荣盛诚园店）,洛阳市,偃师,3000.0,5500.0,岗位：养生馆中医艾灸养生（荣盛诚园店）；标签：周末双休；薪资：3000-5500元/月,未注明,,58同城,2026-09-24 20:27:29,410307,偃师区,洛阳市,2024-2026,58_偃师区_2024_2026.csv
302,MT33990,BD经理,洛阳市,偃师,5000.0,6500.0,岗位：BD经理；标签：话补；薪资：5000-6500元/月,未注明,,58同城,2026-09-24 20:27:29,410307,偃师区,洛阳市,2024-2026,58_偃师区_2024_2026.csv
303,鑫悦汽车,汽车销售顾问话补房补饭补,洛阳市,偃师市-商城,4000.0,10000.0,岗位：汽车销售顾问话补房补饭补；标签：交通补助 / 加班补助 / 饭补 / 话补；薪资：4000-10000元/月,未注明,,58同城,2026-09-24 20:27:29,410307,偃师区,洛阳市,2024-2026,58_偃师区_2024_2026.csv
304,刘先生,驾校职业培训讲师2k起,洛阳市,偃师市-其他,2000.0,5000.0,岗位：驾校职业培训讲师2k起；标签：招1人 / 经验不限 / 学历高中；薪资：2000-5000元/月,高中,1.0,58同城,2026-09-24 20:27:29,410307,偃师区,洛阳市,2024-2026,58_偃师区_2024_2026.csv
305,朴实的红布林,招募合伙人,洛阳市,洛阳-偃师市,,,岗位：招募合伙人；标签：招2人 / 经验3-5年 / 学历大专；薪资：面议,大专,2.0,58同城,2026-09-24 20:27:29,410307,偃师区,洛阳市,2024-2026,58_偃师区_2024_2026.csv
306,李先生,诚聘语音厅主播（线上）工作自由薪资高,洛阳市,桂花大道-其他,8000.0,12000.0,岗位：诚聘语音厅主播（线上）工作自由薪资高；标签：招20人 / 经验不限 / 学历不限；薪资：8000-12000元/月,学历不限,20.0,58同城,2026-09-24 20:27:35,410308,孟津区,洛阳市,2024-2026,58_孟津区_2024_2026.csv
307,135******56_ejp,招聘厨师5000起,洛阳市,桂花大道-其他,5000.0,6000.0,岗位：招聘厨师5000起；标签：招1人 / 经验1年以下 / 学历不限；薪资：5000-6000元/月,学历不限,1.0,58同城,2026-09-24 20:27:35,410308,孟津区,洛阳市,2024-2026,58_孟津区_2024_2026.csv
308,李先生,诚聘专职语音厅主播（线下... 小程序,洛阳市,桂花大道-其他,8000.0,12000.0,岗位：诚聘专职语音厅主播（线下... 小程序；标签：包住；薪资：8000-12000元/月,未注明,,58同城,2026-09-24 20:27:35,410308,孟津区,洛阳市,2024-2026,58_孟津区_2024_2026.csv
309,3昊,机械厂CNC/数控操作工5千起,洛阳市,孟津-孟津休闲文化广场,5000.0,9000.0,岗位：机械厂CNC/数控操作工5千起；标签：招1人 / 经验6-7年 / 学历不限；薪资：5000-9000元/月,学历不限,1.0,58同城,2026-09-24 20:27:35,410308,孟津区,洛阳市,2024-2026,58_孟津区_2024_2026.csv
310,廉经理,孟津麻屯液压机械工程师,洛阳市,孟津,6000.0,12000.0,岗位：孟津麻屯液压机械工程师；标签：加班补助 / 包吃 / 交通补助；薪资：6000-12000元/月,未注明,,58同城,2026-09-24 20:27:35,410308,孟津区,洛阳市,2024-2026,58_孟津区_2024_2026.csv
311,透亮de卜博士,诊所护士3000起,洛阳市,桂花大道-其他,3000.0,5000.0,岗位：诊所护士3000起；标签：经验1年以下 / 学历大专；薪资：3000-5000元/月,大专,,58同城,2026-09-24 20:27:35,410308,孟津区,洛阳市,2024-2026,58_孟津区_2024_2026.csv
312,朱先生,黑科传媒/国内电商运营/2500起,洛阳市,孟津-孟津休闲文化广场,2500.0,4500.0,岗位：黑科传媒/国内电商运营/2500起；标签：加班补助；薪资：2500-4500元/月,未注明,,58同城,2026-09-24 20:27:35,410308,孟津区,洛阳市,2024-2026,58_孟津区_2024_2026.csv
313,郭先生,机械厂质量管理/测试加班补助饭补包住,洛阳市,桂花大道-其他,3000.0,5000.0,岗位：机械厂质量管理/测试加班补助饭补包住；标签：包住 / 加班补助 / 饭补；薪资：3000-5000元/月,未注明,,58同城,2026-09-24 20:27:35,410308,孟津区,洛阳市,2024-2026,58_孟津区_2024_2026.csv
314,欧克精密招聘,数控调机师傅6千起,洛阳市,孟津,6000.0,8000.0,岗位：数控调机师傅6千起；标签：招5人 / 经验不限 / 学历不限；薪资：6000-8000元/月,学历不限,5.0,58同城,2026-09-24 20:27:35,410308,孟津区,洛阳市,2024-2026,58_孟津区_2024_2026.csv
315,陆娜娜,美容院健康咨询/美容顾问,洛阳市,桂花大道-其他,2000.0,6000.0,岗位：美容院健康咨询/美容顾问；标签：招20人 / 经验1年以下 / 学历不限；薪资：2000-6000元/月,学历不限,20.0,58同城,2026-09-24 20:27:35,410308,孟津区,洛阳市,2024-2026,58_孟津区_2024_2026.csv
316,柏女士,孟津皮肤健康管理师/学徒,洛阳市,桂花大道-其他,3000.0,6000.0,岗位：孟津皮肤健康管理师/学徒；标签：招10人 / 经验不限 / 学历不限；薪资：3000-6000元/月,学历不限,10.0,58同城,2026-09-24 20:27:35,410308,孟津区,洛阳市,2024-2026,58_孟津区_2024_2026.csv
317,马延峰,数控车工-要求2年以上经验-交社保,洛阳市,孟津,6000.0,8000.0,岗位：数控车工-要求2年以上经验-交社保；标签：包住 / 包吃 / 加班补助 / 饭补；薪资：6000-8000元/月,未注明,,58同城,2026-09-24 20:27:35,410308,孟津区,洛阳市,2024-2026,58_孟津区_2024_2026.csv
318,张经理,CNC数控操作工，数控车床，加工中心,洛阳市,孟津,7000.0,12000.0,岗位：CNC数控操作工，数控车床，加工中心；标签：包吃；薪资：7000-12000元/月,未注明,,58同城,2026-09-24 20:27:35,410308,孟津区,洛阳市,2024-2026,58_孟津区_2024_2026.csv
319,廉经理,孟津麻屯数控加工中心师傅,洛阳市,孟津,6000.0,10000.0,岗位：孟津麻屯数控加工中心师傅；标签：加班补助 / 包吃 / 交通补助；薪资：6000-10000元/月,未注明,,58同城,2026-09-24 20:27:35,410308,孟津区,洛阳市,2024-2026,58_孟津区_2024_2026.csv
320,马延峰,招技校数控cnc专业26应届毕业生10名,洛阳市,孟津,,,岗位：招技校数控cnc专业26应届毕业生10名；标签：招5人 / 经验不限 / 学历不限；薪资：面议,学历不限,5.0,58同城,2026-09-24 20:27:35,410308,孟津区,洛阳市,2024-2026,58_孟津区_2024_2026.csv
321,A小情歌,机械加工厂CNC/数控工程师6k起,洛阳市,孟津,6000.0,9000.0,岗位：机械加工厂CNC/数控工程师6k起；标签：经验10年以上 / 学历不限；薪资：6000-9000元/月,学历不限,,58同城,2026-09-24 20:27:35,410308,孟津区,洛阳市,2024-2026,58_孟津区_2024_2026.csv
322,张博,牛场养殖/饲养员（可住可回家）,洛阳市,孟津-桂花大道,4500.0,5000.0,岗位：牛场养殖/饲养员（可住可回家）；标签：包住；薪资：4500-5000元/月,未注明,,58同城,2026-09-24 20:27:35,410308,孟津区,洛阳市,2024-2026,58_孟津区_2024_2026.csv
323,漕老板想洒水,网络推广,洛阳市,桂花大道-其他,3000.0,8000.0,岗位：网络推广；标签：经验不限 / 学历不限；薪资：3000-8000元/月,学历不限,,58同城,2026-09-24 20:27:35,410308,孟津区,洛阳市,2024-2026,58_孟津区_2024_2026.csv
324,招聘专员,总账会计,洛阳市,孟津,5000.0,7000.0,岗位：总账会计；标签：招8人 / 经验6-7年 / 学历本科；薪资：5000-7000元/月,本科,8.0,58同城,2026-09-24 20:27:35,410308,孟津区,洛阳市,2024-2026,58_孟津区_2024_2026.csv
325,古香古色的大鸭梨,厨师,洛阳市,孟津-桂花大道,5500.0,6000.0,岗位：厨师；标签：经验不限 / 学历不限；薪资：5500-6000元/月,学历不限,,58同城,2026-09-24 20:27:35,410308,孟津区,洛阳市,2024-2026,58_孟津区_2024_2026.csv
326,用户92862,"CNC编程操机,中走丝",洛阳市,孟津,,,"岗位：CNC编程操机,中走丝；标签：经验不限 / 学历不限；薪资：面议",学历不限,,58同城,2026-09-24 20:27:35,410308,孟津区,洛阳市,2024-2026,58_孟津区_2024_2026.csv
327,A梁彬,生态农业公司/农林技术人员年底双薪包住包,洛阳市,孟津-孟津休闲文化广场,3000.0,4500.0,岗位：生态农业公司/农林技术人员年底双薪包住包；标签：五险 / 包住 / 包吃 / 年底双薪；薪资：3000-4500元/月,未注明,,58同城,2026-09-24 20:27:35,410308,孟津区,洛阳市,2024-2026,58_孟津区_2024_2026.csv
328,项目策划,中餐厅川湘菜厨师包住四人间空调,洛阳市,孟津,2500.0,7000.0,岗位：中餐厅川湘菜厨师包住四人间空调；标签：包住 / 包吃；薪资：2500-7000元/月,未注明,,58同城,2026-09-24 20:27:35,410308,孟津区,洛阳市,2024-2026,58_孟津区_2024_2026.csv
329,廖老板爱忍耐,洛阳浩天模具厂钻工/白/夜班多班次可选,洛阳市,孟津,4000.0,5000.0,岗位：洛阳浩天模具厂钻工/白/夜班多班次可选；标签：经验不限 / 学历不限；薪资：4000-5000元/月,学历不限,,58同城,2026-09-24 20:27:35,410308,孟津区,洛阳市,2024-2026,58_孟津区_2024_2026.csv
330,马延峰,数控车工-管吃住-交社保,洛阳市,孟津,6000.0,8000.0,岗位：数控车工-管吃住-交社保；标签：包住 / 加班补助 / 饭补；薪资：6000-8000元/月,未注明,,58同城,2026-09-24 20:27:35,410308,孟津区,洛阳市,2024-2026,58_孟津区_2024_2026.csv
331,马延峰,数控车工师傅平轨机-管吃住-交社保,洛阳市,孟津,8000.0,12000.0,岗位：数控车工师傅平轨机-管吃住-交社保；标签：包住 / 包吃 / 加班补助 / 饭补；薪资：8000-12000元/月,未注明,,58同城,2026-09-24 20:27:35,410308,孟津区,洛阳市,2024-2026,58_孟津区_2024_2026.csv
332,姜丽,家装设计,洛阳市,桂花大道-其他,,,岗位：家装设计；标签：周末双休 / 饭补；薪资：面议,未注明,,58同城,2026-09-24 20:27:35,410308,孟津区,洛阳市,2024-2026,58_孟津区_2024_2026.csv
333,孙丹丹,诚聘铆工焊工,洛阳市,孟津,7000.0,10000.0,岗位：诚聘铆工焊工；标签：五险一金 / 包住 / 包吃 / 加班补助；薪资：7000-10000元/月,未注明,,58同城,2026-09-24 20:27:35,410308,孟津区,洛阳市,2024-2026,58_孟津区_2024_2026.csv
334,李女士,物业直招保安包吃住可以看手机,洛阳市,孟津-孟津休闲文化广场,4500.0,5000.0,岗位：物业直招保安包吃住可以看手机；标签：五险一金 / 五险 / 包住 / 包吃；薪资：4500-5000元/月,未注明,,58同城,2026-09-24 20:27:35,410308,孟津区,洛阳市,2024-2026,58_孟津区_2024_2026.csv
335,孟女士,物业小区坐岗保安有空调可看手机,洛阳市,孟津-桂花大道,4500.0,5000.0,岗位：物业小区坐岗保安有空调可看手机；标签：五险一金 / 五险 / 包住 / 包吃；薪资：4500-5000元/月,未注明,,58同城,2026-09-24 20:27:35,410308,孟津区,洛阳市,2024-2026,58_孟津区_2024_2026.csv
336,陈女士,新安磁涧开发区招聘采购,洛阳市,洛阳-新安,3000.0,3500.0,岗位：新安磁涧开发区招聘采购；标签：包住 / 包吃 / 饭补；薪资：3000-3500元/月,未注明,,58同城,2026-09-24 21:47:52,410323,新安县,洛阳市,2024-2026,58_新安县_2024_2026.csv
337,富韵车装饰,食堂厨师免费工服包吃,洛阳市,新安-中心市场,2500.0,5500.0,岗位：食堂厨师免费工服包吃；标签：包吃；薪资：2500-5500元/月,未注明,,58同城,2026-09-24 21:47:52,410323,新安县,洛阳市,2024-2026,58_新安县_2024_2026.csv
338,戴总爱缝纫,店员/营业员 小程序,洛阳市,中心市场-新安城区,2000.0,4000.0,岗位：店员/营业员 小程序；标签：经验不限 / 学历不限；薪资：2000-4000元/月,学历不限,,58同城,2026-09-24 21:47:52,410323,新安县,洛阳市,2024-2026,58_新安县_2024_2026.csv
339,用户30497,装备制造公司生产主管/经理3000起,洛阳市,新安-洛新开发区,3000.0,4500.0,岗位：装备制造公司生产主管/经理3000起；标签：经验8-10年 / 学历不限；薪资：3000-4500元/月,学历不限,,58同城,2026-09-24 21:47:52,410323,新安县,洛阳市,2024-2026,58_新安县_2024_2026.csv
340,刘先生,火锅店服务员/免费工服包吃,洛阳市,中心市场-新安城区,2000.0,3000.0,岗位：火锅店服务员/免费工服包吃；标签：包吃；薪资：2000-3000元/月,未注明,,58同城,2026-09-24 21:47:52,410323,新安县,洛阳市,2024-2026,58_新安县_2024_2026.csv
341,2dkikv,CNC数控车床师傅,洛阳市,新安-中心市场,9000.0,14000.0,岗位：CNC数控车床师傅；标签：五险一金 / 包住 / 加班补助；薪资：9000-14000元/月,未注明,,58同城,2026-09-24 21:47:52,410323,新安县,洛阳市,2024-2026,58_新安县_2024_2026.csv
342,张先生,急招健身教练无经验可培养,洛阳市,洛阳-新安,6000.0,12000.0,岗位：急招健身教练无经验可培养；标签：包住 / 五险；薪资：6000-12000元/月,未注明,,58同城,2026-09-24 21:47:52,410323,新安县,洛阳市,2024-2026,58_新安县_2024_2026.csv
343,陈女士,聘人事经理,洛阳市,新安-中心市场,3000.0,5500.0,岗位：聘人事经理；标签：包住 / 话补 / 饭补 / 五险一金；薪资：3000-5500元/月,未注明,,58同城,2026-09-24 21:47:52,410323,新安县,洛阳市,2024-2026,58_新安县_2024_2026.csv
344,午后甜梦,CAD设计/制图五险,洛阳市,新安-洛新开发区,5000.0,7000.0,岗位：CAD设计/制图五险；标签：五险；薪资：5000-7000元/月,未注明,,58同城,2026-09-24 21:47:52,410323,新安县,洛阳市,2024-2026,58_新安县_2024_2026.csv
345,招聘专员,网络/在线客服五险话补,洛阳市,新安,3000.0,4500.0,岗位：网络/在线客服五险话补；标签：五险 / 话补；薪资：3000-4500元/月,未注明,,58同城,2026-09-24 21:47:52,410323,新安县,洛阳市,2024-2026,58_新安县_2024_2026.csv
346,丁女士,技工,洛阳市,新安,3000.0,4500.0,岗位：技工；标签：招4人 / 经验不限 / 学历不限；薪资：3000-4500元/月,学历不限,4.0,58同城,2026-09-24 21:47:52,410323,新安县,洛阳市,2024-2026,58_新安县_2024_2026.csv
347,喜欢画画的阿晴,水电工,洛阳市,新安,2500.0,3500.0,岗位：水电工；标签：五险 / 包住 / 包吃 / 加班补助；薪资：2500-3500元/月,未注明,,58同城,2026-09-24 21:47:52,410323,新安县,洛阳市,2024-2026,58_新安县_2024_2026.csv
348,程先生,采购专员加班补助五险一金,洛阳市,新安-洛新开发区,3000.0,4500.0,岗位：采购专员加班补助五险一金；标签：五险一金 / 加班补助；薪资：3000-4500元/月,未注明,,58同城,2026-09-24 21:47:52,410323,新安县,洛阳市,2024-2026,58_新安县_2024_2026.csv
349,连女士,新安店美容养生艾灸/艾灸学徒,洛阳市,新安-中心市场,2000.0,8000.0,岗位：新安店美容养生艾灸/艾灸学徒；标签：招10人 / 经验不限 / 学历不限；薪资：2000-8000元/月,学历不限,10.0,58同城,2026-09-24 21:47:52,410323,新安县,洛阳市,2024-2026,58_新安县_2024_2026.csv
350,GOU,中餐厅厨师5500起,洛阳市,新安-中心市场,5500.0,7000.0,岗位：中餐厅厨师5500起；标签：招1人 / 经验1-2年 / 学历不限；薪资：5500-7000元/月,学历不限,1.0,58同城,2026-09-24 21:47:52,410323,新安县,洛阳市,2024-2026,58_新安县_2024_2026.csv
351,刘女士,零售连锁店门店店长包住五险,洛阳市,新安-中心市场,5000.0,7000.0,岗位：零售连锁店门店店长包住五险；标签：五险 / 包住；薪资：5000-7000元/月,未注明,,58同城,2026-09-24 21:47:52,410323,新安县,洛阳市,2024-2026,58_新安县_2024_2026.csv
352,洛阳得全机械,CNC数控工程师,洛阳市,新安-中心市场,4500.0,8000.0,岗位：CNC数控工程师；标签：包吃 / 房补 / 饭补 / 加班补助；薪资：4500-8000元/月,未注明,,58同城,2026-09-24 21:47:52,410323,新安县,洛阳市,2024-2026,58_新安县_2024_2026.csv
353,招聘专员,服务员,洛阳市,新安,3000.0,4500.0,岗位：服务员；标签：经验不限 / 学历不限；薪资：3000-4500元/月,学历不限,,58同城,2026-09-24 21:47:52,410323,新安县,洛阳市,2024-2026,58_新安县_2024_2026.csv
354,E诚实正直左博士,跨境电商运营,洛阳市,新安,3000.0,4500.0,岗位：跨境电商运营；标签：经验不限 / 学历不限；薪资：3000-4500元/月,学历不限,,58同城,2026-09-24 21:47:52,410323,新安县,洛阳市,2024-2026,58_新安县_2024_2026.csv
355,毛老板爱拥抱,遇见好车汽车服务有限公司视频剪辑/编辑包,洛阳市,洛新开发区-洛新开发区片区,3000.0,5000.0,岗位：遇见好车汽车服务有限公司视频剪辑/编辑包；标签：包住 / 包吃；薪资：3000-5000元/月,未注明,,58同城,2026-09-24 21:47:52,410323,新安县,洛阳市,2024-2026,58_新安县_2024_2026.csv
356,踮脚望天的小企鹅,机械设备厂数控龙门铣工8k起,洛阳市,新安-洛新开发区,8000.0,21000.0,岗位：机械设备厂数控龙门铣工8k起；标签：招1人 / 经验3-5年 / 学历不限；薪资：8000-21000元/月,学历不限,1.0,58同城,2026-09-24 21:47:52,410323,新安县,洛阳市,2024-2026,58_新安县_2024_2026.csv
357,赵宜静,小吃/后厨包吃,洛阳市,新安-中心市场,2000.0,3000.0,岗位：小吃/后厨包吃；标签：包吃；薪资：2000-3000元/月,未注明,,58同城,2026-09-24 21:47:52,410323,新安县,洛阳市,2024-2026,58_新安县_2024_2026.csv
358,无形,中餐厅服务员2000起,洛阳市,新安-洛新开发区,2000.0,2500.0,岗位：中餐厅服务员2000起；标签：经验不限 / 学历不限；薪资：2000-2500元/月,学历不限,,58同城,2026-09-24 21:47:52,410323,新安县,洛阳市,2024-2026,58_新安县_2024_2026.csv
359,李女士,带薪培训可就近安排聘/艾灸理疗师/2千起,洛阳市,新安-中心市场,2000.0,5000.0,岗位：带薪培训可就近安排聘/艾灸理疗师/2千起；标签：招5人 / 经验不限 / 学历不限；薪资：2000-5000元/月,学历不限,5.0,58同城,2026-09-24 21:47:52,410323,新安县,洛阳市,2024-2026,58_新安县_2024_2026.csv
360,邬女士,健康咨询/养生美容师,洛阳市,中心市场-新安城区,2000.0,6000.0,岗位：健康咨询/养生美容师；标签：经验不限 / 学历不限；薪资：2000-6000元/月,学历不限,,58同城,2026-09-24 21:47:52,410323,新安县,洛阳市,2024-2026,58_新安县_2024_2026.csv
361,隔壁村的帅哥,跨境电商运营/学历经验不限,洛阳市,新安,2500.0,4500.0,岗位：跨境电商运营/学历经验不限；标签：招1人 / 经验不限 / 学历不限；薪资：2500-4500元/月,学历不限,1.0,58同城,2026-09-24 21:47:52,410323,新安县,洛阳市,2024-2026,58_新安县_2024_2026.csv
362,违规昵称,汽修店汽车维修学历不限,洛阳市,新安-中心市场,5000.0,7000.0,岗位：汽修店汽车维修学历不限；标签：经验8-10年 / 学历不限；薪资：5000-7000元/月,学历不限,,58同城,2026-09-24 21:47:52,410323,新安县,洛阳市,2024-2026,58_新安县_2024_2026.csv
363,爬树摘果子的果果,居家审核员五险齐全待遇优厚,洛阳市,新安-中心市场,5000.0,8000.0,岗位：居家审核员五险齐全待遇优厚；标签：五险一金 / 包吃 / 包住 / 周末双休；薪资：5000-8000元/月,未注明,,58同城,2026-09-24 21:47:52,410323,新安县,洛阳市,2024-2026,58_新安县_2024_2026.csv
364,陈女士,新安磁涧开发区急招仓库管理员包吃住,洛阳市,新安,3000.0,3500.0,岗位：新安磁涧开发区急招仓库管理员包吃住；标签：包住 / 包吃；薪资：3000-3500元/月,未注明,,58同城,2026-09-24 21:47:52,410323,新安县,洛阳市,2024-2026,58_新安县_2024_2026.csv
365,何女士,化工厂普工/操作工加班补助五险周末双休,洛阳市,洛新开发区-洛新开发区片区,3000.0,4500.0,岗位：化工厂普工/操作工加班补助五险周末双休；标签：五险 / 周末双休 / 加班补助；薪资：3000-4500元/月,未注明,,58同城,2026-09-24 21:47:52,410323,新安县,洛阳市,2024-2026,58_新安县_2024_2026.csv
366,孔先生,新安县8k聘护工免费住宿五险,洛阳市,新安-中心市场,5000.0,8000.0,岗位：新安县8k聘护工免费住宿五险；标签：包住 / 五险；薪资：5000-8000元/月,未注明,,58同城,2026-09-24 21:47:56,410323,新安县,洛阳市,2024-2026,58_新安县_2024_2026.csv
367,洛阳龙新实业,化验员,洛阳市,新安,,,岗位：化验员；标签：饭补；薪资：面议,未注明,,58同城,2026-09-24 21:47:56,410323,新安县,洛阳市,2024-2026,58_新安县_2024_2026.csv
368,王先生,京东家电/空调工/工作时... 小程序,洛阳市,中心市场-新安城区,4000.0,8000.0,岗位：京东家电/空调工/工作时... 小程序；标签：招6人 / 经验1-2年 / 学历不限；薪资：4000-8000元/月,学历不限,6.0,58同城,2026-09-24 21:47:56,410323,新安县,洛阳市,2024-2026,58_新安县_2024_2026.csv
369,洛阳龙新实业,实验室化验员,洛阳市,新安,4500.0,6500.0,岗位：实验室化验员；标签：饭补；薪资：4500-6500元/月,未注明,,58同城,2026-09-24 21:47:56,410323,新安县,洛阳市,2024-2026,58_新安县_2024_2026.csv
370,陆娜娜,营养师/美容学徒数名,洛阳市,新安,2000.0,6000.0,岗位：营养师/美容学徒数名；标签：招20人 / 经验不限 / 学历不限；薪资：2000-6000元/月,学历不限,20.0,58同城,2026-09-24 21:47:56,410323,新安县,洛阳市,2024-2026,58_新安县_2024_2026.csv
371,洛阳龙新实业,生产设备管理,洛阳市,新安,4000.0,7000.0,岗位：生产设备管理；标签：饭补；薪资：4000-7000元/月,未注明,,58同城,2026-09-24 21:47:56,410323,新安县,洛阳市,2024-2026,58_新安县_2024_2026.csv
372,洛阳龙新实业,安环员,洛阳市,新安,4000.0,6000.0,岗位：安环员；标签：饭补；薪资：4000-6000元/月,未注明,,58同城,2026-09-24 21:47:56,410323,新安县,洛阳市,2024-2026,58_新安县_2024_2026.csv
373,丁女士,铆工/钣金工3k起,洛阳市,新安,6500.0,8000.0,岗位：铆工/钣金工3k起；标签：招1人 / 经验不限 / 学历不限；薪资：6500-8000元/月,学历不限,1.0,58同城,2026-09-24 21:47:56,410323,新安县,洛阳市,2024-2026,58_新安县_2024_2026.csv
374,柏女士,新安县养皮肤管理师/学徒,洛阳市,新安,3000.0,6000.0,岗位：新安县养皮肤管理师/学徒；标签：招20人 / 经验不限 / 学历不限；薪资：3000-6000元/月,学历不限,20.0,58同城,2026-09-24 21:47:56,410323,新安县,洛阳市,2024-2026,58_新安县_2024_2026.csv
375,冯女士,头疗师,洛阳市,新安,2500.0,4500.0,岗位：头疗师；标签：招4人 / 经验不限 / 学历不限；薪资：2500-4500元/月,学历不限,4.0,58同城,2026-09-24 21:47:56,410323,新安县,洛阳市,2024-2026,58_新安县_2024_2026.csv
376,李女士,健康养生工作室/头疗养发师/,洛阳市,新安-中心市场,2000.0,5000.0,岗位：健康养生工作室/头疗养发师/；标签：招6人 / 经验不限 / 学历不限；薪资：2000-5000元/月,学历不限,6.0,58同城,2026-09-24 21:47:56,410323,新安县,洛阳市,2024-2026,58_新安县_2024_2026.csv
377,洛阳龙新实业,能源工程师,洛阳市,新安,4000.0,7000.0,岗位：能源工程师；标签：饭补；薪资：4000-7000元/月,未注明,,58同城,2026-09-24 21:47:56,410323,新安县,洛阳市,2024-2026,58_新安县_2024_2026.csv
378,冯女士,养生馆理疗师2500千起,洛阳市,新安,3000.0,4500.0,岗位：养生馆理疗师2500千起；标签：经验不限 / 学历不限；薪资：3000-4500元/月,学历不限,,58同城,2026-09-24 21:47:56,410323,新安县,洛阳市,2024-2026,58_新安县_2024_2026.csv
379,洛阳龙新实业,能源管理,洛阳市,新安,4000.0,7000.0,岗位：能源管理；标签：饭补；薪资：4000-7000元/月,未注明,,58同城,2026-09-24 21:47:56,410323,新安县,洛阳市,2024-2026,58_新安县_2024_2026.csv
380,冯女士,养生馆头疗2500起,洛阳市,新安,2500.0,4500.0,岗位：养生馆头疗2500起；标签：经验不限 / 学历不限；薪资：2500-4500元/月,学历不限,,58同城,2026-09-24 21:47:56,410323,新安县,洛阳市,2024-2026,58_新安县_2024_2026.csv
381,洛阳龙新实业,法务专员,洛阳市,新安,4000.0,6000.0,岗位：法务专员；标签：五险 / 加班补助 / 饭补；薪资：4000-6000元/月,未注明,,58同城,2026-09-24 21:47:56,410323,新安县,洛阳市,2024-2026,58_新安县_2024_2026.csv
382,李女士,知名连锁店诚聘带薪培训/头疗师/2千起,洛阳市,新安-中心市场,2000.0,5000.0,岗位：知名连锁店诚聘带薪培训/头疗师/2千起；标签：招6人 / 经验不限 / 学历不限；薪资：2000-5000元/月,学历不限,6.0,58同城,2026-09-24 21:47:56,410323,新安县,洛阳市,2024-2026,58_新安县_2024_2026.csv
383,何先生,足疗学徒/包住/包吃,洛阳市,嵩县-汽车站,12000.0,15000.0,岗位：足疗学徒/包住/包吃；标签：包吃 / 包住；薪资：12000-15000元/月,未注明,,58同城,2026-09-24 20:33:44,410325,嵩县,洛阳市,2024-2026,58_嵩县_2024_2026.csv
384,风清扬,汝阳短视频剪辑3k起(4-6小时）,洛阳市,洛阳-汝阳,3000.0,4500.0,岗位：汝阳短视频剪辑3k起(4-6小时）；标签：周末双休；薪资：3000-4500元/月,未注明,,58同城,2026-09-24 20:34:31,410326,汝阳县,洛阳市,2024-2026,58_汝阳县_2024_2026.csv
385,T迁就罗博士,拼多多运营类目寿衣,洛阳市,洛阳-汝阳,4500.0,12000.0,岗位：拼多多运营类目寿衣；标签：五险一金 / 五险 / 包住 / 包吃；薪资：4500-12000元/月,未注明,,58同城,2026-09-24 20:34:31,410326,汝阳县,洛阳市,2024-2026,58_汝阳县_2024_2026.csv
386,非常紧张de曲总,简单收银员 小程序,洛阳市,洛阳-汝阳,2500.0,3000.0,岗位：简单收银员 小程序；标签：包吃；薪资：2500-3000元/月,未注明,,58同城,2026-09-24 20:34:31,410326,汝阳县,洛阳市,2024-2026,58_汝阳县_2024_2026.csv
387,风清扬,汝阳美食主播6小时（上5休2）,洛阳市,洛阳-汝阳,5000.0,8000.0,岗位：汝阳美食主播6小时（上5休2）；标签：周末双休；薪资：5000-8000元/月,未注明,,58同城,2026-09-24 20:34:31,410326,汝阳县,洛阳市,2024-2026,58_汝阳县_2024_2026.csv
388,风清扬,汝阳区域经理（面议）,洛阳市,洛阳-汝阳,,,岗位：汝阳区域经理（面议）；标签：招1人 / 经验3-5年 / 学历不限；薪资：面议,学历不限,1.0,58同城,2026-09-24 20:34:31,410326,汝阳县,洛阳市,2024-2026,58_汝阳县_2024_2026.csv
389,卍卍,建筑施工现场管理,洛阳市,洛阳-汝阳,5000.0,10000.0,岗位：建筑施工现场管理；标签：招3人 / 经验不限 / 学历大专；薪资：5000-10000元/月,大专,3.0,58同城,2026-09-24 20:34:31,410326,汝阳县,洛阳市,2024-2026,58_汝阳县_2024_2026.csv
390,旅人,蛋糕/裱花师,洛阳市,洛阳-汝阳,3500.0,5000.0,岗位：蛋糕/裱花师；标签：经验不限 / 学历不限；薪资：3500-5000元/月,学历不限,,58同城,2026-09-24 20:34:31,410326,汝阳县,洛阳市,2024-2026,58_汝阳县_2024_2026.csv
391,灵活de饶老板,食品/店员2000起,洛阳市,洛阳-汝阳,2000.0,4000.0,岗位：食品/店员2000起；标签：经验不限 / 学历不限；薪资：2000-4000元/月,学历不限,,58同城,2026-09-24 20:34:31,410326,汝阳县,洛阳市,2024-2026,58_汝阳县_2024_2026.csv
392,风清扬,销售,洛阳市,洛阳-汝阳,3500.0,7000.0,岗位：销售；标签：招5人 / 经验3-5年 / 学历不限；薪资：3500-7000元/月,学历不限,5.0,58同城,2026-09-24 20:34:31,410326,汝阳县,洛阳市,2024-2026,58_汝阳县_2024_2026.csv
393,招聘专员,洛阳博奕塑胶制品有限公司-会计-五险,洛阳市,洛阳-汝阳,5000.0,8500.0,岗位：洛阳博奕塑胶制品有限公司-会计-五险；标签：五险；薪资：5000-8500元/月,未注明,,58同城,2026-09-24 20:34:31,410326,汝阳县,洛阳市,2024-2026,58_汝阳县_2024_2026.csv
394,招聘专员,汽车运输公司会计五险,洛阳市,洛阳-汝阳,3000.0,6000.0,岗位：汽车运输公司会计五险；标签：五险；薪资：3000-6000元/月,未注明,,58同城,2026-09-24 20:34:31,410326,汝阳县,洛阳市,2024-2026,58_汝阳县_2024_2026.csv
395,溜达时哼歌的路人,汝阳县糖豆猩球娱乐店/店长包住加班补助,洛阳市,洛阳-汝阳,3000.0,4000.0,岗位：汝阳县糖豆猩球娱乐店/店长包住加班补助；标签：加班补助 / 包住；薪资：3000-4000元/月,未注明,,58同城,2026-09-24 20:34:31,410326,汝阳县,洛阳市,2024-2026,58_汝阳县_2024_2026.csv
396,任女士,门岗保安管吃住可带朋友,洛阳市,洛阳-汝阳,4500.0,5000.0,岗位：门岗保安管吃住可带朋友；标签：五险 / 五险一金 / 包住 / 包吃；薪资：4500-5000元/月,未注明,,58同城,2026-09-24 20:34:31,410326,汝阳县,洛阳市,2024-2026,58_汝阳县_2024_2026.csv
397,招聘主管,发型师,洛阳市,洛阳-汝阳,3000.0,6500.0,岗位：发型师；标签：经验不限 / 学历不限；薪资：3000-6500元/月,学历不限,,58同城,2026-09-24 20:34:31,410326,汝阳县,洛阳市,2024-2026,58_汝阳县_2024_2026.csv
398,卍卍,建筑工程师,洛阳市,洛阳-汝阳,10000.0,11000.0,岗位：建筑工程师；标签：招7人 / 经验3-5年 / 学历本科；薪资：10000-11000元/月,本科,7.0,58同城,2026-09-24 20:34:31,410326,汝阳县,洛阳市,2024-2026,58_汝阳县_2024_2026.csv
399,李先生,普工300报销路费当天办理入住包吃包住,洛阳市,洛阳-汝阳,8000.0,8500.0,岗位：普工300报销路费当天办理入住包吃包住；标签：包住 / 包吃 / 五险一金；薪资：8000-8500元/月,未注明,,58同城,2026-09-24 20:34:31,410326,汝阳县,洛阳市,2024-2026,58_汝阳县_2024_2026.csv
400,风清扬,短视频剪辑3k起(4-6小时）,洛阳市,洛阳-汝阳,3000.0,4500.0,岗位：短视频剪辑3k起(4-6小时）；标签：周末双休；薪资：3000-4500元/月,未注明,,58同城,2026-09-24 20:34:31,410326,汝阳县,洛阳市,2024-2026,58_汝阳县_2024_2026.csv
401,超,建筑工程公司市政工程师包住包吃,洛阳市,汝阳-罗葛路,8000.0,10000.0,岗位：建筑工程公司市政工程师包住包吃；标签：包住 / 包吃；薪资：8000-10000元/月,未注明,,58同城,2026-09-24 20:34:31,410326,汝阳县,洛阳市,2024-2026,58_汝阳县_2024_2026.csv
402,招聘专员,商务专员,洛阳市,洛阳-汝阳,,,岗位：商务专员；标签：招4人 / 经验不限 / 学历中专；薪资：面议,中专/中技,4.0,58同城,2026-09-24 20:34:31,410326,汝阳县,洛阳市,2024-2026,58_汝阳县_2024_2026.csv
403,刘昊尘,汝阳县育龙实验学校招聘小学英语中学语文,洛阳市,汝阳-罗葛路,3000.0,7000.0,岗位：汝阳县育龙实验学校招聘小学英语中学语文；标签：五险 / 包住 / 包吃 / 周末双休；薪资：3000-7000元/月,未注明,,58同城,2026-09-24 20:34:31,410326,汝阳县,洛阳市,2024-2026,58_汝阳县_2024_2026.csv
404,风清扬,美食主播6小时（上5休2）,洛阳市,洛阳-汝阳,5000.0,8000.0,岗位：美食主播6小时（上5休2）；标签：周末双休；薪资：5000-8000元/月,未注明,,58同城,2026-09-24 20:34:31,410326,汝阳县,洛阳市,2024-2026,58_汝阳县_2024_2026.csv
405,孙先生,保安/包食宿/可带朋友,洛阳市,洛阳-汝阳,4000.0,5000.0,岗位：保安/包食宿/可带朋友；标签：包住 / 包吃 / 加班补助；薪资：4000-5000元/月,未注明,,58同城,2026-09-24 20:34:31,410326,汝阳县,洛阳市,2024-2026,58_汝阳县_2024_2026.csv
406,李女士,中国人寿保险人事助理五险一金周末双休,洛阳市,涧西-万达广场,3000.0,5500.0,岗位：中国人寿保险人事助理五险一金周末双休；标签：五险一金 / 周末双休；薪资：3000-5500元/月,未注明,,58同城,2026-09-24 20:34:34,410326,汝阳县,洛阳市,2024-2026,58_汝阳县_2024_2026.csv
407,于女士,食堂面点师包住年底双薪包吃,洛阳市,西工-周王城广场,2500.0,3500.0,岗位：食堂面点师包住年底双薪包吃；标签：包住 / 包吃 / 年底双薪；薪资：2500-3500元/月,未注明,,58同城,2026-09-24 20:34:34,410326,汝阳县,洛阳市,2024-2026,58_汝阳县_2024_2026.csv
408,刘先生,新媒体运营有拍摄剪辑经验 小程序,洛阳市,洛阳,5000.0,10000.0,岗位：新媒体运营有拍摄剪辑经验 小程序；标签：包住；薪资：5000-10000元/月,未注明,,58同城,2026-09-24 20:34:34,410326,汝阳县,洛阳市,2024-2026,58_汝阳县_2024_2026.csv
409,王女士,中餐厅餐饮主管店长包住四人间淋浴,洛阳市,涧西-涧西周边,3500.0,5500.0,岗位：中餐厅餐饮主管店长包住四人间淋浴；标签：包住 / 包吃；薪资：3500-5500元/月,未注明,,58同城,2026-09-24 20:34:34,410326,汝阳县,洛阳市,2024-2026,58_汝阳县_2024_2026.csv
410,于先生,中餐厨师,洛阳市,西工-周王城广场,4000.0,6000.0,岗位：中餐厨师；标签：招2人 / 经验3-5年 / 学历不限；薪资：4000-6000元/月,学历不限,2.0,58同城,2026-09-24 20:34:34,410326,汝阳县,洛阳市,2024-2026,58_汝阳县_2024_2026.csv
411,赵先生,熟食店店员营业员工作时间白夜兼职,洛阳市,老城-丽景门,3000.0,5000.0,岗位：熟食店店员营业员工作时间白夜兼职；标签：经验1-2年 / 学历中专；薪资：3000-5000元/月,中专/中技,,58同城,2026-09-24 20:34:34,410326,汝阳县,洛阳市,2024-2026,58_汝阳县_2024_2026.csv
412,姚先生,后厨帮工洗碗工,洛阳市,洛阳-西工,2500.0,3500.0,岗位：后厨帮工洗碗工；标签：包吃；薪资：2500-3500元/月,未注明,,58同城,2026-09-24 20:34:34,410326,汝阳县,洛阳市,2024-2026,58_汝阳县_2024_2026.csv
413,高女士,食品/店员/营业员工作时间灵活,洛阳市,瀍河-瀍河周边,2500.0,3500.0,岗位：食品/店员/营业员工作时间灵活；标签：包吃；薪资：2500-3500元/月,未注明,,58同城,2026-09-24 20:34:34,410326,汝阳县,洛阳市,2024-2026,58_汝阳县_2024_2026.csv
414,罗先生,文化传媒公司主播助播4k起,洛阳市,洛阳-西工,4000.0,8000.0,岗位：文化传媒公司主播助播4k起；标签：招3人 / 经验不限 / 学历不限；薪资：4000-8000元/月,学历不限,3.0,58同城,2026-09-24 20:34:34,410326,汝阳县,洛阳市,2024-2026,58_汝阳县_2024_2026.csv
415,kqwa4e,财务其他,洛阳市,瀍河-瀍河周边,,,岗位：财务其他；标签：经验不限 / 学历大专；薪资：面议,大专,,58同城,2026-09-24 20:34:34,410326,汝阳县,洛阳市,2024-2026,58_汝阳县_2024_2026.csv
416,爱啼鸟的糜博士,烧烤店餐饮主管5千起,洛阳市,洛龙-森林半岛,5000.0,7000.0,岗位：烧烤店餐饮主管5千起；标签：招1人 / 经验1-2年 / 学历不限；薪资：5000-7000元/月,学历不限,1.0,58同城,2026-09-24 20:34:34,410326,汝阳县,洛阳市,2024-2026,58_汝阳县_2024_2026.csv
417,王智卫,小吃/快餐店餐厅领班2000起,洛阳市,洛阳-洛龙,2000.0,5000.0,岗位：小吃/快餐店餐厅领班2000起；标签：招1人 / 经验不限 / 学历不限；薪资：2000-5000元/月,学历不限,1.0,58同城,2026-09-24 20:34:34,410326,汝阳县,洛阳市,2024-2026,58_汝阳县_2024_2026.csv
418,STAR,急招牛肉汤盛汤师傅,洛阳市,洛龙-新区体育场,4000.0,5000.0,岗位：急招牛肉汤盛汤师傅；标签：经验不限 / 学历不限；薪资：4000-5000元/月,学历不限,,58同城,2026-09-24 20:34:34,410326,汝阳县,洛阳市,2024-2026,58_汝阳县_2024_2026.csv
419,洛阳快聘人力资源,洛龙区/汽配厂普工/操作工6k起,洛阳市,洛阳,6500.0,8500.0,岗位：洛龙区/汽配厂普工/操作工6k起；标签：饭补；薪资：6500-8500元/月,未注明,,58同城,2026-09-24 20:34:34,410326,汝阳县,洛阳市,2024-2026,58_汝阳县_2024_2026.csv
420,郝营,好汉建筑材料销售店营业员/营业员学历不限,洛阳市,西工-王城公园,2500.0,4000.0,岗位：好汉建筑材料销售店营业员/营业员学历不限；标签：加班补助；薪资：2500-4000元/月,未注明,,58同城,2026-09-24 20:34:34,410326,汝阳县,洛阳市,2024-2026,58_汝阳县_2024_2026.csv
421,范先生,早餐店面点师包子工营业员包吃住,洛阳市,涧西-万达广场,3000.0,4500.0,岗位：早餐店面点师包子工营业员包吃住；标签：包住 / 包吃；薪资：3000-4500元/月,未注明,,58同城,2026-09-24 20:34:34,410326,汝阳县,洛阳市,2024-2026,58_汝阳县_2024_2026.csv
422,孟博先生,厨工,洛阳市,洛阳-洛龙,3000.0,4000.0,岗位：厨工；标签：经验不限 / 学历不限；薪资：3000-4000元/月,学历不限,,58同城,2026-09-24 20:34:34,410326,汝阳县,洛阳市,2024-2026,58_汝阳县_2024_2026.csv
423,陈女士,高端滋补保健营养品店员,洛阳市,涧西-万达广场,3000.0,6000.0,岗位：高端滋补保健营养品店员；标签：招1人 / 经验1年以下 / 学历不限；薪资：3000-6000元/月,学历不限,1.0,58同城,2026-09-24 20:34:34,410326,汝阳县,洛阳市,2024-2026,58_汝阳县_2024_2026.csv
424,用户29154,食品/饮料店员/营业员学历经验不限,洛阳市,涧西-万达广场,3000.0,4500.0,岗位：食品/饮料店员/营业员学历经验不限；标签：招2人 / 经验不限 / 学历不限；薪资：3000-4500元/月,学历不限,2.0,58同城,2026-09-24 20:34:34,410326,汝阳县,洛阳市,2024-2026,58_汝阳县_2024_2026.csv
425,洛阳快聘人力资源,宜阳汽配厂普工/操作工5000起,洛阳市,洛阳,5000.0,8000.0,岗位：宜阳汽配厂普工/操作工5000起；标签：饭补；薪资：5000-8000元/月,未注明,,58同城,2026-09-24 20:34:34,410326,汝阳县,洛阳市,2024-2026,58_汝阳县_2024_2026.csv
426,抱着抱枕发呆的阿甜,餐饮主管4500,洛阳市,洛龙-洛龙周边,4500.0,6000.0,岗位：餐饮主管4500；标签：包住 / 包吃；薪资：4500-6000元/月,未注明,,58同城,2026-09-24 20:34:34,410326,汝阳县,洛阳市,2024-2026,58_汝阳县_2024_2026.csv
427,玉,厨工,洛阳市,涧西-涧西周边,3000.0,3500.0,岗位：厨工；标签：招1人 / 经验不限 / 学历不限；薪资：3000-3500元/月,学历不限,1.0,58同城,2026-09-24 20:34:34,410326,汝阳县,洛阳市,2024-2026,58_汝阳县_2024_2026.csv
428,闫女士,上一休一/夜间客服/白天可兼职,洛阳市,洛龙-洛龙周边,,,岗位：上一休一/夜间客服/白天可兼职；标签：话补 / 饭补；薪资：面议,未注明,,58同城,2026-09-24 20:34:34,410326,汝阳县,洛阳市,2024-2026,58_汝阳县_2024_2026.csv
429,招聘专员,食品/店员/营业员2000起,洛阳市,老城-北大街,2000.0,3000.0,岗位：食品/店员/营业员2000起；标签：包吃；薪资：2000-3000元/月,未注明,,58同城,2026-09-24 20:34:34,410326,汝阳县,洛阳市,2024-2026,58_汝阳县_2024_2026.csv
430,vygln_au0,餐饮店店员/营业员,洛阳市,洛阳-涧西,3000.0,4000.0,岗位：餐饮店店员/营业员；标签：招1人 / 经验不限 / 学历不限；薪资：3000-4000元/月,学历不限,1.0,58同城,2026-09-24 20:34:34,410326,汝阳县,洛阳市,2024-2026,58_汝阳县_2024_2026.csv
431,高女士,诚聘自动焊焊工,洛阳市,洛阳-洛龙,5000.0,8000.0,岗位：诚聘自动焊焊工；标签：包住 / 饭补 / 加班补助；薪资：5000-8000元/月,未注明,,58同城,2026-09-24 20:34:34,410326,汝阳县,洛阳市,2024-2026,58_汝阳县_2024_2026.csv
432,王女士,设备操作工/班组长/食品生产,洛阳市,洛阳-涧西,3000.0,5000.0,岗位：设备操作工/班组长/食品生产；标签：加班补助 / 包吃 / 五险；薪资：3000-5000元/月,未注明,,58同城,2026-09-24 20:34:34,410326,汝阳县,洛阳市,2024-2026,58_汝阳县_2024_2026.csv
433,用户62371,美甲师,洛阳市,西工-新都汇,2000.0,4000.0,岗位：美甲师；标签：经验不限 / 学历不限；薪资：2000-4000元/月,学历不限,,58同城,2026-09-24 20:34:34,410326,汝阳县,洛阳市,2024-2026,58_汝阳县_2024_2026.csv
434,招聘专员,运营五险双休远程欢迎上岗,洛阳市,洛龙-泉舜财富中心,4300.0,4800.0,岗位：运营五险双休远程欢迎上岗；标签：五险一金；薪资：4300-4800元/月,未注明,,58同城,2026-09-24 20:34:34,410326,汝阳县,洛阳市,2024-2026,58_汝阳县_2024_2026.csv
435,王先生,客服专员/助理3500起,洛阳市,宜阳,3500.0,12000.0,岗位：客服专员/助理3500起；标签：话补；薪资：3500-12000元/月,未注明,,58同城,2026-09-24 21:53:51,410327,宜阳县,洛阳市,2024-2026,58_宜阳县_2024_2026.csv
436,tve6kn,抖音店铺客服专员,洛阳市,城区-市中心,2000.0,2500.0,岗位：抖音店铺客服专员；标签：经验不限 / 学历不限；薪资：2000-2500元/月,学历不限,,58同城,2026-09-24 21:53:51,410327,宜阳县,洛阳市,2024-2026,58_宜阳县_2024_2026.csv
437,月亮湾的晚风,仓库管理员五险齐全周末双... 小程序,洛阳市,宜阳-城区,5000.0,8000.0,岗位：仓库管理员五险齐全周末双... 小程序；标签：五险一金 / 包吃 / 包住 / 周末双休；薪资：5000-8000元/月,未注明,,58同城,2026-09-24 21:53:51,410327,宜阳县,洛阳市,2024-2026,58_宜阳县_2024_2026.csv
438,用户65174,矿口超市店员/营业员2000起,洛阳市,宜阳-城区,2000.0,3000.0,岗位：矿口超市店员/营业员2000起；标签：经验不限 / 学历不限；薪资：2000-3000元/月,学历不限,,58同城,2026-09-24 21:53:51,410327,宜阳县,洛阳市,2024-2026,58_宜阳县_2024_2026.csv
439,张先生,房地产中介服务公司视频剪辑/编辑五险交通,洛阳市,宜阳,3000.0,4500.0,岗位：房地产中介服务公司视频剪辑/编辑五险交通；标签：话补 / 交通补助 / 五险；薪资：3000-4500元/月,未注明,,58同城,2026-09-24 21:53:51,410327,宜阳县,洛阳市,2024-2026,58_宜阳县_2024_2026.csv
440,姜经理,洗碗摘菜打扫卫生半天工4小时,洛阳市,其他-宜阳其它,2000.0,2500.0,岗位：洗碗摘菜打扫卫生半天工4小时；标签：经验不限 / 学历不限；薪资：2000-2500元/月,学历不限,,58同城,2026-09-24 21:53:51,410327,宜阳县,洛阳市,2024-2026,58_宜阳县_2024_2026.csv
441,孤芳自赏,会计,洛阳市,城区-市中心,3000.0,4500.0,岗位：会计；标签：经验1-2年 / 学历大专；薪资：3000-4500元/月,大专,,58同城,2026-09-24 21:53:51,410327,宜阳县,洛阳市,2024-2026,58_宜阳县_2024_2026.csv
442,冯先生,空调店店长3000起,洛阳市,宜阳-城区,3000.0,4500.0,岗位：空调店店长3000起；标签：招1人 / 经验6-7年 / 学历不限；薪资：3000-4500元/月,学历不限,1.0,58同城,2026-09-24 21:53:51,410327,宜阳县,洛阳市,2024-2026,58_宜阳县_2024_2026.csv
443,Fairy,水果店店员/营业员2K,洛阳市,宜阳-其他,2000.0,4000.0,岗位：水果店店员/营业员2K；标签：招1人 / 经验不限 / 学历不限；薪资：2000-4000元/月,学历不限,1.0,58同城,2026-09-24 21:53:51,410327,宜阳县,洛阳市,2024-2026,58_宜阳县_2024_2026.csv
444,画彩虹的笔芯,厨工,洛阳市,城区-市中心,2000.0,3500.0,岗位：厨工；标签：经验不限 / 学历不限；薪资：2000-3500元/月,学历不限,,58同城,2026-09-24 21:53:51,410327,宜阳县,洛阳市,2024-2026,58_宜阳县_2024_2026.csv
445,最爱吃西瓜的果果,营业员,洛阳市,宜阳-城区,3000.0,6000.0,岗位：营业员；标签：招1人 / 经验不限 / 学历不限；薪资：3000-6000元/月,学历不限,1.0,58同城,2026-09-24 21:53:51,410327,宜阳县,洛阳市,2024-2026,58_宜阳县_2024_2026.csv
446,林女士,古城机械厂新车间普工四千到八千,洛阳市,宜阳,4000.0,8000.0,岗位：古城机械厂新车间普工四千到八千；标签：招50人 / 经验不限 / 学历不限；薪资：4000-8000元/月,学历不限,50.0,58同城,2026-09-24 21:53:51,410327,宜阳县,洛阳市,2024-2026,58_宜阳县_2024_2026.csv
447,Fairy,水果店店员/营业员白/夜班多班次可选,洛阳市,宜阳-其他,2000.0,4000.0,岗位：水果店店员/营业员白/夜班多班次可选；标签：招1人 / 经验不限 / 学历不限；薪资：2000-4000元/月,学历不限,1.0,58同城,2026-09-24 21:53:51,410327,宜阳县,洛阳市,2024-2026,58_宜阳县_2024_2026.csv
448,王先生,电商运营,洛阳市,宜阳,,,岗位：电商运营；标签：五险一金；薪资：面议,未注明,,58同城,2026-09-24 21:53:51,410327,宜阳县,洛阳市,2024-2026,58_宜阳县_2024_2026.csv
449,洛阳瑞得拖拉机,外贸销售(网络销售推广),洛阳市,其他-宜阳其它,4000.0,8000.0,岗位：外贸销售(网络销售推广)；标签：五险 / 交通补助 / 加班补助 / 话补；薪资：4000-8000元/月,未注明,,58同城,2026-09-24 21:53:51,410327,宜阳县,洛阳市,2024-2026,58_宜阳县_2024_2026.csv
450,卖火锅的丹妮,火锅店服务员2500起,洛阳市,宜阳-城区,2500.0,3000.0,岗位：火锅店服务员2500起；标签：招1人 / 经验1年以下 / 学历不限；薪资：2500-3000元/月,学历不限,1.0,58同城,2026-09-24 21:53:51,410327,宜阳县,洛阳市,2024-2026,58_宜阳县_2024_2026.csv
451,宫师傅爱减肥,电话销售/加班补助五险,洛阳市,宜阳-城区,4000.0,7000.0,岗位：电话销售/加班补助五险；标签：五险 / 加班补助；薪资：4000-7000元/月,未注明,,58同城,2026-09-24 21:53:51,410327,宜阳县,洛阳市,2024-2026,58_宜阳县_2024_2026.csv
452,李先生,宜阳县宏诚电力工程有限公司水电工程师包吃,洛阳市,宜阳-城区,5500.0,7000.0,岗位：宜阳县宏诚电力工程有限公司水电工程师包吃；标签：包住 / 包吃 / 加班补助；薪资：5500-7000元/月,未注明,,58同城,2026-09-24 21:53:51,410327,宜阳县,洛阳市,2024-2026,58_宜阳县_2024_2026.csv
453,宜阳概念行政店长李静,宜阳县李峰美发店/发型师/5千起,洛阳市,宜阳-其他,5000.0,7000.0,岗位：宜阳县李峰美发店/发型师/5千起；标签：包吃；薪资：5000-7000元/月,未注明,,58同城,2026-09-24 21:53:51,410327,宜阳县,洛阳市,2024-2026,58_宜阳县_2024_2026.csv
454,招聘专员,游乐场驯马师包吃包住,洛阳市,宜阳-城区,3000.0,4500.0,岗位：游乐场驯马师包吃包住；标签：包住 / 包吃；薪资：3000-4500元/月,未注明,,58同城,2026-09-24 21:53:51,410327,宜阳县,洛阳市,2024-2026,58_宜阳县_2024_2026.csv
455,小声嘀咕中,金融销售,洛阳市,宜阳,2500.0,4500.0,岗位：金融销售；标签：经验不限 / 学历不限；薪资：2500-4500元/月,学历不限,,58同城,2026-09-24 21:53:51,410327,宜阳县,洛阳市,2024-2026,58_宜阳县_2024_2026.csv
456,招聘专员,宜阳县慧发现美容美发店/美容师/4千起,洛阳市,宜阳-其他,4000.0,9000.0,岗位：宜阳县慧发现美容美发店/美容师/4千起；标签：招3人 / 经验1-2年 / 学历不限；薪资：4000-9000元/月,学历不限,3.0,58同城,2026-09-24 21:53:51,410327,宜阳县,洛阳市,2024-2026,58_宜阳县_2024_2026.csv
457,刘女士,汽车美容店洗车工2500起,洛阳市,城区-市中心,2500.0,3500.0,岗位：汽车美容店洗车工2500起；标签：饭补；薪资：2500-3500元/月,未注明,,58同城,2026-09-24 21:53:51,410327,宜阳县,洛阳市,2024-2026,58_宜阳县_2024_2026.csv
458,植总想拍摄,射击教练/3千起,洛阳市,宜阳-城区,3000.0,4500.0,岗位：射击教练/3千起；标签：招1人 / 经验不限 / 学历不限；薪资：3000-4500元/月,学历不限,1.0,58同城,2026-09-24 21:53:51,410327,宜阳县,洛阳市,2024-2026,58_宜阳县_2024_2026.csv
459,后来,电力能源公司会计五险,洛阳市,宜阳-其他,3000.0,4000.0,岗位：电力能源公司会计五险；标签：五险；薪资：3000-4000元/月,未注明,,58同城,2026-09-24 21:53:51,410327,宜阳县,洛阳市,2024-2026,58_宜阳县_2024_2026.csv
460,爱琢磨的畅博士,烧烤店服务员/包吃工作餐标高,洛阳市,城区-市中心,2000.0,2500.0,岗位：烧烤店服务员/包吃工作餐标高；标签：包吃；薪资：2000-2500元/月,未注明,,58同城,2026-09-24 21:53:51,410327,宜阳县,洛阳市,2024-2026,58_宜阳县_2024_2026.csv
461,轻盈跳跃的李同学,服务员,洛阳市,宜阳,2500.0,4500.0,岗位：服务员；标签：经验不限 / 学历不限；薪资：2500-4500元/月,学历不限,,58同城,2026-09-24 21:53:51,410327,宜阳县,洛阳市,2024-2026,58_宜阳县_2024_2026.csv
462,nravo_au5,宜阳县小居餐饮农家院餐饮店长包住现成被褥,洛阳市,宜阳-其他,4500.0,15000.0,岗位：宜阳县小居餐饮农家院餐饮店长包住现成被褥；标签：包住 / 包吃；薪资：4500-15000元/月,未注明,,58同城,2026-09-24 21:53:51,410327,宜阳县,洛阳市,2024-2026,58_宜阳县_2024_2026.csv
463,李女士,电话销售,洛阳市,宜阳-城区,2500.0,7000.0,岗位：电话销售；标签：周末双休；薪资：2500-7000元/月,未注明,,58同城,2026-09-24 21:53:51,410327,宜阳县,洛阳市,2024-2026,58_宜阳县_2024_2026.csv
464,蓝莓小丸子,口腔医生,洛阳市,城区-市中心,6000.0,10000.0,岗位：口腔医生；标签：经验不限 / 学历不限；薪资：6000-10000元/月,学历不限,,58同城,2026-09-24 21:53:51,410327,宜阳县,洛阳市,2024-2026,58_宜阳县_2024_2026.csv
465,小巧玲珑DE仲总,养发头疗师,洛阳市,宜阳,3000.0,6000.0,岗位：养发头疗师；标签：经验不限 / 学历不限；薪资：3000-6000元/月,学历不限,,58同城,2026-09-24 21:53:55,410327,宜阳县,洛阳市,2024-2026,58_宜阳县_2024_2026.csv
466,小巧玲珑DE仲总,养发师,洛阳市,宜阳,3000.0,6000.0,岗位：养发师；标签：经验3-5年 / 学历不限；薪资：3000-6000元/月,学历不限,,58同城,2026-09-24 21:53:55,410327,宜阳县,洛阳市,2024-2026,58_宜阳县_2024_2026.csv
467,卫女士,洛丹美容美发店/烫染技师/2千起,洛阳市,洛阳-洛宁,3000.0,7000.0,岗位：洛丹美容美发店/烫染技师/2千起；标签：包吃；薪资：3000-7000元/月,未注明,,58同城,2026-09-24 20:39:33,410328,洛宁县,洛阳市,2024-2026,58_洛宁县_2024_2026.csv
468,品鸿供应链06,（伊川）往返专线C证货运司机,洛阳市,伊川-其他,6000.0,7900.0,岗位：（伊川）往返专线C证货运司机；标签：交通补助；薪资：6000-7900元/月,未注明,,58同城,2026-09-24 20:40:24,410329,伊川县,洛阳市,2024-2026,58_伊川县_2024_2026.csv
469,用户24236,伊川县怡家宾馆/酒店前台收银/工作时间灵,洛阳市,伊川-城区,2000.0,2100.0,岗位：伊川县怡家宾馆/酒店前台收银/工作时间灵；标签：招1人 / 经验不限 / 学历不限；薪资：2000-2100元/月,学历不限,1.0,58同城,2026-09-24 20:40:24,410329,伊川县,洛阳市,2024-2026,58_伊川县_2024_2026.csv
470,l联环信息人事,后勤3000起 小程序,洛阳市,伊川-城区,3000.0,4500.0,岗位：后勤3000起 小程序；标签：招5人 / 经验不限 / 学历不限；薪资：3000-4500元/月,学历不限,5.0,58同城,2026-09-24 20:40:24,410329,伊川县,洛阳市,2024-2026,58_伊川县_2024_2026.csv
471,l联环信息人事,人事专员/助理3k起,洛阳市,伊川-城区,3000.0,4500.0,岗位：人事专员/助理3k起；标签：招1人 / 经验不限 / 学历不限；薪资：3000-4500元/月,学历不限,1.0,58同城,2026-09-24 20:40:24,410329,伊川县,洛阳市,2024-2026,58_伊川县_2024_2026.csv
472,l联环信息人事,前台/接待2.5k起,洛阳市,伊川-城区,2500.0,4500.0,岗位：前台/接待2.5k起；标签：招1人 / 经验不限 / 学历不限；薪资：2500-4500元/月,学历不限,1.0,58同城,2026-09-24 20:40:24,410329,伊川县,洛阳市,2024-2026,58_伊川县_2024_2026.csv
473,暗里着迷,电话客服3千起,洛阳市,其他-伊川其他,3000.0,8000.0,岗位：电话客服3千起；标签：经验不限 / 学历不限；薪资：3000-8000元/月,学历不限,,58同城,2026-09-24 20:40:24,410329,伊川县,洛阳市,2024-2026,58_伊川县_2024_2026.csv
474,l联环信息人事,客服总监3k起,洛阳市,伊川-城区,3000.0,4500.0,岗位：客服总监3k起；标签：招1人 / 经验不限 / 学历不限；薪资：3000-4500元/月,学历不限,1.0,58同城,2026-09-24 20:40:24,410329,伊川县,洛阳市,2024-2026,58_伊川县_2024_2026.csv
475,招聘专员,汽车洗车工,洛阳市,伊川-城区,1500.0,3000.0,岗位：汽车洗车工；标签：包吃；薪资：1500-3000元/月,未注明,,58同城,2026-09-24 20:40:24,410329,伊川县,洛阳市,2024-2026,58_伊川县_2024_2026.csv
476,风,土鸡刀削面师傅，炝锅刀削面师傅,洛阳市,城区-伊川城区,5500.0,6000.0,岗位：土鸡刀削面师傅，炝锅刀削面师傅；标签：招2人 / 经验不限 / 学历不限；薪资：5500-6000元/月,学历不限,2.0,58同城,2026-09-24 20:40:24,410329,伊川县,洛阳市,2024-2026,58_伊川县_2024_2026.csv
477,李女士,急招健身教练新手-包教会,洛阳市,洛阳-伊川,6000.0,12000.0,岗位：急招健身教练新手-包教会；标签：五险一金 / 包住 / 包吃；薪资：6000-12000元/月,未注明,,58同城,2026-09-24 20:40:24,410329,伊川县,洛阳市,2024-2026,58_伊川县_2024_2026.csv
478,杨先生,酒店店长,洛阳市,伊川-城区,3000.0,4500.0,岗位：酒店店长；标签：经验3-5年 / 学历大专；薪资：3000-4500元/月,大专,,58同城,2026-09-24 20:40:24,410329,伊川县,洛阳市,2024-2026,58_伊川县_2024_2026.csv
479,陈先生,火锅店服务员/包吃免费工服,洛阳市,伊川-城区,2000.0,4000.0,岗位：火锅店服务员/包吃免费工服；标签：包吃；薪资：2000-4000元/月,未注明,,58同城,2026-09-24 20:40:24,410329,伊川县,洛阳市,2024-2026,58_伊川县_2024_2026.csv
480,刘先生,汽车行业/数据标注/AI训练师五险,洛阳市,伊川-城区,2500.0,5000.0,岗位：汽车行业/数据标注/AI训练师五险；标签：五险；薪资：2500-5000元/月,未注明,,58同城,2026-09-24 20:40:24,410329,伊川县,洛阳市,2024-2026,58_伊川县_2024_2026.csv
481,伊川县直聘,CNC/数控操作工-大平台-业务稳定,洛阳市,伊川,4000.0,8000.0,岗位：CNC/数控操作工-大平台-业务稳定；标签：招5人 / 经验不限 / 学历不限；薪资：4000-8000元/月,学历不限,5.0,58同城,2026-09-24 20:40:24,410329,伊川县,洛阳市,2024-2026,58_伊川县_2024_2026.csv
482,伊川县直聘,CNC/数控操作工-管吃住-离家近,洛阳市,伊川,4000.0,8000.0,岗位：CNC/数控操作工-管吃住-离家近；标签：招5人 / 经验不限 / 学历不限；薪资：4000-8000元/月,学历不限,5.0,58同城,2026-09-24 20:40:24,410329,伊川县,洛阳市,2024-2026,58_伊川县_2024_2026.csv
483,莱晴新材料,财务助理,洛阳市,伊川-城区,2500.0,5000.0,岗位：财务助理；标签：招5人 / 经验不限 / 学历不限；薪资：2500-5000元/月,学历不限,5.0,58同城,2026-09-24 20:40:24,410329,伊川县,洛阳市,2024-2026,58_伊川县_2024_2026.csv
484,众禾汽车销售有限公司,汽车服务公司销售顾问3k起,洛阳市,伊川-其他,3000.0,5000.0,岗位：汽车服务公司销售顾问3k起；标签：经验1-2年 / 学历中专；薪资：3000-5000元/月,中专/中技,,58同城,2026-09-24 20:40:24,410329,伊川县,洛阳市,2024-2026,58_伊川县_2024_2026.csv
485,用户14202,招聘会做新中式的美睫师3000起,洛阳市,伊川-其他,2500.0,4500.0,岗位：招聘会做新中式的美睫师3000起；标签：经验不限 / 学历不限；薪资：2500-4500元/月,学历不限,,58同城,2026-09-24 20:40:24,410329,伊川县,洛阳市,2024-2026,58_伊川县_2024_2026.csv
486,韩女士,快耳采耳（伊川店）招聘可视采耳师学徒,洛阳市,城区-伊川城区,4000.0,8500.0,岗位：快耳采耳（伊川店）招聘可视采耳师学徒；标签：招10人 / 经验1年以下 / 学历不限；薪资：4000-8500元/月,学历不限,10.0,58同城,2026-09-24 20:40:24,410329,伊川县,洛阳市,2024-2026,58_伊川县_2024_2026.csv
487,蛤蛤蛤蛤蟆吃天鹅,初级机械设计工程师,洛阳市,伊川,7000.0,9000.0,岗位：初级机械设计工程师；标签：招17人 / 经验不限 / 学历本科；薪资：7000-9000元/月,本科,17.0,58同城,2026-09-24 20:40:24,410329,伊川县,洛阳市,2024-2026,58_伊川县_2024_2026.csv
488,于女士,药厂招聘技工日结300一天工作简单贴标签,洛阳市,伊川,7500.0,8500.0,岗位：药厂招聘技工日结300一天工作简单贴标签；标签：五险一金 / 包住 / 包吃 / 年底双薪；薪资：7500-8500元/月,未注明,,58同城,2026-09-24 20:40:24,410329,伊川县,洛阳市,2024-2026,58_伊川县_2024_2026.csv
489,刘经理,电焊工-工作稳定-底薪6千起,洛阳市,其他-伊川其他,6000.0,10000.0,岗位：电焊工-工作稳定-底薪6千起；标签：五险一金 / 包住 / 包吃 / 年底双薪；薪资：6000-10000元/月,未注明,,58同城,2026-09-24 20:40:24,410329,伊川县,洛阳市,2024-2026,58_伊川县_2024_2026.csv
490,快乐跳跃的小兔,药厂（铁饭碗）招技工日结300一天贴标签,洛阳市,伊川,9000.0,9500.0,岗位：药厂（铁饭碗）招技工日结300一天贴标签；标签：五险一金 / 包住 / 包吃 / 加班补助；薪资：9000-9500元/月,未注明,,58同城,2026-09-24 20:40:24,410329,伊川县,洛阳市,2024-2026,58_伊川县_2024_2026.csv
491,李先生,麦乐迪服务员+提成,洛阳市,伊川-城区,2200.0,3500.0,岗位：麦乐迪服务员+提成；标签：包住 / 包吃 / 年底双薪 / 加班补助；薪资：2200-3500元/月,未注明,,58同城,2026-09-24 20:40:24,410329,伊川县,洛阳市,2024-2026,58_伊川县_2024_2026.csv
492,wenshuai,餐饮收银,洛阳市,伊川-城区,2000.0,3000.0,岗位：餐饮收银；标签：经验不限 / 学历不限；薪资：2000-3000元/月,学历不限,,58同城,2026-09-24 20:40:24,410329,伊川县,洛阳市,2024-2026,58_伊川县_2024_2026.csv
493,刘经理,氩弧焊二保焊-工作稳定-底薪6千起,洛阳市,其他-伊川其他,6000.0,10000.0,岗位：氩弧焊二保焊-工作稳定-底薪6千起；标签：招5人 / 经验不限 / 学历不限；薪资：6000-10000元/月,学历不限,5.0,58同城,2026-09-24 20:40:24,410329,伊川县,洛阳市,2024-2026,58_伊川县_2024_2026.csv
494,蹦蹦跳跳的小邓,零售连锁店督导3000起,洛阳市,伊川-城区,3000.0,6000.0,岗位：零售连锁店督导3000起；标签：招5人 / 经验不限 / 学历不限；薪资：3000-6000元/月,学历不限,5.0,58同城,2026-09-24 20:40:24,410329,伊川县,洛阳市,2024-2026,58_伊川县_2024_2026.csv
495,Floatingdream,伊川县潮衣酷服装店/服装销售2千起,洛阳市,伊川-城区,2000.0,5000.0,岗位：伊川县潮衣酷服装店/服装销售2千起；标签：招1人 / 经验不限 / 学历不限；薪资：2000-5000元/月,学历不限,1.0,58同城,2026-09-24 20:40:24,410329,伊川县,洛阳市,2024-2026,58_伊川县_2024_2026.csv
496,用户21840,洛阳刘伊强口腔门诊/口腔护士五险,洛阳市,伊川-城区,2500.0,3000.0,岗位：洛阳刘伊强口腔门诊/口腔护士五险；标签：五险；薪资：2500-3000元/月,未注明,,58同城,2026-09-24 20:40:24,410329,伊川县,洛阳市,2024-2026,58_伊川县_2024_2026.csv
497,林先生,招聘护工保洁,洛阳市,城区-伊川城区,,,岗位：招聘护工保洁；标签：招3人 / 经验不限 / 学历不限；薪资：面议,学历不限,3.0,58同城,2026-09-24 20:40:24,410329,伊川县,洛阳市,2024-2026,58_伊川县_2024_2026.csv
498,用户32831,烫染技师,洛阳市,城区-伊川城区,,,岗位：烫染技师；标签：经验不限 / 学历不限；薪资：面议,学历不限,,58同城,2026-09-24 20:40:29,410329,伊川县,洛阳市,2024-2026,58_伊川县_2024_2026.csv
499,用户83107,监控维修维护/IT技术支持3500起,洛阳市,伊川-城区,3500.0,5000.0,岗位：监控维修维护/IT技术支持3500起；标签：招1人 / 经验1-2年 / 学历高中；薪资：3500-5000元/月,高中,1.0,58同城,2026-09-24 20:40:29,410329,伊川县,洛阳市,2024-2026,58_伊川县_2024_2026.csv
500,林先生,聘彩超室医师需执业证 小程序,洛阳市,城区-伊川城区,,,岗位：聘彩超室医师需执业证 小程序；标签：五险；薪资：面议,未注明,,58同城,2026-09-24 20:40:29,410329,伊川县,洛阳市,2024-2026,58_伊川县_2024_2026.csv
501,守诚代理记账公司,代理记账公司财税主管5千起-交社保,洛阳市,伊川-城区,5000.0,10000.0,岗位：代理记账公司财税主管5千起-交社保；标签：招5人 / 经验不限 / 学历不限；薪资：5000-10000元/月,学历不限,5.0,58同城,2026-09-24 20:40:29,410329,伊川县,洛阳市,2024-2026,58_伊川县_2024_2026.csv
502,李女士,团队经理人,洛阳市,城区-伊川城区,6000.0,8000.0,岗位：团队经理人；标签：五险 / 年底双薪 / 周末双休；薪资：6000-8000元/月,未注明,,58同城,2026-09-24 20:40:29,410329,伊川县,洛阳市,2024-2026,58_伊川县_2024_2026.csv
503,高先生,洛阳大街文化传媒有限公司/主播经纪人包住,洛阳市,伊川-城区,1500.0,2000.0,岗位：洛阳大街文化传媒有限公司/主播经纪人包住；标签：包住；薪资：1500-2000元/月,未注明,,58同城,2026-09-24 20:40:29,410329,伊川县,洛阳市,2024-2026,58_伊川县_2024_2026.csv
504,陆娜娜,养发师/养发学徒,洛阳市,伊川-城区,2000.0,5000.0,岗位：养发师/养发学徒；标签：招10人 / 经验不限 / 学历不限；薪资：2000-5000元/月,学历不限,10.0,58同城,2026-09-24 20:40:29,410329,伊川县,洛阳市,2024-2026,58_伊川县_2024_2026.csv
505,冯女士,养发师/养发学徒可培养,洛阳市,伊川-城区,2000.0,6000.0,岗位：养发师/养发学徒可培养；标签：招20人 / 经验不限 / 学历不限；薪资：2000-6000元/月,学历不限,20.0,58同城,2026-09-24 20:40:29,410329,伊川县,洛阳市,2024-2026,58_伊川县_2024_2026.csv
506,伊川十月馨一站式母婴服务中心,母婴护理馆美容美体师,洛阳市,伊川-城区,3000.0,4500.0,岗位：母婴护理馆美容美体师；标签：招5人 / 经验不限 / 学历不限；薪资：3000-4500元/月,学历不限,5.0,58同城,2026-09-24 20:40:29,410329,伊川县,洛阳市,2024-2026,58_伊川县_2024_2026.csv
507,赵先生,市场营销经理,洛阳市,伊川,5000.0,20000.0,岗位：市场营销经理；标签：招5人 / 经验不限 / 学历不限；薪资：5000-20000元/月,学历不限,5.0,58同城,2026-09-24 20:40:29,410329,伊川县,洛阳市,2024-2026,58_伊川县_2024_2026.csv
508,陆娜娜,健康养生馆/理疗师3千起,洛阳市,伊川-城区,3000.0,4500.0,岗位：健康养生馆/理疗师3千起；标签：招20人 / 经验不限 / 学历不限；薪资：3000-4500元/月,学历不限,20.0,58同城,2026-09-24 20:40:29,410329,伊川县,洛阳市,2024-2026,58_伊川县_2024_2026.csv
509,陆娜娜,养生馆头疗养发师3千起,洛阳市,伊川-城区,3000.0,5000.0,岗位：养生馆头疗养发师3千起；标签：招20人 / 经验不限 / 学历不限；薪资：3000-5000元/月,学历不限,20.0,58同城,2026-09-24 20:40:29,410329,伊川县,洛阳市,2024-2026,58_伊川县_2024_2026.csv
510,伊川十月馨一站式母婴服务中心,母婴护理馆产后康复师4千起,洛阳市,伊川-城区,4000.0,10000.0,岗位：母婴护理馆产后康复师4千起；标签：招1人 / 经验不限 / 学历不限；薪资：4000-10000元/月,学历不限,1.0,58同城,2026-09-24 20:40:29,410329,伊川县,洛阳市,2024-2026,58_伊川县_2024_2026.csv
511,连女士,伊川店养生馆理疗师2千起,洛阳市,伊川-城区,2000.0,6000.0,岗位：伊川店养生馆理疗师2千起；标签：招20人 / 经验不限 / 学历不限；薪资：2000-6000元/月,学历不限,20.0,58同城,2026-09-24 20:40:29,410329,伊川县,洛阳市,2024-2026,58_伊川县_2024_2026.csv
512,陆娜娜,养生馆艾灸理疗师2.5k起,洛阳市,伊川-城区,2500.0,4500.0,岗位：养生馆艾灸理疗师2.5k起；标签：招20人 / 经验不限 / 学历不限；薪资：2500-4500元/月,学历不限,20.0,58同城,2026-09-24 20:40:29,410329,伊川县,洛阳市,2024-2026,58_伊川县_2024_2026.csv
513,小荷才露尖尖角,美容服务馆头疗师3千起,洛阳市,伊川-城区,3000.0,5000.0,岗位：美容服务馆头疗师3千起；标签：招1人 / 经验不限 / 学历不限；薪资：3000-5000元/月,学历不限,1.0,58同城,2026-09-24 20:40:29,410329,伊川县,洛阳市,2024-2026,58_伊川县_2024_2026.csv
514,殷保辉,设计总监,洛阳市,伊川-城区,3000.0,6000.0,岗位：设计总监；标签：招5人 / 经验不限 / 学历不限；薪资：3000-6000元/月,学历不限,5.0,58同城,2026-09-24 20:40:29,410329,伊川县,洛阳市,2024-2026,58_伊川县_2024_2026.csv
515,李女士,急招C1C2日结司机0元入职,平顶山市,硚口-宝丰,7200.0,11000.0,岗位：急招C1C2日结司机0元入职；标签：话补 / 饭补 / 房补；薪资：7200-11000元/月,未注明,,58同城,2026-09-24 20:42:39,410421,宝丰县,平顶山市,2024-2026,58_宝丰县_2024_2026.csv
516,舒女士,就近分配0元入职无押金供车包住配送员,平顶山市,硚口-宝丰,7000.0,9500.0,岗位：就近分配0元入职无押金供车包住配送员；标签：五险一金 / 五险 / 包住 / 包吃；薪资：7000-9500元/月,未注明,,58同城,2026-09-24 20:42:39,410421,宝丰县,平顶山市,2024-2026,58_宝丰县_2024_2026.csv
517,马先生,KTV服务员包吃包住 小程序,平顶山市,硚口-宝丰,5000.0,7000.0,岗位：KTV服务员包吃包住 小程序；标签：包住 / 包吃；薪资：5000-7000元/月,未注明,,58同城,2026-09-24 20:42:39,410421,宝丰县,平顶山市,2024-2026,58_宝丰县_2024_2026.csv
518,柯女士,固定商家固定范围超市配送,平顶山市,硚口-宝丰,6000.0,9500.0,岗位：固定商家固定范围超市配送；标签：交通补助 / 加班补助 / 饭补 / 房补；薪资：6000-9500元/月,未注明,,58同城,2026-09-24 20:42:39,410421,宝丰县,平顶山市,2024-2026,58_宝丰县_2024_2026.csv
519,走神时的李小哥,急聘文员双休五险一金7K包吃住,平顶山市,硚口-宝丰,4500.0,7000.0,岗位：急聘文员双休五险一金7K包吃住；标签：五险一金 / 五险 / 包住 / 包吃；薪资：4500-7000元/月,未注明,,58同城,2026-09-24 20:42:39,410421,宝丰县,平顶山市,2024-2026,58_宝丰县_2024_2026.csv
520,韩女士,姐妹就业最好的选择护理/护工包吃住,平顶山市,硚口-宝丰,4000.0,8000.0,岗位：姐妹就业最好的选择护理/护工包吃住；标签：包住 / 包吃；薪资：4000-8000元/月,未注明,,58同城,2026-09-24 20:42:39,410421,宝丰县,平顶山市,2024-2026,58_宝丰县_2024_2026.csv
521,招聘专员,酒店前台包住包吃五险,平顶山市,硚口-宝丰,3500.0,5000.0,岗位：酒店前台包住包吃五险；标签：五险 / 包住 / 包吃；薪资：3500-5000元/月,未注明,,58同城,2026-09-24 20:42:39,410421,宝丰县,平顶山市,2024-2026,58_宝丰县_2024_2026.csv
522,赞许的齐老板,诚聘spa技师包吃住月过万,平顶山市,硚口-宝丰,12000.0,15000.0,岗位：诚聘spa技师包吃住月过万；标签：包住 / 包吃；薪资：12000-15000元/月,未注明,,58同城,2026-09-24 20:42:39,410421,宝丰县,平顶山市,2024-2026,58_宝丰县_2024_2026.csv
523,郑女士,美容师离家近福利好客源多带薪培训,平顶山市,硚口-宝丰,5000.0,7000.0,岗位：美容师离家近福利好客源多带薪培训；标签：招6人 / 经验不限 / 学历不限；薪资：5000-7000元/月,学历不限,6.0,58同城,2026-09-24 20:42:39,410421,宝丰县,平顶山市,2024-2026,58_宝丰县_2024_2026.csv
524,吴女士,维达纸巾打包7500一月坐岗包吃住买社保,平顶山市,硚口-宝丰,6000.0,7000.0,岗位：维达纸巾打包7500一月坐岗包吃住买社保；标签：五险一金 / 包住 / 包吃 / 加班补助；薪资：6000-7000元/月,未注明,,58同城,2026-09-24 20:42:39,410421,宝丰县,平顶山市,2024-2026,58_宝丰县_2024_2026.csv
525,莞尔lovey,软装家居销售岗位（硚口生活家驻场）,平顶山市,硚口-宝丰,5000.0,10000.0,岗位：软装家居销售岗位（硚口生活家驻场）；标签：五险；薪资：5000-10000元/月,未注明,,58同城,2026-09-24 20:42:39,410421,宝丰县,平顶山市,2024-2026,58_宝丰县_2024_2026.csv
526,李女士,上班受气不如跑单（送餐员）自由等你来,平顶山市,硚口-宝丰,6000.0,9900.0,岗位：上班受气不如跑单（送餐员）自由等你来；标签：五险 / 包住 / 包吃 / 交通补助；薪资：6000-9900元/月,未注明,,58同城,2026-09-24 20:42:39,410421,宝丰县,平顶山市,2024-2026,58_宝丰县_2024_2026.csv
527,招聘专员,需求分析师（大数据开发经验）,平顶山市,硚口-宝丰,13000.0,16000.0,岗位：需求分析师（大数据开发经验）；标签：招8人 / 经验3-5年 / 学历本科；薪资：13000-16000元/月,本科,8.0,58同城,2026-09-24 20:42:39,410421,宝丰县,平顶山市,2024-2026,58_宝丰县_2024_2026.csv
528,李先生,宠物医院院长,平顶山市,硚口-宝丰,15000.0,20000.0,岗位：宠物医院院长；标签：招10人 / 经验10年以上 / 学历大专；薪资：15000-20000元/月,大专,10.0,58同城,2026-09-24 20:42:39,410421,宝丰县,平顶山市,2024-2026,58_宝丰县_2024_2026.csv
529,用户41688,康复治疗师,平顶山市,硚口-宝丰,6000.0,7000.0,岗位：康复治疗师；标签：招1人 / 经验不限 / 学历不限；薪资：6000-7000元/月,学历不限,1.0,58同城,2026-09-24 20:42:39,410421,宝丰县,平顶山市,2024-2026,58_宝丰县_2024_2026.csv
530,田女士,维达纸巾包装包住包吃240-260天长白,平顶山市,硚口-宝丰,5500.0,6500.0,岗位：维达纸巾包装包住包吃240-260天长白；标签：五险一金 / 包住 / 包吃；薪资：5500-6500元/月,未注明,,58同城,2026-09-24 20:42:39,410421,宝丰县,平顶山市,2024-2026,58_宝丰县_2024_2026.csv
531,赞许的齐老板,诚聘足疗按摩spa技师月过万,平顶山市,硚口-宝丰,8000.0,12000.0,岗位：诚聘足疗按摩spa技师月过万；标签：包住 / 包吃；薪资：8000-12000元/月,未注明,,58同城,2026-09-24 20:42:39,410421,宝丰县,平顶山市,2024-2026,58_宝丰县_2024_2026.csv
532,白先生,艳阳天酒店诚聘客户经理,平顶山市,硚口-宝丰,6000.0,12000.0,岗位：艳阳天酒店诚聘客户经理；标签：包吃 / 包住；薪资：6000-12000元/月,未注明,,58同城,2026-09-24 20:42:39,410421,宝丰县,平顶山市,2024-2026,58_宝丰县_2024_2026.csv
533,毛女士,重生之我在武汉做高价招聘驻店配送员的一天,平顶山市,硚口-宝丰,6500.0,9500.0,岗位：重生之我在武汉做高价招聘驻店配送员的一天；标签：五险 / 包住 / 包吃 / 加班补助；薪资：6500-9500元/月,未注明,,58同城,2026-09-24 20:42:39,410421,宝丰县,平顶山市,2024-2026,58_宝丰县_2024_2026.csv
534,张总,葛洲坝城市花园保洁员休4天,平顶山市,硚口-宝丰,2000.0,2500.0,岗位：葛洲坝城市花园保洁员休4天；标签：加班补助；薪资：2000-2500元/月,未注明,,58同城,2026-09-24 20:42:39,410421,宝丰县,平顶山市,2024-2026,58_宝丰县_2024_2026.csv
535,徐女士,维达纸巾扫码坐岗260一天短期不体检,平顶山市,硚口-宝丰,6500.0,8000.0,岗位：维达纸巾扫码坐岗260一天短期不体检；标签：五险一金 / 包住 / 包吃 / 年底双薪；薪资：6500-8000元/月,未注明,,58同城,2026-09-24 20:42:39,410421,宝丰县,平顶山市,2024-2026,58_宝丰县_2024_2026.csv
536,张女士,硚口写字楼保洁员,平顶山市,硚口-宝丰,2500.0,3000.0,岗位：硚口写字楼保洁员；标签：包住 / 加班补助 / 五险；薪资：2500-3000元/月,未注明,,58同城,2026-09-24 20:42:39,410421,宝丰县,平顶山市,2024-2026,58_宝丰县_2024_2026.csv
537,胡先生,6000起直招三甲医院护工/护理,平顶山市,硚口-宝丰,6000.0,9000.0,岗位：6000起直招三甲医院护工/护理；标签：包住 / 交通补助；薪资：6000-9000元/月,未注明,,58同城,2026-09-24 20:42:39,410421,宝丰县,平顶山市,2024-2026,58_宝丰县_2024_2026.csv
538,罗女士,美甲师化妆师学徒助理包住,平顶山市,硚口-宝丰,6000.0,10000.0,岗位：美甲师化妆师学徒助理包住；标签：五险 / 包住 / 包吃 / 年底双薪；薪资：6000-10000元/月,未注明,,58同城,2026-09-24 20:42:39,410421,宝丰县,平顶山市,2024-2026,58_宝丰县_2024_2026.csv
539,张女士,五险聘硚口写字楼保洁主管包住,平顶山市,硚口-宝丰,3200.0,3600.0,岗位：五险聘硚口写字楼保洁主管包住；标签：包住 / 五险；薪资：3200-3600元/月,未注明,,58同城,2026-09-24 20:42:39,410421,宝丰县,平顶山市,2024-2026,58_宝丰县_2024_2026.csv
540,赞许的齐老板,诚聘足疗修脚师包吃住可电联,平顶山市,硚口-宝丰,8000.0,12000.0,岗位：诚聘足疗修脚师包吃住可电联；标签：包住 / 包吃；薪资：8000-12000元/月,未注明,,58同城,2026-09-24 20:42:39,410421,宝丰县,平顶山市,2024-2026,58_宝丰县_2024_2026.csv
541,招聘专员,医生助理,平顶山市,硚口-宝丰,6000.0,8000.0,岗位：医生助理；标签：招1人 / 经验不限 / 学历不限；薪资：6000-8000元/月,学历不限,1.0,58同城,2026-09-24 20:42:39,410421,宝丰县,平顶山市,2024-2026,58_宝丰县_2024_2026.csv
542,小巧_洪师傅,药店药师薪资高交五险、节假日福利,平顶山市,硚口-宝丰,4500.0,8000.0,岗位：药店药师薪资高交五险、节假日福利；标签：五险 / 加班补助；薪资：4500-8000元/月,未注明,,58同城,2026-09-24 20:42:39,410421,宝丰县,平顶山市,2024-2026,58_宝丰县_2024_2026.csv
543,万女士,急招便利店营业员有补贴电联,平顶山市,洪山-光谷软件园,3500.0,6000.0,岗位：急招便利店营业员有补贴电联；标签：加班补助 / 饭补 / 话补 / 房补；薪资：3500-6000元/月,未注明,,58同城,2026-09-24 20:42:50,410421,宝丰县,平顶山市,2024-2026,58_宝丰县_2024_2026.csv
544,万女士,超市店员/营业员饭补加班补助,平顶山市,武昌-中北路,3500.0,6000.0,岗位：超市店员/营业员饭补加班补助；标签：加班补助 / 饭补 / 房补；薪资：3500-6000元/月,未注明,,58同城,2026-09-24 20:42:50,410421,宝丰县,平顶山市,2024-2026,58_宝丰县_2024_2026.csv
545,李女士,客服专员五险 小程序,平顶山市,武昌-武昌火车站,4000.0,6000.0,岗位：客服专员五险 小程序；标签：五险；薪资：4000-6000元/月,未注明,,58同城,2026-09-24 20:42:50,410421,宝丰县,平顶山市,2024-2026,58_宝丰县_2024_2026.csv
546,华师傅要暗示,电商仓库文员加班补助周末双休交通补助,平顶山市,江岸-江汉路,6700.0,6800.0,岗位：电商仓库文员加班补助周末双休交通补助；标签：五险一金 / 周末双休 / 交通补助 / 加班补助；薪资：6700-6800元/月,未注明,,58同城,2026-09-24 20:42:50,410421,宝丰县,平顶山市,2024-2026,58_宝丰县_2024_2026.csv
547,李经理,6千以上有经验电梯安装工,平顶山市,武昌-中北路,6000.0,12000.0,岗位：6千以上有经验电梯安装工；标签：话补；薪资：6000-12000元/月,未注明,,58同城,2026-09-24 20:42:50,410421,宝丰县,平顶山市,2024-2026,58_宝丰县_2024_2026.csv
548,指尖划星光,武汉餐厅招店员月薪3500-4500,平顶山市,江汉-万松园,3500.0,5500.0,岗位：武汉餐厅招店员月薪3500-4500；标签：招10人 / 经验不限 / 学历不限；薪资：3500-5500元/月,学历不限,10.0,58同城,2026-09-24 20:42:50,410421,宝丰县,平顶山市,2024-2026,58_宝丰县_2024_2026.csv
549,彭女士,儿推馆小儿推拿师,平顶山市,武汉-汉南,5000.0,7000.0,岗位：儿推馆小儿推拿师；标签：五险；薪资：5000-7000元/月,未注明,,58同城,2026-09-24 20:42:50,410421,宝丰县,平顶山市,2024-2026,58_宝丰县_2024_2026.csv
550,会笑的暖阳阳(已封禁),仓库文员五险年底双薪双休,平顶山市,汉阳-鹦鹉,5200.0,7800.0,岗位：仓库文员五险年底双薪双休；标签：五险一金 / 五险 / 包住 / 包吃；薪资：5200-7800元/月,未注明,,58同城,2026-09-24 20:42:50,410421,宝丰县,平顶山市,2024-2026,58_宝丰县_2024_2026.csv
551,踮着脚尖跳的跳跳,餐饮收银,平顶山市,武昌-徐家棚,4200.0,5000.0,岗位：餐饮收银；标签：经验不限 / 学历不限；薪资：4200-5000元/月,学历不限,,58同城,2026-09-24 20:42:50,410421,宝丰县,平顶山市,2024-2026,58_宝丰县_2024_2026.csv
552,爱喝奶茶的星子,急聘三角洲跑刀原神洛克王国游戏代练,平顶山市,江岸-三阳路,5000.0,8000.0,岗位：急聘三角洲跑刀原神洛克王国游戏代练；标签：加班补助 / 话补 / 周末双休；薪资：5000-8000元/月,未注明,,58同城,2026-09-24 20:42:50,410421,宝丰县,平顶山市,2024-2026,58_宝丰县_2024_2026.csv
553,江夏区鑫名电动车,电动车维修工学徒工,平顶山市,江夏-纸坊,3000.0,4000.0,岗位：电动车维修工学徒工；标签：包住 / 包吃 / 年底双薪 / 加班补助；薪资：3000-4000元/月,未注明,,58同城,2026-09-24 20:42:50,410421,宝丰县,平顶山市,2024-2026,58_宝丰县_2024_2026.csv
554,李女士,急招健身教练新手-包教会,平顶山市,武汉-东西湖,8000.0,16000.0,岗位：急招健身教练新手-包教会；标签：五险一金 / 包住 / 包吃；薪资：8000-16000元/月,未注明,,58同城,2026-09-24 20:42:50,410421,宝丰县,平顶山市,2024-2026,58_宝丰县_2024_2026.csv
555,张女士,武汉餐厅招店员就近分配月薪4000,平顶山市,江汉-万松园,3500.0,5000.0,岗位：武汉餐厅招店员就近分配月薪4000；标签：招15人 / 经验不限 / 学历不限；薪资：3500-5000元/月,学历不限,15.0,58同城,2026-09-24 20:42:50,410421,宝丰县,平顶山市,2024-2026,58_宝丰县_2024_2026.csv
556,肖女士,餐具消毒公司直招机修工,平顶山市,硚口-古田,5500.0,6000.0,岗位：餐具消毒公司直招机修工；标签：经验3-5年 / 学历技校；薪资：5500-6000元/月,中专/中技,,58同城,2026-09-24 20:42:50,410421,宝丰县,平顶山市,2024-2026,58_宝丰县_2024_2026.csv
557,杨女士,三角洲原神崩铁绝区零鸣潮燕云游戏代练,平顶山市,江汉-万松园,4500.0,7500.0,岗位：三角洲原神崩铁绝区零鸣潮燕云游戏代练；标签：经验不限 / 学历不限；薪资：4500-7500元/月,学历不限,,58同城,2026-09-24 20:42:50,410421,宝丰县,平顶山市,2024-2026,58_宝丰县_2024_2026.csv
558,王小姐,网络/在线客服,平顶山市,东西湖-金银湖,3000.0,3500.0,岗位：网络/在线客服；标签：经验不限 / 学历不限；薪资：3000-3500元/月,学历不限,,58同城,2026-09-24 20:42:50,410421,宝丰县,平顶山市,2024-2026,58_宝丰县_2024_2026.csv
559,王荣全132******68,电器厂项目经理五险一金包住包吃,平顶山市,武昌-武泰闸,10000.0,12500.0,岗位：电器厂项目经理五险一金包住包吃；标签：五险一金 / 包住 / 包吃；薪资：10000-12500元/月,未注明,,58同城,2026-09-24 20:42:50,410421,宝丰县,平顶山市,2024-2026,58_宝丰县_2024_2026.csv
560,啃苹果的团团,餐饮店店员,平顶山市,青山-建设二路,3500.0,4500.0,岗位：餐饮店店员；标签：招1人 / 经验不限 / 学历不限；薪资：3500-4500元/月,学历不限,1.0,58同城,2026-09-24 20:42:50,410421,宝丰县,平顶山市,2024-2026,58_宝丰县_2024_2026.csv
561,爱爬山的马小妹,食品/店员/营业员3500起,平顶山市,江岸-百步亭,3500.0,4500.0,岗位：食品/店员/营业员3500起；标签：包吃；薪资：3500-4500元/月,未注明,,58同城,2026-09-24 20:42:50,410421,宝丰县,平顶山市,2024-2026,58_宝丰县_2024_2026.csv
562,熊先生,电动车维修/师傅及学徒包住包吃,平顶山市,洪山-关山,2500.0,4500.0,岗位：电动车维修/师傅及学徒包住包吃；标签：包住 / 包吃；薪资：2500-4500元/月,未注明,,58同城,2026-09-24 20:42:50,410421,宝丰县,平顶山市,2024-2026,58_宝丰县_2024_2026.csv
563,董先生,鑫广顺机械经营部/机修工包吃话补,平顶山市,东西湖-吴家山,4000.0,4500.0,岗位：鑫广顺机械经营部/机修工包吃话补；标签：包住 / 包吃 / 饭补 / 话补；薪资：4000-4500元/月,未注明,,58同城,2026-09-24 20:42:50,410421,宝丰县,平顶山市,2024-2026,58_宝丰县_2024_2026.csv
564,技先生,网络客服居家办公信息处理,平顶山市,江岸-大智路,4300.0,5000.0,岗位：网络客服居家办公信息处理；标签：五险一金；薪资：4300-5000元/月,未注明,,58同城,2026-09-24 20:42:50,410421,宝丰县,平顶山市,2024-2026,58_宝丰县_2024_2026.csv
565,haze,食品店员/营业员加班补助饭补五险,平顶山市,武昌-中北路,4000.0,6000.0,岗位：食品店员/营业员加班补助饭补五险；标签：饭补 / 房补 / 加班补助 / 五险；薪资：4000-6000元/月,未注明,,58同城,2026-09-24 20:42:50,410421,宝丰县,平顶山市,2024-2026,58_宝丰县_2024_2026.csv
566,童先生,0费用白班质检6000包吃住,平顶山市,江夏-金融港,5000.0,6000.0,岗位：0费用白班质检6000包吃住；标签：五险一金 / 五险 / 包住 / 包吃；薪资：5000-6000元/月,未注明,,58同城,2026-09-24 20:42:50,410421,宝丰县,平顶山市,2024-2026,58_宝丰县_2024_2026.csv
567,徐先生,急招数控操作工包吃住,平顶山市,东西湖-吴家山,4000.0,8000.0,岗位：急招数控操作工包吃住；标签：包吃 / 包住 / 饭补 / 房补；薪资：4000-8000元/月,未注明,,58同城,2026-09-24 20:42:50,410421,宝丰县,平顶山市,2024-2026,58_宝丰县_2024_2026.csv
568,何先生,保洁,平顶山市,洪山-卓刀泉,1500.0,1800.0,岗位：保洁；标签：周末双休；薪资：1500-1800元/月,未注明,,58同城,2026-09-24 20:42:50,410421,宝丰县,平顶山市,2024-2026,58_宝丰县_2024_2026.csv
569,樱子,中餐厅服务员/包住洗衣机空调,平顶山市,武昌-水果湖,3800.0,4500.0,岗位：中餐厅服务员/包住洗衣机空调；标签：包住 / 包吃 / 加班补助；薪资：3800-4500元/月,未注明,,58同城,2026-09-24 20:42:50,410421,宝丰县,平顶山市,2024-2026,58_宝丰县_2024_2026.csv
570,陈先生,养生馆推拿师学历不限,平顶山市,江夏-纸坊,3500.0,5500.0,岗位：养生馆推拿师学历不限；标签：招2人 / 经验3-5年 / 学历不限；薪资：3500-5500元/月,学历不限,2.0,58同城,2026-09-24 20:42:50,410421,宝丰县,平顶山市,2024-2026,58_宝丰县_2024_2026.csv
571,V率真杨总,美甲师,平顶山市,洪山-光谷广场,4000.0,8000.0,岗位：美甲师；标签：经验不限 / 学历不限；薪资：4000-8000元/月,学历不限,,58同城,2026-09-24 20:42:50,410421,宝丰县,平顶山市,2024-2026,58_宝丰县_2024_2026.csv
572,陈总,足疗师-40岁以内，7000-10000,平顶山市,蔡甸-蔡甸城区,7000.0,10000.0,岗位：足疗师-40岁以内，7000-10000；标签：包住 / 包吃；薪资：7000-10000元/月,未注明,,58同城,2026-09-24 20:42:50,410421,宝丰县,平顶山市,2024-2026,58_宝丰县_2024_2026.csv
573,江女士,小厂贴标日日薪260包吃住非流水线坐班,平顶山市,平顶山-宝丰,6500.0,7500.0,岗位：小厂贴标日日薪260包吃住非流水线坐班；标签：五险一金 / 五险 / 包住 / 包吃；薪资：6500-7500元/月,未注明,,58同城,2026-09-24 20:43:10,410421,宝丰县,平顶山市,2024-2026,58_宝丰县_2024_2026.csv
574,雷先生,宝丰房产置业顾问,平顶山市,平顶山-宝丰,2000.0,8000.0,岗位：宝丰房产置业顾问；标签：经验不限 / 学历不限；薪资：2000-8000元/月,学历不限,,58同城,2026-09-24 20:43:22,410421,宝丰县,平顶山市,2024-2026,58_宝丰县_2024_2026.csv
575,YG,汽车维修师傅,平顶山市,宝丰-宝丰县第一高级中学,4000.0,10000.0,岗位：汽车维修师傅；标签：包住 / 饭补；薪资：4000-10000元/月,未注明,,58同城,2026-09-24 20:43:27,410421,宝丰县,平顶山市,2024-2026,58_宝丰县_2024_2026.csv
576,刘女士,养生馆招按摩师/美容推拿足疗学徒可培训,平顶山市,平顶山-宝丰,2500.0,8000.0,岗位：养生馆招按摩师/美容推拿足疗学徒可培训；标签：招8人 / 经验不限 / 学历不限；薪资：2500-8000元/月,学历不限,8.0,58同城,2026-09-24 20:43:31,410421,宝丰县,平顶山市,2024-2026,58_宝丰县_2024_2026.csv
577,刘女士,足疗师按摩师2500-8... 小程序,平顶山市,平顶山-宝丰,2000.0,8000.0,岗位：足疗师按摩师2500-8... 小程序；标签：包住 / 包吃；薪资：2000-8000元/月,未注明,,58同城,2026-09-24 20:43:31,410421,宝丰县,平顶山市,2024-2026,58_宝丰县_2024_2026.csv
578,刘女士,养生馆招聘按摩师/推拿师/足疗师,平顶山市,平顶山-宝丰,3000.0,8000.0,岗位：养生馆招聘按摩师/推拿师/足疗师；标签：包住 / 包吃；薪资：3000-8000元/月,未注明,,58同城,2026-09-24 20:43:31,410421,宝丰县,平顶山市,2024-2026,58_宝丰县_2024_2026.csv
579,刘女士,按摩师五险一金年底双薪包吃包住,平顶山市,宝丰-新世纪商贸,5000.0,15000.0,岗位：按摩师五险一金年底双薪包吃包住；标签：五险一金 / 包住 / 包吃 / 年底双薪；薪资：5000-15000元/月,未注明,,58同城,2026-09-24 20:43:31,410421,宝丰县,平顶山市,2024-2026,58_宝丰县_2024_2026.csv
580,李先生,招聘平顶山宝丰配送司机公司提供车不装卸,平顶山市,宝丰-新世纪商贸,6000.0,8000.0,岗位：招聘平顶山宝丰配送司机公司提供车不装卸；标签：五险 / 包住 / 话补；薪资：6000-8000元/月,未注明,,58同城,2026-09-24 20:43:54,410421,宝丰县,平顶山市,2024-2026,58_宝丰县_2024_2026.csv
581,李女士,货运公司C1货运司机5千起,平顶山市,平顶山-宝丰,5000.0,7500.0,岗位：货运公司C1货运司机5千起；标签：招14人 / 经验不限 / 学历不限；薪资：5000-7500元/月,学历不限,14.0,58同城,2026-09-24 20:43:54,410421,宝丰县,平顶山市,2024-2026,58_宝丰县_2024_2026.csv
582,程女士,急招铁路安检乘务地勤人员五险一金包吃包住,平顶山市,平顶山-宝丰,5500.0,6000.0,岗位：急招铁路安检乘务地勤人员五险一金包吃包住；标签：五险一金 / 加班补助 / 饭补 / 五险；薪资：5500-6000元/月,未注明,,58同城,2026-09-24 20:43:54,410421,宝丰县,平顶山市,2024-2026,58_宝丰县_2024_2026.csv
583,爱听雨的安静girl,货运司机/工作时间灵活不装不卸,平顶山市,宝丰-新世纪商贸,5000.0,8000.0,岗位：货运司机/工作时间灵活不装不卸；标签：饭补；薪资：5000-8000元/月,未注明,,58同城,2026-09-24 20:43:59,410421,宝丰县,平顶山市,2024-2026,58_宝丰县_2024_2026.csv
584,种向日葵的苗,宝丰c本司机附近商超送货只开车不装卸,平顶山市,平顶山-宝丰,6000.0,8000.0,岗位：宝丰c本司机附近商超送货只开车不装卸；标签：招12人 / 经验不限 / 学历不限；薪资：6000-8000元/月,学历不限,12.0,58同城,2026-09-24 20:43:59,410421,宝丰县,平顶山市,2024-2026,58_宝丰县_2024_2026.csv
585,尹女士,诚聘铁路地勤安检上一休一五险一金免费食宿,平顶山市,平顶山-宝丰,5000.0,6000.0,岗位：诚聘铁路地勤安检上一休一五险一金免费食宿；标签：五险一金 / 包住 / 包吃 / 年底双薪；薪资：5000-6000元/月,未注明,,58同城,2026-09-24 20:43:59,410421,宝丰县,平顶山市,2024-2026,58_宝丰县_2024_2026.csv
586,陈女士,小车司机,平顶山市,平顶山-宝丰,3500.0,4000.0,岗位：小车司机；标签：招1人 / 经验不限 / 学历不限；薪资：3500-4000元/月,学历不限,1.0,58同城,2026-09-24 20:43:59,410421,宝丰县,平顶山市,2024-2026,58_宝丰县_2024_2026.csv
587,高女士,上五休二月薪8千（五险一金）锻造工包吃住,平顶山市,平顶山-叶县,8000.0,8500.0,岗位：上五休二月薪8千（五险一金）锻造工包吃住；标签：五险一金 / 五险 / 包住 / 包吃；薪资：8000-8500元/月,未注明,,58同城,2026-09-24 20:44:58,410422,叶县,平顶山市,2024-2026,58_叶县_2024_2026.csv
588,叶县北水闸雅迪快修,电动车/摩托车维修工1名,平顶山市,平顶山-叶县,2000.0,3000.0,岗位：电动车/摩托车维修工1名；标签：招1人 / 经验不限 / 学历不限；薪资：2000-3000元/月,学历不限,1.0,58同城,2026-09-24 20:45:06,410422,叶县,平顶山市,2024-2026,58_叶县_2024_2026.csv
589,总想爬树的阿木,促销/导购员,平顶山市,叶县-建业广场,3000.0,4500.0,岗位：促销/导购员；标签：经验不限 / 学历不限；薪资：3000-4500元/月,学历不限,,58同城,2026-09-24 20:45:15,410422,叶县,平顶山市,2024-2026,58_叶县_2024_2026.csv
590,种向日葵的苗,叶县附近货运商超工厂食堂配送不装卸,平顶山市,平顶山,6000.0,8000.0,岗位：叶县附近货运商超工厂食堂配送不装卸；标签：招12人 / 经验不限 / 学历不限；薪资：6000-8000元/月,学历不限,12.0,58同城,2026-09-24 20:45:35,410422,叶县,平顶山市,2024-2026,58_叶县_2024_2026.csv
591,李先生,物流直招4.2米高栏车司... 小程序,平顶山市,平顶山-叶县,6000.0,7000.0,岗位：物流直招4.2米高栏车司... 小程序；标签：包吃；薪资：6000-7000元/月,未注明,,58同城,2026-09-24 20:45:40,410422,叶县,平顶山市,2024-2026,58_叶县_2024_2026.csv
592,货运娟娟,急招叶县配送烟草半成品c本司机不装卸,平顶山市,平顶山,6000.0,8000.0,岗位：急招叶县配送烟草半成品c本司机不装卸；标签：五险 / 包住；薪资：6000-8000元/月,未注明,,58同城,2026-09-24 20:45:40,410422,叶县,平顶山市,2024-2026,58_叶县_2024_2026.csv
593,赵女士,叶县-货运司机-6千不做苦工只干轻松事,平顶山市,叶县-建业广场,5500.0,5600.0,岗位：叶县-货运司机-6千不做苦工只干轻松事；标签：年底双薪 / 交通补助；薪资：5500-5600元/月,未注明,,58同城,2026-09-24 20:45:48,410422,叶县,平顶山市,2024-2026,58_叶县_2024_2026.csv
594,养花种草的喵,供应链管理公司/C本司机/4500起,平顶山市,平顶山-叶县,4500.0,8000.0,岗位：供应链管理公司/C本司机/4500起；标签：招6人 / 经验不限 / 学历不限；薪资：4500-8000元/月,学历不限,6.0,58同城,2026-09-24 20:45:48,410422,叶县,平顶山市,2024-2026,58_叶县_2024_2026.csv
595,E朴实真诚段师傅,生鲜配送（不卖车不租车不交押金）,平顶山市,平顶山-叶县,4000.0,7000.0,岗位：生鲜配送（不卖车不租车不交押金）；标签：包住 / 交通补助 / 加班补助；薪资：4000-7000元/月,未注明,,58同城,2026-09-24 20:45:53,410422,叶县,平顶山市,2024-2026,58_叶县_2024_2026.csv
596,帅气迷人de凌老板,养生馆推拿师包住包吃加班补助,平顶山市,平顶山-鲁山,3000.0,5000.0,岗位：养生馆推拿师包住包吃加班补助；标签：包住 / 包吃 / 加班补助；薪资：3000-5000元/月,未注明,,58同城,2026-09-24 20:46:50,410423,鲁山县,平顶山市,2024-2026,58_鲁山县_2024_2026.csv
597,辛女士,电玩城维修技师,平顶山市,鲁山-鲁山汽车站,5000.0,6000.0,岗位：电玩城维修技师；标签：加班补助 / 饭补；薪资：5000-6000元/月,未注明,,58同城,2026-09-24 20:46:54,410423,鲁山县,平顶山市,2024-2026,58_鲁山县_2024_2026.csv
598,木南,置业顾问,平顶山市,平顶山-鲁山,3800.0,8000.0,岗位：置业顾问；标签：招6人 / 经验不限 / 学历不限；薪资：3800-8000元/月,学历不限,6.0,58同城,2026-09-24 20:46:59,410423,鲁山县,平顶山市,2024-2026,58_鲁山县_2024_2026.csv
599,辛女士,鲁山本地招企宣主管交社保,平顶山市,鲁山-鲁山汽车站,5000.0,8000.0,岗位：鲁山本地招企宣主管交社保；标签：五险；薪资：5000-8000元/月,未注明,,58同城,2026-09-24 20:47:03,410423,鲁山县,平顶山市,2024-2026,58_鲁山县_2024_2026.csv
600,帅气迷人de凌老板,鲁山县凌氏保健服务店/采耳美容师包住包吃,平顶山市,平顶山-鲁山,4000.0,9000.0,岗位：鲁山县凌氏保健服务店/采耳美容师包住包吃；标签：包住 / 包吃；薪资：4000-9000元/月,未注明,,58同城,2026-09-24 20:47:11,410423,鲁山县,平顶山市,2024-2026,58_鲁山县_2024_2026.csv
601,安好,游戏客服/2000起,平顶山市,平顶山-鲁山,2000.0,2500.0,岗位：游戏客服/2000起；标签：包吃；薪资：2000-2500元/月,未注明,,58同城,2026-09-24 20:47:11,410423,鲁山县,平顶山市,2024-2026,58_鲁山县_2024_2026.csv
602,李女士,货运公司C1司机2.5k起,平顶山市,平顶山-鲁山,2500.0,4500.0,岗位：货运公司C1司机2.5k起；标签：招16人 / 经验不限 / 学历不限；薪资：2500-4500元/月,学历不限,16.0,58同城,2026-09-24 20:47:32,410423,鲁山县,平顶山市,2024-2026,58_鲁山县_2024_2026.csv
603,田女士,直招铁路乘务五险一金免费食宿带薪年假,平顶山市,平顶山-鲁山,5000.0,6000.0,岗位：直招铁路乘务五险一金免费食宿带薪年假；标签：五险一金 / 饭补 / 包住 / 包吃；薪资：5000-6000元/月,未注明,,58同城,2026-09-24 20:47:37,410423,鲁山县,平顶山市,2024-2026,58_鲁山县_2024_2026.csv
604,种向日葵的苗,鲁山不装卸货运司机附近工厂送货,平顶山市,平顶山-湛河,6000.0,8000.0,岗位：鲁山不装卸货运司机附近工厂送货；标签：招12人 / 经验1-2年 / 学历不限；薪资：6000-8000元/月,学历不限,12.0,58同城,2026-09-24 20:47:37,410423,鲁山县,平顶山市,2024-2026,58_鲁山县_2024_2026.csv
605,赵女士,鲁山菜篓儿商贸生鲜分拣员... 小程序,平顶山市,平顶山-鲁山,2000.0,2500.0,岗位：鲁山菜篓儿商贸生鲜分拣员... 小程序；标签：招5人 / 经验不限 / 学历不限；薪资：2000-2500元/月,学历不限,5.0,58同城,2026-09-24 20:47:53,410423,鲁山县,平顶山市,2024-2026,58_鲁山县_2024_2026.csv
606,e8bxcc,鲁山本地好工作仓库管理员2名,平顶山市,平顶山-鲁山,3000.0,5000.0,岗位：鲁山本地好工作仓库管理员2名；标签：招5人 / 经验1-2年 / 学历不限；薪资：3000-5000元/月,学历不限,5.0,58同城,2026-09-24 20:47:53,410423,鲁山县,平顶山市,2024-2026,58_鲁山县_2024_2026.csv
607,用户47273,郏县舍艺旗舰店/足疗师，包住，饭补,平顶山市,平顶山-郏县,3000.0,6000.0,岗位：郏县舍艺旗舰店/足疗师，包住，饭补；标签：包住 / 饭补；薪资：3000-6000元/月,未注明,,58同城,2026-09-24 20:48:48,410425,郏县,平顶山市,2024-2026,58_郏县_2024_2026.csv
608,异常兴奋DE毕老板,网络/在线客服,平顶山市,平顶山-郏县,2500.0,4500.0,岗位：网络/在线客服；标签：经验不限 / 学历不限；薪资：2500-4500元/月,学历不限,,58同城,2026-09-24 20:48:48,410425,郏县,平顶山市,2024-2026,58_郏县_2024_2026.csv
609,人力资源部,郏县连锁店店长,平顶山市,平顶山-新华,5000.0,7000.0,岗位：郏县连锁店店长；标签：招1人 / 经验1年以下 / 学历不限；薪资：5000-7000元/月,学历不限,1.0,58同城,2026-09-24 20:48:53,410425,郏县,平顶山市,2024-2026,58_郏县_2024_2026.csv
610,李先生,急招4.2米高栏车司机无押金不装卸8K,平顶山市,平顶山-郏县,5500.0,7000.0,岗位：急招4.2米高栏车司机无押金不装卸8K；标签：招5人 / 经验1-2年 / 学历不限；薪资：5500-7000元/月,学历不限,5.0,58同城,2026-09-24 20:49:18,410425,郏县,平顶山市,2024-2026,58_郏县_2024_2026.csv
611,王女士,亿万互联网工作室/APP... 小程序,平顶山市,平顶山-郏县,3500.0,8500.0,岗位：亿万互联网工作室/APP... 小程序；标签：经验不限 / 学历不限；薪资：3500-8500元/月,学历不限,,58同城,2026-09-24 20:49:23,410425,郏县,平顶山市,2024-2026,58_郏县_2024_2026.csv
612,贺女士,郏县配送/轻松跑单就近分配/兼职全职均可,平顶山市,平顶山-郏县,4000.0,8000.0,岗位：郏县配送/轻松跑单就近分配/兼职全职均可；标签：招15人 / 经验不限 / 学历不限；薪资：4000-8000元/月,学历不限,15.0,58同城,2026-09-24 20:49:31,410425,郏县,平顶山市,2024-2026,58_郏县_2024_2026.csv
613,周女士,郏县站点直招送餐员无需经验兼职/全职均可,平顶山市,平顶山-郏县,4500.0,8000.0,岗位：郏县站点直招送餐员无需经验兼职/全职均可；标签：招10人 / 经验不限 / 学历不限；薪资：4500-8000元/月,学历不限,10.0,58同城,2026-09-24 20:49:31,410425,郏县,平顶山市,2024-2026,58_郏县_2024_2026.csv
614,爱听故事的悠悠,文员订单管理做五休二,平顶山市,平顶山-郏县,5000.0,7000.0,岗位：文员订单管理做五休二；标签：五险一金 / 包吃 / 包住 / 年底双薪；薪资：5000-7000元/月,未注明,,58同城,2026-09-24 20:49:31,410425,郏县,平顶山市,2024-2026,58_郏县_2024_2026.csv
615,王女士,亿万互联网工作室/APP推广/3500起,平顶山市,平顶山-郏县,3500.0,8500.0,岗位：亿万互联网工作室/APP推广/3500起；标签：经验不限 / 学历不限；薪资：3500-8500元/月,学历不限,,58同城,2026-09-24 20:49:35,410425,郏县,平顶山市,2024-2026,58_郏县_2024_2026.csv
616,黄先生,电子厂普工/操作工包住包吃300一天,平顶山市,舞钢,7000.0,8000.0,岗位：电子厂普工/操作工包住包吃300一天；标签：五险一金 / 包吃 / 包住；薪资：7000-8000元/月,未注明,,58同城,2026-09-24 20:49:52,410481,舞钢市,平顶山市,2024-2026,58_舞钢市_2024_2026.csv
617,品鸿供应链06,（舞钢）往返专线C证货运司机,平顶山市,舞钢,6500.0,7900.0,岗位：（舞钢）往返专线C证货运司机；标签：交通补助；薪资：6500-7900元/月,未注明,,58同城,2026-09-24 20:49:52,410481,舞钢市,平顶山市,2024-2026,58_舞钢市_2024_2026.csv
618,socpn_p0,舞钢纺织接纱工（可带薪培... 小程序,平顶山市,城区-舞钢城区,3000.0,5500.0,岗位：舞钢纺织接纱工（可带薪培... 小程序；标签：加班补助；薪资：3000-5500元/月,未注明,,58同城,2026-09-24 20:49:52,410481,舞钢市,平顶山市,2024-2026,58_舞钢市_2024_2026.csv
619,杨先生,生产统计员,平顶山市,舞钢-城区,4000.0,5000.0,岗位：生产统计员；标签：包吃 / 包住；薪资：4000-5000元/月,未注明,,58同城,2026-09-24 20:49:52,410481,舞钢市,平顶山市,2024-2026,58_舞钢市_2024_2026.csv
620,判若鸿沟DE曲老板,班车司机,平顶山市,舞钢,5500.0,6000.0,岗位：班车司机；标签：包住 / 五险一金 / 年底双薪 / 周末双休；薪资：5500-6000元/月,未注明,,58同城,2026-09-24 20:49:52,410481,舞钢市,平顶山市,2024-2026,58_舞钢市_2024_2026.csv
621,何先生,卫生院招聘医生,平顶山市,舞钢-城区,6000.0,10000.0,岗位：卫生院招聘医生；标签：五险一金 / 包住；薪资：6000-10000元/月,未注明,,58同城,2026-09-24 20:49:52,410481,舞钢市,平顶山市,2024-2026,58_舞钢市_2024_2026.csv
622,董首一,舞钢牙博士招聘客服主管,平顶山市,舞钢,5000.0,8000.0,岗位：舞钢牙博士招聘客服主管；标签：包吃 / 五险一金；薪资：5000-8000元/月,未注明,,58同城,2026-09-24 20:49:52,410481,舞钢市,平顶山市,2024-2026,58_舞钢市_2024_2026.csv
623,哼着歌走过的街,招舞钢农资物料配送C1司机不装卸,平顶山市,平顶山-舞钢,6000.0,8000.0,岗位：招舞钢农资物料配送C1司机不装卸；标签：包住；薪资：6000-8000元/月,未注明,,58同城,2026-09-24 20:49:52,410481,舞钢市,平顶山市,2024-2026,58_舞钢市_2024_2026.csv
624,用户53226,雍福汇养生保健店/足疗采耳师/包住包吃,平顶山市,舞钢-城区,6000.0,10000.0,岗位：雍福汇养生保健店/足疗采耳师/包住包吃；标签：包住 / 包吃；薪资：6000-10000元/月,未注明,,58同城,2026-09-24 20:49:52,410481,舞钢市,平顶山市,2024-2026,58_舞钢市_2024_2026.csv
625,马女士,国企车险内勤/办公室行政班/入职交五险,平顶山市,舞钢-城区,5000.0,8000.0,岗位：国企车险内勤/办公室行政班/入职交五险；标签：五险一金；薪资：5000-8000元/月,未注明,,58同城,2026-09-24 20:49:52,410481,舞钢市,平顶山市,2024-2026,58_舞钢市_2024_2026.csv
626,刘女士,办公室内勤/入职可享带薪假期/五险一金,平顶山市,平顶山-舞钢,5000.0,8000.0,岗位：办公室内勤/入职可享带薪假期/五险一金；标签：五险 / 五险一金 / 年底双薪；薪资：5000-8000元/月,未注明,,58同城,2026-09-24 20:49:52,410481,舞钢市,平顶山市,2024-2026,58_舞钢市_2024_2026.csv
627,郎老板要落泪,蛋糕/裱花师,平顶山市,舞钢-城区,3000.0,4000.0,岗位：蛋糕/裱花师；标签：经验不限 / 学历不限；薪资：3000-4000元/月,学历不限,,58同城,2026-09-24 20:49:52,410481,舞钢市,平顶山市,2024-2026,58_舞钢市_2024_2026.csv
628,张先生,1万招健身教练不会可培训,平顶山市,平顶山-舞钢,6500.0,13000.0,岗位：1万招健身教练不会可培训；标签：包住 / 五险 / 包吃；薪资：6500-13000元/月,未注明,,58同城,2026-09-24 20:49:52,410481,舞钢市,平顶山市,2024-2026,58_舞钢市_2024_2026.csv
629,董首一,牙博士口腔招聘有证财务会计,平顶山市,舞钢,4000.0,5000.0,岗位：牙博士口腔招聘有证财务会计；标签：五险一金；薪资：4000-5000元/月,未注明,,58同城,2026-09-24 20:49:52,410481,舞钢市,平顶山市,2024-2026,58_舞钢市_2024_2026.csv
630,用户16633,门窗厂学徒工2000起,平顶山市,其他-舞钢其他,2000.0,2500.0,岗位：门窗厂学徒工2000起；标签：经验不限 / 学历不限；薪资：2000-2500元/月,学历不限,,58同城,2026-09-24 20:49:52,410481,舞钢市,平顶山市,2024-2026,58_舞钢市_2024_2026.csv
631,5e97lqqi5,服装网络销售早6晚2,平顶山市,舞钢-城区,3000.0,7000.0,岗位：服装网络销售早6晚2；标签：经验不限 / 学历高中；薪资：3000-7000元/月,高中,,58同城,2026-09-24 20:49:52,410481,舞钢市,平顶山市,2024-2026,58_舞钢市_2024_2026.csv
632,SaMmI,新型建材公司普工/操作工包吃五险包住,平顶山市,其他-舞钢其他,3900.0,4000.0,岗位：新型建材公司普工/操作工包吃五险包住；标签：五险 / 包住 / 包吃；薪资：3900-4000元/月,未注明,,58同城,2026-09-24 20:49:52,410481,舞钢市,平顶山市,2024-2026,58_舞钢市_2024_2026.csv
633,招聘专员,汽修连锁店汽车维修3k起,平顶山市,舞钢-其他,3000.0,6000.0,岗位：汽修连锁店汽车维修3k起；标签：五险 / 包吃 / 年底双薪 / 加班补助；薪资：3000-6000元/月,未注明,,58同城,2026-09-24 20:49:52,410481,舞钢市,平顶山市,2024-2026,58_舞钢市_2024_2026.csv
634,高经理,机械厂普工/操作工,平顶山市,舞钢-其他,3500.0,5000.0,岗位：机械厂普工/操作工；标签：包吃；薪资：3500-5000元/月,未注明,,58同城,2026-09-24 20:49:52,410481,舞钢市,平顶山市,2024-2026,58_舞钢市_2024_2026.csv
635,杨先生,舞钢养殖场招聘养殖工人,平顶山市,其他-舞钢其他,4500.0,7000.0,岗位：舞钢养殖场招聘养殖工人；标签：包吃 / 包住 / 交通补助；薪资：4500-7000元/月,未注明,,58同城,2026-09-24 20:49:52,410481,舞钢市,平顶山市,2024-2026,58_舞钢市_2024_2026.csv
636,杨帆,酒店管理,平顶山市,舞钢-城区,,,岗位：酒店管理；标签：经验3-5年 / 学历大专；薪资：面议,大专,,58同城,2026-09-24 20:49:52,410481,舞钢市,平顶山市,2024-2026,58_舞钢市_2024_2026.csv
637,58用户,眼镜店店员/营业员2500起,平顶山市,舞钢-城区,2500.0,4500.0,岗位：眼镜店店员/营业员2500起；标签：招1人 / 经验不限 / 学历高中；薪资：2500-4500元/月,高中,1.0,58同城,2026-09-24 20:49:52,410481,舞钢市,平顶山市,2024-2026,58_舞钢市_2024_2026.csv
638,为而不争,护士,平顶山市,舞钢-城区,,,岗位：护士；标签：招1人 / 经验不限 / 学历不限；薪资：面议,学历不限,1.0,58同城,2026-09-24 20:49:52,410481,舞钢市,平顶山市,2024-2026,58_舞钢市_2024_2026.csv
639,招聘专员,汽车美容店汽车美容2500起,平顶山市,舞钢-其他,2500.0,6000.0,岗位：汽车美容店汽车美容2500起；标签：包吃；薪资：2500-6000元/月,未注明,,58同城,2026-09-24 20:49:52,410481,舞钢市,平顶山市,2024-2026,58_舞钢市_2024_2026.csv
640,胡先生,舞钢新媒体运营/3千,平顶山市,舞钢-城区,2500.0,3500.0,岗位：舞钢新媒体运营/3千；标签：加班补助；薪资：2500-3500元/月,未注明,,58同城,2026-09-24 20:49:52,410481,舞钢市,平顶山市,2024-2026,58_舞钢市_2024_2026.csv
641,紫藤,舞钢市朱兰科恩洗衣店营业员1900起,平顶山市,舞钢-城区,2000.0,2100.0,岗位：舞钢市朱兰科恩洗衣店营业员1900起；标签：招1人 / 经验不限 / 学历不限；薪资：2000-2100元/月,学历不限,1.0,58同城,2026-09-24 20:49:52,410481,舞钢市,平顶山市,2024-2026,58_舞钢市_2024_2026.csv
642,用户36311,教师,平顶山市,舞钢-城区,2500.0,3000.0,岗位：教师；标签：经验不限 / 学历本科；薪资：2500-3000元/月,本科,,58同城,2026-09-24 20:49:52,410481,舞钢市,平顶山市,2024-2026,58_舞钢市_2024_2026.csv
643,爱弹钢琴的雅雅,舞钢市润味火锅餐饮店服务员/2500起,平顶山市,舞钢-城区,2500.0,3000.0,岗位：舞钢市润味火锅餐饮店服务员/2500起；标签：招6人 / 经验不限 / 学历不限；薪资：2500-3000元/月,学历不限,6.0,58同城,2026-09-24 20:49:52,410481,舞钢市,平顶山市,2024-2026,58_舞钢市_2024_2026.csv
644,雅美口腔,口腔门诊/口腔医生学历经验不限,平顶山市,舞钢,3000.0,5000.0,岗位：口腔门诊/口腔医生学历经验不限；标签：经验不限 / 学历不限；薪资：3000-5000元/月,学历不限,,58同城,2026-09-24 20:49:52,410481,舞钢市,平顶山市,2024-2026,58_舞钢市_2024_2026.csv
645,杨先生,招聘种鸽养殖厂工人,平顶山市,其他-舞钢其他,4500.0,7000.0,岗位：招聘种鸽养殖厂工人；标签：包吃 / 包住 / 交通补助；薪资：4500-7000元/月,未注明,,58同城,2026-09-24 20:49:52,410481,舞钢市,平顶山市,2024-2026,58_舞钢市_2024_2026.csv
646,爱抱毛绒熊的软,优修客装饰工程有限公司/氩弧焊工包住,平顶山市,汝州市-其他,3000.0,4500.0,岗位：优修客装饰工程有限公司/氩弧焊工包住；标签：包住；薪资：3000-4500元/月,未注明,,58同城,2026-09-24 20:52:07,410482,汝州市,平顶山市,2024-2026,58_汝州市_2024_2026.csv
647,爱吹泡泡的阿漾,宠物医院兽医工作时间灵活,平顶山市,汝州市-其他,3000.0,4500.0,岗位：宠物医院兽医工作时间灵活；标签：周末双休；薪资：3000-4500元/月,未注明,,58同城,2026-09-24 20:52:07,410482,汝州市,平顶山市,2024-2026,58_汝州市_2024_2026.csv
648,饼干香香,外贸销售/销售包住饭补五... 小程序,平顶山市,汝州市-其他,2000.0,10000.0,岗位：外贸销售/销售包住饭补五... 小程序；标签：五险 / 包住 / 饭补；薪资：2000-10000元/月,未注明,,58同城,2026-09-24 20:52:07,410482,汝州市,平顶山市,2024-2026,58_汝州市_2024_2026.csv
649,爱吹泡泡的阿漾,宠物诊所兽医/执业兽医师工作时间灵活,平顶山市,汝州市-其他,2000.0,3000.0,岗位：宠物诊所兽医/执业兽医师工作时间灵活；标签：周末双休；薪资：2000-3000元/月,未注明,,58同城,2026-09-24 20:52:07,410482,汝州市,平顶山市,2024-2026,58_汝州市_2024_2026.csv
650,qzqu59,安装工/安装师傅包吃包住农村天然气架空管,平顶山市,汝州市-其他,3000.0,9000.0,岗位：安装工/安装师傅包吃包住农村天然气架空管；标签：包住 / 包吃；薪资：3000-9000元/月,未注明,,58同城,2026-09-24 20:52:07,410482,汝州市,平顶山市,2024-2026,58_汝州市_2024_2026.csv
651,勿蹉跎,养殖场饲养员包住包吃,平顶山市,其他-其它乡镇,3500.0,3800.0,岗位：养殖场饲养员包住包吃；标签：包住 / 包吃；薪资：3500-3800元/月,未注明,,58同城,2026-09-24 20:52:07,410482,汝州市,平顶山市,2024-2026,58_汝州市_2024_2026.csv
652,汝州市辰烨通讯店,庙下镇手机店手机销售,平顶山市,其他-其它乡镇,2000.0,4500.0,岗位：庙下镇手机店手机销售；标签：经验1-2年 / 学历不限；薪资：2000-4500元/月,学历不限,,58同城,2026-09-24 20:52:07,410482,汝州市,平顶山市,2024-2026,58_汝州市_2024_2026.csv
653,爱晒被子的暖洋洋,餐饮收银,平顶山市,汝州,3000.0,3500.0,岗位：餐饮收银；标签：经验不限 / 学历不限；薪资：3000-3500元/月,学历不限,,58同城,2026-09-24 20:52:07,410482,汝州市,平顶山市,2024-2026,58_汝州市_2024_2026.csv
654,马先生,物流普工日结270每天/0费用入职包吃住,平顶山市,汝州,4500.0,8500.0,岗位：物流普工日结270每天/0费用入职包吃住；标签：五险一金 / 五险 / 包住 / 包吃；薪资：4500-8500元/月,未注明,,58同城,2026-09-24 20:52:07,410482,汝州市,平顶山市,2024-2026,58_汝州市_2024_2026.csv
655,勿蹉跎,农牧养殖/养殖包住包吃,平顶山市,其他-其它乡镇,3500.0,4000.0,岗位：农牧养殖/养殖包住包吃；标签：包住 / 包吃；薪资：3500-4000元/月,未注明,,58同城,2026-09-24 20:52:07,410482,汝州市,平顶山市,2024-2026,58_汝州市_2024_2026.csv
656,爱穿花裙的孙小妹,汝州急招百货送货司机不装不卸公司提供车辆,平顶山市,平顶山-汝州市,6000.0,8000.0,岗位：汝州急招百货送货司机不装不卸公司提供车辆；标签：包住 / 饭补；薪资：6000-8000元/月,未注明,,58同城,2026-09-24 20:52:07,410482,汝州市,平顶山市,2024-2026,58_汝州市_2024_2026.csv
657,姜女士,急招保安待遇优厚月休可调包吃住稳定上岗,平顶山市,汝州,4500.0,5000.0,岗位：急招保安待遇优厚月休可调包吃住稳定上岗；标签：五险一金 / 包吃 / 包住 / 年底双薪；薪资：4500-5000元/月,未注明,,58同城,2026-09-24 20:52:07,410482,汝州市,平顶山市,2024-2026,58_汝州市_2024_2026.csv
658,李先生,物业保安可预支包吃住,平顶山市,汝州,4500.0,5000.0,岗位：物业保安可预支包吃住；标签：五险一金 / 包吃 / 包住 / 年底双薪；薪资：4500-5000元/月,未注明,,58同城,2026-09-24 20:52:07,410482,汝州市,平顶山市,2024-2026,58_汝州市_2024_2026.csv
659,暖暖抱抱的圆圆,运营专员/助理加班补助,平顶山市,汝州市-其他,3000.0,4500.0,岗位：运营专员/助理加班补助；标签：包住 / 年底双薪 / 加班补助；薪资：3000-4500元/月,未注明,,58同城,2026-09-24 20:52:07,410482,汝州市,平顶山市,2024-2026,58_汝州市_2024_2026.csv
660,晟坤重卡充电站,停车管理员,平顶山市,汝州,2800.0,3000.0,岗位：停车管理员；标签：招1人 / 经验不限 / 学历高中；薪资：2800-3000元/月,高中,1.0,58同城,2026-09-24 20:52:07,410482,汝州市,平顶山市,2024-2026,58_汝州市_2024_2026.csv
661,王先生,急招保安待遇优厚包吃住工作轻松稳定环境好,平顶山市,汝州,4500.0,5000.0,岗位：急招保安待遇优厚包吃住工作轻松稳定环境好；标签：五险一金 / 包吃 / 包住 / 年底双薪；薪资：4500-5000元/月,未注明,,58同城,2026-09-24 20:52:07,410482,汝州市,平顶山市,2024-2026,58_汝州市_2024_2026.csv
662,赵女士,美容师饭补免费工服加班补助,平顶山市,其他-其它乡镇,3000.0,7500.0,岗位：美容师饭补免费工服加班补助；标签：饭补 / 加班补助；薪资：3000-7500元/月,未注明,,58同城,2026-09-24 20:52:07,410482,汝州市,平顶山市,2024-2026,58_汝州市_2024_2026.csv
663,安静看书的苏,机械厂普工/操作工5千起,平顶山市,汝州市-其他,5000.0,6500.0,岗位：机械厂普工/操作工5千起；标签：经验不限 / 学历不限；薪资：5000-6500元/月,学历不限,,58同城,2026-09-24 20:52:07,410482,汝州市,平顶山市,2024-2026,58_汝州市_2024_2026.csv
664,王先生,洗车工-管吃-工作简单易上手,平顶山市,汝州-煤山,3000.0,5000.0,岗位：洗车工-管吃-工作简单易上手；标签：招5人 / 经验不限 / 学历不限；薪资：3000-5000元/月,学历不限,5.0,58同城,2026-09-24 20:52:07,410482,汝州市,平顶山市,2024-2026,58_汝州市_2024_2026.csv
665,刘振,电话客服,平顶山市,汝州市-其他,5000.0,10000.0,岗位：电话客服；标签：话补；薪资：5000-10000元/月,未注明,,58同城,2026-09-24 20:52:07,410482,汝州市,平顶山市,2024-2026,58_汝州市_2024_2026.csv
666,闪丹,汝州市闪单商贸店/网络/在线客服2.5k,平顶山市,汝州市-其他,2500.0,4500.0,岗位：汝州市闪单商贸店/网络/在线客服2.5k；标签：加班补助；薪资：2500-4500元/月,未注明,,58同城,2026-09-24 20:52:07,410482,汝州市,平顶山市,2024-2026,58_汝州市_2024_2026.csv
667,喜欢遛狗的小朱,游戏代练/陪玩加班补助包吃包住,平顶山市,汝州市-其他,2000.0,5000.0,岗位：游戏代练/陪玩加班补助包吃包住；标签：包住 / 包吃 / 加班补助；薪资：2000-5000元/月,未注明,,58同城,2026-09-24 20:52:07,410482,汝州市,平顶山市,2024-2026,58_汝州市_2024_2026.csv
668,黄女士,无夜班药厂技工300一天日结贴标签包吃住,平顶山市,汝州,9000.0,11000.0,岗位：无夜班药厂技工300一天日结贴标签包吃住；标签：五险一金 / 五险 / 包住 / 包吃；薪资：9000-11000元/月,未注明,,58同城,2026-09-24 20:52:07,410482,汝州市,平顶山市,2024-2026,58_汝州市_2024_2026.csv
669,张经理,姥家大锅台招聘女服务员数名,平顶山市,其他-其它乡镇,2000.0,3000.0,岗位：姥家大锅台招聘女服务员数名；标签：包吃；薪资：2000-3000元/月,未注明,,58同城,2026-09-24 20:52:07,410482,汝州市,平顶山市,2024-2026,58_汝州市_2024_2026.csv
670,汝州和印招聘,平面设计-大平台-高待遇,平顶山市,汝州,3000.0,6000.0,岗位：平面设计-大平台-高待遇；标签：招5人 / 经验不限 / 学历不限；薪资：3000-6000元/月,学历不限,5.0,58同城,2026-09-24 20:52:07,410482,汝州市,平顶山市,2024-2026,58_汝州市_2024_2026.csv
671,李女士,急招健身教练新手-包教会,平顶山市,平顶山-汝州市,6000.0,12000.0,岗位：急招健身教练新手-包教会；标签：五险一金 / 包住 / 包吃；薪资：6000-12000元/月,未注明,,58同城,2026-09-24 20:52:07,410482,汝州市,平顶山市,2024-2026,58_汝州市_2024_2026.csv
672,爱看星星的阿美,电商运营专员/助理2.5k起,平顶山市,煤山-煤山城区,2000.0,3000.0,岗位：电商运营专员/助理2.5k起；标签：经验不限 / 学历不限；薪资：2000-3000元/月,学历不限,,58同城,2026-09-24 20:52:07,410482,汝州市,平顶山市,2024-2026,58_汝州市_2024_2026.csv
673,李老师,汝州市丽宝寄宿学校/幼儿园教师/加班补助,平顶山市,平顶山-汝州市,3000.0,5000.0,岗位：汝州市丽宝寄宿学校/幼儿园教师/加班补助；标签：包住 / 包吃 / 加班补助 / 饭补；薪资：3000-5000元/月,未注明,,58同城,2026-09-24 20:52:07,410482,汝州市,平顶山市,2024-2026,58_汝州市_2024_2026.csv
674,刘振,带薪培训不限经验电话客服,平顶山市,汝州-其他,4000.0,8000.0,岗位：带薪培训不限经验电话客服；标签：交通补助 / 加班补助 / 话补；薪资：4000-8000元/月,未注明,,58同城,2026-09-24 20:52:07,410482,汝州市,平顶山市,2024-2026,58_汝州市_2024_2026.csv
675,刘振,诚聘销售精英挑战,平顶山市,汝州-其他,3500.0,5500.0,岗位：诚聘销售精英挑战；标签：交通补助 / 加班补助 / 话补；薪资：3500-5500元/月,未注明,,58同城,2026-09-24 20:52:07,410482,汝州市,平顶山市,2024-2026,58_汝州市_2024_2026.csv
676,淡然,汝州制梁场/材料员包住包吃,平顶山市,汝州市-其他,4500.0,5000.0,岗位：汝州制梁场/材料员包住包吃；标签：包住 / 包吃；薪资：4500-5000元/月,未注明,,58同城,2026-09-24 20:52:12,410482,汝州市,平顶山市,2024-2026,58_汝州市_2024_2026.csv
677,邵先生,零售连锁店储备店长3k起,平顶山市,其他-其它乡镇,3000.0,6000.0,岗位：零售连锁店储备店长3k起；标签：经验3-5年 / 学历大专；薪资：3000-6000元/月,大专,,58同城,2026-09-24 20:52:12,410482,汝州市,平顶山市,2024-2026,58_汝州市_2024_2026.csv
678,樊经理,住宅/建筑设计师3k起 小程序,平顶山市,汝州市-其他,3000.0,10000.0,岗位：住宅/建筑设计师3k起 小程序；标签：经验1-2年 / 学历不限；薪资：3000-10000元/月,学历不限,,58同城,2026-09-24 20:52:12,410482,汝州市,平顶山市,2024-2026,58_汝州市_2024_2026.csv
679,王女士,天毅广告装饰行/平面设计/4千起,平顶山市,其他-其它乡镇,4000.0,6000.0,岗位：天毅广告装饰行/平面设计/4千起；标签：经验不限 / 学历不限；薪资：4000-6000元/月,学历不限,,58同城,2026-09-24 20:52:12,410482,汝州市,平顶山市,2024-2026,58_汝州市_2024_2026.csv
680,上善若水,通信设备维护公司/通信技术工程师/3千起,平顶山市,汝州市-其他,3000.0,5000.0,岗位：通信设备维护公司/通信技术工程师/3千起；标签：招1人 / 经验不限 / 学历不限；薪资：3000-5000元/月,学历不限,1.0,58同城,2026-09-24 20:52:12,410482,汝州市,平顶山市,2024-2026,58_汝州市_2024_2026.csv
681,吕总,河南花旗装饰有限公司装修/装潢设计年底双,平顶山市,汝州市-其他,3000.0,4500.0,岗位：河南花旗装饰有限公司装修/装潢设计年底双；标签：包吃 / 年底双薪 / 加班补助；薪资：3000-4500元/月,未注明,,58同城,2026-09-24 20:52:12,410482,汝州市,平顶山市,2024-2026,58_汝州市_2024_2026.csv
682,森弟弟,汽车美容店美容洗车2000起,平顶山市,汝州市-其他,2000.0,4000.0,岗位：汽车美容店美容洗车2000起；标签：经验不限 / 学历不限；薪资：2000-4000元/月,学历不限,,58同城,2026-09-24 20:52:12,410482,汝州市,平顶山市,2024-2026,58_汝州市_2024_2026.csv
683,李女士,长白班药厂技工300一天日结贴标签坐班,平顶山市,汝州,9000.0,11000.0,岗位：长白班药厂技工300一天日结贴标签坐班；标签：五险一金 / 五险 / 包住 / 包吃；薪资：9000-11000元/月,未注明,,58同城,2026-09-24 20:52:12,410482,汝州市,平顶山市,2024-2026,58_汝州市_2024_2026.csv
684,A美家装饰向超,装饰材料经营部/市场营销专员/2500起,平顶山市,其他-其它乡镇,2500.0,4500.0,岗位：装饰材料经营部/市场营销专员/2500起；标签：招1人 / 经验不限 / 学历不限；薪资：2500-4500元/月,学历不限,1.0,58同城,2026-09-24 20:52:12,410482,汝州市,平顶山市,2024-2026,58_汝州市_2024_2026.csv
685,刘先生,美容美体馆/美容师包住,平顶山市,汝州市-其他,4000.0,7000.0,岗位：美容美体馆/美容师包住；标签：包住；薪资：4000-7000元/月,未注明,,58同城,2026-09-24 20:52:12,410482,汝州市,平顶山市,2024-2026,58_汝州市_2024_2026.csv
686,史先生,名流造型会所美发助理/学徒3千起,平顶山市,其他-其它乡镇,3000.0,5000.0,岗位：名流造型会所美发助理/学徒3千起；标签：包吃；薪资：3000-5000元/月,未注明,,58同城,2026-09-24 20:52:12,410482,汝州市,平顶山市,2024-2026,58_汝州市_2024_2026.csv
687,余芃苇,急聘店面销售,平顶山市,其他-其它乡镇,3000.0,6000.0,岗位：急聘店面销售；标签：加班补助；薪资：3000-6000元/月,未注明,,58同城,2026-09-24 20:52:12,410482,汝州市,平顶山市,2024-2026,58_汝州市_2024_2026.csv
688,余芃苇,汝州欣辉实业急招设计师,平顶山市,汝州-其他,5000.0,10000.0,岗位：汝州欣辉实业急招设计师；标签：交通补助 / 加班补助 / 话补；薪资：5000-10000元/月,未注明,,58同城,2026-09-24 20:52:12,410482,汝州市,平顶山市,2024-2026,58_汝州市_2024_2026.csv
689,余芃苇,汝州欣辉实业招家具设计师,平顶山市,汝州-其他,5000.0,10000.0,岗位：汝州欣辉实业招家具设计师；标签：招5人 / 经验不限 / 学历不限；薪资：5000-10000元/月,学历不限,5.0,58同城,2026-09-24 20:52:12,410482,汝州市,平顶山市,2024-2026,58_汝州市_2024_2026.csv
690,刘女士,月子服务中心美体师3千起,平顶山市,其他-其它乡镇,3000.0,6000.0,岗位：月子服务中心美体师3千起；标签：招5人 / 经验不限 / 学历不限；薪资：3000-6000元/月,学历不限,5.0,58同城,2026-09-24 20:52:12,410482,汝州市,平顶山市,2024-2026,58_汝州市_2024_2026.csv
691,樊经理,豪宅/室内设计师4k起,平顶山市,汝州市-其他,4000.0,10000.0,岗位：豪宅/室内设计师4k起；标签：经验3-5年 / 学历不限；薪资：4000-10000元/月,学历不限,,58同城,2026-09-24 20:52:12,410482,汝州市,平顶山市,2024-2026,58_汝州市_2024_2026.csv
692,王先生,无夜班药厂技工日结300一天管吃住贴标签,平顶山市,汝州,9000.0,11000.0,岗位：无夜班药厂技工日结300一天管吃住贴标签；标签：五险一金 / 包住 / 包吃 / 年底双薪；薪资：9000-11000元/月,未注明,,58同城,2026-09-24 20:52:12,410482,汝州市,平顶山市,2024-2026,58_汝州市_2024_2026.csv
693,李女士,美术老师-待遇好-环境好,平顶山市,其他-其它乡镇,3000.0,5000.0,岗位：美术老师-待遇好-环境好；标签：招5人 / 经验不限 / 学历不限；薪资：3000-5000元/月,学历不限,5.0,58同城,2026-09-24 20:52:12,410482,汝州市,平顶山市,2024-2026,58_汝州市_2024_2026.csv
694,汝州市辰烨通讯店,手机店营业员/店员/2500起25岁以上,平顶山市,其他-其它乡镇,2500.0,4500.0,岗位：手机店营业员/店员/2500起25岁以上；标签：经验1-2年 / 学历不限；薪资：2500-4500元/月,学历不限,,58同城,2026-09-24 20:52:12,410482,汝州市,平顶山市,2024-2026,58_汝州市_2024_2026.csv
695,梁先生,润滑油销售经理-能开车-挣得多,平顶山市,汝州,8000.0,12000.0,岗位：润滑油销售经理-能开车-挣得多；标签：招5人 / 经验不限 / 学历不限；薪资：8000-12000元/月,学历不限,5.0,58同城,2026-09-24 20:52:12,410482,汝州市,平顶山市,2024-2026,58_汝州市_2024_2026.csv
696,徐经理,服务员,平顶山市,汝州,2500.0,3500.0,岗位：服务员；标签：包吃；薪资：2500-3500元/月,未注明,,58同城,2026-09-24 20:52:12,410482,汝州市,平顶山市,2024-2026,58_汝州市_2024_2026.csv
697,乐购超市,超市果蔬区理货员缴纳养老金补贴,平顶山市,其他-其它乡镇,3000.0,3500.0,岗位：超市果蔬区理货员缴纳养老金补贴；标签：招2人 / 经验不限 / 学历不限；薪资：3000-3500元/月,学历不限,2.0,58同城,2026-09-24 20:52:12,410482,汝州市,平顶山市,2024-2026,58_汝州市_2024_2026.csv
698,常常迷路的路,药厂（铁饭碗）招技工日结300一天贴标签,平顶山市,汝州,9000.0,9500.0,岗位：药厂（铁饭碗）招技工日结300一天贴标签；标签：五险一金 / 包住 / 包吃；薪资：9000-9500元/月,未注明,,58同城,2026-09-24 20:52:12,410482,汝州市,平顶山市,2024-2026,58_汝州市_2024_2026.csv
699,徐经理,勤杂工2500起,平顶山市,临汝-临汝城区,2500.0,3500.0,岗位：勤杂工2500起；标签：经验不限 / 学历不限；薪资：2500-3500元/月,学历不限,,58同城,2026-09-24 20:52:12,410482,汝州市,平顶山市,2024-2026,58_汝州市_2024_2026.csv
700,汝州移动客服中心,移动10086纯接听客服（月休8-9天）,平顶山市,煤山-煤山城区,4000.0,8000.0,岗位：移动10086纯接听客服（月休8-9天）；标签：五险一金；薪资：4000-8000元/月,未注明,,58同城,2026-09-24 20:52:12,410482,汝州市,平顶山市,2024-2026,58_汝州市_2024_2026.csv
701,汝州移动客服中心,汝州客服中心招聘客服（上2休1）,平顶山市,煤山-煤山城区,3500.0,6500.0,岗位：汝州客服中心招聘客服（上2休1）；标签：五险一金；薪资：3500-6500元/月,未注明,,58同城,2026-09-24 20:52:12,410482,汝州市,平顶山市,2024-2026,58_汝州市_2024_2026.csv
702,汝州移动客服中心,10086纯接听客服（月休8-9天）,平顶山市,煤山-煤山城区,3500.0,6500.0,岗位：10086纯接听客服（月休8-9天）；标签：五险；薪资：3500-6500元/月,未注明,,58同城,2026-09-24 20:52:12,410482,汝州市,平顶山市,2024-2026,58_汝州市_2024_2026.csv
703,汝州移动客服中心,不加班客服（月休8-9天）,平顶山市,煤山-煤山城区,3500.0,6500.0,岗位：不加班客服（月休8-9天）；标签：五险一金；薪资：3500-6500元/月,未注明,,58同城,2026-09-24 20:52:12,410482,汝州市,平顶山市,2024-2026,58_汝州市_2024_2026.csv
704,汝州移动客服中心,移动坐席代表（上2休1）不销售,平顶山市,煤山-煤山城区,3500.0,6500.0,岗位：移动坐席代表（上2休1）不销售；标签：五险一金；薪资：3500-6500元/月,未注明,,58同城,2026-09-24 20:52:12,410482,汝州市,平顶山市,2024-2026,58_汝州市_2024_2026.csv
705,汝州移动客服中心,无销售客服（月休8-9天）社保,平顶山市,煤山-煤山城区,4000.0,8000.0,岗位：无销售客服（月休8-9天）社保；标签：五险；薪资：4000-8000元/月,未注明,,58同城,2026-09-24 20:52:12,410482,汝州市,平顶山市,2024-2026,58_汝州市_2024_2026.csv
706,总爱数蚂蚁的蚂蚁,买手,平顶山市,汝州,3000.0,4500.0,岗位：买手；标签：招5人 / 经验不限 / 学历不限；薪资：3000-4500元/月,学历不限,5.0,58同城,2026-09-24 20:52:16,410482,汝州市,平顶山市,2024-2026,58_汝州市_2024_2026.csv
707,汝州市鸿浩智能科技有限公司,内容审核标注,平顶山市,汝州,3000.0,6000.0,岗位：内容审核标注；标签：招5人 / 经验不限 / 学历不限；薪资：3000-6000元/月,学历不限,5.0,58同城,2026-09-24 20:52:16,410482,汝州市,平顶山市,2024-2026,58_汝州市_2024_2026.csv
708,李素团,金融分析师-管培训易上手... 小程序,平顶山市,汝州,2000.0,3500.0,岗位：金融分析师-管培训易上手... 小程序；标签：周末双休；薪资：2000-3500元/月,未注明,,58同城,2026-09-24 20:52:16,410482,汝州市,平顶山市,2024-2026,58_汝州市_2024_2026.csv
709,汝州市雅迪电动车,网络数据运营3000起,平顶山市,汝州,3000.0,6000.0,岗位：网络数据运营3000起；标签：招5人 / 经验不限 / 学历不限；薪资：3000-6000元/月,学历不限,5.0,58同城,2026-09-24 20:52:16,410482,汝州市,平顶山市,2024-2026,58_汝州市_2024_2026.csv
710,旺家旺超市,甜点/面包师-裱花师,平顶山市,汝州,4000.0,5500.0,岗位：甜点/面包师-裱花师；标签：招1人 / 经验不限 / 学历不限；薪资：4000-5500元/月,学历不限,1.0,58同城,2026-09-24 20:52:16,410482,汝州市,平顶山市,2024-2026,58_汝州市_2024_2026.csv
711,总爱数蚂蚁的蚂蚁,名品代购/买手2500起,平顶山市,汝州,2500.0,4500.0,岗位：名品代购/买手2500起；标签：招1人 / 经验不限 / 学历不限；薪资：2500-4500元/月,学历不限,1.0,58同城,2026-09-24 20:52:16,410482,汝州市,平顶山市,2024-2026,58_汝州市_2024_2026.csv
712,用户56291,架子鼓老师工作时间灵活,平顶山市,汝州市-煤山,2000.0,3500.0,岗位：架子鼓老师工作时间灵活；标签：经验不限 / 学历不限；薪资：2000-3500元/月,学历不限,,58同城,2026-09-24 20:52:16,410482,汝州市,平顶山市,2024-2026,58_汝州市_2024_2026.csv
713,侯女士,汽车定损/理赔,平顶山市,汝州,3000.0,5500.0,岗位：汽车定损/理赔；标签：经验不限 / 学历不限；薪资：3000-5500元/月,学历不限,,58同城,2026-09-24 20:52:16,410482,汝州市,平顶山市,2024-2026,58_汝州市_2024_2026.csv
714,汝州美团外卖,团购BD经理,平顶山市,汝州,4000.0,6000.0,岗位：团购BD经理；标签：招3人 / 经验不限 / 学历不限；薪资：4000-6000元/月,学历不限,3.0,58同城,2026-09-24 20:52:16,410482,汝州市,平顶山市,2024-2026,58_汝州市_2024_2026.csv
715,侯女士,区域总监,平顶山市,汝州,4000.0,4500.0,岗位：区域总监；标签：经验不限 / 学历不限；薪资：4000-4500元/月,学历不限,,58同城,2026-09-24 20:52:16,410482,汝州市,平顶山市,2024-2026,58_汝州市_2024_2026.csv
716,李素团,综合金融专员-时间自由-半天班,平顶山市,汝州,2000.0,4000.0,岗位：综合金融专员-时间自由-半天班；标签：年底双薪 / 周末双休 / 交通补助；薪资：2000-4000元/月,未注明,,58同城,2026-09-24 20:52:16,410482,汝州市,平顶山市,2024-2026,58_汝州市_2024_2026.csv
717,侯女士,金融销售,平顶山市,汝州,3000.0,5000.0,岗位：金融销售；标签：经验不限 / 学历不限；薪资：3000-5000元/月,学历不限,,58同城,2026-09-24 20:52:16,410482,汝州市,平顶山市,2024-2026,58_汝州市_2024_2026.csv
718,陈女士,法务助理3k起,平顶山市,汝州,3000.0,4000.0,岗位：法务助理3k起；标签：招1人 / 经验3-5年 / 学历大专；薪资：3000-4000元/月,大专,1.0,58同城,2026-09-24 20:52:16,410482,汝州市,平顶山市,2024-2026,58_汝州市_2024_2026.csv
719,黄先生,护士长,平顶山市,临汝-临汝城区,,,岗位：护士长；标签：招5人 / 经验不限 / 学历不限；薪资：面议,学历不限,5.0,58同城,2026-09-24 20:52:16,410482,汝州市,平顶山市,2024-2026,58_汝州市_2024_2026.csv
720,李先生,诚聘汝州货运不装卸纯开车... 小程序,平顶山市,平顶山,6000.0,8000.0,岗位：诚聘汝州货运不装卸纯开车... 小程序；标签：包住 / 五险 / 话补；薪资：6000-8000元/月,未注明,,58同城,2026-09-24 20:53:26,410482,汝州市,平顶山市,2024-2026,58_汝州市_2024_2026.csv
721,毛先生,顺丰快递员（平顶山汝州）,平顶山市,平顶山,4500.0,7000.0,岗位：顺丰快递员（平顶山汝州）；标签：招5人 / 经验不限 / 学历不限；薪资：4500-7000元/月,学历不限,5.0,58同城,2026-09-24 20:53:43,410482,汝州市,平顶山市,2024-2026,58_汝州市_2024_2026.csv
722,喜欢摸小猫的手,铆工,安阳市,安阳-安阳县,3000.0,7000.0,岗位：铆工；标签：招1人 / 经验1年以下 / 学历中专；薪资：3000-7000元/月,中专/中技,1.0,58同城,2026-09-24 20:54:04,410522,安阳县,安阳市,2024-2026,58_安阳县_2024_2026.csv
723,看蚂蚁的虫,急聘铁路安检地勤上一休一免费食宿五险一金,安阳市,安阳-安阳县,5000.0,6000.0,岗位：急聘铁路安检地勤上一休一免费食宿五险一金；标签：五险一金 / 五险 / 包住 / 包吃；薪资：5000-6000元/月,未注明,,58同城,2026-09-24 20:54:04,410522,安阳县,安阳市,2024-2026,58_安阳县_2024_2026.csv
724,高天,工厂物业维修工包住包吃 小程序,安阳市,安阳-安阳县,4500.0,8000.0,岗位：工厂物业维修工包住包吃 小程序；标签：包住 / 包吃；薪资：4500-8000元/月,未注明,,58同城,2026-09-24 20:54:04,410522,安阳县,安阳市,2024-2026,58_安阳县_2024_2026.csv
725,树梢捉迷藏,其他职位,安阳市,安阳-安阳县,3000.0,5000.0,岗位：其他职位；标签：经验不限 / 学历不限；薪资：3000-5000元/月,学历不限,,58同城,2026-09-24 20:54:04,410522,安阳县,安阳市,2024-2026,58_安阳县_2024_2026.csv
726,黄先生,安阳比亚迪直招普工操作工入职缴纳五险一金,安阳市,安阳-安阳县,5500.0,8000.0,岗位：安阳比亚迪直招普工操作工入职缴纳五险一金；标签：五险一金 / 包住；薪资：5500-8000元/月,未注明,,58同城,2026-09-24 20:54:04,410522,安阳县,安阳市,2024-2026,58_安阳县_2024_2026.csv
727,马女士,比亚迪急招普工/操作工,安阳市,安阳-安阳县,5500.0,7000.0,岗位：比亚迪急招普工/操作工；标签：五险一金 / 包住 / 包吃 / 饭补；薪资：5500-7000元/月,未注明,,58同城,2026-09-24 20:54:04,410522,安阳县,安阳市,2024-2026,58_安阳县_2024_2026.csv
728,冯女士,比亚迪安阳普工6K-8K,安阳市,安阳-安阳县,5000.0,7000.0,岗位：比亚迪安阳普工6K-8K；标签：五险一金 / 五险 / 包住 / 加班补助；薪资：5000-7000元/月,未注明,,58同城,2026-09-24 20:54:04,410522,安阳县,安阳市,2024-2026,58_安阳县_2024_2026.csv
729,张女士,比亚迪直招/安阳操作工/五险一金包住,安阳市,安阳-安阳县,5000.0,8000.0,岗位：比亚迪直招/安阳操作工/五险一金包住；标签：五险一金 / 包住 / 加班补助 / 饭补；薪资：5000-8000元/月,未注明,,58同城,2026-09-24 20:54:04,410522,安阳县,安阳市,2024-2026,58_安阳县_2024_2026.csv
730,岳女士,比亚迪普工（郑州港区比亚迪五险一金包住）,安阳市,安阳-安阳县,5000.0,7000.0,岗位：比亚迪普工（郑州港区比亚迪五险一金包住）；标签：五险一金 / 加班补助；薪资：5000-7000元/月,未注明,,58同城,2026-09-24 20:54:04,410522,安阳县,安阳市,2024-2026,58_安阳县_2024_2026.csv
731,翟先生,安阳比亚迪普工/操作工,安阳市,安阳-安阳县,5000.0,7000.0,岗位：安阳比亚迪普工/操作工；标签：五险一金 / 包住 / 饭补；薪资：5000-7000元/月,未注明,,58同城,2026-09-24 20:54:04,410522,安阳县,安阳市,2024-2026,58_安阳县_2024_2026.csv
732,王子,美发店长/商业医疗保险周末双休交通补助,安阳市,安阳-安阳县,5000.0,10000.0,岗位：美发店长/商业医疗保险周末双休交通补助；标签：交通补助 / 周末双休 / 加班补助；薪资：5000-10000元/月,未注明,,58同城,2026-09-24 20:54:04,410522,安阳县,安阳市,2024-2026,58_安阳县_2024_2026.csv
733,遛小狗的徐小哥,比亚迪工厂直招急招（技工）五险一金包住宿,安阳市,安阳-安阳县,6000.0,9000.0,岗位：比亚迪工厂直招急招（技工）五险一金包住宿；标签：五险一金；薪资：6000-9000元/月,未注明,,58同城,2026-09-24 20:54:04,410522,安阳县,安阳市,2024-2026,58_安阳县_2024_2026.csv
734,徐女士,急需6000高端家庭收纳师，可工资日结,安阳市,安阳县-城区,6000.0,8000.0,岗位：急需6000高端家庭收纳师，可工资日结；标签：招50人 / 经验不限 / 学历不限；薪资：6000-8000元/月,学历不限,50.0,58同城,2026-09-24 20:54:04,410522,安阳县,安阳市,2024-2026,58_安阳县_2024_2026.csv
735,张先生,安阳比亚迪-操作工-五险一金-包住宿,安阳市,安阳-安阳县,5000.0,7000.0,岗位：安阳比亚迪-操作工-五险一金-包住宿；标签：五险一金；薪资：5000-7000元/月,未注明,,58同城,2026-09-24 20:54:04,410522,安阳县,安阳市,2024-2026,58_安阳县_2024_2026.csv
736,陈先生,安阳比亚迪直招、普工/操作工五险一金包住,安阳市,安阳县-城区,6000.0,7000.0,岗位：安阳比亚迪直招、普工/操作工五险一金包住；标签：五险一金；薪资：6000-7000元/月,未注明,,58同城,2026-09-24 20:54:04,410522,安阳县,安阳市,2024-2026,58_安阳县_2024_2026.csv
737,李先生,新媒体运营,安阳市,安阳-安阳县,5000.0,10000.0,岗位：新媒体运营；标签：五险；薪资：5000-10000元/月,未注明,,58同城,2026-09-24 20:54:04,410522,安阳县,安阳市,2024-2026,58_安阳县_2024_2026.csv
738,闫经理,物业管理客服专员/助理五险,安阳市,安阳-安阳县,3500.0,5000.0,岗位：物业管理客服专员/助理五险；标签：五险；薪资：3500-5000元/月,未注明,,58同城,2026-09-24 20:54:04,410522,安阳县,安阳市,2024-2026,58_安阳县_2024_2026.csv
739,李女士,5k急招做饭家务阿姨时间灵活,安阳市,安阳-安阳县,5000.0,7000.0,岗位：5k急招做饭家务阿姨时间灵活；标签：周末双休 / 年底双薪 / 包住 / 包吃；薪资：5000-7000元/月,未注明,,58同城,2026-09-24 20:54:04,410522,安阳县,安阳市,2024-2026,58_安阳县_2024_2026.csv
740,李女士,5k急需做饭阿姨周末双休包住包吃,安阳市,安阳-安阳县,3000.0,6000.0,岗位：5k急需做饭阿姨周末双休包住包吃；标签：包住 / 包吃 / 周末双休；薪资：3000-6000元/月,未注明,,58同城,2026-09-24 20:54:04,410522,安阳县,安阳市,2024-2026,58_安阳县_2024_2026.csv
741,最爱小鱼的萌萌,居家审核员五险双休作息稳定,安阳市,安阳县-城区,5000.0,8000.0,岗位：居家审核员五险双休作息稳定；标签：五险一金 / 包吃 / 包住 / 周末双休；薪资：5000-8000元/月,未注明,,58同城,2026-09-24 20:54:04,410522,安阳县,安阳市,2024-2026,58_安阳县_2024_2026.csv
742,徐女士,招7500专业产后康复师，工作环境好.,安阳市,安阳县-城区,7500.0,9000.0,岗位：招7500专业产后康复师，工作环境好.；标签：招30人 / 经验不限 / 学历不限；薪资：7500-9000元/月,学历不限,30.0,58同城,2026-09-24 20:54:04,410522,安阳县,安阳市,2024-2026,58_安阳县_2024_2026.csv
743,李女士,8K医院产后康复师,安阳市,安阳-安阳县,8000.0,10000.0,岗位：8K医院产后康复师；标签：包住 / 包吃 / 周末双休 / 加班补助；薪资：8000-10000元/月,未注明,,58同城,2026-09-24 20:54:04,410522,安阳县,安阳市,2024-2026,58_安阳县_2024_2026.csv
744,闲人闲心,药店执业药师/驻店药师五险,安阳市,安阳-安阳县,3000.0,4500.0,岗位：药店执业药师/驻店药师五险；标签：五险；薪资：3000-4500元/月,未注明,,58同城,2026-09-24 20:54:04,410522,安阳县,安阳市,2024-2026,58_安阳县_2024_2026.csv
745,风清扬,手绘师,安阳市,安阳-安阳县,3000.0,5000.0,岗位：手绘师；标签：招10人 / 经验不限 / 学历不限；薪资：3000-5000元/月,学历不限,10.0,58同城,2026-09-24 20:54:04,410522,安阳县,安阳市,2024-2026,58_安阳县_2024_2026.csv
746,招聘主管,急招保安/交通补助包吃包住,安阳市,文峰-万达广场,4500.0,5000.0,岗位：急招保安/交通补助包吃包住；标签：五险一金 / 包住 / 包吃 / 交通补助；薪资：4500-5000元/月,未注明,,58同城,2026-09-24 20:54:08,410522,安阳县,安阳市,2024-2026,58_安阳县_2024_2026.csv
747,郁女士,轻松岗位保安5K可预支,安阳市,安阳,4000.0,5000.0,岗位：轻松岗位保安5K可预支；标签：招3人 / 经验不限 / 学历不限；薪资：4000-5000元/月,学历不限,3.0,58同城,2026-09-24 20:54:08,410522,安阳县,安阳市,2024-2026,58_安阳县_2024_2026.csv
748,小兔蹦蹦蹦,门岗保安无任何费用坐岗有... 小程序,安阳市,内黄-万洋国际广场,4000.0,5000.0,岗位：门岗保安无任何费用坐岗有... 小程序；标签：包住 / 包吃 / 加班补助 / 交通补助；薪资：4000-5000元/月,未注明,,58同城,2026-09-24 20:54:08,410522,安阳县,安阳市,2024-2026,58_安阳县_2024_2026.csv
749,捏橡皮泥的小星,居家客服早九晚五260一天,安阳市,其他-其它,5000.0,8000.0,岗位：居家客服早九晚五260一天；标签：五险一金 / 包吃 / 包住 / 周末双休；薪资：5000-8000元/月,未注明,,58同城,2026-09-24 20:54:08,410522,安阳县,安阳市,2024-2026,58_安阳县_2024_2026.csv
750,宋女士,巡逻保安包吃住五险,安阳市,安阳-文峰,4500.0,5000.0,岗位：巡逻保安包吃住五险；标签：五险 / 包住 / 包吃；薪资：4500-5000元/月,未注明,,58同城,2026-09-24 20:54:08,410522,安阳县,安阳市,2024-2026,58_安阳县_2024_2026.csv
751,程宁临,母婴导购,安阳市,文峰-万达广场,3000.0,6000.0,岗位：母婴导购；标签：年底双薪 / 加班补助；薪资：3000-6000元/月,未注明,,58同城,2026-09-24 20:54:08,410522,安阳县,安阳市,2024-2026,58_安阳县_2024_2026.csv
752,张女士,要30-45岁服务员包住（白班夜班可选）,安阳市,安阳-文峰,4000.0,6000.0,岗位：要30-45岁服务员包住（白班夜班可选）；标签：包住 / 包吃 / 年底双薪 / 加班补助；薪资：4000-6000元/月,未注明,,58同城,2026-09-24 20:54:08,410522,安阳县,安阳市,2024-2026,58_安阳县_2024_2026.csv
753,和和,生物科技公司店员,安阳市,龙安-钢城购物,2500.0,4500.0,岗位：生物科技公司店员；标签：招3人 / 经验1-2年 / 学历不限；薪资：2500-4500元/月,学历不限,3.0,58同城,2026-09-24 20:54:08,410522,安阳县,安阳市,2024-2026,58_安阳县_2024_2026.csv
754,彭先生,万达金街/招聘/美发助理/烫染师,安阳市,文峰-万达广场,2000.0,3000.0,岗位：万达金街/招聘/美发助理/烫染师；标签：经验不限 / 学历不限；薪资：2000-3000元/月,学历不限,,58同城,2026-09-24 20:54:08,410522,安阳县,安阳市,2024-2026,58_安阳县_2024_2026.csv
755,吴女士,阳基科技监控门市部/IT技术支持/,安阳市,北关-安阳站,2500.0,3000.0,岗位：阳基科技监控门市部/IT技术支持/；标签：招1人 / 经验1年以下 / 学历技校；薪资：2500-3000元/月,中专/中技,1.0,58同城,2026-09-24 20:54:08,410522,安阳县,安阳市,2024-2026,58_安阳县_2024_2026.csv
756,程宁临,七年母婴店营业员优薪诚聘欢迎电话咨询,安阳市,文峰-万达广场,3000.0,6000.0,岗位：七年母婴店营业员优薪诚聘欢迎电话咨询；标签：加班补助；薪资：3000-6000元/月,未注明,,58同城,2026-09-24 20:54:08,410522,安阳县,安阳市,2024-2026,58_安阳县_2024_2026.csv
757,赵丽,河南耀彩工艺品有限责任公司/抖音运营/3,安阳市,安阳-龙安,3000.0,5000.0,岗位：河南耀彩工艺品有限责任公司/抖音运营/3；标签：经验不限 / 学历不限；薪资：3000-5000元/月,学历不限,,58同城,2026-09-24 20:54:08,410522,安阳县,安阳市,2024-2026,58_安阳县_2024_2026.csv
758,畅行汽修,汽车修理工,安阳市,文峰-华强城,1500.0,3000.0,岗位：汽车修理工；标签：包住 / 包吃；薪资：1500-3000元/月,未注明,,58同城,2026-09-24 20:54:08,410522,安阳县,安阳市,2024-2026,58_安阳县_2024_2026.csv
759,高天,工厂物业维修工包住包吃,安阳市,安阳-安阳县,4500.0,8000.0,岗位：工厂物业维修工包住包吃；标签：包住 / 包吃；薪资：4500-8000元/月,未注明,,58同城,2026-09-24 20:54:08,410522,安阳县,安阳市,2024-2026,58_安阳县_2024_2026.csv
760,招聘专员,火锅店后厨切配,安阳市,文峰-万达广场,3200.0,4000.0,岗位：火锅店后厨切配；标签：包吃；薪资：3200-4000元/月,未注明,,58同城,2026-09-24 20:54:08,410522,安阳县,安阳市,2024-2026,58_安阳县_2024_2026.csv
761,安阳荷塘悦色,优秀采耳师,安阳市,安阳-文峰,6000.0,10000.0,岗位：优秀采耳师；标签：包吃 / 包住 / 交通补助 / 加班补助；薪资：6000-10000元/月,未注明,,58同城,2026-09-24 20:54:08,410522,安阳县,安阳市,2024-2026,58_安阳县_2024_2026.csv
762,慈蔼de刁师傅,餐饮收银打包,安阳市,龙安-安阳商贸城,2500.0,3500.0,岗位：餐饮收银打包；标签：包吃；薪资：2500-3500元/月,未注明,,58同城,2026-09-24 20:54:08,410522,安阳县,安阳市,2024-2026,58_安阳县_2024_2026.csv
763,畅行汽修,汽车维修学徒工,安阳市,文峰-华强城,500.0,1000.0,岗位：汽车维修学徒工；标签：包住 / 包吃；薪资：500-1000元/月,未注明,,58同城,2026-09-24 20:54:08,410522,安阳县,安阳市,2024-2026,58_安阳县_2024_2026.csv
764,招聘专员,在线客服线上兼职线上接待,安阳市,安阳-文峰,4600.0,5700.0,岗位：在线客服线上兼职线上接待；标签：五险一金；薪资：4600-5700元/月,未注明,,58同城,2026-09-24 20:54:08,410522,安阳县,安阳市,2024-2026,58_安阳县_2024_2026.csv
765,招聘主管,羽毛球专卖店营业员2000起,安阳市,安阳-文峰,2000.0,3000.0,岗位：羽毛球专卖店营业员2000起；标签：经验不限 / 学历不限；薪资：2000-3000元/月,学历不限,,58同城,2026-09-24 20:54:08,410522,安阳县,安阳市,2024-2026,58_安阳县_2024_2026.csv
766,小橘,酒店/客房经理包住包吃,安阳市,安阳-文峰,3000.0,5000.0,岗位：酒店/客房经理包住包吃；标签：包住 / 包吃；薪资：3000-5000元/月,未注明,,58同城,2026-09-24 20:54:08,410522,安阳县,安阳市,2024-2026,58_安阳县_2024_2026.csv
767,郑先生,美甲师,安阳市,安阳-文峰,3000.0,5000.0,岗位：美甲师；标签：经验不限 / 学历不限；薪资：3000-5000元/月,学历不限,,58同城,2026-09-24 20:54:08,410522,安阳县,安阳市,2024-2026,58_安阳县_2024_2026.csv
768,刘社喜,机械设计制造工程师,安阳市,安阳,6000.0,8000.0,岗位：机械设计制造工程师；标签：包吃 / 饭补 / 话补；薪资：6000-8000元/月,未注明,,58同城,2026-09-24 20:54:08,410522,安阳县,安阳市,2024-2026,58_安阳县_2024_2026.csv
769,小手比心的光,网店客服/电商客服2500,安阳市,安阳-文峰,2500.0,3000.0,岗位：网店客服/电商客服2500；标签：招2人 / 经验不限 / 学历不限；薪资：2500-3000元/月,学历不限,2.0,58同城,2026-09-24 20:54:08,410522,安阳县,安阳市,2024-2026,58_安阳县_2024_2026.csv
770,王女士,网络科技公司客服专员/助理加班补助包住五,安阳市,安阳-文峰,2500.0,4000.0,岗位：网络科技公司客服专员/助理加班补助包住五；标签：五险 / 包住 / 加班补助；薪资：2500-4000元/月,未注明,,58同城,2026-09-24 20:54:08,410522,安阳县,安阳市,2024-2026,58_安阳县_2024_2026.csv
771,牛先生,郑州市金水区开垦招聘店员/营业员,安阳市,安阳-文峰,3000.0,4000.0,岗位：郑州市金水区开垦招聘店员/营业员；标签：招4人 / 经验1年以下 / 学历中专；薪资：3000-4000元/月,中专/中技,4.0,58同城,2026-09-24 20:54:08,410522,安阳县,安阳市,2024-2026,58_安阳县_2024_2026.csv
772,爱踢球的孙同学,急招文峰区百货配送C本司机不装卸,安阳市,安阳,6300.0,8000.0,岗位：急招文峰区百货配送C本司机不装卸；标签：五险 / 包住 / 饭补 / 话补；薪资：6300-8000元/月,未注明,,58同城,2026-09-24 20:54:08,410522,安阳县,安阳市,2024-2026,58_安阳县_2024_2026.csv
773,张女士,安阳市夜班,安阳市,安阳-文峰,5000.0,8500.0,岗位：安阳市夜班；标签：交通补助 / 加班补助 / 话补；薪资：5000-8500元/月,未注明,,58同城,2026-09-24 20:54:53,410522,安阳县,安阳市,2024-2026,58_安阳县_2024_2026.csv
774,赵女士,『自由加班』日均280一天招配送员送餐员骑手,安阳市,安阳-文峰,5000.0,8500.0,岗位：『自由加班』日均280一天招配送员送餐员骑手；标签：招10人 / 经验不限 / 学历不限；薪资：5000-8500元/月,学历不限,10.0,58同城,2026-09-24 20:54:53,410522,安阳县,安阳市,2024-2026,58_安阳县_2024_2026.csv
775,张女士,晋升空间多自由加班月85... 小程序,安阳市,龙安-安阳商贸城,5000.0,8500.0,岗位：晋升空间多自由加班月85... 小程序；标签：加班补助 / 交通补助 / 话补；薪资：5000-8500元/月,未注明,,58同城,2026-09-24 20:54:53,410522,安阳县,安阳市,2024-2026,58_安阳县_2024_2026.csv
776,张女士,挣钱不分男女/骑手派单挣钱/超时不扣费,安阳市,安阳-文峰,5000.0,8000.0,岗位：挣钱不分男女/骑手派单挣钱/超时不扣费；标签：房补；薪资：5000-8000元/月,未注明,,58同城,2026-09-24 20:54:53,410522,安阳县,安阳市,2024-2026,58_安阳县_2024_2026.csv
777,赵女士,骑电动车：急招骑手提供车子装备差评超时不扣钱,安阳市,安阳-龙安,5000.0,8500.0,岗位：骑电动车：急招骑手提供车子装备差评超时不扣钱；标签：招10人 / 经验不限 / 学历不限；薪资：5000-8500元/月,学历不限,10.0,58同城,2026-09-24 20:54:53,410522,安阳县,安阳市,2024-2026,58_安阳县_2024_2026.csv
778,宋女士,单价高福利好骑手包车装备,安阳市,龙安-安阳商贸城,5000.0,8000.0,岗位：单价高福利好骑手包车装备；标签：年底双薪 / 交通补助 / 加班补助 / 话补；薪资：5000-8000元/月,未注明,,58同城,2026-09-24 20:54:53,410522,安阳县,安阳市,2024-2026,58_安阳县_2024_2026.csv
779,张女士,安阳本地骑手/免押供车装/超时差评不扣钱,安阳市,安阳-文峰,5000.0,7000.0,岗位：安阳本地骑手/免押供车装/超时差评不扣钱；标签：话补；薪资：5000-7000元/月,未注明,,58同城,2026-09-24 20:54:53,410522,安阳县,安阳市,2024-2026,58_安阳县_2024_2026.csv
780,宋女士,无门槛包车包装备骑手,安阳市,龙安-安阳商贸城,5000.0,8000.0,岗位：无门槛包车包装备骑手；标签：年底双薪 / 交通补助 / 加班补助；薪资：5000-8000元/月,未注明,,58同城,2026-09-24 20:54:53,410522,安阳县,安阳市,2024-2026,58_安阳县_2024_2026.csv
781,孟女士,东区铁西安钢就近安排送餐员,安阳市,安阳-龙安,5000.0,8000.0,岗位：东区铁西安钢就近安排送餐员；标签：交通补助 / 加班补助 / 话补；薪资：5000-8000元/月,未注明,,58同城,2026-09-24 20:54:53,410522,安阳县,安阳市,2024-2026,58_安阳县_2024_2026.csv
782,范女士,无需经验者有人带长短期皆可,安阳市,安阳-文峰,5000.0,8500.0,岗位：无需经验者有人带长短期皆可；标签：招99人 / 经验不限 / 学历不限；薪资：5000-8500元/月,学历不限,99.0,58同城,2026-09-24 20:54:53,410522,安阳县,安阳市,2024-2026,58_安阳县_2024_2026.csv
783,157******89_jqh,服务员预定员收银员,安阳市,安阳-北关,2500.0,3500.0,岗位：服务员预定员收银员；标签：五险 / 包吃 / 加班补助；薪资：2500-3500元/月,未注明,,58同城,2026-09-24 20:54:53,410522,安阳县,安阳市,2024-2026,58_安阳县_2024_2026.csv
784,宁静,SPA技师管吃住,安阳市,安阳-龙安,8000.0,10000.0,岗位：SPA技师管吃住；标签：经验不限 / 学历不限；薪资：8000-10000元/月,学历不限,,58同城,2026-09-24 20:54:53,410522,安阳县,安阳市,2024-2026,58_安阳县_2024_2026.csv
785,Z,足疗按摩技师,安阳市,安阳-文峰,9000.0,15000.0,岗位：足疗按摩技师；标签：包住 / 包吃 / 饭补；薪资：9000-15000元/月,未注明,,58同城,2026-09-24 20:54:53,410522,安阳县,安阳市,2024-2026,58_安阳县_2024_2026.csv
786,安阳荷塘悦色,荷塘悦色按摩师,安阳市,文峰-万达广场,8000.0,12000.0,岗位：荷塘悦色按摩师；标签：包住 / 包吃 / 交通补助 / 加班补助；薪资：8000-12000元/月,未注明,,58同城,2026-09-24 20:54:53,410522,安阳县,安阳市,2024-2026,58_安阳县_2024_2026.csv
787,安阳荷塘悦色,荷塘悦色足疗师义乌店,安阳市,安阳-文峰,8000.0,13000.0,岗位：荷塘悦色足疗师义乌店；标签：包住 / 包吃 / 交通补助 / 加班补助；薪资：8000-13000元/月,未注明,,58同城,2026-09-24 20:54:53,410522,安阳县,安阳市,2024-2026,58_安阳县_2024_2026.csv
788,爱保密DE韦总,急聘铁路安检地勤上一休一免费食宿五险一金,安阳市,北关-安阳站,4000.0,6000.0,岗位：急聘铁路安检地勤上一休一免费食宿五险一金；标签：五险一金 / 五险 / 包住 / 包吃；薪资：4000-6000元/月,未注明,,58同城,2026-09-24 20:54:53,410522,安阳县,安阳市,2024-2026,58_安阳县_2024_2026.csv
789,受到欢迎的申总,急聘铁路安检地勤上一休一免费食宿五险一金,安阳市,安阳-安阳县,5000.0,6000.0,岗位：急聘铁路安检地勤上一休一免费食宿五险一金；标签：五险一金 / 包住 / 包吃 / 加班补助；薪资：5000-6000元/月,未注明,,58同城,2026-09-24 20:54:53,410522,安阳县,安阳市,2024-2026,58_安阳县_2024_2026.csv
790,喜欢摸小猫的手,数控龙门加工中心师傅,安阳市,安阳-安阳县,6000.0,10000.0,岗位：数控龙门加工中心师傅；标签：招1人 / 经验1-2年 / 学历不限；薪资：6000-10000元/月,学历不限,1.0,58同城,2026-09-24 20:54:53,410522,安阳县,安阳市,2024-2026,58_安阳县_2024_2026.csv
791,招聘专员,诚信招聘足疗修脚按摩师,安阳市,安阳-龙安,2000.0,5000.0,岗位：诚信招聘足疗修脚按摩师；标签：经验不限 / 学历不限；薪资：2000-5000元/月,学历不限,,58同城,2026-09-24 20:54:53,410522,安阳县,安阳市,2024-2026,58_安阳县_2024_2026.csv
792,张先生,小吃店服务员包住包吃加班补助,安阳市,安阳-文峰,3000.0,3500.0,岗位：小吃店服务员包住包吃加班补助；标签：包住 / 包吃 / 加班补助；薪资：3000-3500元/月,未注明,,58同城,2026-09-24 20:54:53,410522,安阳县,安阳市,2024-2026,58_安阳县_2024_2026.csv
793,178******67_qxi,中餐厅服务员包住免费工服,安阳市,安阳-文峰,3700.0,4500.0,岗位：中餐厅服务员包住免费工服；标签：包住；薪资：3700-4500元/月,未注明,,58同城,2026-09-24 20:54:53,410522,安阳县,安阳市,2024-2026,58_安阳县_2024_2026.csv
794,m3wmih,博创机械有限公司/会计包吃周末双休,安阳市,安阳-文峰,2000.0,3500.0,岗位：博创机械有限公司/会计包吃周末双休；标签：包吃 / 周末双休；薪资：2000-3500元/月,未注明,,58同城,2026-09-24 20:54:53,410522,安阳县,安阳市,2024-2026,58_安阳县_2024_2026.csv
795,用户59640,空港新城饮品店奶茶/饮品师饭补加班补助,安阳市,安阳-文峰,2500.0,4500.0,岗位：空港新城饮品店奶茶/饮品师饭补加班补助；标签：加班补助 / 饭补；薪资：2500-4500元/月,未注明,,58同城,2026-09-24 20:55:01,410522,安阳县,安阳市,2024-2026,58_安阳县_2024_2026.csv
796,张总,机修工,安阳市,安阳-北关,4500.0,6000.0,岗位：机修工；标签：包住 / 包吃 / 加班补助；薪资：4500-6000元/月,未注明,,58同城,2026-09-24 20:55:01,410522,安阳县,安阳市,2024-2026,58_安阳县_2024_2026.csv
797,吕小哥奶茶店,饮品店奶茶/饮品师饭补加班补助年底双薪,安阳市,安阳-文峰,2500.0,4500.0,岗位：饮品店奶茶/饮品师饭补加班补助年底双薪；标签：年底双薪 / 加班补助 / 饭补；薪资：2500-4500元/月,未注明,,58同城,2026-09-24 20:55:01,410522,安阳县,安阳市,2024-2026,58_安阳县_2024_2026.csv
798,罗先生,磨工师傅数名,安阳市,安阳-北关,5000.0,9000.0,岗位：磨工师傅数名；标签：五险 / 包吃 / 饭补；薪资：5000-9000元/月,未注明,,58同城,2026-09-24 20:55:01,410522,安阳县,安阳市,2024-2026,58_安阳县_2024_2026.csv
799,刘先生,人事助理,安阳市,安阳-文峰,4000.0,5000.0,岗位：人事助理；标签：包吃 / 饭补 / 包住；薪资：4000-5000元/月,未注明,,58同城,2026-09-24 20:55:01,410522,安阳县,安阳市,2024-2026,58_安阳县_2024_2026.csv
800,张女士,公司直招小车司机包吃住可日结无任何费用,安阳市,安阳-文峰,6500.0,7000.0,岗位：公司直招小车司机包吃住可日结无任何费用；标签：五险一金 / 五险 / 包住 / 包吃；薪资：6500-7000元/月,未注明,,58同城,2026-09-24 20:55:01,410522,安阳县,安阳市,2024-2026,58_安阳县_2024_2026.csv
801,陈先生,直招C1C2驾驶员给公司开车包住宿,安阳市,安阳,6000.0,6500.0,岗位：直招C1C2驾驶员给公司开车包住宿；标签：包住 / 年底双薪 / 周末双休 / 交通补助；薪资：6000-6500元/月,未注明,,58同城,2026-09-24 20:55:01,410522,安阳县,安阳市,2024-2026,58_安阳县_2024_2026.csv
802,于女士,满16-检测员260/天-免费吃住,安阳市,安阳,7000.0,8000.0,岗位：满16-检测员260/天-免费吃住；标签：包住 / 包吃；薪资：7000-8000元/月,未注明,,58同城,2026-09-24 20:55:01,410522,安阳县,安阳市,2024-2026,58_安阳县_2024_2026.csv
803,于女士,满16岁检测员260/天人走账清,安阳市,安阳-文峰,7000.0,8000.0,岗位：满16岁检测员260/天人走账清；标签：包住 / 包吃；薪资：7000-8000元/月,未注明,,58同城,2026-09-24 20:55:01,410522,安阳县,安阳市,2024-2026,58_安阳县_2024_2026.csv
804,于女士,满16-检测员260/天人走账清,安阳市,安阳-殷都,7000.0,8000.0,岗位：满16-检测员260/天人走账清；标签：包住 / 包吃；薪资：7000-8000元/月,未注明,,58同城,2026-09-24 20:55:01,410522,安阳县,安阳市,2024-2026,58_安阳县_2024_2026.csv
805,用户22684,文员,安阳市,安阳-文峰,3500.0,6000.0,岗位：文员；标签：包吃 / 饭补；薪资：3500-6000元/月,未注明,,58同城,2026-09-24 20:55:01,410522,安阳县,安阳市,2024-2026,58_安阳县_2024_2026.csv
806,小巷里的笑声,居家审核员早九晚五薪资六千,安阳市,殷都-安阳西站,5000.0,8000.0,岗位：居家审核员早九晚五薪资六千；标签：五险一金 / 包吃 / 包住 / 周末双休；薪资：5000-8000元/月,未注明,,58同城,2026-09-24 20:55:01,410522,安阳县,安阳市,2024-2026,58_安阳县_2024_2026.csv
807,悄悄放风筝,居家审核员五险双休作息稳定,安阳市,殷都-安阳西站,5000.0,8000.0,岗位：居家审核员五险双休作息稳定；标签：五险一金 / 包吃 / 包住 / 周末双休；薪资：5000-8000元/月,未注明,,58同城,2026-09-24 20:55:01,410522,安阳县,安阳市,2024-2026,58_安阳县_2024_2026.csv
808,03,线上审核咨询客服246一天,安阳市,安阳,4300.0,7300.0,岗位：线上审核咨询客服246一天；标签：五险一金 / 包吃 / 包住 / 年底双薪；薪资：4300-7300元/月,未注明,,58同城,2026-09-24 20:55:01,410522,安阳县,安阳市,2024-2026,58_安阳县_2024_2026.csv
809,谷女士,服装/业务生产跟单4千起,安阳市,安阳-汤阴,4000.0,5000.0,岗位：服装/业务生产跟单4千起；标签：招1人 / 经验1-2年 / 学历不限；薪资：4000-5000元/月,学历不限,1.0,58同城,2026-09-24 20:55:01,410522,安阳县,安阳市,2024-2026,58_安阳县_2024_2026.csv
810,晃悠悠的风筝,航运普工月1.2万,安阳市,安阳,9000.0,12000.0,岗位：航运普工月1.2万；标签：五险一金 / 五险 / 包住 / 包吃；薪资：9000-12000元/月,未注明,,58同城,2026-09-24 20:55:01,410522,安阳县,安阳市,2024-2026,58_安阳县_2024_2026.csv
811,张总,对色师傅,安阳市,安阳,10000.0,15000.0,岗位：对色师傅；标签：五险一金 / 包住 / 包吃 / 加班补助；薪资：10000-15000元/月,未注明,,58同城,2026-09-24 20:55:01,410522,安阳县,安阳市,2024-2026,58_安阳县_2024_2026.csv
812,坐秋千的然然,居家信息审核员时间自由无需经验,安阳市,安阳,4000.0,6000.0,岗位：居家信息审核员时间自由无需经验；标签：五险一金 / 包吃 / 包住 / 年底双薪；薪资：4000-6000元/月,未注明,,58同城,2026-09-24 20:55:01,410522,安阳县,安阳市,2024-2026,58_安阳县_2024_2026.csv
813,梁先生,三角洲行动跑刀（工作时间自由可居家办公）,安阳市,安阳-汤阴,3000.0,5000.0,岗位：三角洲行动跑刀（工作时间自由可居家办公）；标签：招100人 / 经验不限 / 学历不限；薪资：3000-5000元/月,学历不限,100.0,58同城,2026-09-24 20:55:26,410523,汤阴县,安阳市,2024-2026,58_汤阴县_2024_2026.csv
814,Expect,广告业经营部客服专员/助理包住,安阳市,汤阴-政通大道,3000.0,5000.0,岗位：广告业经营部客服专员/助理包住；标签：包住；薪资：3000-5000元/月,未注明,,58同城,2026-09-24 20:55:43,410523,汤阴县,安阳市,2024-2026,58_汤阴县_2024_2026.csv
815,货运运输,C本司机-到仓拉货-不装卸纯开车,安阳市,安阳-汤阴,7500.0,8000.0,岗位：C本司机-到仓拉货-不装卸纯开车；标签：年底双薪 / 包住；薪资：7500-8000元/月,未注明,,58同城,2026-09-24 20:56:14,410523,汤阴县,安阳市,2024-2026,58_汤阴县_2024_2026.csv
816,巨龙腾飞保老板A,招日用百货送货C证司机,安阳市,汤阴-政通大道,7000.0,9500.0,岗位：招日用百货送货C证司机；标签：招20人 / 经验不限 / 学历不限；薪资：7000-9500元/月,学历不限,20.0,58同城,2026-09-24 20:56:14,410523,汤阴县,安阳市,2024-2026,58_汤阴县_2024_2026.csv
817,刘女士,汤阴本地夜班仓库验货员,安阳市,安阳-汤阴,4000.0,5400.0,岗位：汤阴本地夜班仓库验货员；标签：招1人 / 经验不限 / 学历中专；薪资：4000-5400元/月,中专/中技,1.0,58同城,2026-09-24 20:56:27,410523,汤阴县,安阳市,2024-2026,58_汤阴县_2024_2026.csv
818,马女士,招滑县配送日用百货不装卸C1司机,安阳市,安阳-滑县,6000.0,8000.0,岗位：招滑县配送日用百货不装卸C1司机；标签：五险 / 包住；薪资：6000-8000元/月,未注明,,58同城,2026-09-24 20:56:48,410526,滑县,安阳市,2024-2026,58_滑县_2024_2026.csv
819,袁经理,滑县急招农副产品配送司机不装卸,安阳市,滑县,6500.0,8000.0,岗位：滑县急招农副产品配送司机不装卸；标签：包住 / 饭补 / 年底双薪；薪资：6500-8000元/月,未注明,,58同城,2026-09-24 20:56:48,410526,滑县,安阳市,2024-2026,58_滑县_2024_2026.csv
820,李先生,物业保安可预支包吃住 小程序,安阳市,滑县,4500.0,5000.0,岗位：物业保安可预支包吃住 小程序；标签：五险一金 / 包吃 / 包住 / 年底双薪；薪资：4500-5000元/月,未注明,,58同城,2026-09-24 20:56:48,410526,滑县,安阳市,2024-2026,58_滑县_2024_2026.csv
821,姜女士,急招保安待遇优厚月休可调包吃住稳定上岗,安阳市,滑县,4500.0,5000.0,岗位：急招保安待遇优厚月休可调包吃住稳定上岗；标签：五险一金 / 包吃 / 包住 / 年底双薪；薪资：4500-5000元/月,未注明,,58同城,2026-09-24 20:56:48,410526,滑县,安阳市,2024-2026,58_滑县_2024_2026.csv
822,王先生,急招保安待遇优厚包吃住工作轻松稳定环境好,安阳市,滑县,4500.0,5000.0,岗位：急招保安待遇优厚包吃住工作轻松稳定环境好；标签：五险一金 / 包吃 / 包住 / 年底双薪；薪资：4500-5000元/月,未注明,,58同城,2026-09-24 20:56:48,410526,滑县,安阳市,2024-2026,58_滑县_2024_2026.csv
823,Jui733,台球厅台球助教2000起,安阳市,滑县-滑县其他,2000.0,7000.0,岗位：台球厅台球助教2000起；标签：经验不限 / 学历不限；薪资：2000-7000元/月,学历不限,,58同城,2026-09-24 20:56:48,410526,滑县,安阳市,2024-2026,58_滑县_2024_2026.csv
824,严老板爱滑雪,网络公司维修/直播职位2000起,安阳市,滑县-滑县城区,2000.0,7500.0,岗位：网络公司维修/直播职位2000起；标签：经验不限 / 学历不限；薪资：2000-7500元/月,学历不限,,58同城,2026-09-24 20:56:48,410526,滑县,安阳市,2024-2026,58_滑县_2024_2026.csv
825,邵先生,滑县急招外卖员可马上拿钱,安阳市,滑县-滑县城区,7500.0,8500.0,岗位：滑县急招外卖员可马上拿钱；标签：加班补助 / 饭补 / 话补 / 房补；薪资：7500-8500元/月,未注明,,58同城,2026-09-24 20:56:48,410526,滑县,安阳市,2024-2026,58_滑县_2024_2026.csv
826,一笑泯恩仇,食品店员/营业员2000起,安阳市,滑县城区-光洋百货,2000.0,2500.0,岗位：食品店员/营业员2000起；标签：招1人 / 经验不限 / 学历不限；薪资：2000-2500元/月,学历不限,1.0,58同城,2026-09-24 20:56:48,410526,滑县,安阳市,2024-2026,58_滑县_2024_2026.csv
827,宋女士,美甲师,安阳市,滑县-滑县城区,2000.0,3500.0,岗位：美甲师；标签：经验不限 / 学历不限；薪资：2000-3500元/月,学历不限,,58同城,2026-09-24 20:56:48,410526,滑县,安阳市,2024-2026,58_滑县_2024_2026.csv
828,爱鼓励DE万总,滑县杜杰医疗器械贸易有限公司会计/加班补,安阳市,滑县其他-其它,3000.0,5000.0,岗位：滑县杜杰医疗器械贸易有限公司会计/加班补；标签：周末双休 / 加班补助；薪资：3000-5000元/月,未注明,,58同城,2026-09-24 20:56:48,410526,滑县,安阳市,2024-2026,58_滑县_2024_2026.csv
829,许女士,青丰外墙装修装饰门市部/店员/2千起,安阳市,滑县-滑县城区,2000.0,3500.0,岗位：青丰外墙装修装饰门市部/店员/2千起；标签：经验1-2年 / 学历不限；薪资：2000-3500元/月,学历不限,,58同城,2026-09-24 20:56:48,410526,滑县,安阳市,2024-2026,58_滑县_2024_2026.csv
830,招聘专员,安阳敬佩商贸有限公司安装工包住包吃,安阳市,滑县-滑县其他,5000.0,8000.0,岗位：安阳敬佩商贸有限公司安装工包住包吃；标签：包住 / 包吃；薪资：5000-8000元/月,未注明,,58同城,2026-09-24 20:56:48,410526,滑县,安阳市,2024-2026,58_滑县_2024_2026.csv
831,M更伟大聂博士,安阳姜亿新型建材有限公司/短视频运营/2,安阳市,滑县其他-其它,2500.0,4500.0,岗位：安阳姜亿新型建材有限公司/短视频运营/2；标签：招1人 / 经验3-5年 / 学历不限；薪资：2500-4500元/月,学历不限,1.0,58同城,2026-09-24 20:56:48,410526,滑县,安阳市,2024-2026,58_滑县_2024_2026.csv
832,李女士,急招健身教练新手-包教会,安阳市,安阳-滑县,6000.0,12000.0,岗位：急招健身教练新手-包教会；标签：五险一金 / 包住 / 包吃；薪资：6000-12000元/月,未注明,,58同城,2026-09-24 20:56:48,410526,滑县,安阳市,2024-2026,58_滑县_2024_2026.csv
833,爱游览的姚总,酒吧餐饮收银包住单人间wifi,安阳市,滑县-滑县其他,2000.0,4500.0,岗位：酒吧餐饮收银包住单人间wifi；标签：包住；薪资：2000-4500元/月,未注明,,58同城,2026-09-24 20:56:48,410526,滑县,安阳市,2024-2026,58_滑县_2024_2026.csv
834,邵先生,找人送餐月可日结,安阳市,滑县-滑县城区,7500.0,8500.0,岗位：找人送餐月可日结；标签：加班补助 / 饭补 / 话补 / 房补；薪资：7500-8500元/月,未注明,,58同城,2026-09-24 20:56:48,410526,滑县,安阳市,2024-2026,58_滑县_2024_2026.csv
835,一笑泯恩仇,食品店员/营业员,安阳市,滑县城区-光洋百货,3000.0,5000.0,岗位：食品店员/营业员；标签：招1人 / 经验1年以下 / 学历不限；薪资：3000-5000元/月,学历不限,1.0,58同城,2026-09-24 20:56:48,410526,滑县,安阳市,2024-2026,58_滑县_2024_2026.csv
836,邵先生,送餐员招聘可短期可兼职,安阳市,滑县-滑县城区,8000.0,8500.0,岗位：送餐员招聘可短期可兼职；标签：加班补助 / 饭补 / 话补 / 房补；薪资：8000-8500元/月,未注明,,58同城,2026-09-24 20:56:48,410526,滑县,安阳市,2024-2026,58_滑县_2024_2026.csv
837,杨先生,急招滑县日用品配送C本不装卸司机,安阳市,安阳-滑县,6000.0,8000.0,岗位：急招滑县日用品配送C本不装卸司机；标签：包住；薪资：6000-8000元/月,未注明,,58同城,2026-09-24 20:56:48,410526,滑县,安阳市,2024-2026,58_滑县_2024_2026.csv
838,陈经理,滑县种子公司诚聘区域销售经理20岁以上,安阳市,滑县其他-其它,1800.0,8000.0,岗位：滑县种子公司诚聘区域销售经理20岁以上；标签：招2人 / 经验不限 / 学历不限；薪资：1800-8000元/月,学历不限,2.0,58同城,2026-09-24 20:56:48,410526,滑县,安阳市,2024-2026,58_滑县_2024_2026.csv
839,陈女士,滑县招司机配送食品不装卸月结,安阳市,滑县,6000.0,8000.0,岗位：滑县招司机配送食品不装卸月结；标签：五险 / 包住；薪资：6000-8000元/月,未注明,,58同城,2026-09-24 20:56:48,410526,滑县,安阳市,2024-2026,58_滑县_2024_2026.csv
840,齐先生,滑县吾悦聘洗碗工,安阳市,滑县-滑县城区,2800.0,3500.0,岗位：滑县吾悦聘洗碗工；标签：包住 / 包吃；薪资：2800-3500元/月,未注明,,58同城,2026-09-24 20:56:48,410526,滑县,安阳市,2024-2026,58_滑县_2024_2026.csv
841,洪成强,销售专员,安阳市,滑县-滑县其他,3000.0,4000.0,岗位：销售专员；标签：招3人 / 经验不限 / 学历不限；薪资：3000-4000元/月,学历不限,3.0,58同城,2026-09-24 20:56:48,410526,滑县,安阳市,2024-2026,58_滑县_2024_2026.csv
842,洪成强,店面主播,安阳市,滑县-滑县其他,3000.0,4500.0,岗位：店面主播；标签：招1人 / 经验不限 / 学历不限；薪资：3000-4500元/月,学历不限,1.0,58同城,2026-09-24 20:56:48,410526,滑县,安阳市,2024-2026,58_滑县_2024_2026.csv
843,洪成强,吾悦广场店招聘验光师有经验优先,安阳市,滑县-滑县其他,3000.0,4000.0,岗位：吾悦广场店招聘验光师有经验优先；标签：招2人 / 经验不限 / 学历高中；薪资：3000-4000元/月,高中,2.0,58同城,2026-09-24 20:56:48,410526,滑县,安阳市,2024-2026,58_滑县_2024_2026.csv
844,郭先生,蓝牙耳机质检不体检30/时活轻松坐岗,安阳市,滑县,7500.0,8000.0,岗位：蓝牙耳机质检不体检30/时活轻松坐岗；标签：五险一金 / 加班补助 / 饭补 / 五险；薪资：7500-8000元/月,未注明,,58同城,2026-09-24 20:56:48,410526,滑县,安阳市,2024-2026,58_滑县_2024_2026.csv
845,肖先生,电子厂显卡质检包吃住不穿无尘服0元入职,安阳市,滑县城区-市中心,7500.0,8500.0,岗位：电子厂显卡质检包吃住不穿无尘服0元入职；标签：五险一金 / 包住 / 包吃 / 年底双薪；薪资：7500-8500元/月,未注明,,58同城,2026-09-24 20:56:48,410526,滑县,安阳市,2024-2026,58_滑县_2024_2026.csv
846,马先生,300一天质检员/坐班/包吃住/4人间,安阳市,滑县城区-市中心,7500.0,8000.0,岗位：300一天质检员/坐班/包吃住/4人间；标签：五险一金 / 五险 / 包住 / 包吃；薪资：7500-8000元/月,未注明,,58同城,2026-09-24 20:56:48,410526,滑县,安阳市,2024-2026,58_滑县_2024_2026.csv
847,陈女士,诚聘铁路安检地勤人员五险一金上一休一,安阳市,滑县-滑县城区,5000.0,6000.0,岗位：诚聘铁路安检地勤人员五险一金上一休一；标签：五险一金 / 包住 / 包吃 / 年底双薪；薪资：5000-6000元/月,未注明,,58同城,2026-09-24 20:56:48,410526,滑县,安阳市,2024-2026,58_滑县_2024_2026.csv
848,许女士,五险一金沟通会计,安阳市,滑县,4000.0,6000.0,岗位：五险一金沟通会计；标签：五险一金 / 饭补 / 话补 / 交通补助；薪资：4000-6000元/月,未注明,,58同城,2026-09-24 20:56:52,410526,滑县,安阳市,2024-2026,58_滑县_2024_2026.csv
849,招聘专员,童鑫学校小学语文老师,安阳市,安阳-滑县,2500.0,8000.0,岗位：童鑫学校小学语文老师；标签：招4人 / 经验1-2年 / 学历本科；薪资：2500-8000元/月,本科,4.0,58同城,2026-09-24 20:56:52,410526,滑县,安阳市,2024-2026,58_滑县_2024_2026.csv
850,招聘专员,童鑫学校小学数学老师 小程序,安阳市,安阳-滑县,2500.0,8000.0,岗位：童鑫学校小学数学老师 小程序；标签：招5人 / 经验1年以下 / 学历本科；薪资：2500-8000元/月,本科,5.0,58同城,2026-09-24 20:56:52,410526,滑县,安阳市,2024-2026,58_滑县_2024_2026.csv
851,招聘专员,区域总监,安阳市,安阳-滑县,,,岗位：区域总监；标签：经验不限 / 学历不限；薪资：面议,学历不限,,58同城,2026-09-24 20:56:52,410526,滑县,安阳市,2024-2026,58_滑县_2024_2026.csv
852,招聘专员,市场营销策划,安阳市,安阳-滑县,10000.0,30000.0,岗位：市场营销策划；标签：话补 / 交通补助 / 周末双休 / 包住；薪资：10000-30000元/月,未注明,,58同城,2026-09-24 20:56:52,410526,滑县,安阳市,2024-2026,58_滑县_2024_2026.csv
853,货运运输,C本司机-7千滑县不限男女不限学历,安阳市,安阳,6500.0,7000.0,岗位：C本司机-7千滑县不限男女不限学历；标签：包吃 / 年底双薪；薪资：6500-7000元/月,未注明,,58同城,2026-09-24 20:58:05,410526,滑县,安阳市,2024-2026,58_滑县_2024_2026.csv
854,招聘专员,内黄县康特医药房/执业药师/2千起,安阳市,安阳-内黄,2000.0,4500.0,岗位：内黄县康特医药房/执业药师/2千起；标签：经验1-2年 / 学历不限；薪资：2000-4500元/月,学历不限,,58同城,2026-09-24 20:59:14,410527,内黄县,安阳市,2024-2026,58_内黄县_2024_2026.csv
855,爱听故事的悠悠,电商文员管理数据双休,安阳市,安阳-内黄,5000.0,7000.0,岗位：电商文员管理数据双休；标签：五险一金 / 包吃 / 包住 / 年底双薪；薪资：5000-7000元/月,未注明,,58同城,2026-09-24 21:00:05,410527,内黄县,安阳市,2024-2026,58_内黄县_2024_2026.csv
856,马女士,招林州配送汽车配件C1司机不装卸,安阳市,安阳-林州,6000.0,8000.0,岗位：招林州配送汽车配件C1司机不装卸；标签：五险 / 包住；薪资：6000-8000元/月,未注明,,58同城,2026-09-24 21:00:23,410581,林州市,安阳市,2024-2026,58_林州市_2024_2026.csv
857,刘先生,林州直招汽车配件配送C证司机不装卸,安阳市,林州-其他,6000.0,8000.0,岗位：林州直招汽车配件配送C证司机不装卸；标签：包住；薪资：6000-8000元/月,未注明,,58同城,2026-09-24 21:00:23,410581,林州市,安阳市,2024-2026,58_林州市_2024_2026.csv
858,姜女士,急招保安待遇优厚月休可调... 小程序,安阳市,林州,4500.0,5000.0,岗位：急招保安待遇优厚月休可调... 小程序；标签：五险一金 / 包吃 / 包住 / 年底双薪；薪资：4500-5000元/月,未注明,,58同城,2026-09-24 21:00:23,410581,林州市,安阳市,2024-2026,58_林州市_2024_2026.csv
859,李先生,物业保安可预支包吃住,安阳市,林州,4500.0,5000.0,岗位：物业保安可预支包吃住；标签：五险一金 / 包吃 / 包住 / 年底双薪；薪资：4500-5000元/月,未注明,,58同城,2026-09-24 21:00:23,410581,林州市,安阳市,2024-2026,58_林州市_2024_2026.csv
860,王先生,急招保安待遇优厚包吃住工作轻松稳定环境好,安阳市,林州,4500.0,5000.0,岗位：急招保安待遇优厚包吃住工作轻松稳定环境好；标签：五险一金 / 包吃 / 包住 / 年底双薪；薪资：4500-5000元/月,未注明,,58同城,2026-09-24 21:00:23,410581,林州市,安阳市,2024-2026,58_林州市_2024_2026.csv
861,招聘专员,服装店店员/营业员3千起,安阳市,林州-城区,3000.0,6000.0,岗位：服装店店员/营业员3千起；标签：经验3-5年 / 学历高中；薪资：3000-6000元/月,高中,,58同城,2026-09-24 21:00:23,410581,林州市,安阳市,2024-2026,58_林州市_2024_2026.csv
862,欧总要背包,车桥制造厂人事经理/主管2.5k起,安阳市,其他-林州其他,5000.0,9000.0,岗位：车桥制造厂人事经理/主管2.5k起；标签：加班补助；薪资：5000-9000元/月,未注明,,58同城,2026-09-24 21:00:23,410581,林州市,安阳市,2024-2026,58_林州市_2024_2026.csv
863,申先生,6000做饭阿姨包吃包住双休接孩子,安阳市,林州,4000.0,6000.0,岗位：6000做饭阿姨包吃包住双休接孩子；标签：五险一金 / 年底双薪 / 周末双休 / 加班补助；薪资：4000-6000元/月,未注明,,58同城,2026-09-24 21:00:23,410581,林州市,安阳市,2024-2026,58_林州市_2024_2026.csv
864,万吉祥,服务员,安阳市,林州-其他,2000.0,3000.0,岗位：服务员；标签：招若干人 / 经验不限 / 学历不限；薪资：2000-3000元/月,学历不限,,58同城,2026-09-24 21:00:23,410581,林州市,安阳市,2024-2026,58_林州市_2024_2026.csv
865,张女士,餐吧服务员包吃住待遇好五险一金,安阳市,林州-城区,5000.0,6000.0,岗位：餐吧服务员包吃住待遇好五险一金；标签：五险一金 / 五险 / 包住 / 包吃；薪资：5000-6000元/月,未注明,,58同城,2026-09-24 21:00:23,410581,林州市,安阳市,2024-2026,58_林州市_2024_2026.csv
866,王先生,林州化肥厂招C1不装不卸司机趟结，无押金,安阳市,其他-采桑镇汽车客运站,7500.0,8000.0,岗位：林州化肥厂招C1不装不卸司机趟结，无押金；标签：招3人 / 经验1-2年 / 学历不限；薪资：7500-8000元/月,学历不限,3.0,58同城,2026-09-24 21:00:23,410581,林州市,安阳市,2024-2026,58_林州市_2024_2026.csv
867,侯先生,林州木沁贸易有限公司普工/操作工2000,安阳市,林州-城区,2000.0,4000.0,岗位：林州木沁贸易有限公司普工/操作工2000；标签：招10人 / 经验不限 / 学历不限；薪资：2000-4000元/月,学历不限,10.0,58同城,2026-09-24 21:00:23,410581,林州市,安阳市,2024-2026,58_林州市_2024_2026.csv
868,AAAA年轻,店员/销售建材有经验优先,安阳市,林州-城区,3000.0,5000.0,岗位：店员/销售建材有经验优先；标签：招2人 / 经验1-2年 / 学历不限；薪资：3000-5000元/月,学历不限,2.0,58同城,2026-09-24 21:00:23,410581,林州市,安阳市,2024-2026,58_林州市_2024_2026.csv
869,程先生,跟车乘务员包吃住上几修几五险一金,安阳市,林州-城区,5000.0,6000.0,岗位：跟车乘务员包吃住上几修几五险一金；标签：五险一金 / 五险 / 包住 / 包吃；薪资：5000-6000元/月,未注明,,58同城,2026-09-24 21:00:23,410581,林州市,安阳市,2024-2026,58_林州市_2024_2026.csv
870,高先生,可接受小白保安可预支工资,安阳市,城区-太阳国际城市广场,4000.0,5000.0,岗位：可接受小白保安可预支工资；标签：五险 / 包住 / 包吃 / 年底双薪；薪资：4000-5000元/月,未注明,,58同城,2026-09-24 21:00:23,410581,林州市,安阳市,2024-2026,58_林州市_2024_2026.csv
871,李女士,急需家政阿姨急用月嫂9800,安阳市,林州,7000.0,10000.0,岗位：急需家政阿姨急用月嫂9800；标签：年底双薪 / 包住 / 包吃；薪资：7000-10000元/月,未注明,,58同城,2026-09-24 21:00:23,410581,林州市,安阳市,2024-2026,58_林州市_2024_2026.csv
872,申女士,上机工（五险一金）,安阳市,林州-城区,4500.0,5000.0,岗位：上机工（五险一金）；标签：包住 / 五险一金 / 加班补助 / 饭补；薪资：4500-5000元/月,未注明,,58同城,2026-09-24 21:00:23,410581,林州市,安阳市,2024-2026,58_林州市_2024_2026.csv
873,欧总要背包,车桥制造厂质检部长3千起,安阳市,其他-林州其他,3000.0,9000.0,岗位：车桥制造厂质检部长3千起；标签：经验3-5年 / 学历大专；薪资：3000-9000元/月,大专,,58同城,2026-09-24 21:00:23,410581,林州市,安阳市,2024-2026,58_林州市_2024_2026.csv
874,王女士,电工,安阳市,其他-林州其他,2100.0,2500.0,岗位：电工；标签：包吃 / 包住；薪资：2100-2500元/月,未注明,,58同城,2026-09-24 21:00:23,410581,林州市,安阳市,2024-2026,58_林州市_2024_2026.csv
875,莫小冉,装饰公司网络销售,安阳市,林州-其他,3000.0,6000.0,岗位：装饰公司网络销售；标签：交通补助 / 加班补助 / 饭补 / 话补；薪资：3000-6000元/月,未注明,,58同城,2026-09-24 21:00:23,410581,林州市,安阳市,2024-2026,58_林州市_2024_2026.csv
876,耀飞,汽车行业销售经理/主管3500起,安阳市,林州-其他,3500.0,9000.0,岗位：汽车行业销售经理/主管3500起；标签：包吃；薪资：3500-9000元/月,未注明,,58同城,2026-09-24 21:00:23,410581,林州市,安阳市,2024-2026,58_林州市_2024_2026.csv
877,杨挺,供销宾馆/小吃厨师包住包吃,安阳市,林州-其他,3000.0,5000.0,岗位：供销宾馆/小吃厨师包住包吃；标签：包住 / 包吃；薪资：3000-5000元/月,未注明,,58同城,2026-09-24 21:00:23,410581,林州市,安阳市,2024-2026,58_林州市_2024_2026.csv
878,顽皮淘气_艾博士,包装有限公司内勤文员包吃包住,安阳市,林州-其他,3000.0,5000.0,岗位：包装有限公司内勤文员包吃包住；标签：包住 / 包吃；薪资：3000-5000元/月,未注明,,58同城,2026-09-24 21:00:23,410581,林州市,安阳市,2024-2026,58_林州市_2024_2026.csv
879,莫小冉,住宅/室内设计3000起,安阳市,林州-其他,3000.0,10000.0,岗位：住宅/室内设计3000起；标签：饭补；薪资：3000-10000元/月,未注明,,58同城,2026-09-24 21:00:23,410581,林州市,安阳市,2024-2026,58_林州市_2024_2026.csv
880,王先生,药厂(铁饭碗)招技工日结300一天贴标签,安阳市,林州,5000.0,12500.0,岗位：药厂(铁饭碗)招技工日结300一天贴标签；标签：五险一金 / 五险 / 包住 / 年底双薪；薪资：5000-12500元/月,未注明,,58同城,2026-09-24 21:00:23,410581,林州市,安阳市,2024-2026,58_林州市_2024_2026.csv
881,常常走神的脑袋,居家审核员双休保底6000,安阳市,林州-城区,5000.0,8000.0,岗位：居家审核员双休保底6000；标签：五险一金 / 包吃 / 包住 / 周末双休；薪资：5000-8000元/月,未注明,,58同城,2026-09-24 21:00:23,410581,林州市,安阳市,2024-2026,58_林州市_2024_2026.csv
882,肖先生,直给纯开车司机包住宿,安阳市,林州,5000.0,6000.0,岗位：直给纯开车司机包住宿；标签：五险一金 / 加班补助 / 五险 / 饭补；薪资：5000-6000元/月,未注明,,58同城,2026-09-24 21:00:23,410581,林州市,安阳市,2024-2026,58_林州市_2024_2026.csv
883,乔先生,公司直招班车司机周结包住,安阳市,林州,5500.0,6000.0,岗位：公司直招班车司机周结包住；标签：包住 / 房补；薪资：5500-6000元/月,未注明,,58同城,2026-09-24 21:00:23,410581,林州市,安阳市,2024-2026,58_林州市_2024_2026.csv
884,万吉祥,中餐厅砧板厨师包吃免费工服,安阳市,林州-城区,4500.0,5500.0,岗位：中餐厅砧板厨师包吃免费工服；标签：包吃；薪资：4500-5500元/月,未注明,,58同城,2026-09-24 21:00:23,410581,林州市,安阳市,2024-2026,58_林州市_2024_2026.csv
885,申女士,挡车工（包住有餐费）,安阳市,林州,4500.0,5000.0,岗位：挡车工（包住有餐费）；标签：包住 / 五险一金 / 加班补助 / 饭补；薪资：4500-5000元/月,未注明,,58同城,2026-09-24 21:00:23,410581,林州市,安阳市,2024-2026,58_林州市_2024_2026.csv
886,宋女士,会展销售浚县,鹤壁市,鹤壁,2400.0,8000.0,岗位：会展销售浚县；标签：招10人 / 经验不限 / 学历不限；薪资：2400-8000元/月,学历不限,10.0,58同城,2026-09-24 21:04:22,410621,浚县,鹤壁市,2024-2026,58_浚县_2024_2026.csv
887,货运运输,鹤壁淇县-货运司机-7千打底多干8千,鹤壁市,鹤壁,6500.0,7000.0,岗位：鹤壁淇县-货运司机-7千打底多干8千；标签：年底双薪 / 交通补助；薪资：6500-7000元/月,未注明,,58同城,2026-09-24 21:06:28,410622,淇县,鹤壁市,2024-2026,58_淇县_2024_2026.csv
888,王先生,门窗厂普工/操作工2500起,新乡市,新乡-新乡县,2500.0,7500.0,岗位：门窗厂普工/操作工2500起；标签：经验不限 / 学历不限；薪资：2500-7500元/月,学历不限,,58同城,2026-09-24 21:07:14,410721,新乡县,新乡市,2024-2026,58_新乡县_2024_2026.csv
889,经理,鑫盛模具会计五险一金,新乡市,辉县-辉县汽车站,3000.0,5500.0,岗位：鑫盛模具会计五险一金；标签：五险一金 / 包吃 / 加班补助 / 话补；薪资：3000-5500元/月,未注明,,58同城,2026-09-24 21:07:14,410721,新乡县,新乡市,2024-2026,58_新乡县_2024_2026.csv
890,李女士,富士康直聘普工不压工资 小程序,新乡市,红旗-宝龙广场,7000.0,8000.0,岗位：富士康直聘普工不压工资 小程序；标签：五险一金 / 包住 / 包吃 / 加班补助；薪资：7000-8000元/月,未注明,,58同城,2026-09-24 21:07:14,410721,新乡县,新乡市,2024-2026,58_新乡县_2024_2026.csv
891,王先生,中控保安提供服装被褥包吃住交五险,新乡市,新乡-红旗,4500.0,5000.0,岗位：中控保安提供服装被褥包吃住交五险；标签：五险一金 / 包住 / 包吃 / 年底双薪；薪资：4500-5000元/月,未注明,,58同城,2026-09-24 21:07:14,410721,新乡县,新乡市,2024-2026,58_新乡县_2024_2026.csv
892,郭老师,抖音运营,新乡市,新乡-新乡县,3000.0,4500.0,岗位：抖音运营；标签：招5人 / 经验不限 / 学历不限；薪资：3000-4500元/月,学历不限,5.0,58同城,2026-09-24 21:07:14,410721,新乡县,新乡市,2024-2026,58_新乡县_2024_2026.csv
893,董先生,电竞俱乐部代练/陪玩饭补包住,新乡市,新乡-新乡县,3000.0,5000.0,岗位：电竞俱乐部代练/陪玩饭补包住；标签：包住 / 饭补；薪资：3000-5000元/月,未注明,,58同城,2026-09-24 21:07:14,410721,新乡县,新乡市,2024-2026,58_新乡县_2024_2026.csv
894,华先生,半导体工厂普工正式工月薪8000提供食宿,新乡市,新乡-牧野,5000.0,7000.0,岗位：半导体工厂普工正式工月薪8000提供食宿；标签：五险一金 / 五险 / 包住 / 包吃；薪资：5000-7000元/月,未注明,,58同城,2026-09-24 21:07:14,410721,新乡县,新乡市,2024-2026,58_新乡县_2024_2026.csv
895,踮脚看云的阿宁,好旺角休闲娱乐馆店员/营业员3500起,新乡市,红旗-宝龙广场,3500.0,6000.0,岗位：好旺角休闲娱乐馆店员/营业员3500起；标签：招1人 / 经验3-5年 / 学历不限；薪资：3500-6000元/月,学历不限,1.0,58同城,2026-09-24 21:07:14,410721,新乡县,新乡市,2024-2026,58_新乡县_2024_2026.csv
896,Aluu,洗车工,新乡市,新乡,1000.0,2000.0,岗位：洗车工；标签：包吃；薪资：1000-2000元/月,未注明,,58同城,2026-09-24 21:07:14,410721,新乡县,新乡市,2024-2026,58_新乡县_2024_2026.csv
897,谭先生,商超/零售店员/营业员2500起,新乡市,牧野-定国湖,2500.0,5000.0,岗位：商超/零售店员/营业员2500起；标签：饭补；薪资：2500-5000元/月,未注明,,58同城,2026-09-24 21:07:14,410721,新乡县,新乡市,2024-2026,58_新乡县_2024_2026.csv
898,没谱青年,暖暖靓机汇手机配件经营店店员/营业员3千,新乡市,新乡-延津,3000.0,6000.0,岗位：暖暖靓机汇手机配件经营店店员/营业员3千；标签：招1人 / 经验不限 / 学历不限；薪资：3000-6000元/月,学历不限,1.0,58同城,2026-09-24 21:07:14,410721,新乡县,新乡市,2024-2026,58_新乡县_2024_2026.csv
899,爱赞成的莫师傅,恒馨百货店/电商运营工作时间灵活,新乡市,其他-获嘉,3000.0,7000.0,岗位：恒馨百货店/电商运营工作时间灵活；标签：经验不限 / 学历不限；薪资：3000-7000元/月,学历不限,,58同城,2026-09-24 21:07:14,410721,新乡县,新乡市,2024-2026,58_新乡县_2024_2026.csv
900,落叶不随风,源鸿电器商行店员/营业员3千起,新乡市,其他-获嘉,3000.0,5000.0,岗位：源鸿电器商行店员/营业员3千起；标签：饭补；薪资：3000-5000元/月,未注明,,58同城,2026-09-24 21:07:14,410721,新乡县,新乡市,2024-2026,58_新乡县_2024_2026.csv
901,落叶不随风,商超/店员/营业员2500起,新乡市,其他-获嘉,2500.0,5000.0,岗位：商超/店员/营业员2500起；标签：饭补；薪资：2500-5000元/月,未注明,,58同城,2026-09-24 21:07:14,410721,新乡县,新乡市,2024-2026,58_新乡县_2024_2026.csv
902,空压机三滤生产厂家,滤芯厂女工,新乡市,新乡-牧野,3000.0,4500.0,岗位：滤芯厂女工；标签：加班补助；薪资：3000-4500元/月,未注明,,58同城,2026-09-24 21:07:14,410721,新乡县,新乡市,2024-2026,58_新乡县_2024_2026.csv
903,郭保树,促销/导购员2500起,新乡市,新乡-牧野,2500.0,4000.0,岗位：促销/导购员2500起；标签：经验不限 / 学历不限；薪资：2500-4000元/月,学历不限,,58同城,2026-09-24 21:07:14,410721,新乡县,新乡市,2024-2026,58_新乡县_2024_2026.csv
904,用户18246,氩弧焊工,新乡市,其他-其它,6000.0,9000.0,岗位：氩弧焊工；标签：五险一金 / 包住 / 包吃 / 饭补；薪资：6000-9000元/月,未注明,,58同城,2026-09-24 21:07:14,410721,新乡县,新乡市,2024-2026,58_新乡县_2024_2026.csv
905,我本善良,东成通讯部店员/营业员2.5k起,新乡市,红旗-胖东来,2500.0,5000.0,岗位：东成通讯部店员/营业员2.5k起；标签：经验不限 / 学历不限；薪资：2500-5000元/月,学历不限,,58同城,2026-09-24 21:07:14,410721,新乡县,新乡市,2024-2026,58_新乡县_2024_2026.csv
906,张,美发师助理,新乡市,红旗-胖东来,2000.0,3000.0,岗位：美发师助理；标签：包住 / 包吃；薪资：2000-3000元/月,未注明,,58同城,2026-09-24 21:07:14,410721,新乡县,新乡市,2024-2026,58_新乡县_2024_2026.csv
907,郭先生,鲜肉店销售,新乡市,新乡-卫辉,2600.0,3200.0,岗位：鲜肉店销售；标签：周末双休 / 加班补助 / 饭补；薪资：2600-3200元/月,未注明,,58同城,2026-09-24 21:07:14,410721,新乡县,新乡市,2024-2026,58_新乡县_2024_2026.csv
908,王洋,中餐厨师,新乡市,新乡-卫滨,5000.0,8000.0,岗位：中餐厨师；标签：包住 / 包吃；薪资：5000-8000元/月,未注明,,58同城,2026-09-24 21:07:14,410721,新乡县,新乡市,2024-2026,58_新乡县_2024_2026.csv
909,招聘专员,采购专员居家办公轻松岗位,新乡市,红旗-宝龙广场,4300.0,4900.0,岗位：采购专员居家办公轻松岗位；标签：五险一金；薪资：4300-4900元/月,未注明,,58同城,2026-09-24 21:07:14,410721,新乡县,新乡市,2024-2026,58_新乡县_2024_2026.csv
910,爱穿裙子的兔,美甲师,新乡市,红旗-宝龙广场,4000.0,6000.0,岗位：美甲师；标签：经验不限 / 学历不限；薪资：4000-6000元/月,学历不限,,58同城,2026-09-24 21:07:14,410721,新乡县,新乡市,2024-2026,58_新乡县_2024_2026.csv
911,河南富鑫新材料科技有限公司,视频剪辑/编辑3.5k起,新乡市,红旗-宝龙广场,3500.0,4000.0,岗位：视频剪辑/编辑3.5k起；标签：招1人 / 经验3-5年 / 学历大专；薪资：3500-4000元/月,大专,1.0,58同城,2026-09-24 21:07:14,410721,新乡县,新乡市,2024-2026,58_新乡县_2024_2026.csv
912,天德汽修,汽车机修学徒,新乡市,牧野-定国湖,2000.0,3000.0,岗位：汽车机修学徒；标签：包住 / 包吃；薪资：2000-3000元/月,未注明,,58同城,2026-09-24 21:07:14,410721,新乡县,新乡市,2024-2026,58_新乡县_2024_2026.csv
913,捏小脸的温柔,制衣厂缝纫工3k起,新乡市,其他-封丘,3000.0,6000.0,岗位：制衣厂缝纫工3k起；标签：饭补；薪资：3000-6000元/月,未注明,,58同城,2026-09-24 21:07:14,410721,新乡县,新乡市,2024-2026,58_新乡县_2024_2026.csv
914,闫女士,缝纫工/缝纫学徒加班补助包住包吃,新乡市,其他-原阳,4000.0,8000.0,岗位：缝纫工/缝纫学徒加班补助包住包吃；标签：包住 / 包吃 / 加班补助；薪资：4000-8000元/月,未注明,,58同城,2026-09-24 21:07:14,410721,新乡县,新乡市,2024-2026,58_新乡县_2024_2026.csv
915,招聘专员,家装销售营销员,新乡市,其他-封丘,2000.0,4500.0,岗位：家装销售营销员；标签：交通补助 / 话补 / 房补；薪资：2000-4500元/月,未注明,,58同城,2026-09-24 21:07:14,410721,新乡县,新乡市,2024-2026,58_新乡县_2024_2026.csv
916,郝先生,火锅店餐饮学徒2000起,新乡市,其他-封丘,2000.0,3500.0,岗位：火锅店餐饮学徒2000起；标签：经验不限 / 学历不限；薪资：2000-3500元/月,学历不限,,58同城,2026-09-24 21:07:14,410721,新乡县,新乡市,2024-2026,58_新乡县_2024_2026.csv
917,用户98122,中餐厨师,新乡市,新乡-辉县,5000.0,5500.0,岗位：中餐厨师；标签：经验不限 / 学历不限；薪资：5000-5500元/月,学历不限,,58同城,2026-09-24 21:07:14,410721,新乡县,新乡市,2024-2026,58_新乡县_2024_2026.csv
918,殷老板爱称赞,网络销售工作时间灵活,新乡市,其他-其它,4000.0,9500.0,岗位：网络销售工作时间灵活；标签：招100人 / 经验不限 / 学历不限；薪资：4000-9500元/月,学历不限,100.0,58同城,2026-09-24 21:07:55,410721,新乡县,新乡市,2024-2026,58_新乡县_2024_2026.csv
919,家庭美肤管家,印刷厂烫金/模切工包住饭... 小程序,新乡市,其他-其它,5000.0,8000.0,岗位：印刷厂烫金/模切工包住饭... 小程序；标签：包住 / 饭补；薪资：5000-8000元/月,未注明,,58同城,2026-09-24 21:07:55,410721,新乡县,新乡市,2024-2026,58_新乡县_2024_2026.csv
920,用户18246,CAD钣金机械制图员,新乡市,其他-其它,8000.0,11000.0,岗位：CAD钣金机械制图员；标签：五险一金 / 包住 / 包吃 / 加班补助；薪资：8000-11000元/月,未注明,,58同城,2026-09-24 21:07:55,410721,新乡县,新乡市,2024-2026,58_新乡县_2024_2026.csv
921,招聘专员,托管全职老师,新乡市,其他-其它,3000.0,5000.0,岗位：托管全职老师；标签：五险 / 包吃 / 周末双休；薪资：3000-5000元/月,未注明,,58同城,2026-09-24 21:07:55,410721,新乡县,新乡市,2024-2026,58_新乡县_2024_2026.csv
922,张先生,跟车餐吧服务员上几休几交社保,新乡市,新乡-红旗,5000.0,6000.0,岗位：跟车餐吧服务员上几休几交社保；标签：招8人 / 经验不限 / 学历不限；薪资：5000-6000元/月,学历不限,8.0,58同城,2026-09-24 21:08:07,410721,新乡县,新乡市,2024-2026,58_新乡县_2024_2026.csv
923,朱先生,急招操作工300一天包吃... 小程序,新乡市,新乡-牧野,8000.0,8500.0,岗位：急招操作工300一天包吃... 小程序；标签：五险一金 / 包住 / 五险 / 包吃；薪资：8000-8500元/月,未注明,,58同城,2026-09-24 21:08:07,410721,新乡县,新乡市,2024-2026,58_新乡县_2024_2026.csv
924,天道酬勤,化工厂普工/操作工包吃饭补交通补助,新乡市,新乡-新乡县,5500.0,8500.0,岗位：化工厂普工/操作工包吃饭补交通补助；标签：包吃 / 交通补助 / 加班补助 / 饭补；薪资：5500-8500元/月,未注明,,58同城,2026-09-24 21:08:07,410721,新乡县,新乡市,2024-2026,58_新乡县_2024_2026.csv
925,爱叠纸船的周小舟,企业职工餐厅（主管）,新乡市,新乡-牧野,4000.0,4500.0,岗位：企业职工餐厅（主管）；标签：五险；薪资：4000-4500元/月,未注明,,58同城,2026-09-24 21:08:07,410721,新乡县,新乡市,2024-2026,58_新乡县_2024_2026.csv
926,唐女士,原谷原麦枫景上东店招聘店员（22-45）,新乡市,新乡-牧野,3500.0,5000.0,岗位：原谷原麦枫景上东店招聘店员（22-45）；标签：包吃 / 加班补助；薪资：3500-5000元/月,未注明,,58同城,2026-09-24 21:08:07,410721,新乡县,新乡市,2024-2026,58_新乡县_2024_2026.csv
927,唐女士,原谷原麦大学源店招店员（25-45岁）,新乡市,新乡-红旗,3500.0,5000.0,岗位：原谷原麦大学源店招店员（25-45岁）；标签：包吃 / 加班补助；薪资：3500-5000元/月,未注明,,58同城,2026-09-24 21:08:07,410721,新乡县,新乡市,2024-2026,58_新乡县_2024_2026.csv
928,你会腻,智能设备厂会计3千起,新乡市,其他-原阳,3000.0,5000.0,岗位：智能设备厂会计3千起；标签：经验1-2年 / 学历大专；薪资：3000-5000元/月,大专,,58同城,2026-09-24 21:08:07,410721,新乡县,新乡市,2024-2026,58_新乡县_2024_2026.csv
929,家庭美肤管家,印刷厂烫金/模切工包住饭补,新乡市,其他-其它,5000.0,8000.0,岗位：印刷厂烫金/模切工包住饭补；标签：包住 / 饭补；薪资：5000-8000元/月,未注明,,58同城,2026-09-24 21:08:07,410721,新乡县,新乡市,2024-2026,58_新乡县_2024_2026.csv
930,U勇敢坚强时总,在线后勤仓储文职当天入职6k,新乡市,新乡,4000.0,6000.0,岗位：在线后勤仓储文职当天入职6k；标签：五险一金 / 包吃 / 包住 / 周末双休；薪资：4000-6000元/月,未注明,,58同城,2026-09-24 21:08:07,410721,新乡县,新乡市,2024-2026,58_新乡县_2024_2026.csv
931,朱先生,普工硫化工（提供食宿，年终奖，五险）,新乡市,新乡-新乡县,4000.0,7000.0,岗位：普工硫化工（提供食宿，年终奖，五险）；标签：五险 / 包住 / 包吃 / 加班补助；薪资：4000-7000元/月,未注明,,58同城,2026-09-24 21:08:07,410721,新乡县,新乡市,2024-2026,58_新乡县_2024_2026.csv
932,爱赞成的莫师傅,恒馨百货店/国内电商运营/3k起,新乡市,其他-获嘉,3000.0,7000.0,岗位：恒馨百货店/国内电商运营/3k起；标签：招1人 / 经验3-5年 / 学历不限；薪资：3000-7000元/月,学历不限,1.0,58同城,2026-09-24 21:08:07,410721,新乡县,新乡市,2024-2026,58_新乡县_2024_2026.csv
933,吴先生,生物科技公司/短视频运营五险周末双休房补,新乡市,其他-封丘,3000.0,5000.0,岗位：生物科技公司/短视频运营五险周末双休房补；标签：五险 / 周末双休 / 房补；薪资：3000-5000元/月,未注明,,58同城,2026-09-24 21:08:07,410721,新乡县,新乡市,2024-2026,58_新乡县_2024_2026.csv
934,关女士,16岁以上线束厂普工面试当天住宿舍包吃住,新乡市,其他-原阳,7000.0,7500.0,岗位：16岁以上线束厂普工面试当天住宿舍包吃住；标签：五险一金 / 五险 / 包住 / 包吃；薪资：7000-7500元/月,未注明,,58同城,2026-09-24 21:08:07,410721,新乡县,新乡市,2024-2026,58_新乡县_2024_2026.csv
935,平女士,8小时坐班客服（双休/接受应届生）,新乡市,新乡-红旗,4000.0,8000.0,岗位：8小时坐班客服（双休/接受应届生）；标签：五险一金 / 周末双休；薪资：4000-8000元/月,未注明,,58同城,2026-09-24 21:08:07,410721,新乡县,新乡市,2024-2026,58_新乡县_2024_2026.csv
936,李先生,电子厂长期普工270一天非流水线福利多多,新乡市,新乡-其他,6500.0,7500.0,岗位：电子厂长期普工270一天非流水线福利多多；标签：五险一金 / 包住 / 包吃；薪资：6500-7500元/月,未注明,,58同城,2026-09-24 21:08:07,410721,新乡县,新乡市,2024-2026,58_新乡县_2024_2026.csv
937,杨先生,工价高0费用入职坐班白班可选普工,新乡市,其他-获嘉,6500.0,7000.0,岗位：工价高0费用入职坐班白班可选普工；标签：五险一金 / 五险 / 包住 / 包吃；薪资：6500-7000元/月,未注明,,58同城,2026-09-24 21:08:07,410721,新乡县,新乡市,2024-2026,58_新乡县_2024_2026.csv
938,王先生,24/时电子厂急招普工,新乡市,新乡-新乡县,6000.0,7500.0,岗位：24/时电子厂急招普工；标签：包住 / 包吃；薪资：6000-7500元/月,未注明,,58同城,2026-09-24 21:08:07,410721,新乡县,新乡市,2024-2026,58_新乡县_2024_2026.csv
939,李先生,普工300报销路费当天办理入住包吃包住,新乡市,新乡,8000.0,8500.0,岗位：普工300报销路费当天办理入住包吃包住；标签：包住 / 包吃；薪资：8000-8500元/月,未注明,,58同城,2026-09-24 21:08:07,410721,新乡县,新乡市,2024-2026,58_新乡县_2024_2026.csv
940,申女士,新产线28/H简单手工活可预支普工,新乡市,其他-获嘉,6500.0,7000.0,岗位：新产线28/H简单手工活可预支普工；标签：五险 / 包住 / 包吃；薪资：6500-7000元/月,未注明,,58同城,2026-09-24 21:08:07,410721,新乡县,新乡市,2024-2026,58_新乡县_2024_2026.csv
941,鞠先生,急招常州电子厂普工/操作工包住五险房补,新乡市,红旗-东站十字,5000.0,7000.0,岗位：急招常州电子厂普工/操作工包住五险房补；标签：包住 / 五险 / 包吃 / 饭补；薪资：5000-7000元/月,未注明,,58同城,2026-09-24 21:08:07,410721,新乡县,新乡市,2024-2026,58_新乡县_2024_2026.csv
942,踩水坑的皮皮,居家审核员包吃住双休岗位,新乡市,其他-原阳,5000.0,8000.0,岗位：居家审核员包吃住双休岗位；标签：五险一金 / 包吃 / 包住 / 周末双休；薪资：5000-8000元/月,未注明,,58同城,2026-09-24 21:08:07,410721,新乡县,新乡市,2024-2026,58_新乡县_2024_2026.csv
943,宋女士,红旗区/牧野区送餐员交保险,新乡市,新乡,5000.0,8000.0,岗位：红旗区/牧野区送餐员交保险；标签：五险 / 包住 / 年底双薪 / 交通补助；薪资：5000-8000元/月,未注明,,58同城,2026-09-24 21:08:19,410721,新乡县,新乡市,2024-2026,58_新乡县_2024_2026.csv
944,闲逛小巷的悠悠猫,7k登记订单白班文员 小程序,新乡市,新乡,5500.0,6800.0,岗位：7k登记订单白班文员 小程序；标签：五险一金 / 包吃 / 包住 / 年底双薪；薪资：5500-6800元/月,未注明,,58同城,2026-09-24 21:08:19,410721,新乡县,新乡市,2024-2026,58_新乡县_2024_2026.csv
945,孙先生,花纤悦足疗店/礼仪模特包住,新乡市,新乡-红旗,5000.0,25000.0,岗位：花纤悦足疗店/礼仪模特包住；标签：包住；薪资：5000-25000元/月,未注明,,58同城,2026-09-24 21:08:19,410721,新乡县,新乡市,2024-2026,58_新乡县_2024_2026.csv
946,开心快乐每一天,CNC/数控编程及学徒,新乡市,新乡-牧野,3000.0,8000.0,岗位：CNC/数控编程及学徒；标签：包吃 / 加班补助；薪资：3000-8000元/月,未注明,,58同城,2026-09-24 21:08:19,410721,新乡县,新乡市,2024-2026,58_新乡县_2024_2026.csv
947,用户28328,搓澡培训师,新乡市,新乡-卫滨,3000.0,5000.0,岗位：搓澡培训师；标签：包住 / 包吃；薪资：3000-5000元/月,未注明,,58同城,2026-09-24 21:08:19,410721,新乡县,新乡市,2024-2026,58_新乡县_2024_2026.csv
948,招聘专员,装载机、推土机、自卸车维修工招聘,新乡市,新乡,8000.0,10000.0,岗位：装载机、推土机、自卸车维修工招聘；标签：招1人 / 经验1-2年 / 学历不限；薪资：8000-10000元/月,学历不限,1.0,58同城,2026-09-24 21:08:19,410721,新乡县,新乡市,2024-2026,58_新乡县_2024_2026.csv
949,白宏江,机械工程师,新乡市,新乡-牧野,5000.0,6000.0,岗位：机械工程师；标签：经验3-5年 / 学历大专；薪资：5000-6000元/月,大专,,58同城,2026-09-24 21:08:19,410721,新乡县,新乡市,2024-2026,58_新乡县_2024_2026.csv
950,孟女士,日薪240普工耳机贴签白班坐岗可预支,新乡市,新乡-红旗,7000.0,8000.0,岗位：日薪240普工耳机贴签白班坐岗可预支；标签：包住 / 包吃；薪资：7000-8000元/月,未注明,,58同城,2026-09-24 21:08:19,410721,新乡县,新乡市,2024-2026,58_新乡县_2024_2026.csv
951,海阔天空,检验员，加工中心,新乡市,新乡-牧野,3500.0,10000.0,岗位：检验员，加工中心；标签：五险一金 / 包吃 / 交通补助 / 加班补助；薪资：3500-10000元/月,未注明,,58同城,2026-09-24 21:08:19,410721,新乡县,新乡市,2024-2026,58_新乡县_2024_2026.csv
952,范先生,台球厅/台球助教工作时间灵活,新乡市,新乡-牧野,8000.0,10000.0,岗位：台球厅/台球助教工作时间灵活；标签：经验不限 / 学历不限；薪资：8000-10000元/月,学历不限,,58同城,2026-09-24 21:08:19,410721,新乡县,新乡市,2024-2026,58_新乡县_2024_2026.csv
953,杨经理,机械设计工程师,新乡市,新乡-牧野,8000.0,12000.0,岗位：机械设计工程师；标签：包吃 / 年底双薪 / 交通补助 / 加班补助；薪资：8000-12000元/月,未注明,,58同城,2026-09-24 21:08:19,410721,新乡县,新乡市,2024-2026,58_新乡县_2024_2026.csv
954,招聘专员,CNC/数控操作工包住包吃,新乡市,新乡-辉县,6000.0,7500.0,岗位：CNC/数控操作工包住包吃；标签：包住 / 包吃；薪资：6000-7500元/月,未注明,,58同城,2026-09-24 21:08:19,410721,新乡县,新乡市,2024-2026,58_新乡县_2024_2026.csv
955,似水流年,数控车床师傅/五险,新乡市,新乡-牧野,7000.0,9000.0,岗位：数控车床师傅/五险；标签：五险；薪资：7000-9000元/月,未注明,,58同城,2026-09-24 21:08:19,410721,新乡县,新乡市,2024-2026,58_新乡县_2024_2026.csv
956,秦先生,CNC操作员,新乡市,新乡-原阳,5000.0,8000.0,岗位：CNC操作员；标签：包住 / 包吃 / 年底双薪；薪资：5000-8000元/月,未注明,,58同城,2026-09-24 21:08:19,410721,新乡县,新乡市,2024-2026,58_新乡县_2024_2026.csv
957,齐心MRO,迎旭养生馆/按摩师包住,新乡市,新乡-红旗,14500.0,15000.0,岗位：迎旭养生馆/按摩师包住；标签：包住；薪资：14500-15000元/月,未注明,,58同城,2026-09-24 21:08:19,410721,新乡县,新乡市,2024-2026,58_新乡县_2024_2026.csv
958,赵彦江,远盛机械制造有限公司/CNC/数控操作工,新乡市,新乡-红旗,6000.0,10000.0,岗位：远盛机械制造有限公司/CNC/数控操作工；标签：招1人 / 经验1-2年 / 学历不限；薪资：6000-10000元/月,学历不限,1.0,58同城,2026-09-24 21:08:19,410721,新乡县,新乡市,2024-2026,58_新乡县_2024_2026.csv
959,爱依靠的甄师傅,食品饮料厂组装/装配工包住包吃,新乡市,新乡-原阳,4500.0,6000.0,岗位：食品饮料厂组装/装配工包住包吃；标签：包住 / 包吃；薪资：4500-6000元/月,未注明,,58同城,2026-09-24 21:08:19,410721,新乡县,新乡市,2024-2026,58_新乡县_2024_2026.csv
960,断然_丛师傅,按摩师,新乡市,新乡-凤泉,10000.0,13500.0,岗位：按摩师；标签：经验不限 / 学历不限；薪资：10000-13500元/月,学历不限,,58同城,2026-09-24 21:08:24,410721,新乡县,新乡市,2024-2026,58_新乡县_2024_2026.csv
961,豁朗姜同学E,茶艺师 小程序,新乡市,新乡-红旗,2500.0,4500.0,岗位：茶艺师 小程序；标签：经验不限 / 学历不限；薪资：2500-4500元/月,学历不限,,58同城,2026-09-24 21:08:24,410721,新乡县,新乡市,2024-2026,58_新乡县_2024_2026.csv
962,花中仙0,江彬保健服务店/足疗师/3千起,新乡市,新乡-牧野,3000.0,5000.0,岗位：江彬保健服务店/足疗师/3千起；标签：经验不限 / 学历不限；薪资：3000-5000元/月,学历不限,,58同城,2026-09-24 21:08:24,410721,新乡县,新乡市,2024-2026,58_新乡县_2024_2026.csv
963,蓝图,蓝图机床数控车床师傅6k起加工中心师傅,新乡市,新乡-新乡县,6000.0,9000.0,岗位：蓝图机床数控车床师傅6k起加工中心师傅；标签：经验1-2年 / 学历不限；薪资：6000-9000元/月,学历不限,,58同城,2026-09-24 21:08:24,410721,新乡县,新乡市,2024-2026,58_新乡县_2024_2026.csv
964,招聘专员,利阳机械CNC/数控操作工包吃五险加班补,新乡市,新乡-辉县,6000.0,10000.0,岗位：利阳机械CNC/数控操作工包吃五险加班补；标签：五险 / 包吃 / 交通补助 / 加班补助；薪资：6000-10000元/月,未注明,,58同城,2026-09-24 21:08:24,410721,新乡县,新乡市,2024-2026,58_新乡县_2024_2026.csv
965,招聘专员,鑫岩石材加工厂安装工工作时间灵活,新乡市,新乡-卫辉,5000.0,8000.0,岗位：鑫岩石材加工厂安装工工作时间灵活；标签：经验不限 / 学历不限；薪资：5000-8000元/月,学历不限,,58同城,2026-09-24 21:08:24,410721,新乡县,新乡市,2024-2026,58_新乡县_2024_2026.csv
966,王文秀,舞蹈艺术培训中心/舞蹈老师/3千起,新乡市,新乡-辉县,3000.0,4500.0,岗位：舞蹈艺术培训中心/舞蹈老师/3千起；标签：经验不限 / 学历大专；薪资：3000-4500元/月,大专,,58同城,2026-09-24 21:08:24,410721,新乡县,新乡市,2024-2026,58_新乡县_2024_2026.csv
967,用户40717,宰鱼工,新乡市,新乡-卫滨,4500.0,6000.0,岗位：宰鱼工；标签：加班补助；薪资：4500-6000元/月,未注明,,58同城,2026-09-24 21:08:24,410721,新乡县,新乡市,2024-2026,58_新乡县_2024_2026.csv
968,爱收集贝壳的贝贝,搓澡工,新乡市,新乡-红旗,6000.0,8000.0,岗位：搓澡工；标签：经验不限 / 学历不限；薪资：6000-8000元/月,学历不限,,58同城,2026-09-24 21:08:24,410721,新乡县,新乡市,2024-2026,58_新乡县_2024_2026.csv
969,田先生,机械设计/工艺工程师,新乡市,新乡-牧野,5000.0,10000.0,岗位：机械设计/工艺工程师；标签：五险一金 / 加班补助；薪资：5000-10000元/月,未注明,,58同城,2026-09-24 21:08:24,410721,新乡县,新乡市,2024-2026,58_新乡县_2024_2026.csv
970,张先生,机械设计/制造,新乡市,新乡-牧野,4000.0,5000.0,岗位：机械设计/制造；标签：招13人 / 经验不限 / 学历大专；薪资：4000-5000元/月,大专,13.0,58同城,2026-09-24 21:08:24,410721,新乡县,新乡市,2024-2026,58_新乡县_2024_2026.csv
971,刘先生,新乡招聘采耳按摩师包吃包住月入过万,新乡市,新乡-红旗,10000.0,15000.0,岗位：新乡招聘采耳按摩师包吃包住月入过万；标签：包吃 / 包住；薪资：10000-15000元/月,未注明,,58同城,2026-09-24 21:08:24,410721,新乡县,新乡市,2024-2026,58_新乡县_2024_2026.csv
972,朱先生,急招操作工300一天包吃住坐岗下班拿钱,新乡市,新乡-牧野,8000.0,8500.0,岗位：急招操作工300一天包吃住坐岗下班拿钱；标签：五险一金 / 包住 / 五险 / 包吃；薪资：8000-8500元/月,未注明,,58同城,2026-09-24 21:08:24,410721,新乡县,新乡市,2024-2026,58_新乡县_2024_2026.csv
973,袁女士,娱乐场所收银员3000起,新乡市,新乡-牧野,3000.0,3500.0,岗位：娱乐场所收银员3000起；标签：包吃；薪资：3000-3500元/月,未注明,,58同城,2026-09-24 21:08:24,410721,新乡县,新乡市,2024-2026,58_新乡县_2024_2026.csv
974,爱留恋的莫博士,中餐厅后厨杂工2500起,新乡市,新乡-红旗,2500.0,4500.0,岗位：中餐厅后厨杂工2500起；标签：包吃；薪资：2500-4500元/月,未注明,,58同城,2026-09-24 21:08:24,410721,新乡县,新乡市,2024-2026,58_新乡县_2024_2026.csv
975,偷溜去海边,古筝老师,新乡市,新乡-凤泉,2000.0,2500.0,岗位：古筝老师；标签：经验不限 / 学历不限；薪资：2000-2500元/月,学历不限,,58同城,2026-09-24 21:08:24,410721,新乡县,新乡市,2024-2026,58_新乡县_2024_2026.csv
976,哼着歌走路的云云,餐厅餐饮收银/包吃加班补助免费工服,新乡市,新乡-卫辉,3000.0,4500.0,岗位：餐厅餐饮收银/包吃加班补助免费工服；标签：包住 / 包吃 / 加班补助；薪资：3000-4500元/月,未注明,,58同城,2026-09-24 21:08:24,410721,新乡县,新乡市,2024-2026,58_新乡县_2024_2026.csv
977,招聘专员,诊所口腔医生8000起,新乡市,新乡-辉县,8000.0,23000.0,岗位：诊所口腔医生8000起；标签：经验1-2年 / 学历大专；薪资：8000-23000元/月,大专,,58同城,2026-09-24 21:08:24,410721,新乡县,新乡市,2024-2026,58_新乡县_2024_2026.csv
978,符先生,急招数名/按摩师/保底1万起可小白,新乡市,新乡-红旗,10000.0,15000.0,岗位：急招数名/按摩师/保底1万起可小白；标签：经验不限 / 学历不限；薪资：10000-15000元/月,学历不限,,58同城,2026-09-24 21:08:24,410721,新乡县,新乡市,2024-2026,58_新乡县_2024_2026.csv
979,胡先生,无基础转行健身教练包吃住,新乡市,新乡-红旗,7845.0,14587.0,岗位：无基础转行健身教练包吃住；标签：五险一金 / 包住 / 包吃 / 年底双薪；薪资：7845-14587元/月,未注明,,58同城,2026-09-24 21:08:24,410721,新乡县,新乡市,2024-2026,58_新乡县_2024_2026.csv
980,安女士,新乡新店开业诚聘芳疗师包吃住,新乡市,新乡-牧野,8000.0,15000.0,岗位：新乡新店开业诚聘芳疗师包吃住；标签：包吃 / 包住；薪资：8000-15000元/月,未注明,,58同城,2026-09-24 21:08:24,410721,新乡县,新乡市,2024-2026,58_新乡县_2024_2026.csv
981,187******86_ptl,财务人员,新乡市,其他-获嘉,2000.0,6000.0,岗位：财务人员；标签：五险一金 / 周末双休；薪资：2000-6000元/月,未注明,,58同城,2026-09-24 21:08:31,410724,获嘉县,新乡市,2024-2026,58_获嘉县_2024_2026.csv
982,爱赞成的莫师傅,恒馨百货店/电商运营工作时间灵活,新乡市,其他-获嘉,3000.0,7000.0,岗位：恒馨百货店/电商运营工作时间灵活；标签：经验不限 / 学历不限；薪资：3000-7000元/月,学历不限,,58同城,2026-09-24 21:08:31,410724,获嘉县,新乡市,2024-2026,58_获嘉县_2024_2026.csv
983,落叶不随风,源鸿电器商行店员/营业员... 小程序,新乡市,其他-获嘉,3000.0,5000.0,岗位：源鸿电器商行店员/营业员... 小程序；标签：饭补；薪资：3000-5000元/月,未注明,,58同城,2026-09-24 21:08:31,410724,获嘉县,新乡市,2024-2026,58_获嘉县_2024_2026.csv
984,落叶不随风,销售专员,新乡市,其他-获嘉,3000.0,5000.0,岗位：销售专员；标签：经验不限 / 学历不限；薪资：3000-5000元/月,学历不限,,58同城,2026-09-24 21:08:31,410724,获嘉县,新乡市,2024-2026,58_获嘉县_2024_2026.csv
985,落叶不随风,商超/店员/营业员2500起,新乡市,其他-获嘉,2500.0,5000.0,岗位：商超/店员/营业员2500起；标签：饭补；薪资：2500-5000元/月,未注明,,58同城,2026-09-24 21:08:31,410724,获嘉县,新乡市,2024-2026,58_获嘉县_2024_2026.csv
986,用户13309,豫北厨电卫浴批发/厨电销售员/3千起,新乡市,其他-获嘉,3000.0,10000.0,岗位：豫北厨电卫浴批发/厨电销售员/3千起；标签：经验不限 / 学历不限；薪资：3000-10000元/月,学历不限,,58同城,2026-09-24 21:08:31,410724,获嘉县,新乡市,2024-2026,58_获嘉县_2024_2026.csv
987,用户41943,办公室主任,新乡市,其他-获嘉,3000.0,5000.0,岗位：办公室主任；标签：招14人 / 经验6-7年 / 学历本科；薪资：3000-5000元/月,本科,14.0,58同城,2026-09-24 21:08:31,410724,获嘉县,新乡市,2024-2026,58_获嘉县_2024_2026.csv
988,爱赞成的莫师傅,恒馨百货店/国内电商运营/3k起,新乡市,其他-获嘉,3000.0,7000.0,岗位：恒馨百货店/国内电商运营/3k起；标签：招1人 / 经验3-5年 / 学历不限；薪资：3000-7000元/月,学历不限,1.0,58同城,2026-09-24 21:08:31,410724,获嘉县,新乡市,2024-2026,58_获嘉县_2024_2026.csv
989,用户41943,新乡市荣锋材料科技招聘车工,新乡市,其他-获嘉,4000.0,5000.0,岗位：新乡市荣锋材料科技招聘车工；标签：招20人 / 经验不限 / 学历中专；薪资：4000-5000元/月,中专/中技,20.0,58同城,2026-09-24 21:08:31,410724,获嘉县,新乡市,2024-2026,58_获嘉县_2024_2026.csv
990,申女士,新产线28/H简单手工活可预支普工,新乡市,其他-获嘉,6500.0,7000.0,岗位：新产线28/H简单手工活可预支普工；标签：五险 / 包住 / 包吃；薪资：6500-7000元/月,未注明,,58同城,2026-09-24 21:08:31,410724,获嘉县,新乡市,2024-2026,58_获嘉县_2024_2026.csv
991,用户41943,总经理经营管理助理,新乡市,其他-获嘉,4000.0,5000.0,岗位：总经理经营管理助理；标签：招20人 / 经验6-7年 / 学历本科；薪资：4000-5000元/月,本科,20.0,58同城,2026-09-24 21:08:31,410724,获嘉县,新乡市,2024-2026,58_获嘉县_2024_2026.csv
992,杨先生,工价高0费用入职坐班白班可选普工,新乡市,其他-获嘉,6500.0,7000.0,岗位：工价高0费用入职坐班白班可选普工；标签：五险一金 / 五险 / 包住 / 包吃；薪资：6500-7000元/月,未注明,,58同城,2026-09-24 21:08:31,410724,获嘉县,新乡市,2024-2026,58_获嘉县_2024_2026.csv
993,用户41943,制图员,新乡市,其他-获嘉,3000.0,5000.0,岗位：制图员；标签：招14人 / 经验不限 / 学历本科；薪资：3000-5000元/月,本科,14.0,58同城,2026-09-24 21:08:31,410724,获嘉县,新乡市,2024-2026,58_获嘉县_2024_2026.csv
994,安静,长垣上市汽车零部件厂普工月薪七千包吃包住,新乡市,其他-获嘉,5000.0,7000.0,岗位：长垣上市汽车零部件厂普工月薪七千包吃包住；标签：五险一金 / 饭补 / 交通补助；薪资：5000-7000元/月,未注明,,58同城,2026-09-24 21:08:31,410724,获嘉县,新乡市,2024-2026,58_获嘉县_2024_2026.csv
995,王先生,门窗厂普工/操作工2500起,新乡市,新乡-新乡县,2500.0,7500.0,岗位：门窗厂普工/操作工2500起；标签：经验不限 / 学历不限；薪资：2500-7500元/月,学历不限,,58同城,2026-09-24 21:08:31,410724,获嘉县,新乡市,2024-2026,58_获嘉县_2024_2026.csv
996,经理,鑫盛模具会计五险一金,新乡市,辉县-辉县汽车站,3000.0,5500.0,岗位：鑫盛模具会计五险一金；标签：五险一金 / 包吃 / 加班补助 / 话补；薪资：3000-5500元/月,未注明,,58同城,2026-09-24 21:08:31,410724,获嘉县,新乡市,2024-2026,58_获嘉县_2024_2026.csv
997,李女士,富士康直聘普工不压工资 小程序,新乡市,红旗-宝龙广场,7000.0,8000.0,岗位：富士康直聘普工不压工资 小程序；标签：五险一金 / 包住 / 包吃 / 加班补助；薪资：7000-8000元/月,未注明,,58同城,2026-09-24 21:08:31,410724,获嘉县,新乡市,2024-2026,58_获嘉县_2024_2026.csv
998,王先生,中控保安提供服装被褥包吃住交五险,新乡市,新乡-红旗,4500.0,5000.0,岗位：中控保安提供服装被褥包吃住交五险；标签：五险一金 / 包住 / 包吃 / 年底双薪；薪资：4500-5000元/月,未注明,,58同城,2026-09-24 21:08:31,410724,获嘉县,新乡市,2024-2026,58_获嘉县_2024_2026.csv
999,郭老师,抖音运营,新乡市,新乡-新乡县,3000.0,4500.0,岗位：抖音运营；标签：招5人 / 经验不限 / 学历不限；薪资：3000-4500元/月,学历不限,5.0,58同城,2026-09-24 21:08:31,410724,获嘉县,新乡市,2024-2026,58_获嘉县_2024_2026.csv
1000,董先生,电竞俱乐部代练/陪玩饭补包住,新乡市,新乡-新乡县,3000.0,5000.0,岗位：电竞俱乐部代练/陪玩饭补包住；标签：包住 / 饭补；薪资：3000-5000元/月,未注明,,58同城,2026-09-24 21:08:31,410724,获嘉县,新乡市,2024-2026,58_获嘉县_2024_2026.csv
1001,华先生,半导体工厂普工正式工月薪8000提供食宿,新乡市,新乡-牧野,5000.0,7000.0,岗位：半导体工厂普工正式工月薪8000提供食宿；标签：五险一金 / 五险 / 包住 / 包吃；薪资：5000-7000元/月,未注明,,58同城,2026-09-24 21:08:31,410724,获嘉县,新乡市,2024-2026,58_获嘉县_2024_2026.csv
1002,踮脚看云的阿宁,好旺角休闲娱乐馆店员/营业员3500起,新乡市,红旗-宝龙广场,3500.0,6000.0,岗位：好旺角休闲娱乐馆店员/营业员3500起；标签：招1人 / 经验3-5年 / 学历不限；薪资：3500-6000元/月,学历不限,1.0,58同城,2026-09-24 21:08:31,410724,获嘉县,新乡市,2024-2026,58_获嘉县_2024_2026.csv
1003,Aluu,洗车工,新乡市,新乡,1000.0,2000.0,岗位：洗车工；标签：包吃；薪资：1000-2000元/月,未注明,,58同城,2026-09-24 21:08:31,410724,获嘉县,新乡市,2024-2026,58_获嘉县_2024_2026.csv
1004,谭先生,商超/零售店员/营业员2500起,新乡市,牧野-定国湖,2500.0,5000.0,岗位：商超/零售店员/营业员2500起；标签：饭补；薪资：2500-5000元/月,未注明,,58同城,2026-09-24 21:08:31,410724,获嘉县,新乡市,2024-2026,58_获嘉县_2024_2026.csv
1005,没谱青年,暖暖靓机汇手机配件经营店店员/营业员3千,新乡市,新乡-延津,3000.0,6000.0,岗位：暖暖靓机汇手机配件经营店店员/营业员3千；标签：招1人 / 经验不限 / 学历不限；薪资：3000-6000元/月,学历不限,1.0,58同城,2026-09-24 21:08:31,410724,获嘉县,新乡市,2024-2026,58_获嘉县_2024_2026.csv
1006,落叶不随风,源鸿电器商行店员/营业员3千起,新乡市,其他-获嘉,3000.0,5000.0,岗位：源鸿电器商行店员/营业员3千起；标签：饭补；薪资：3000-5000元/月,未注明,,58同城,2026-09-24 21:08:31,410724,获嘉县,新乡市,2024-2026,58_获嘉县_2024_2026.csv
1007,空压机三滤生产厂家,滤芯厂女工,新乡市,新乡-牧野,3000.0,4500.0,岗位：滤芯厂女工；标签：加班补助；薪资：3000-4500元/月,未注明,,58同城,2026-09-24 21:08:31,410724,获嘉县,新乡市,2024-2026,58_获嘉县_2024_2026.csv
1008,郭保树,促销/导购员2500起,新乡市,新乡-牧野,2500.0,4000.0,岗位：促销/导购员2500起；标签：经验不限 / 学历不限；薪资：2500-4000元/月,学历不限,,58同城,2026-09-24 21:08:31,410724,获嘉县,新乡市,2024-2026,58_获嘉县_2024_2026.csv
1009,用户18246,氩弧焊工,新乡市,其他-其它,6000.0,9000.0,岗位：氩弧焊工；标签：五险一金 / 包住 / 包吃 / 饭补；薪资：6000-9000元/月,未注明,,58同城,2026-09-24 21:08:51,410724,获嘉县,新乡市,2024-2026,58_获嘉县_2024_2026.csv
1010,我本善良,东成通讯部店员/营业员2.5k起,新乡市,红旗-胖东来,2500.0,5000.0,岗位：东成通讯部店员/营业员2.5k起；标签：经验不限 / 学历不限；薪资：2500-5000元/月,学历不限,,58同城,2026-09-24 21:08:51,410724,获嘉县,新乡市,2024-2026,58_获嘉县_2024_2026.csv
1011,张,美发师助理,新乡市,红旗-胖东来,2000.0,3000.0,岗位：美发师助理；标签：包住 / 包吃；薪资：2000-3000元/月,未注明,,58同城,2026-09-24 21:08:51,410724,获嘉县,新乡市,2024-2026,58_获嘉县_2024_2026.csv
1012,郭先生,鲜肉店销售,新乡市,新乡-卫辉,2600.0,3200.0,岗位：鲜肉店销售；标签：周末双休 / 加班补助 / 饭补；薪资：2600-3200元/月,未注明,,58同城,2026-09-24 21:08:51,410724,获嘉县,新乡市,2024-2026,58_获嘉县_2024_2026.csv
1013,王洋,中餐厨师,新乡市,新乡-卫滨,5000.0,8000.0,岗位：中餐厨师；标签：包住 / 包吃；薪资：5000-8000元/月,未注明,,58同城,2026-09-24 21:08:51,410724,获嘉县,新乡市,2024-2026,58_获嘉县_2024_2026.csv
1014,招聘专员,采购专员居家办公轻松岗位,新乡市,红旗-宝龙广场,4300.0,4900.0,岗位：采购专员居家办公轻松岗位；标签：五险一金；薪资：4300-4900元/月,未注明,,58同城,2026-09-24 21:08:51,410724,获嘉县,新乡市,2024-2026,58_获嘉县_2024_2026.csv
1015,爱穿裙子的兔,美甲师,新乡市,红旗-宝龙广场,4000.0,6000.0,岗位：美甲师；标签：经验不限 / 学历不限；薪资：4000-6000元/月,学历不限,,58同城,2026-09-24 21:08:51,410724,获嘉县,新乡市,2024-2026,58_获嘉县_2024_2026.csv
1016,河南富鑫新材料科技有限公司,视频剪辑/编辑3.5k起,新乡市,红旗-宝龙广场,3500.0,4000.0,岗位：视频剪辑/编辑3.5k起；标签：招1人 / 经验3-5年 / 学历大专；薪资：3500-4000元/月,大专,1.0,58同城,2026-09-24 21:08:51,410724,获嘉县,新乡市,2024-2026,58_获嘉县_2024_2026.csv
1017,天德汽修,汽车机修学徒,新乡市,牧野-定国湖,2000.0,3000.0,岗位：汽车机修学徒；标签：包住 / 包吃；薪资：2000-3000元/月,未注明,,58同城,2026-09-24 21:08:51,410724,获嘉县,新乡市,2024-2026,58_获嘉县_2024_2026.csv
1018,捏小脸的温柔,制衣厂缝纫工3k起,新乡市,其他-封丘,3000.0,6000.0,岗位：制衣厂缝纫工3k起；标签：饭补；薪资：3000-6000元/月,未注明,,58同城,2026-09-24 21:08:51,410724,获嘉县,新乡市,2024-2026,58_获嘉县_2024_2026.csv
1019,闫女士,缝纫工/缝纫学徒加班补助包住包吃,新乡市,其他-原阳,4000.0,8000.0,岗位：缝纫工/缝纫学徒加班补助包住包吃；标签：包住 / 包吃 / 加班补助；薪资：4000-8000元/月,未注明,,58同城,2026-09-24 21:08:51,410724,获嘉县,新乡市,2024-2026,58_获嘉县_2024_2026.csv
1020,招聘专员,家装销售营销员,新乡市,其他-封丘,2000.0,4500.0,岗位：家装销售营销员；标签：交通补助 / 话补 / 房补；薪资：2000-4500元/月,未注明,,58同城,2026-09-24 21:08:51,410724,获嘉县,新乡市,2024-2026,58_获嘉县_2024_2026.csv
1021,郝先生,火锅店餐饮学徒2000起,新乡市,其他-封丘,2000.0,3500.0,岗位：火锅店餐饮学徒2000起；标签：经验不限 / 学历不限；薪资：2000-3500元/月,学历不限,,58同城,2026-09-24 21:08:51,410724,获嘉县,新乡市,2024-2026,58_获嘉县_2024_2026.csv
1022,用户98122,中餐厨师,新乡市,新乡-辉县,5000.0,5500.0,岗位：中餐厨师；标签：经验不限 / 学历不限；薪资：5000-5500元/月,学历不限,,58同城,2026-09-24 21:08:51,410724,获嘉县,新乡市,2024-2026,58_获嘉县_2024_2026.csv
1023,张宇,生产跟单/生产调度员五险包住包吃,新乡市,新乡-获嘉,2800.0,4600.0,岗位：生产跟单/生产调度员五险包住包吃；标签：五险 / 包住 / 包吃；薪资：2800-4600元/月,未注明,,58同城,2026-09-24 21:10:05,410724,获嘉县,新乡市,2024-2026,58_获嘉县_2024_2026.csv
1024,黄女士,获嘉德邦招快递员4K-10K免费工服,新乡市,新乡-红旗,4000.0,10000.0,岗位：获嘉德邦招快递员4K-10K免费工服；标签：话补；薪资：4000-10000元/月,未注明,,58同城,2026-09-24 21:11:24,410724,获嘉县,新乡市,2024-2026,58_获嘉县_2024_2026.csv
1025,看蚂蚁的静静,仓库管理包吃住买五险,新乡市,获嘉-迎宾大道,5000.0,8000.0,岗位：仓库管理包吃住买五险；标签：五险一金 / 包吃 / 包住 / 周末双休；薪资：5000-8000元/月,未注明,,58同城,2026-09-24 21:11:34,410724,获嘉县,新乡市,2024-2026,58_获嘉县_2024_2026.csv
1026,李先生,申通直招配/理/拣/发货,新乡市,新乡-获嘉,5000.0,6000.0,岗位：申通直招配/理/拣/发货；标签：包住 / 包吃 / 年底双薪 / 加班补助；薪资：5000-6000元/月,未注明,,58同城,2026-09-24 21:11:34,410724,获嘉县,新乡市,2024-2026,58_获嘉县_2024_2026.csv
1027,闫女士,缝纫工/缝纫学徒加班补助包住包吃,新乡市,其他-原阳,4000.0,8000.0,岗位：缝纫工/缝纫学徒加班补助包住包吃；标签：包住 / 包吃 / 加班补助；薪资：4000-8000元/月,未注明,,58同城,2026-09-24 21:11:48,410725,原阳县,新乡市,2024-2026,58_原阳县_2024_2026.csv
1028,代先生,坐班长白班280/天不穿无尘服普工,新乡市,其他-原阳,5500.0,7500.0,岗位：坐班长白班280/天不穿无尘服普工；标签：五险 / 包住 / 包吃；薪资：5500-7500元/月,未注明,,58同城,2026-09-24 21:11:48,410725,原阳县,新乡市,2024-2026,58_原阳县_2024_2026.csv
1029,杨先生,16岁以上耳机厂坐班急聘... 小程序,新乡市,其他-原阳,6000.0,7000.0,岗位：16岁以上耳机厂坐班急聘... 小程序；标签：包住 / 包吃；薪资：6000-7000元/月,未注明,,58同城,2026-09-24 21:11:48,410725,原阳县,新乡市,2024-2026,58_原阳县_2024_2026.csv
1030,晃脑袋的铃,电话销售,新乡市,其他-原阳,3000.0,7000.0,岗位：电话销售；标签：经验不限 / 学历不限；薪资：3000-7000元/月,学历不限,,58同城,2026-09-24 21:11:48,410725,原阳县,新乡市,2024-2026,58_原阳县_2024_2026.csv
1031,招聘主管,豪宅/家装设计饭补话补,新乡市,其他-原阳,4500.0,10000.0,岗位：豪宅/家装设计饭补话补；标签：饭补 / 话补；薪资：4500-10000元/月,未注明,,58同城,2026-09-24 21:11:48,410725,原阳县,新乡市,2024-2026,58_原阳县_2024_2026.csv
1032,踩水坑的皮皮,居家审核员包吃住双休岗位,新乡市,其他-原阳,5000.0,8000.0,岗位：居家审核员包吃住双休岗位；标签：五险一金 / 包吃 / 包住 / 周末双休；薪资：5000-8000元/月,未注明,,58同城,2026-09-24 21:11:48,410725,原阳县,新乡市,2024-2026,58_原阳县_2024_2026.csv
1033,关女士,16岁以上线束厂普工面试当天住宿舍包吃住,新乡市,其他-原阳,7000.0,7500.0,岗位：16岁以上线束厂普工面试当天住宿舍包吃住；标签：五险一金 / 五险 / 包住 / 包吃；薪资：7000-7500元/月,未注明,,58同城,2026-09-24 21:11:48,410725,原阳县,新乡市,2024-2026,58_原阳县_2024_2026.csv
1034,你会腻,智能设备厂会计3千起,新乡市,其他-原阳,3000.0,5000.0,岗位：智能设备厂会计3千起；标签：经验1-2年 / 学历大专；薪资：3000-5000元/月,大专,,58同城,2026-09-24 21:11:48,410725,原阳县,新乡市,2024-2026,58_原阳县_2024_2026.csv
1035,王先生,门窗厂普工/操作工2500起,新乡市,新乡-新乡县,2500.0,7500.0,岗位：门窗厂普工/操作工2500起；标签：经验不限 / 学历不限；薪资：2500-7500元/月,学历不限,,58同城,2026-09-24 21:11:48,410725,原阳县,新乡市,2024-2026,58_原阳县_2024_2026.csv
1036,经理,鑫盛模具会计五险一金,新乡市,辉县-辉县汽车站,3000.0,5500.0,岗位：鑫盛模具会计五险一金；标签：五险一金 / 包吃 / 加班补助 / 话补；薪资：3000-5500元/月,未注明,,58同城,2026-09-24 21:11:48,410725,原阳县,新乡市,2024-2026,58_原阳县_2024_2026.csv
1037,李女士,富士康直聘普工不压工资 小程序,新乡市,红旗-宝龙广场,7000.0,8000.0,岗位：富士康直聘普工不压工资 小程序；标签：五险一金 / 包住 / 包吃 / 加班补助；薪资：7000-8000元/月,未注明,,58同城,2026-09-24 21:11:48,410725,原阳县,新乡市,2024-2026,58_原阳县_2024_2026.csv
1038,王先生,中控保安提供服装被褥包吃住交五险,新乡市,新乡-红旗,4500.0,5000.0,岗位：中控保安提供服装被褥包吃住交五险；标签：五险一金 / 包住 / 包吃 / 年底双薪；薪资：4500-5000元/月,未注明,,58同城,2026-09-24 21:11:48,410725,原阳县,新乡市,2024-2026,58_原阳县_2024_2026.csv
1039,郭老师,抖音运营,新乡市,新乡-新乡县,3000.0,4500.0,岗位：抖音运营；标签：招5人 / 经验不限 / 学历不限；薪资：3000-4500元/月,学历不限,5.0,58同城,2026-09-24 21:11:48,410725,原阳县,新乡市,2024-2026,58_原阳县_2024_2026.csv
1040,董先生,电竞俱乐部代练/陪玩饭补包住,新乡市,新乡-新乡县,3000.0,5000.0,岗位：电竞俱乐部代练/陪玩饭补包住；标签：包住 / 饭补；薪资：3000-5000元/月,未注明,,58同城,2026-09-24 21:11:48,410725,原阳县,新乡市,2024-2026,58_原阳县_2024_2026.csv
1041,华先生,半导体工厂普工正式工月薪8000提供食宿,新乡市,新乡-牧野,5000.0,7000.0,岗位：半导体工厂普工正式工月薪8000提供食宿；标签：五险一金 / 五险 / 包住 / 包吃；薪资：5000-7000元/月,未注明,,58同城,2026-09-24 21:11:48,410725,原阳县,新乡市,2024-2026,58_原阳县_2024_2026.csv
1042,踮脚看云的阿宁,好旺角休闲娱乐馆店员/营业员3500起,新乡市,红旗-宝龙广场,3500.0,6000.0,岗位：好旺角休闲娱乐馆店员/营业员3500起；标签：招1人 / 经验3-5年 / 学历不限；薪资：3500-6000元/月,学历不限,1.0,58同城,2026-09-24 21:11:48,410725,原阳县,新乡市,2024-2026,58_原阳县_2024_2026.csv
1043,Aluu,洗车工,新乡市,新乡,1000.0,2000.0,岗位：洗车工；标签：包吃；薪资：1000-2000元/月,未注明,,58同城,2026-09-24 21:11:48,410725,原阳县,新乡市,2024-2026,58_原阳县_2024_2026.csv
1044,佰网优选,超市店员/营业员2500起,新乡市,新乡-红旗,2500.0,5000.0,岗位：超市店员/营业员2500起；标签：招1人 / 经验不限 / 学历大专；薪资：2500-5000元/月,大专,1.0,58同城,2026-09-24 21:11:48,410725,原阳县,新乡市,2024-2026,58_原阳县_2024_2026.csv
1045,谭先生,商超/零售店员/营业员2500起,新乡市,牧野-定国湖,2500.0,5000.0,岗位：商超/零售店员/营业员2500起；标签：饭补；薪资：2500-5000元/月,未注明,,58同城,2026-09-24 21:11:48,410725,原阳县,新乡市,2024-2026,58_原阳县_2024_2026.csv
1046,没谱青年,暖暖靓机汇手机配件经营店店员/营业员3千,新乡市,新乡-延津,3000.0,6000.0,岗位：暖暖靓机汇手机配件经营店店员/营业员3千；标签：招1人 / 经验不限 / 学历不限；薪资：3000-6000元/月,学历不限,1.0,58同城,2026-09-24 21:11:48,410725,原阳县,新乡市,2024-2026,58_原阳县_2024_2026.csv
1047,爱赞成的莫师傅,恒馨百货店/电商运营工作时间灵活,新乡市,其他-获嘉,3000.0,7000.0,岗位：恒馨百货店/电商运营工作时间灵活；标签：经验不限 / 学历不限；薪资：3000-7000元/月,学历不限,,58同城,2026-09-24 21:11:48,410725,原阳县,新乡市,2024-2026,58_原阳县_2024_2026.csv
1048,落叶不随风,源鸿电器商行店员/营业员3千起,新乡市,其他-获嘉,3000.0,5000.0,岗位：源鸿电器商行店员/营业员3千起；标签：饭补；薪资：3000-5000元/月,未注明,,58同城,2026-09-24 21:11:48,410725,原阳县,新乡市,2024-2026,58_原阳县_2024_2026.csv
1049,落叶不随风,商超/店员/营业员2500起,新乡市,其他-获嘉,2500.0,5000.0,岗位：商超/店员/营业员2500起；标签：饭补；薪资：2500-5000元/月,未注明,,58同城,2026-09-24 21:11:48,410725,原阳县,新乡市,2024-2026,58_原阳县_2024_2026.csv
1050,空压机三滤生产厂家,滤芯厂女工,新乡市,新乡-牧野,3000.0,4500.0,岗位：滤芯厂女工；标签：加班补助；薪资：3000-4500元/月,未注明,,58同城,2026-09-24 21:11:48,410725,原阳县,新乡市,2024-2026,58_原阳县_2024_2026.csv
1051,郭保树,促销/导购员2500起,新乡市,新乡-牧野,2500.0,4000.0,岗位：促销/导购员2500起；标签：经验不限 / 学历不限；薪资：2500-4000元/月,学历不限,,58同城,2026-09-24 21:11:48,410725,原阳县,新乡市,2024-2026,58_原阳县_2024_2026.csv
1052,用户18246,氩弧焊工,新乡市,其他-其它,6000.0,9000.0,岗位：氩弧焊工；标签：五险一金 / 包住 / 包吃 / 饭补；薪资：6000-9000元/月,未注明,,58同城,2026-09-24 21:11:48,410725,原阳县,新乡市,2024-2026,58_原阳县_2024_2026.csv
1053,张,美发师助理,新乡市,红旗-胖东来,2000.0,3000.0,岗位：美发师助理；标签：包住 / 包吃；薪资：2000-3000元/月,未注明,,58同城,2026-09-24 21:11:48,410725,原阳县,新乡市,2024-2026,58_原阳县_2024_2026.csv
1054,我本善良,东成通讯部店员/营业员2.5k起,新乡市,红旗-胖东来,2500.0,5000.0,岗位：东成通讯部店员/营业员2.5k起；标签：经验不限 / 学历不限；薪资：2500-5000元/月,学历不限,,58同城,2026-09-24 21:11:48,410725,原阳县,新乡市,2024-2026,58_原阳县_2024_2026.csv
1055,郭先生,鲜肉店销售,新乡市,新乡-卫辉,2600.0,3200.0,岗位：鲜肉店销售；标签：周末双休 / 加班补助 / 饭补；薪资：2600-3200元/月,未注明,,58同城,2026-09-24 21:11:48,410725,原阳县,新乡市,2024-2026,58_原阳县_2024_2026.csv
1056,王洋,中餐厨师,新乡市,新乡-卫滨,5000.0,8000.0,岗位：中餐厨师；标签：包住 / 包吃；薪资：5000-8000元/月,未注明,,58同城,2026-09-24 21:11:48,410725,原阳县,新乡市,2024-2026,58_原阳县_2024_2026.csv
1057,招聘专员,采购专员居家办公轻松岗位,新乡市,红旗-宝龙广场,4300.0,4900.0,岗位：采购专员居家办公轻松岗位；标签：五险一金；薪资：4300-4900元/月,未注明,,58同城,2026-09-24 21:11:53,410725,原阳县,新乡市,2024-2026,58_原阳县_2024_2026.csv
1058,爱穿裙子的兔,美甲师,新乡市,红旗-宝龙广场,4000.0,6000.0,岗位：美甲师；标签：经验不限 / 学历不限；薪资：4000-6000元/月,学历不限,,58同城,2026-09-24 21:11:53,410725,原阳县,新乡市,2024-2026,58_原阳县_2024_2026.csv
1059,河南富鑫新材料科技有限公司,视频剪辑/编辑3.5k起,新乡市,红旗-宝龙广场,3500.0,4000.0,岗位：视频剪辑/编辑3.5k起；标签：招1人 / 经验3-5年 / 学历大专；薪资：3500-4000元/月,大专,1.0,58同城,2026-09-24 21:11:53,410725,原阳县,新乡市,2024-2026,58_原阳县_2024_2026.csv
1060,天德汽修,汽车机修学徒,新乡市,牧野-定国湖,2000.0,3000.0,岗位：汽车机修学徒；标签：包住 / 包吃；薪资：2000-3000元/月,未注明,,58同城,2026-09-24 21:11:53,410725,原阳县,新乡市,2024-2026,58_原阳县_2024_2026.csv
1061,捏小脸的温柔,制衣厂缝纫工3k起,新乡市,其他-封丘,3000.0,6000.0,岗位：制衣厂缝纫工3k起；标签：饭补；薪资：3000-6000元/月,未注明,,58同城,2026-09-24 21:11:53,410725,原阳县,新乡市,2024-2026,58_原阳县_2024_2026.csv
1062,招聘专员,家装销售营销员,新乡市,其他-封丘,2000.0,4500.0,岗位：家装销售营销员；标签：交通补助 / 话补 / 房补；薪资：2000-4500元/月,未注明,,58同城,2026-09-24 21:11:53,410725,原阳县,新乡市,2024-2026,58_原阳县_2024_2026.csv
1063,郝先生,火锅店餐饮学徒2000起,新乡市,其他-封丘,2000.0,3500.0,岗位：火锅店餐饮学徒2000起；标签：经验不限 / 学历不限；薪资：2000-3500元/月,学历不限,,58同城,2026-09-24 21:11:53,410725,原阳县,新乡市,2024-2026,58_原阳县_2024_2026.csv
1064,秦先生,CNC操作员,新乡市,新乡-原阳,5000.0,8000.0,岗位：CNC操作员；标签：包住 / 包吃 / 年底双薪；薪资：5000-8000元/月,未注明,,58同城,2026-09-24 21:14:31,410725,原阳县,新乡市,2024-2026,58_原阳县_2024_2026.csv
1065,胡老板,招商,新乡市,原阳-黄河大道,8000.0,29500.0,岗位：招商；标签：招20人 / 经验不限 / 学历不限；薪资：8000-29500元/月,学历不限,20.0,58同城,2026-09-24 21:15:12,410725,原阳县,新乡市,2024-2026,58_原阳县_2024_2026.csv
1066,王先生,门窗厂普工/操作工2500起,新乡市,新乡-新乡县,2500.0,7500.0,岗位：门窗厂普工/操作工2500起；标签：经验不限 / 学历不限；薪资：2500-7500元/月,学历不限,,58同城,2026-09-24 21:57:39,410726,延津县,新乡市,2024-2026,58_延津县_2024_2026.csv
1067,经理,鑫盛模具会计五险一金,新乡市,辉县-辉县汽车站,3000.0,5500.0,岗位：鑫盛模具会计五险一金；标签：五险一金 / 包吃 / 加班补助 / 话补；薪资：3000-5500元/月,未注明,,58同城,2026-09-24 21:57:39,410726,延津县,新乡市,2024-2026,58_延津县_2024_2026.csv
1068,李女士,富士康直聘普工不压工资 小程序,新乡市,红旗-宝龙广场,7000.0,8000.0,岗位：富士康直聘普工不压工资 小程序；标签：五险一金 / 包住 / 包吃 / 加班补助；薪资：7000-8000元/月,未注明,,58同城,2026-09-24 21:57:39,410726,延津县,新乡市,2024-2026,58_延津县_2024_2026.csv
1069,董先生,电竞俱乐部代练/陪玩饭补包住,新乡市,新乡-新乡县,3000.0,5000.0,岗位：电竞俱乐部代练/陪玩饭补包住；标签：包住 / 饭补；薪资：3000-5000元/月,未注明,,58同城,2026-09-24 21:57:39,410726,延津县,新乡市,2024-2026,58_延津县_2024_2026.csv
1070,郭老师,抖音运营,新乡市,新乡-新乡县,3000.0,4500.0,岗位：抖音运营；标签：招5人 / 经验不限 / 学历不限；薪资：3000-4500元/月,学历不限,5.0,58同城,2026-09-24 21:57:39,410726,延津县,新乡市,2024-2026,58_延津县_2024_2026.csv
1071,王先生,中控保安提供服装被褥包吃住交五险,新乡市,新乡-红旗,4500.0,5000.0,岗位：中控保安提供服装被褥包吃住交五险；标签：五险一金 / 包住 / 包吃 / 年底双薪；薪资：4500-5000元/月,未注明,,58同城,2026-09-24 21:57:39,410726,延津县,新乡市,2024-2026,58_延津县_2024_2026.csv
1072,踮脚看云的阿宁,好旺角休闲娱乐馆店员/营业员3500起,新乡市,红旗-宝龙广场,3500.0,6000.0,岗位：好旺角休闲娱乐馆店员/营业员3500起；标签：招1人 / 经验3-5年 / 学历不限；薪资：3500-6000元/月,学历不限,1.0,58同城,2026-09-24 21:57:39,410726,延津县,新乡市,2024-2026,58_延津县_2024_2026.csv
1073,华先生,半导体工厂普工正式工月薪8000提供食宿,新乡市,新乡-牧野,5000.0,7000.0,岗位：半导体工厂普工正式工月薪8000提供食宿；标签：五险一金 / 五险 / 包住 / 包吃；薪资：5000-7000元/月,未注明,,58同城,2026-09-24 21:57:39,410726,延津县,新乡市,2024-2026,58_延津县_2024_2026.csv
1074,Aluu,洗车工,新乡市,新乡,1000.0,2000.0,岗位：洗车工；标签：包吃；薪资：1000-2000元/月,未注明,,58同城,2026-09-24 21:57:39,410726,延津县,新乡市,2024-2026,58_延津县_2024_2026.csv
1075,谭先生,商超/零售店员/营业员2500起,新乡市,牧野-定国湖,2500.0,5000.0,岗位：商超/零售店员/营业员2500起；标签：饭补；薪资：2500-5000元/月,未注明,,58同城,2026-09-24 21:57:39,410726,延津县,新乡市,2024-2026,58_延津县_2024_2026.csv
1076,没谱青年,暖暖靓机汇手机配件经营店店员/营业员3千,新乡市,新乡-延津,3000.0,6000.0,岗位：暖暖靓机汇手机配件经营店店员/营业员3千；标签：招1人 / 经验不限 / 学历不限；薪资：3000-6000元/月,学历不限,1.0,58同城,2026-09-24 21:57:39,410726,延津县,新乡市,2024-2026,58_延津县_2024_2026.csv
1077,爱赞成的莫师傅,恒馨百货店/电商运营工作时间灵活,新乡市,其他-获嘉,3000.0,7000.0,岗位：恒馨百货店/电商运营工作时间灵活；标签：经验不限 / 学历不限；薪资：3000-7000元/月,学历不限,,58同城,2026-09-24 21:57:39,410726,延津县,新乡市,2024-2026,58_延津县_2024_2026.csv
1078,落叶不随风,源鸿电器商行店员/营业员3千起,新乡市,其他-获嘉,3000.0,5000.0,岗位：源鸿电器商行店员/营业员3千起；标签：饭补；薪资：3000-5000元/月,未注明,,58同城,2026-09-24 21:57:39,410726,延津县,新乡市,2024-2026,58_延津县_2024_2026.csv
1079,郭保树,促销/导购员2500起,新乡市,新乡-牧野,2500.0,4000.0,岗位：促销/导购员2500起；标签：经验不限 / 学历不限；薪资：2500-4000元/月,学历不限,,58同城,2026-09-24 21:57:39,410726,延津县,新乡市,2024-2026,58_延津县_2024_2026.csv
1080,落叶不随风,商超/店员/营业员2500起,新乡市,其他-获嘉,2500.0,5000.0,岗位：商超/店员/营业员2500起；标签：饭补；薪资：2500-5000元/月,未注明,,58同城,2026-09-24 21:57:39,410726,延津县,新乡市,2024-2026,58_延津县_2024_2026.csv
1081,空压机三滤生产厂家,滤芯厂女工,新乡市,新乡-牧野,3000.0,4500.0,岗位：滤芯厂女工；标签：加班补助；薪资：3000-4500元/月,未注明,,58同城,2026-09-24 21:57:39,410726,延津县,新乡市,2024-2026,58_延津县_2024_2026.csv
1082,用户18246,氩弧焊工,新乡市,其他-其它,6000.0,9000.0,岗位：氩弧焊工；标签：五险一金 / 包住 / 包吃 / 饭补；薪资：6000-9000元/月,未注明,,58同城,2026-09-24 21:57:39,410726,延津县,新乡市,2024-2026,58_延津县_2024_2026.csv
1083,我本善良,东成通讯部店员/营业员2.5k起,新乡市,红旗-胖东来,2500.0,5000.0,岗位：东成通讯部店员/营业员2.5k起；标签：经验不限 / 学历不限；薪资：2500-5000元/月,学历不限,,58同城,2026-09-24 21:57:39,410726,延津县,新乡市,2024-2026,58_延津县_2024_2026.csv
1084,张,美发师助理,新乡市,红旗-胖东来,2000.0,3000.0,岗位：美发师助理；标签：包住 / 包吃；薪资：2000-3000元/月,未注明,,58同城,2026-09-24 21:57:39,410726,延津县,新乡市,2024-2026,58_延津县_2024_2026.csv
1085,郭先生,鲜肉店销售,新乡市,新乡-卫辉,2600.0,3200.0,岗位：鲜肉店销售；标签：周末双休 / 加班补助 / 饭补；薪资：2600-3200元/月,未注明,,58同城,2026-09-24 21:57:39,410726,延津县,新乡市,2024-2026,58_延津县_2024_2026.csv
1086,王洋,中餐厨师,新乡市,新乡-卫滨,5000.0,8000.0,岗位：中餐厨师；标签：包住 / 包吃；薪资：5000-8000元/月,未注明,,58同城,2026-09-24 21:57:39,410726,延津县,新乡市,2024-2026,58_延津县_2024_2026.csv
1087,招聘专员,采购专员居家办公轻松岗位,新乡市,红旗-宝龙广场,4300.0,4900.0,岗位：采购专员居家办公轻松岗位；标签：五险一金；薪资：4300-4900元/月,未注明,,58同城,2026-09-24 21:57:39,410726,延津县,新乡市,2024-2026,58_延津县_2024_2026.csv
1088,爱穿裙子的兔,美甲师,新乡市,红旗-宝龙广场,4000.0,6000.0,岗位：美甲师；标签：经验不限 / 学历不限；薪资：4000-6000元/月,学历不限,,58同城,2026-09-24 21:57:39,410726,延津县,新乡市,2024-2026,58_延津县_2024_2026.csv
1089,河南富鑫新材料科技有限公司,视频剪辑/编辑3.5k起,新乡市,红旗-宝龙广场,3500.0,4000.0,岗位：视频剪辑/编辑3.5k起；标签：招1人 / 经验3-5年 / 学历大专；薪资：3500-4000元/月,大专,1.0,58同城,2026-09-24 21:57:39,410726,延津县,新乡市,2024-2026,58_延津县_2024_2026.csv
1090,天德汽修,汽车机修学徒,新乡市,牧野-定国湖,2000.0,3000.0,岗位：汽车机修学徒；标签：包住 / 包吃；薪资：2000-3000元/月,未注明,,58同城,2026-09-24 21:57:39,410726,延津县,新乡市,2024-2026,58_延津县_2024_2026.csv
1091,捏小脸的温柔,制衣厂缝纫工3k起,新乡市,其他-封丘,3000.0,6000.0,岗位：制衣厂缝纫工3k起；标签：饭补；薪资：3000-6000元/月,未注明,,58同城,2026-09-24 21:57:39,410726,延津县,新乡市,2024-2026,58_延津县_2024_2026.csv
1092,闫女士,缝纫工/缝纫学徒加班补助包住包吃,新乡市,其他-原阳,4000.0,8000.0,岗位：缝纫工/缝纫学徒加班补助包住包吃；标签：包住 / 包吃 / 加班补助；薪资：4000-8000元/月,未注明,,58同城,2026-09-24 21:57:39,410726,延津县,新乡市,2024-2026,58_延津县_2024_2026.csv
1093,招聘专员,家装销售营销员,新乡市,其他-封丘,2000.0,4500.0,岗位：家装销售营销员；标签：交通补助 / 话补 / 房补；薪资：2000-4500元/月,未注明,,58同城,2026-09-24 21:57:39,410726,延津县,新乡市,2024-2026,58_延津县_2024_2026.csv
1094,郝先生,火锅店餐饮学徒2000起,新乡市,其他-封丘,2000.0,3500.0,岗位：火锅店餐饮学徒2000起；标签：经验不限 / 学历不限；薪资：2000-3500元/月,学历不限,,58同城,2026-09-24 21:57:39,410726,延津县,新乡市,2024-2026,58_延津县_2024_2026.csv
1095,用户98122,中餐厨师,新乡市,新乡-辉县,5000.0,5500.0,岗位：中餐厨师；标签：经验不限 / 学历不限；薪资：5000-5500元/月,学历不限,,58同城,2026-09-24 21:57:39,410726,延津县,新乡市,2024-2026,58_延津县_2024_2026.csv
1096,阔达de毕博士,河南节诺板业有限公司/税务/5千起,新乡市,新乡-延津,5000.0,7000.0,岗位：河南节诺板业有限公司/税务/5千起；标签：招1人 / 经验3-5年 / 学历大专；薪资：5000-7000元/月,大专,1.0,58同城,2026-09-24 21:58:35,410726,延津县,新乡市,2024-2026,58_延津县_2024_2026.csv
1097,周先生,A2司机（新乡）,新乡市,新乡-延津,10000.0,11000.0,岗位：A2司机（新乡）；标签：招10人 / 经验1-2年 / 学历不限；薪资：10000-11000元/月,学历不限,10.0,58同城,2026-09-24 21:59:06,410726,延津县,新乡市,2024-2026,58_延津县_2024_2026.csv
1098,圆通新乡人事,新乡市圆通速递有限公司装车工五险包吃包住,新乡市,新乡-延津,6000.0,7000.0,岗位：新乡市圆通速递有限公司装车工五险包吃包住；标签：五险 / 包住 / 包吃；薪资：6000-7000元/月,未注明,,58同城,2026-09-24 21:59:37,410726,延津县,新乡市,2024-2026,58_延津县_2024_2026.csv
1099,幸运的戚博士,网络工程师,新乡市,延津-建设路,3500.0,6000.0,岗位：网络工程师；标签：经验不限 / 学历高中；薪资：3500-6000元/月,高中,,58同城,2026-09-24 21:59:49,410726,延津县,新乡市,2024-2026,58_延津县_2024_2026.csv
1100,,恩佳食品销售店·美食 服务区域：卫滨、延津,新乡市,延津县,,,岗位：恩佳食品销售店·美食 服务区域：卫滨、延津,未注明,,58同城,2026-09-24 22:00:50,410726,延津县,新乡市,2024-2026,58_延津县_2024_2026.csv
1101,王先生,门窗厂普工/操作工2500起,新乡市,新乡-新乡县,2500.0,7500.0,岗位：门窗厂普工/操作工2500起；标签：经验不限 / 学历不限；薪资：2500-7500元/月,学历不限,,58同城,2026-09-24 22:01:07,410727,封丘县,新乡市,2024-2026,58_封丘县_2024_2026.csv
1102,经理,鑫盛模具会计五险一金,新乡市,辉县-辉县汽车站,3000.0,5500.0,岗位：鑫盛模具会计五险一金；标签：五险一金 / 包吃 / 加班补助 / 话补；薪资：3000-5500元/月,未注明,,58同城,2026-09-24 22:01:07,410727,封丘县,新乡市,2024-2026,58_封丘县_2024_2026.csv
1103,李女士,富士康直聘普工不压工资 小程序,新乡市,红旗-宝龙广场,7000.0,8000.0,岗位：富士康直聘普工不压工资 小程序；标签：五险一金 / 包住 / 包吃 / 加班补助；薪资：7000-8000元/月,未注明,,58同城,2026-09-24 22:01:07,410727,封丘县,新乡市,2024-2026,58_封丘县_2024_2026.csv
1104,董先生,电竞俱乐部代练/陪玩饭补包住,新乡市,新乡-新乡县,3000.0,5000.0,岗位：电竞俱乐部代练/陪玩饭补包住；标签：包住 / 饭补；薪资：3000-5000元/月,未注明,,58同城,2026-09-24 22:01:07,410727,封丘县,新乡市,2024-2026,58_封丘县_2024_2026.csv
1105,郭老师,抖音运营,新乡市,新乡-新乡县,3000.0,4500.0,岗位：抖音运营；标签：招5人 / 经验不限 / 学历不限；薪资：3000-4500元/月,学历不限,5.0,58同城,2026-09-24 22:01:07,410727,封丘县,新乡市,2024-2026,58_封丘县_2024_2026.csv
1106,王先生,中控保安提供服装被褥包吃住交五险,新乡市,新乡-红旗,4500.0,5000.0,岗位：中控保安提供服装被褥包吃住交五险；标签：五险一金 / 包住 / 包吃 / 年底双薪；薪资：4500-5000元/月,未注明,,58同城,2026-09-24 22:01:07,410727,封丘县,新乡市,2024-2026,58_封丘县_2024_2026.csv
1107,踮脚看云的阿宁,好旺角休闲娱乐馆店员/营业员3500起,新乡市,红旗-宝龙广场,3500.0,6000.0,岗位：好旺角休闲娱乐馆店员/营业员3500起；标签：招1人 / 经验3-5年 / 学历不限；薪资：3500-6000元/月,学历不限,1.0,58同城,2026-09-24 22:01:07,410727,封丘县,新乡市,2024-2026,58_封丘县_2024_2026.csv
1108,华先生,半导体工厂普工正式工月薪8000提供食宿,新乡市,新乡-牧野,5000.0,7000.0,岗位：半导体工厂普工正式工月薪8000提供食宿；标签：五险一金 / 五险 / 包住 / 包吃；薪资：5000-7000元/月,未注明,,58同城,2026-09-24 22:01:07,410727,封丘县,新乡市,2024-2026,58_封丘县_2024_2026.csv
1109,Aluu,洗车工,新乡市,新乡,1000.0,2000.0,岗位：洗车工；标签：包吃；薪资：1000-2000元/月,未注明,,58同城,2026-09-24 22:01:07,410727,封丘县,新乡市,2024-2026,58_封丘县_2024_2026.csv
1110,谭先生,商超/零售店员/营业员2500起,新乡市,牧野-定国湖,2500.0,5000.0,岗位：商超/零售店员/营业员2500起；标签：饭补；薪资：2500-5000元/月,未注明,,58同城,2026-09-24 22:01:07,410727,封丘县,新乡市,2024-2026,58_封丘县_2024_2026.csv
1111,没谱青年,暖暖靓机汇手机配件经营店店员/营业员3千,新乡市,新乡-延津,3000.0,6000.0,岗位：暖暖靓机汇手机配件经营店店员/营业员3千；标签：招1人 / 经验不限 / 学历不限；薪资：3000-6000元/月,学历不限,1.0,58同城,2026-09-24 22:01:07,410727,封丘县,新乡市,2024-2026,58_封丘县_2024_2026.csv
1112,佰网优选,超市店员/营业员2500起,新乡市,新乡-红旗,2500.0,5000.0,岗位：超市店员/营业员2500起；标签：招1人 / 经验不限 / 学历大专；薪资：2500-5000元/月,大专,1.0,58同城,2026-09-24 22:01:07,410727,封丘县,新乡市,2024-2026,58_封丘县_2024_2026.csv
1113,爱赞成的莫师傅,恒馨百货店/电商运营工作时间灵活,新乡市,其他-获嘉,3000.0,7000.0,岗位：恒馨百货店/电商运营工作时间灵活；标签：经验不限 / 学历不限；薪资：3000-7000元/月,学历不限,,58同城,2026-09-24 22:01:07,410727,封丘县,新乡市,2024-2026,58_封丘县_2024_2026.csv
1114,落叶不随风,源鸿电器商行店员/营业员3千起,新乡市,其他-获嘉,3000.0,5000.0,岗位：源鸿电器商行店员/营业员3千起；标签：饭补；薪资：3000-5000元/月,未注明,,58同城,2026-09-24 22:01:07,410727,封丘县,新乡市,2024-2026,58_封丘县_2024_2026.csv
1115,郭保树,促销/导购员2500起,新乡市,新乡-牧野,2500.0,4000.0,岗位：促销/导购员2500起；标签：经验不限 / 学历不限；薪资：2500-4000元/月,学历不限,,58同城,2026-09-24 22:01:07,410727,封丘县,新乡市,2024-2026,58_封丘县_2024_2026.csv
1116,落叶不随风,商超/店员/营业员2500起,新乡市,其他-获嘉,2500.0,5000.0,岗位：商超/店员/营业员2500起；标签：饭补；薪资：2500-5000元/月,未注明,,58同城,2026-09-24 22:01:07,410727,封丘县,新乡市,2024-2026,58_封丘县_2024_2026.csv
1117,空压机三滤生产厂家,滤芯厂女工,新乡市,新乡-牧野,3000.0,4500.0,岗位：滤芯厂女工；标签：加班补助；薪资：3000-4500元/月,未注明,,58同城,2026-09-24 22:01:07,410727,封丘县,新乡市,2024-2026,58_封丘县_2024_2026.csv
1118,用户18246,氩弧焊工,新乡市,其他-其它,6000.0,9000.0,岗位：氩弧焊工；标签：五险一金 / 包住 / 包吃 / 饭补；薪资：6000-9000元/月,未注明,,58同城,2026-09-24 22:01:07,410727,封丘县,新乡市,2024-2026,58_封丘县_2024_2026.csv
1119,我本善良,东成通讯部店员/营业员2.5k起,新乡市,红旗-胖东来,2500.0,5000.0,岗位：东成通讯部店员/营业员2.5k起；标签：经验不限 / 学历不限；薪资：2500-5000元/月,学历不限,,58同城,2026-09-24 22:01:07,410727,封丘县,新乡市,2024-2026,58_封丘县_2024_2026.csv
1120,张,美发师助理,新乡市,红旗-胖东来,2000.0,3000.0,岗位：美发师助理；标签：包住 / 包吃；薪资：2000-3000元/月,未注明,,58同城,2026-09-24 22:01:07,410727,封丘县,新乡市,2024-2026,58_封丘县_2024_2026.csv
1121,郭先生,鲜肉店销售,新乡市,新乡-卫辉,2600.0,3200.0,岗位：鲜肉店销售；标签：周末双休 / 加班补助 / 饭补；薪资：2600-3200元/月,未注明,,58同城,2026-09-24 22:01:07,410727,封丘县,新乡市,2024-2026,58_封丘县_2024_2026.csv
1122,王洋,中餐厨师,新乡市,新乡-卫滨,5000.0,8000.0,岗位：中餐厨师；标签：包住 / 包吃；薪资：5000-8000元/月,未注明,,58同城,2026-09-24 22:01:07,410727,封丘县,新乡市,2024-2026,58_封丘县_2024_2026.csv
1123,招聘专员,采购专员居家办公轻松岗位,新乡市,红旗-宝龙广场,4300.0,4900.0,岗位：采购专员居家办公轻松岗位；标签：五险一金；薪资：4300-4900元/月,未注明,,58同城,2026-09-24 22:01:07,410727,封丘县,新乡市,2024-2026,58_封丘县_2024_2026.csv
1124,爱穿裙子的兔,美甲师,新乡市,红旗-宝龙广场,4000.0,6000.0,岗位：美甲师；标签：经验不限 / 学历不限；薪资：4000-6000元/月,学历不限,,58同城,2026-09-24 22:01:07,410727,封丘县,新乡市,2024-2026,58_封丘县_2024_2026.csv
1125,河南富鑫新材料科技有限公司,视频剪辑/编辑3.5k起,新乡市,红旗-宝龙广场,3500.0,4000.0,岗位：视频剪辑/编辑3.5k起；标签：招1人 / 经验3-5年 / 学历大专；薪资：3500-4000元/月,大专,1.0,58同城,2026-09-24 22:01:07,410727,封丘县,新乡市,2024-2026,58_封丘县_2024_2026.csv
1126,天德汽修,汽车机修学徒,新乡市,牧野-定国湖,2000.0,3000.0,岗位：汽车机修学徒；标签：包住 / 包吃；薪资：2000-3000元/月,未注明,,58同城,2026-09-24 22:01:07,410727,封丘县,新乡市,2024-2026,58_封丘县_2024_2026.csv
1127,捏小脸的温柔,制衣厂缝纫工3k起,新乡市,其他-封丘,3000.0,6000.0,岗位：制衣厂缝纫工3k起；标签：饭补；薪资：3000-6000元/月,未注明,,58同城,2026-09-24 22:01:07,410727,封丘县,新乡市,2024-2026,58_封丘县_2024_2026.csv
1128,闫女士,缝纫工/缝纫学徒加班补助包住包吃,新乡市,其他-原阳,4000.0,8000.0,岗位：缝纫工/缝纫学徒加班补助包住包吃；标签：包住 / 包吃 / 加班补助；薪资：4000-8000元/月,未注明,,58同城,2026-09-24 22:01:07,410727,封丘县,新乡市,2024-2026,58_封丘县_2024_2026.csv
1129,招聘专员,家装销售营销员,新乡市,其他-封丘,2000.0,4500.0,岗位：家装销售营销员；标签：交通补助 / 话补 / 房补；薪资：2000-4500元/月,未注明,,58同城,2026-09-24 22:01:07,410727,封丘县,新乡市,2024-2026,58_封丘县_2024_2026.csv
1130,郝先生,火锅店餐饮学徒2000起,新乡市,其他-封丘,2000.0,3500.0,岗位：火锅店餐饮学徒2000起；标签：经验不限 / 学历不限；薪资：2000-3500元/月,学历不限,,58同城,2026-09-24 22:01:07,410727,封丘县,新乡市,2024-2026,58_封丘县_2024_2026.csv
1131,贾先生,养生馆推拿按摩师包住包吃（女士优先）,新乡市,封丘-黄池路,2000.0,3000.0,岗位：养生馆推拿按摩师包住包吃（女士优先）；标签：包住 / 包吃；薪资：2000-3000元/月,未注明,,58同城,2026-09-24 22:03:34,410727,封丘县,新乡市,2024-2026,58_封丘县_2024_2026.csv
1132,霍同学想联欢,美容师,新乡市,封丘-黄池路,1500.0,3000.0,岗位：美容师；标签：经验不限 / 学历不限；薪资：1500-3000元/月,学历不限,,58同城,2026-09-24 22:03:34,410727,封丘县,新乡市,2024-2026,58_封丘县_2024_2026.csv
1133,月亮船轻轻晃,足疗师,新乡市,新乡-封丘,5000.0,8000.0,岗位：足疗师；标签：经验不限 / 学历不限；薪资：5000-8000元/月,学历不限,,58同城,2026-09-24 22:03:38,410727,封丘县,新乡市,2024-2026,58_封丘县_2024_2026.csv
1134,,恩佳食品销售店·外卖 服务区域：封丘、延津,新乡市,封丘县,,,岗位：恩佳食品销售店·外卖 服务区域：封丘、延津,未注明,,58同城,2026-09-24 22:03:59,410727,封丘县,新乡市,2024-2026,58_封丘县_2024_2026.csv
1135,六六,新乡直聘C1冷链物流货车司机不装不卸,新乡市,新乡-卫辉,9500.0,11500.0,岗位：新乡直聘C1冷链物流货车司机不装不卸；标签：招8人 / 经验不限 / 学历不限；薪资：9500-11500元/月,学历不限,8.0,58同城,2026-09-24 22:04:16,410781,卫辉市,新乡市,2024-2026,58_卫辉市_2024_2026.csv
1136,爱吃肉DE和老板,灯具店售前客服2200起,新乡市,卫辉-华洋广场,2200.0,2700.0,岗位：灯具店售前客服2200起；标签：招1人 / 经验不限 / 学历不限；薪资：2200-2700元/月,学历不限,1.0,58同城,2026-09-24 22:04:16,410781,卫辉市,新乡市,2024-2026,58_卫辉市_2024_2026.csv
1137,哼着歌的阿调,诚聘铁路安检地勤人员五险... 小程序,新乡市,新乡-卫辉,5000.0,6000.0,岗位：诚聘铁路安检地勤人员五险... 小程序；标签：五险一金 / 包住 / 包吃 / 年底双薪；薪资：5000-6000元/月,未注明,,58同城,2026-09-24 22:04:16,410781,卫辉市,新乡市,2024-2026,58_卫辉市_2024_2026.csv
1138,殷亚宏,宏大农牧设备有限公司国内电商运营饭补话补,新乡市,新乡-卫辉,3000.0,8000.0,岗位：宏大农牧设备有限公司国内电商运营饭补话补；标签：加班补助 / 饭补 / 话补；薪资：3000-8000元/月,未注明,,58同城,2026-09-24 22:04:16,410781,卫辉市,新乡市,2024-2026,58_卫辉市_2024_2026.csv
1139,哼着歌的糖糖,火锅店后厨,新乡市,卫辉-华洋广场,3000.0,5000.0,岗位：火锅店后厨；标签：经验不限 / 学历不限；薪资：3000-5000元/月,学历不限,,58同城,2026-09-24 22:04:16,410781,卫辉市,新乡市,2024-2026,58_卫辉市_2024_2026.csv
1140,郭先生,鲜肉店销售,新乡市,新乡-卫辉,2600.0,3200.0,岗位：鲜肉店销售；标签：周末双休 / 加班补助 / 饭补；薪资：2600-3200元/月,未注明,,58同城,2026-09-24 22:04:16,410781,卫辉市,新乡市,2024-2026,58_卫辉市_2024_2026.csv
1141,哼着歌的糖糖,火锅店洗碗工2500起,新乡市,卫辉-华洋广场,2500.0,4500.0,岗位：火锅店洗碗工2500起；标签：经验不限 / 学历不限；薪资：2500-4500元/月,学历不限,,58同城,2026-09-24 22:04:16,410781,卫辉市,新乡市,2024-2026,58_卫辉市_2024_2026.csv
1142,NGPno_852,促销/导购员,新乡市,新乡-卫辉,2500.0,4500.0,岗位：促销/导购员；标签：五险一金；薪资：2500-4500元/月,未注明,,58同城,2026-09-24 22:04:16,410781,卫辉市,新乡市,2024-2026,58_卫辉市_2024_2026.csv
1143,晋总想嚷嚷,养老院护工/护理工资面议,新乡市,新乡-卫辉,2500.0,3000.0,岗位：养老院护工/护理工资面议；标签：经验1年以下 / 学历不限；薪资：2500-3000元/月,学历不限,,58同城,2026-09-24 22:04:16,410781,卫辉市,新乡市,2024-2026,58_卫辉市_2024_2026.csv
1144,任女士,发单员,新乡市,卫辉-华洋广场,4000.0,9000.0,岗位：发单员；标签：招15人 / 经验不限 / 学历不限；薪资：4000-9000元/月,学历不限,15.0,58同城,2026-09-24 22:04:16,410781,卫辉市,新乡市,2024-2026,58_卫辉市_2024_2026.csv
1145,招聘专员,鑫岩石材加工厂安装工工作时间灵活,新乡市,新乡-卫辉,5000.0,8000.0,岗位：鑫岩石材加工厂安装工工作时间灵活；标签：经验不限 / 学历不限；薪资：5000-8000元/月,学历不限,,58同城,2026-09-24 22:04:16,410781,卫辉市,新乡市,2024-2026,58_卫辉市_2024_2026.csv
1146,招聘专员,食品工厂面点研发5000起,新乡市,新乡-卫辉,4500.0,5000.0,岗位：食品工厂面点研发5000起；标签：招2人 / 经验不限 / 学历不限；薪资：4500-5000元/月,学历不限,2.0,58同城,2026-09-24 22:04:16,410781,卫辉市,新乡市,2024-2026,58_卫辉市_2024_2026.csv
1147,阿昱,销售顾问,新乡市,卫辉-华洋广场,3000.0,5000.0,岗位：销售顾问；标签：招1人 / 经验不限 / 学历不限；薪资：3000-5000元/月,学历不限,1.0,58同城,2026-09-24 22:04:16,410781,卫辉市,新乡市,2024-2026,58_卫辉市_2024_2026.csv
1148,弘博轨道H3,急聘铁路安检地勤上一休一免费食宿五险一金,新乡市,新乡-卫辉,5500.0,6000.0,岗位：急聘铁路安检地勤上一休一免费食宿五险一金；标签：五险一金 / 包住 / 包吃 / 年底双薪；薪资：5500-6000元/月,未注明,,58同城,2026-09-24 22:04:16,410781,卫辉市,新乡市,2024-2026,58_卫辉市_2024_2026.csv
1149,果果糖,子正美术培训有限公司/美术老师/2500,新乡市,新乡-卫辉,2500.0,4500.0,岗位：子正美术培训有限公司/美术老师/2500；标签：经验1-2年 / 学历本科；薪资：2500-4500元/月,本科,,58同城,2026-09-24 22:04:16,410781,卫辉市,新乡市,2024-2026,58_卫辉市_2024_2026.csv
1150,哼着歌走路的云云,餐厅餐饮收银/包吃加班补助免费工服,新乡市,新乡-卫辉,3000.0,4500.0,岗位：餐厅餐饮收银/包吃加班补助免费工服；标签：包住 / 包吃 / 加班补助；薪资：3000-4500元/月,未注明,,58同城,2026-09-24 22:04:16,410781,卫辉市,新乡市,2024-2026,58_卫辉市_2024_2026.csv
1151,徐先生,停车场不收手机自由岗保安,新乡市,新乡-卫辉,4500.0,5000.0,岗位：停车场不收手机自由岗保安；标签：五险一金 / 五险 / 包住 / 包吃；薪资：4500-5000元/月,未注明,,58同城,2026-09-24 22:04:16,410781,卫辉市,新乡市,2024-2026,58_卫辉市_2024_2026.csv
1152,爱听故事的悠悠,办公文员早九晚六仓库双休,新乡市,新乡-卫辉,5000.0,7000.0,岗位：办公文员早九晚六仓库双休；标签：五险一金 / 包吃 / 包住 / 年底双薪；薪资：5000-7000元/月,未注明,,58同城,2026-09-24 22:04:16,410781,卫辉市,新乡市,2024-2026,58_卫辉市_2024_2026.csv
1153,张德君,饲养员,新乡市,新乡-卫辉,4000.0,5000.0,岗位：饲养员；标签：包住 / 包吃 / 年底双薪；薪资：4000-5000元/月,未注明,,58同城,2026-09-24 22:04:16,410781,卫辉市,新乡市,2024-2026,58_卫辉市_2024_2026.csv
1154,李女士,包吃住保安不收费可预支,新乡市,卫辉-华洋广场,5100.0,6100.0,岗位：包吃住保安不收费可预支；标签：五险一金 / 包住 / 包吃 / 五险；薪资：5100-6100元/月,未注明,,58同城,2026-09-24 22:04:16,410781,卫辉市,新乡市,2024-2026,58_卫辉市_2024_2026.csv
1155,用户17490,汽配厂日薪240一天包吃包住月入7000,新乡市,新乡-卫辉,5500.0,7000.0,岗位：汽配厂日薪240一天包吃包住月入7000；标签：五险 / 包住 / 包吃；薪资：5500-7000元/月,未注明,,58同城,2026-09-24 22:04:16,410781,卫辉市,新乡市,2024-2026,58_卫辉市_2024_2026.csv
1156,李女士,急招健身教练新手-包教会,新乡市,新乡-卫辉,6000.0,12000.0,岗位：急招健身教练新手-包教会；标签：五险一金 / 包住 / 包吃；薪资：6000-12000元/月,未注明,,58同城,2026-09-24 22:04:16,410781,卫辉市,新乡市,2024-2026,58_卫辉市_2024_2026.csv
1157,张女士,长白班恒温车间普工站坐自由,新乡市,新乡-卫辉,5000.0,7500.0,岗位：长白班恒温车间普工站坐自由；标签：包住 / 包吃 / 饭补；薪资：5000-7500元/月,未注明,,58同城,2026-09-24 22:04:16,410781,卫辉市,新乡市,2024-2026,58_卫辉市_2024_2026.csv
1158,段女士,卫辉本地86纯接听客服，休6天,新乡市,新乡-卫辉,3000.0,8000.0,岗位：卫辉本地86纯接听客服，休6天；标签：加班补助；薪资：3000-8000元/月,未注明,,58同城,2026-09-24 22:04:16,410781,卫辉市,新乡市,2024-2026,58_卫辉市_2024_2026.csv
1159,张先生,高档小区保安室内可带手机,新乡市,新乡-卫辉,4500.0,5000.0,岗位：高档小区保安室内可带手机；标签：五险一金 / 包住 / 包吃 / 年底双薪；薪资：4500-5000元/月,未注明,,58同城,2026-09-24 22:04:16,410781,卫辉市,新乡市,2024-2026,58_卫辉市_2024_2026.csv
1160,走在云朵上的小脚,卫辉C本司机8k起送冻品百货不装不卸,新乡市,新乡-卫辉,8000.0,11500.0,岗位：卫辉C本司机8k起送冻品百货不装不卸；标签：招5人 / 经验不限 / 学历不限；薪资：8000-11500元/月,学历不限,5.0,58同城,2026-09-24 22:04:16,410781,卫辉市,新乡市,2024-2026,58_卫辉市_2024_2026.csv
1161,招聘主管,卫辉6小时装卸,新乡市,新乡-卫辉,3000.0,4500.0,岗位：卫辉6小时装卸；标签：招10人 / 经验不限 / 学历不限；薪资：3000-4500元/月,学历不限,10.0,58同城,2026-09-24 22:04:16,410781,卫辉市,新乡市,2024-2026,58_卫辉市_2024_2026.csv
1162,申女士,急招C1冷藏车司机不装卸趟结,新乡市,新乡-卫辉,5500.0,9000.0,岗位：急招C1冷藏车司机不装卸趟结；标签：包住；薪资：5500-9000元/月,未注明,,58同城,2026-09-24 22:04:16,410781,卫辉市,新乡市,2024-2026,58_卫辉市_2024_2026.csv
1163,陈先生,室内保安有空调可带朋友,新乡市,新乡-卫辉,4500.0,5000.0,岗位：室内保安有空调可带朋友；标签：五险一金 / 话补 / 房补 / 五险；薪资：4500-5000元/月,未注明,,58同城,2026-09-24 22:04:16,410781,卫辉市,新乡市,2024-2026,58_卫辉市_2024_2026.csv
1164,巨龙腾飞保老板A,招日用百货送货C证司机,新乡市,新乡-卫辉,7500.0,9500.0,岗位：招日用百货送货C证司机；标签：招20人 / 经验不限 / 学历不限；薪资：7500-9500元/月,学历不限,20.0,58同城,2026-09-24 22:04:16,410781,卫辉市,新乡市,2024-2026,58_卫辉市_2024_2026.csv
1165,王先生,门窗厂普工/操作工2500起,新乡市,新乡-新乡县,2500.0,7500.0,岗位：门窗厂普工/操作工2500起；标签：经验不限 / 学历不限；薪资：2500-7500元/月,学历不限,,58同城,2026-09-24 22:04:19,410781,卫辉市,新乡市,2024-2026,58_卫辉市_2024_2026.csv
1166,经理,鑫盛模具会计五险一金,新乡市,辉县-辉县汽车站,3000.0,5500.0,岗位：鑫盛模具会计五险一金；标签：五险一金 / 包吃 / 加班补助 / 话补；薪资：3000-5500元/月,未注明,,58同城,2026-09-24 22:04:19,410781,卫辉市,新乡市,2024-2026,58_卫辉市_2024_2026.csv
1167,李女士,富士康直聘普工不压工资 小程序,新乡市,红旗-宝龙广场,7000.0,8000.0,岗位：富士康直聘普工不压工资 小程序；标签：五险一金 / 包住 / 包吃 / 加班补助；薪资：7000-8000元/月,未注明,,58同城,2026-09-24 22:04:19,410781,卫辉市,新乡市,2024-2026,58_卫辉市_2024_2026.csv
1168,董先生,电竞俱乐部代练/陪玩饭补包住,新乡市,新乡-新乡县,3000.0,5000.0,岗位：电竞俱乐部代练/陪玩饭补包住；标签：包住 / 饭补；薪资：3000-5000元/月,未注明,,58同城,2026-09-24 22:04:19,410781,卫辉市,新乡市,2024-2026,58_卫辉市_2024_2026.csv
1169,郭老师,抖音运营,新乡市,新乡-新乡县,3000.0,4500.0,岗位：抖音运营；标签：招5人 / 经验不限 / 学历不限；薪资：3000-4500元/月,学历不限,5.0,58同城,2026-09-24 22:04:19,410781,卫辉市,新乡市,2024-2026,58_卫辉市_2024_2026.csv
1170,王先生,中控保安提供服装被褥包吃住交五险,新乡市,新乡-红旗,4500.0,5000.0,岗位：中控保安提供服装被褥包吃住交五险；标签：五险一金 / 包住 / 包吃 / 年底双薪；薪资：4500-5000元/月,未注明,,58同城,2026-09-24 22:04:19,410781,卫辉市,新乡市,2024-2026,58_卫辉市_2024_2026.csv
1171,踮脚看云的阿宁,好旺角休闲娱乐馆店员/营业员3500起,新乡市,红旗-宝龙广场,3500.0,6000.0,岗位：好旺角休闲娱乐馆店员/营业员3500起；标签：招1人 / 经验3-5年 / 学历不限；薪资：3500-6000元/月,学历不限,1.0,58同城,2026-09-24 22:04:19,410781,卫辉市,新乡市,2024-2026,58_卫辉市_2024_2026.csv
1172,华先生,半导体工厂普工正式工月薪8000提供食宿,新乡市,新乡-牧野,5000.0,7000.0,岗位：半导体工厂普工正式工月薪8000提供食宿；标签：五险一金 / 五险 / 包住 / 包吃；薪资：5000-7000元/月,未注明,,58同城,2026-09-24 22:04:19,410781,卫辉市,新乡市,2024-2026,58_卫辉市_2024_2026.csv
1173,Aluu,洗车工,新乡市,新乡,1000.0,2000.0,岗位：洗车工；标签：包吃；薪资：1000-2000元/月,未注明,,58同城,2026-09-24 22:04:19,410781,卫辉市,新乡市,2024-2026,58_卫辉市_2024_2026.csv
1174,谭先生,商超/零售店员/营业员2500起,新乡市,牧野-定国湖,2500.0,5000.0,岗位：商超/零售店员/营业员2500起；标签：饭补；薪资：2500-5000元/月,未注明,,58同城,2026-09-24 22:04:19,410781,卫辉市,新乡市,2024-2026,58_卫辉市_2024_2026.csv
1175,没谱青年,暖暖靓机汇手机配件经营店店员/营业员3千,新乡市,新乡-延津,3000.0,6000.0,岗位：暖暖靓机汇手机配件经营店店员/营业员3千；标签：招1人 / 经验不限 / 学历不限；薪资：3000-6000元/月,学历不限,1.0,58同城,2026-09-24 22:04:19,410781,卫辉市,新乡市,2024-2026,58_卫辉市_2024_2026.csv
1176,佰网优选,超市店员/营业员2500起,新乡市,新乡-红旗,2500.0,5000.0,岗位：超市店员/营业员2500起；标签：招1人 / 经验不限 / 学历大专；薪资：2500-5000元/月,大专,1.0,58同城,2026-09-24 22:04:19,410781,卫辉市,新乡市,2024-2026,58_卫辉市_2024_2026.csv
1177,爱赞成的莫师傅,恒馨百货店/电商运营工作时间灵活,新乡市,其他-获嘉,3000.0,7000.0,岗位：恒馨百货店/电商运营工作时间灵活；标签：经验不限 / 学历不限；薪资：3000-7000元/月,学历不限,,58同城,2026-09-24 22:04:19,410781,卫辉市,新乡市,2024-2026,58_卫辉市_2024_2026.csv
1178,落叶不随风,源鸿电器商行店员/营业员3千起,新乡市,其他-获嘉,3000.0,5000.0,岗位：源鸿电器商行店员/营业员3千起；标签：饭补；薪资：3000-5000元/月,未注明,,58同城,2026-09-24 22:04:19,410781,卫辉市,新乡市,2024-2026,58_卫辉市_2024_2026.csv
1179,空压机三滤生产厂家,滤芯厂女工,新乡市,新乡-牧野,3000.0,4500.0,岗位：滤芯厂女工；标签：加班补助；薪资：3000-4500元/月,未注明,,58同城,2026-09-24 22:04:19,410781,卫辉市,新乡市,2024-2026,58_卫辉市_2024_2026.csv
1180,郭保树,促销/导购员2500起,新乡市,新乡-牧野,2500.0,4000.0,岗位：促销/导购员2500起；标签：经验不限 / 学历不限；薪资：2500-4000元/月,学历不限,,58同城,2026-09-24 22:04:19,410781,卫辉市,新乡市,2024-2026,58_卫辉市_2024_2026.csv
1181,落叶不随风,商超/店员/营业员2500起,新乡市,其他-获嘉,2500.0,5000.0,岗位：商超/店员/营业员2500起；标签：饭补；薪资：2500-5000元/月,未注明,,58同城,2026-09-24 22:04:19,410781,卫辉市,新乡市,2024-2026,58_卫辉市_2024_2026.csv
1182,用户18246,氩弧焊工,新乡市,其他-其它,6000.0,9000.0,岗位：氩弧焊工；标签：五险一金 / 包住 / 包吃 / 饭补；薪资：6000-9000元/月,未注明,,58同城,2026-09-24 22:04:19,410781,卫辉市,新乡市,2024-2026,58_卫辉市_2024_2026.csv
1183,我本善良,东成通讯部店员/营业员2.5k起,新乡市,红旗-胖东来,2500.0,5000.0,岗位：东成通讯部店员/营业员2.5k起；标签：经验不限 / 学历不限；薪资：2500-5000元/月,学历不限,,58同城,2026-09-24 22:04:19,410781,卫辉市,新乡市,2024-2026,58_卫辉市_2024_2026.csv
1184,张,美发师助理,新乡市,红旗-胖东来,2000.0,3000.0,岗位：美发师助理；标签：包住 / 包吃；薪资：2000-3000元/月,未注明,,58同城,2026-09-24 22:04:19,410781,卫辉市,新乡市,2024-2026,58_卫辉市_2024_2026.csv
1185,王洋,中餐厨师,新乡市,新乡-卫滨,5000.0,8000.0,岗位：中餐厨师；标签：包住 / 包吃；薪资：5000-8000元/月,未注明,,58同城,2026-09-24 22:04:19,410781,卫辉市,新乡市,2024-2026,58_卫辉市_2024_2026.csv
1186,招聘专员,采购专员居家办公轻松岗位,新乡市,红旗-宝龙广场,4300.0,4900.0,岗位：采购专员居家办公轻松岗位；标签：五险一金；薪资：4300-4900元/月,未注明,,58同城,2026-09-24 22:04:19,410781,卫辉市,新乡市,2024-2026,58_卫辉市_2024_2026.csv
1187,爱穿裙子的兔,美甲师,新乡市,红旗-宝龙广场,4000.0,6000.0,岗位：美甲师；标签：经验不限 / 学历不限；薪资：4000-6000元/月,学历不限,,58同城,2026-09-24 22:04:19,410781,卫辉市,新乡市,2024-2026,58_卫辉市_2024_2026.csv
1188,河南富鑫新材料科技有限公司,视频剪辑/编辑3.5k起,新乡市,红旗-宝龙广场,3500.0,4000.0,岗位：视频剪辑/编辑3.5k起；标签：招1人 / 经验3-5年 / 学历大专；薪资：3500-4000元/月,大专,1.0,58同城,2026-09-24 22:04:19,410781,卫辉市,新乡市,2024-2026,58_卫辉市_2024_2026.csv
1189,天德汽修,汽车机修学徒,新乡市,牧野-定国湖,2000.0,3000.0,岗位：汽车机修学徒；标签：包住 / 包吃；薪资：2000-3000元/月,未注明,,58同城,2026-09-24 22:04:19,410781,卫辉市,新乡市,2024-2026,58_卫辉市_2024_2026.csv
1190,捏小脸的温柔,制衣厂缝纫工3k起,新乡市,其他-封丘,3000.0,6000.0,岗位：制衣厂缝纫工3k起；标签：饭补；薪资：3000-6000元/月,未注明,,58同城,2026-09-24 22:04:19,410781,卫辉市,新乡市,2024-2026,58_卫辉市_2024_2026.csv
1191,闫女士,缝纫工/缝纫学徒加班补助包住包吃,新乡市,其他-原阳,4000.0,8000.0,岗位：缝纫工/缝纫学徒加班补助包住包吃；标签：包住 / 包吃 / 加班补助；薪资：4000-8000元/月,未注明,,58同城,2026-09-24 22:04:19,410781,卫辉市,新乡市,2024-2026,58_卫辉市_2024_2026.csv
1192,招聘专员,家装销售营销员,新乡市,其他-封丘,2000.0,4500.0,岗位：家装销售营销员；标签：交通补助 / 话补 / 房补；薪资：2000-4500元/月,未注明,,58同城,2026-09-24 22:04:19,410781,卫辉市,新乡市,2024-2026,58_卫辉市_2024_2026.csv
1193,郝先生,火锅店餐饮学徒2000起,新乡市,其他-封丘,2000.0,3500.0,岗位：火锅店餐饮学徒2000起；标签：经验不限 / 学历不限；薪资：2000-3500元/月,学历不限,,58同城,2026-09-24 22:04:19,410781,卫辉市,新乡市,2024-2026,58_卫辉市_2024_2026.csv
1194,招聘主管,卫辉包吃住装卸工,新乡市,新乡-卫辉,6000.0,7000.0,岗位：卫辉包吃住装卸工；标签：包住 / 包吃；薪资：6000-7000元/月,未注明,,58同城,2026-09-24 22:05:54,410781,卫辉市,新乡市,2024-2026,58_卫辉市_2024_2026.csv
1195,黄女士,卫辉德邦招快递员4-8K免费工服电话卡,新乡市,新乡-卫辉,6000.0,8000.0,岗位：卫辉德邦招快递员4-8K免费工服电话卡；标签：话补；薪资：6000-8000元/月,未注明,,58同城,2026-09-24 22:05:59,410781,卫辉市,新乡市,2024-2026,58_卫辉市_2024_2026.csv
1196,毛先生,顺丰快递员（卫辉-新乡市）,新乡市,新乡-卫辉,5000.0,8000.0,岗位：顺丰快递员（卫辉-新乡市）；标签：饭补 / 加班补助；薪资：5000-8000元/月,未注明,,58同城,2026-09-24 22:05:59,410781,卫辉市,新乡市,2024-2026,58_卫辉市_2024_2026.csv
1197,,恩佳食品销售店·美食 服务区域：红旗、卫辉,新乡市,卫辉市,,,岗位：恩佳食品销售店·美食 服务区域：红旗、卫辉,未注明,,58同城,2026-09-24 22:07:11,410781,卫辉市,新乡市,2024-2026,58_卫辉市_2024_2026.csv
1198,,新乡市新美保洁服务·卫生间除味 服务区域：红旗、牧野、卫滨、辉县、卫辉...,新乡市,卫辉市,,,岗位：新乡市新美保洁服务·卫生间除味 服务区域：红旗、牧野、卫滨、辉县、卫辉...,未注明,,58同城,2026-09-24 22:07:11,410781,卫辉市,新乡市,2024-2026,58_卫辉市_2024_2026.csv
1199,经理,包装工/包装质检包吃包住加班补助,新乡市,新乡-辉县,3500.0,6000.0,岗位：包装工/包装质检包吃包住加班补助；标签：包住 / 包吃 / 加班补助；薪资：3500-6000元/月,未注明,,58同城,2026-09-24 22:07:25,410782,辉县市,新乡市,2024-2026,58_辉县市_2024_2026.csv
1200,经理,鑫盛模具会计五险一金,新乡市,辉县-辉县汽车站,3000.0,5500.0,岗位：鑫盛模具会计五险一金；标签：五险一金 / 包吃 / 加班补助 / 话补；薪资：3000-5500元/月,未注明,,58同城,2026-09-24 22:07:25,410782,辉县市,新乡市,2024-2026,58_辉县市_2024_2026.csv
1201,星星,家天下英迪曼木门衣柜店/... 小程序,新乡市,新乡-辉县,3000.0,8000.0,岗位：家天下英迪曼木门衣柜店/... 小程序；标签：招1人 / 经验1-2年 / 学历不限；薪资：3000-8000元/月,学历不限,1.0,58同城,2026-09-24 22:07:25,410782,辉县市,新乡市,2024-2026,58_辉县市_2024_2026.csv
1202,玫瑰海洋,超市理货员3000起,新乡市,新乡-辉县,3000.0,5000.0,岗位：超市理货员3000起；标签：经验不限 / 学历不限；薪资：3000-5000元/月,学历不限,,58同城,2026-09-24 22:07:25,410782,辉县市,新乡市,2024-2026,58_辉县市_2024_2026.csv
1203,陈女士,SQE质量工程师,新乡市,新乡-辉县,3000.0,5000.0,岗位：SQE质量工程师；标签：包住；薪资：3000-5000元/月,未注明,,58同城,2026-09-24 22:07:25,410782,辉县市,新乡市,2024-2026,58_辉县市_2024_2026.csv
1204,琴弦的冬季,氩弧焊工,新乡市,新乡-辉县,4500.0,8000.0,岗位：氩弧焊工；标签：五险一金；薪资：4500-8000元/月,未注明,,58同城,2026-09-24 22:07:25,410782,辉县市,新乡市,2024-2026,58_辉县市_2024_2026.csv
1205,越毅,工厂车间仓库管理,新乡市,新乡-辉县,2000.0,3000.0,岗位：工厂车间仓库管理；标签：招10人 / 经验不限 / 学历高中；薪资：2000-3000元/月,高中,10.0,58同城,2026-09-24 22:07:25,410782,辉县市,新乡市,2024-2026,58_辉县市_2024_2026.csv
1206,秋千小荡荡,生鲜加工,新乡市,新乡-辉县,2500.0,4000.0,岗位：生鲜加工；标签：经验3-5年 / 学历不限；薪资：2500-4000元/月,学历不限,,58同城,2026-09-24 22:07:25,410782,辉县市,新乡市,2024-2026,58_辉县市_2024_2026.csv
1207,招聘专员,CNC/数控操作工包住包吃,新乡市,新乡-辉县,6000.0,7500.0,岗位：CNC/数控操作工包住包吃；标签：包住 / 包吃；薪资：6000-7500元/月,未注明,,58同城,2026-09-24 22:07:25,410782,辉县市,新乡市,2024-2026,58_辉县市_2024_2026.csv
1208,追蝴蝶的孙小美,居家审核员包吃住五险福利完善,新乡市,辉县-瑞城时代广场,5000.0,8000.0,岗位：居家审核员包吃住五险福利完善；标签：五险一金 / 包吃 / 包住 / 周末双休；薪资：5000-8000元/月,未注明,,58同城,2026-09-24 22:07:25,410782,辉县市,新乡市,2024-2026,58_辉县市_2024_2026.csv
1209,赵先生,辉县招CNC/数控木雕操作工包住,新乡市,辉县-辉县汽车站,4000.0,6000.0,岗位：辉县招CNC/数控木雕操作工包住；标签：包住；薪资：4000-6000元/月,未注明,,58同城,2026-09-24 22:07:25,410782,辉县市,新乡市,2024-2026,58_辉县市_2024_2026.csv
1210,陈女士,数控冲床及切割工,新乡市,辉县-辉县汽车站,3500.0,5500.0,岗位：数控冲床及切割工；标签：包住 / 饭补；薪资：3500-5500元/月,未注明,,58同城,2026-09-24 22:07:25,410782,辉县市,新乡市,2024-2026,58_辉县市_2024_2026.csv
1211,漫步在花海中,辉县市宇宸通讯店/游戏代练/3千起,新乡市,辉县-瑞城时代广场,3000.0,5000.0,岗位：辉县市宇宸通讯店/游戏代练/3千起；标签：经验不限 / 学历不限；薪资：3000-5000元/月,学历不限,,58同城,2026-09-24 22:07:25,410782,辉县市,新乡市,2024-2026,58_辉县市_2024_2026.csv
1212,用户98122,中餐厨师,新乡市,新乡-辉县,5000.0,5500.0,岗位：中餐厨师；标签：经验不限 / 学历不限；薪资：5000-5500元/月,学历不限,,58同城,2026-09-24 22:07:25,410782,辉县市,新乡市,2024-2026,58_辉县市_2024_2026.csv
1213,豆女士,商超/企业策划-五险包住,新乡市,辉县-瑞城时代广场,3000.0,4500.0,岗位：商超/企业策划-五险包住；标签：五险 / 包住；薪资：3000-4500元/月,未注明,,58同城,2026-09-24 22:07:25,410782,辉县市,新乡市,2024-2026,58_辉县市_2024_2026.csv
1214,招聘专员,利阳机械CNC/数控操作工包吃五险加班补,新乡市,新乡-辉县,6000.0,10000.0,岗位：利阳机械CNC/数控操作工包吃五险加班补；标签：五险 / 包吃 / 交通补助 / 加班补助；薪资：6000-10000元/月,未注明,,58同城,2026-09-24 22:07:25,410782,辉县市,新乡市,2024-2026,58_辉县市_2024_2026.csv
1215,王文秀,舞蹈艺术培训中心/舞蹈老师/3千起,新乡市,新乡-辉县,3000.0,4500.0,岗位：舞蹈艺术培训中心/舞蹈老师/3千起；标签：经验不限 / 学历大专；薪资：3000-4500元/月,大专,,58同城,2026-09-24 22:07:25,410782,辉县市,新乡市,2024-2026,58_辉县市_2024_2026.csv
1216,米女士,西餐厅经理,新乡市,辉县-瑞城时代广场,4000.0,5000.0,岗位：西餐厅经理；标签：包住 / 包吃；薪资：4000-5000元/月,未注明,,58同城,2026-09-24 22:07:25,410782,辉县市,新乡市,2024-2026,58_辉县市_2024_2026.csv
1217,范经理,欧玛（中国）汽车部件有限公司汽车改装包住,新乡市,新乡-辉县,3500.0,4500.0,岗位：欧玛（中国）汽车部件有限公司汽车改装包住；标签：包住 / 饭补；薪资：3500-4500元/月,未注明,,58同城,2026-09-24 22:07:25,410782,辉县市,新乡市,2024-2026,58_辉县市_2024_2026.csv
1218,赵女士,辉县市铂仕美容馆/美容师/4千起,新乡市,新乡-辉县,4000.0,6000.0,岗位：辉县市铂仕美容馆/美容师/4千起；标签：经验不限 / 学历不限；薪资：4000-6000元/月,学历不限,,58同城,2026-09-24 22:07:25,410782,辉县市,新乡市,2024-2026,58_辉县市_2024_2026.csv
1219,Man,实验室技术员/实验室授权签字人,新乡市,新乡-辉县,5000.0,10000.0,岗位：实验室技术员/实验室授权签字人；标签：五险 / 交通补助 / 加班补助 / 饭补；薪资：5000-10000元/月,未注明,,58同城,2026-09-24 22:07:25,410782,辉县市,新乡市,2024-2026,58_辉县市_2024_2026.csv
1220,高风劲节芦博士I,主持人,新乡市,新乡-辉县,4000.0,6000.0,岗位：主持人；标签：经验不限 / 学历不限；薪资：4000-6000元/月,学历不限,,58同城,2026-09-24 22:07:25,410782,辉县市,新乡市,2024-2026,58_辉县市_2024_2026.csv
1221,招聘专员,诊所口腔医生8000起,新乡市,新乡-辉县,8000.0,23000.0,岗位：诊所口腔医生8000起；标签：经验1-2年 / 学历大专；薪资：8000-23000元/月,大专,,58同城,2026-09-24 22:07:25,410782,辉县市,新乡市,2024-2026,58_辉县市_2024_2026.csv
1222,杨虎,小吃店后厨/免费工服工作餐标高,新乡市,辉县-瑞城时代广场,5000.0,6000.0,岗位：小吃店后厨/免费工服工作餐标高；标签：招1人 / 经验不限 / 学历不限；薪资：5000-6000元/月,学历不限,1.0,58同城,2026-09-24 22:07:25,410782,辉县市,新乡市,2024-2026,58_辉县市_2024_2026.csv
1223,郑女士,1万包吃住招健身教练学徒,新乡市,新乡-辉县,6000.0,13000.0,岗位：1万包吃住招健身教练学徒；标签：包住 / 五险一金 / 包吃；薪资：6000-13000元/月,未注明,,58同城,2026-09-24 22:07:25,410782,辉县市,新乡市,2024-2026,58_辉县市_2024_2026.csv
1224,陈女士,统计,新乡市,新乡-辉县,,,岗位：统计；标签：招2人 / 经验1-2年 / 学历高中；薪资：面议,高中,2.0,58同城,2026-09-24 22:07:25,410782,辉县市,新乡市,2024-2026,58_辉县市_2024_2026.csv
1225,彭浩,眉山贝达建筑劳务有限公司/塔吊指挥包吃加,新乡市,新乡-辉县,5000.0,8000.0,岗位：眉山贝达建筑劳务有限公司/塔吊指挥包吃加；标签：包住 / 包吃 / 加班补助；薪资：5000-8000元/月,未注明,,58同城,2026-09-24 22:07:25,410782,辉县市,新乡市,2024-2026,58_辉县市_2024_2026.csv
1226,Man,实验室技术员,新乡市,新乡-辉县,8000.0,12000.0,岗位：实验室技术员；标签：交通补助 / 周末双休 / 加班补助 / 包吃；薪资：8000-12000元/月,未注明,,58同城,2026-09-24 22:07:25,410782,辉县市,新乡市,2024-2026,58_辉县市_2024_2026.csv
1227,李女士,绿色食品电商急招C本专职司机新能源待遇好,新乡市,新乡-辉县,6500.0,8500.0,岗位：绿色食品电商急招C本专职司机新能源待遇好；标签：五险；薪资：6500-8500元/月,未注明,,58同城,2026-09-24 22:07:25,410782,辉县市,新乡市,2024-2026,58_辉县市_2024_2026.csv
1228,陈女士,急聘喷塑工,新乡市,新乡-辉县,6000.0,7500.0,岗位：急聘喷塑工；标签：饭补 / 包住；薪资：6000-7500元/月,未注明,,58同城,2026-09-24 22:07:25,410782,辉县市,新乡市,2024-2026,58_辉县市_2024_2026.csv
1229,王先生,门窗厂普工/操作工2500起,新乡市,新乡-新乡县,2500.0,7500.0,岗位：门窗厂普工/操作工2500起；标签：经验不限 / 学历不限；薪资：2500-7500元/月,学历不限,,58同城,2026-09-24 22:07:28,410782,辉县市,新乡市,2024-2026,58_辉县市_2024_2026.csv
1230,李女士,富士康直聘普工不压工资 小程序,新乡市,红旗-宝龙广场,7000.0,8000.0,岗位：富士康直聘普工不压工资 小程序；标签：五险一金 / 包住 / 包吃 / 加班补助；薪资：7000-8000元/月,未注明,,58同城,2026-09-24 22:07:28,410782,辉县市,新乡市,2024-2026,58_辉县市_2024_2026.csv
1231,董先生,电竞俱乐部代练/陪玩饭补包住,新乡市,新乡-新乡县,3000.0,5000.0,岗位：电竞俱乐部代练/陪玩饭补包住；标签：包住 / 饭补；薪资：3000-5000元/月,未注明,,58同城,2026-09-24 22:07:28,410782,辉县市,新乡市,2024-2026,58_辉县市_2024_2026.csv
1232,郭老师,抖音运营,新乡市,新乡-新乡县,3000.0,4500.0,岗位：抖音运营；标签：招5人 / 经验不限 / 学历不限；薪资：3000-4500元/月,学历不限,5.0,58同城,2026-09-24 22:07:28,410782,辉县市,新乡市,2024-2026,58_辉县市_2024_2026.csv
1233,王先生,中控保安提供服装被褥包吃住交五险,新乡市,新乡-红旗,4500.0,5000.0,岗位：中控保安提供服装被褥包吃住交五险；标签：五险一金 / 包住 / 包吃 / 年底双薪；薪资：4500-5000元/月,未注明,,58同城,2026-09-24 22:07:28,410782,辉县市,新乡市,2024-2026,58_辉县市_2024_2026.csv
1234,踮脚看云的阿宁,好旺角休闲娱乐馆店员/营业员3500起,新乡市,红旗-宝龙广场,3500.0,6000.0,岗位：好旺角休闲娱乐馆店员/营业员3500起；标签：招1人 / 经验3-5年 / 学历不限；薪资：3500-6000元/月,学历不限,1.0,58同城,2026-09-24 22:07:28,410782,辉县市,新乡市,2024-2026,58_辉县市_2024_2026.csv
1235,华先生,半导体工厂普工正式工月薪8000提供食宿,新乡市,新乡-牧野,5000.0,7000.0,岗位：半导体工厂普工正式工月薪8000提供食宿；标签：五险一金 / 五险 / 包住 / 包吃；薪资：5000-7000元/月,未注明,,58同城,2026-09-24 22:07:28,410782,辉县市,新乡市,2024-2026,58_辉县市_2024_2026.csv
1236,Aluu,洗车工,新乡市,新乡,1000.0,2000.0,岗位：洗车工；标签：包吃；薪资：1000-2000元/月,未注明,,58同城,2026-09-24 22:07:28,410782,辉县市,新乡市,2024-2026,58_辉县市_2024_2026.csv
1237,谭先生,商超/零售店员/营业员2500起,新乡市,牧野-定国湖,2500.0,5000.0,岗位：商超/零售店员/营业员2500起；标签：饭补；薪资：2500-5000元/月,未注明,,58同城,2026-09-24 22:07:28,410782,辉县市,新乡市,2024-2026,58_辉县市_2024_2026.csv
1238,佰网优选,超市店员/营业员2500起,新乡市,新乡-红旗,2500.0,5000.0,岗位：超市店员/营业员2500起；标签：招1人 / 经验不限 / 学历大专；薪资：2500-5000元/月,大专,1.0,58同城,2026-09-24 22:07:28,410782,辉县市,新乡市,2024-2026,58_辉县市_2024_2026.csv
1239,没谱青年,暖暖靓机汇手机配件经营店店员/营业员3千,新乡市,新乡-延津,3000.0,6000.0,岗位：暖暖靓机汇手机配件经营店店员/营业员3千；标签：招1人 / 经验不限 / 学历不限；薪资：3000-6000元/月,学历不限,1.0,58同城,2026-09-24 22:07:28,410782,辉县市,新乡市,2024-2026,58_辉县市_2024_2026.csv
1240,爱赞成的莫师傅,恒馨百货店/电商运营工作时间灵活,新乡市,其他-获嘉,3000.0,7000.0,岗位：恒馨百货店/电商运营工作时间灵活；标签：经验不限 / 学历不限；薪资：3000-7000元/月,学历不限,,58同城,2026-09-24 22:07:28,410782,辉县市,新乡市,2024-2026,58_辉县市_2024_2026.csv
1241,落叶不随风,源鸿电器商行店员/营业员3千起,新乡市,其他-获嘉,3000.0,5000.0,岗位：源鸿电器商行店员/营业员3千起；标签：饭补；薪资：3000-5000元/月,未注明,,58同城,2026-09-24 22:07:28,410782,辉县市,新乡市,2024-2026,58_辉县市_2024_2026.csv
1242,空压机三滤生产厂家,滤芯厂女工,新乡市,新乡-牧野,3000.0,4500.0,岗位：滤芯厂女工；标签：加班补助；薪资：3000-4500元/月,未注明,,58同城,2026-09-24 22:07:28,410782,辉县市,新乡市,2024-2026,58_辉县市_2024_2026.csv
1243,郭保树,促销/导购员2500起,新乡市,新乡-牧野,2500.0,4000.0,岗位：促销/导购员2500起；标签：经验不限 / 学历不限；薪资：2500-4000元/月,学历不限,,58同城,2026-09-24 22:07:28,410782,辉县市,新乡市,2024-2026,58_辉县市_2024_2026.csv
1244,落叶不随风,商超/店员/营业员2500起,新乡市,其他-获嘉,2500.0,5000.0,岗位：商超/店员/营业员2500起；标签：饭补；薪资：2500-5000元/月,未注明,,58同城,2026-09-24 22:07:28,410782,辉县市,新乡市,2024-2026,58_辉县市_2024_2026.csv
1245,用户18246,氩弧焊工,新乡市,其他-其它,6000.0,9000.0,岗位：氩弧焊工；标签：五险一金 / 包住 / 包吃 / 饭补；薪资：6000-9000元/月,未注明,,58同城,2026-09-24 22:07:28,410782,辉县市,新乡市,2024-2026,58_辉县市_2024_2026.csv
1246,我本善良,东成通讯部店员/营业员2.5k起,新乡市,红旗-胖东来,2500.0,5000.0,岗位：东成通讯部店员/营业员2.5k起；标签：经验不限 / 学历不限；薪资：2500-5000元/月,学历不限,,58同城,2026-09-24 22:07:28,410782,辉县市,新乡市,2024-2026,58_辉县市_2024_2026.csv
1247,张,美发师助理,新乡市,红旗-胖东来,2000.0,3000.0,岗位：美发师助理；标签：包住 / 包吃；薪资：2000-3000元/月,未注明,,58同城,2026-09-24 22:07:28,410782,辉县市,新乡市,2024-2026,58_辉县市_2024_2026.csv
1248,郭先生,鲜肉店销售,新乡市,新乡-卫辉,2600.0,3200.0,岗位：鲜肉店销售；标签：周末双休 / 加班补助 / 饭补；薪资：2600-3200元/月,未注明,,58同城,2026-09-24 22:07:28,410782,辉县市,新乡市,2024-2026,58_辉县市_2024_2026.csv
1249,王洋,中餐厨师,新乡市,新乡-卫滨,5000.0,8000.0,岗位：中餐厨师；标签：包住 / 包吃；薪资：5000-8000元/月,未注明,,58同城,2026-09-24 22:07:28,410782,辉县市,新乡市,2024-2026,58_辉县市_2024_2026.csv
1250,招聘专员,采购专员居家办公轻松岗位,新乡市,红旗-宝龙广场,4300.0,4900.0,岗位：采购专员居家办公轻松岗位；标签：五险一金；薪资：4300-4900元/月,未注明,,58同城,2026-09-24 22:07:28,410782,辉县市,新乡市,2024-2026,58_辉县市_2024_2026.csv
1251,爱穿裙子的兔,美甲师,新乡市,红旗-宝龙广场,4000.0,6000.0,岗位：美甲师；标签：经验不限 / 学历不限；薪资：4000-6000元/月,学历不限,,58同城,2026-09-24 22:07:28,410782,辉县市,新乡市,2024-2026,58_辉县市_2024_2026.csv
1252,河南富鑫新材料科技有限公司,视频剪辑/编辑3.5k起,新乡市,红旗-宝龙广场,3500.0,4000.0,岗位：视频剪辑/编辑3.5k起；标签：招1人 / 经验3-5年 / 学历大专；薪资：3500-4000元/月,大专,1.0,58同城,2026-09-24 22:07:28,410782,辉县市,新乡市,2024-2026,58_辉县市_2024_2026.csv
1253,天德汽修,汽车机修学徒,新乡市,牧野-定国湖,2000.0,3000.0,岗位：汽车机修学徒；标签：包住 / 包吃；薪资：2000-3000元/月,未注明,,58同城,2026-09-24 22:07:28,410782,辉县市,新乡市,2024-2026,58_辉县市_2024_2026.csv
1254,捏小脸的温柔,制衣厂缝纫工3k起,新乡市,其他-封丘,3000.0,6000.0,岗位：制衣厂缝纫工3k起；标签：饭补；薪资：3000-6000元/月,未注明,,58同城,2026-09-24 22:07:28,410782,辉县市,新乡市,2024-2026,58_辉县市_2024_2026.csv
1255,闫女士,缝纫工/缝纫学徒加班补助包住包吃,新乡市,其他-原阳,4000.0,8000.0,岗位：缝纫工/缝纫学徒加班补助包住包吃；标签：包住 / 包吃 / 加班补助；薪资：4000-8000元/月,未注明,,58同城,2026-09-24 22:07:28,410782,辉县市,新乡市,2024-2026,58_辉县市_2024_2026.csv
1256,招聘专员,家装销售营销员,新乡市,其他-封丘,2000.0,4500.0,岗位：家装销售营销员；标签：交通补助 / 话补 / 房补；薪资：2000-4500元/月,未注明,,58同城,2026-09-24 22:07:28,410782,辉县市,新乡市,2024-2026,58_辉县市_2024_2026.csv
1257,郝先生,火锅店餐饮学徒2000起,新乡市,其他-封丘,2000.0,3500.0,岗位：火锅店餐饮学徒2000起；标签：经验不限 / 学历不限；薪资：2000-3500元/月,学历不限,,58同城,2026-09-24 22:07:28,410782,辉县市,新乡市,2024-2026,58_辉县市_2024_2026.csv
1258,扎辫子的阿苗,助播/主播助理白/夜班多班次可选,新乡市,新乡-辉县,4000.0,8000.0,岗位：助播/主播助理白/夜班多班次可选；标签：招6人 / 经验不限 / 学历不限；薪资：4000-8000元/月,学历不限,6.0,58同城,2026-09-24 22:08:10,410782,辉县市,新乡市,2024-2026,58_辉县市_2024_2026.csv
1259,用户57446,短视频编剧/3千起,新乡市,新乡-辉县,3000.0,5000.0,岗位：短视频编剧/3千起；标签：招20人 / 经验不限 / 学历大专；薪资：3000-5000元/月,大专,20.0,58同城,2026-09-24 22:08:10,410782,辉县市,新乡市,2024-2026,58_辉县市_2024_2026.csv
1260,巨龙腾飞保老板A,招日用百货送货C证司机,新乡市,新乡-辉县,7000.0,9000.0,岗位：招日用百货送货C证司机；标签：招18人 / 经验不限 / 学历不限；薪资：7000-9000元/月,学历不限,18.0,58同城,2026-09-24 22:08:48,410782,辉县市,新乡市,2024-2026,58_辉县市_2024_2026.csv
1261,张女士,辉县区域招聘骑手月入6000,新乡市,辉县-瑞城时代广场,4000.0,8000.0,岗位：辉县区域招聘骑手月入6000；标签：招20人 / 经验不限 / 学历不限；薪资：4000-8000元/月,学历不限,20.0,58同城,2026-09-24 22:09:09,410782,辉县市,新乡市,2024-2026,58_辉县市_2024_2026.csv
1262,豆女士,商超/企业策划-五险包住 小程序,新乡市,辉县-瑞城时代广场,3000.0,4500.0,岗位：商超/企业策划-五险包住 小程序；标签：五险 / 包住；薪资：3000-4500元/月,未注明,,58同城,2026-09-24 22:09:13,410782,辉县市,新乡市,2024-2026,58_辉县市_2024_2026.csv
1263,跳格子的孩,数据标注/AI训练师,新乡市,新乡-辉县,2000.0,6000.0,岗位：数据标注/AI训练师；标签：招20人 / 经验不限 / 学历大专；薪资：2000-6000元/月,大专,20.0,58同城,2026-09-24 22:09:21,410782,辉县市,新乡市,2024-2026,58_辉县市_2024_2026.csv
1264,刘杰,烫染技师,新乡市,新乡-辉县,2000.0,4000.0,岗位：烫染技师；标签：包吃 / 年底双薪 / 加班补助；薪资：2000-4000元/月,未注明,,58同城,2026-09-24 22:09:53,410782,辉县市,新乡市,2024-2026,58_辉县市_2024_2026.csv
1265,陈跃卫,辉县连锁招美容师5k社保,新乡市,辉县-瑞城时代广场,5000.0,8000.0,岗位：辉县连锁招美容师5k社保；标签：五险一金 / 包住 / 加班补助；薪资：5000-8000元/月,未注明,,58同城,2026-09-24 22:10:03,410782,辉县市,新乡市,2024-2026,58_辉县市_2024_2026.csv
1266,,恩佳食品销售店·外卖 服务区域：辉县、原阳,新乡市,辉县市,,,岗位：恩佳食品销售店·外卖 服务区域：辉县、原阳,未注明,,58同城,2026-09-24 22:10:26,410782,辉县市,新乡市,2024-2026,58_辉县市_2024_2026.csv
1267,,钢结构安装维修·抗震加固 服务区域：红旗、牧野、卫滨、辉县、原阳...,新乡市,辉县市,,,岗位：钢结构安装维修·抗震加固 服务区域：红旗、牧野、卫滨、辉县、原阳...,未注明,,58同城,2026-09-24 22:10:26,410782,辉县市,新乡市,2024-2026,58_辉县市_2024_2026.csv
1268,,长垣县华艺琴行·快餐/团膳 服务区域：红旗、牧野、卫滨、辉县、原阳...,新乡市,辉县市,,,岗位：长垣县华艺琴行·快餐/团膳 服务区域：红旗、牧野、卫滨、辉县、原阳...,未注明,,58同城,2026-09-24 22:10:26,410782,辉县市,新乡市,2024-2026,58_辉县市_2024_2026.csv
1269,,新乡龙邦金属回收·工业物资/金属废料回收 服务区域：红旗、牧野、卫滨、辉县、原阳...,新乡市,辉县市,,,岗位：新乡龙邦金属回收·工业物资/金属废料回收 服务区域：红旗、牧野、卫滨、辉县、原阳...,未注明,,58同城,2026-09-24 22:10:26,410782,辉县市,新乡市,2024-2026,58_辉县市_2024_2026.csv
1270,,章贡区肖肖家小吃店（个体工商户）·快餐/团膳 服务区域：红旗、牧野、卫滨、辉县、原阳...,新乡市,辉县市,,,岗位：章贡区肖肖家小吃店（个体工商户）·快餐/团膳 服务区域：红旗、牧野、卫滨、辉县、原阳...,未注明,,58同城,2026-09-24 22:10:26,410782,辉县市,新乡市,2024-2026,58_辉县市_2024_2026.csv
1271,,章贡区古明飞餐饮店（个体工商户）·外卖 服务区域：红旗、牧野、卫滨、辉县、原阳...,新乡市,辉县市,,,岗位：章贡区古明飞餐饮店（个体工商户）·外卖 服务区域：红旗、牧野、卫滨、辉县、原阳...,未注明,,58同城,2026-09-24 22:10:26,410782,辉县市,新乡市,2024-2026,58_辉县市_2024_2026.csv
1272,,良匠装饰·公装服务 服务区域：红旗、牧野、卫滨、辉县、原阳...,新乡市,辉县市,,,岗位：良匠装饰·公装服务 服务区域：红旗、牧野、卫滨、辉县、原阳...,未注明,,58同城,2026-09-24 22:10:26,410782,辉县市,新乡市,2024-2026,58_辉县市_2024_2026.csv
1273,,新乡电动车换胎补胎换电瓶·汽车维修保养 服务区域：红旗、牧野、卫滨、辉县、原阳...,新乡市,辉县市,,,岗位：新乡电动车换胎补胎换电瓶·汽车维修保养 服务区域：红旗、牧野、卫滨、辉县、原阳...,未注明,,58同城,2026-09-24 22:10:26,410782,辉县市,新乡市,2024-2026,58_辉县市_2024_2026.csv
1274,,安装监控摄像头音响网络·网络布线/维护 服务区域：红旗、牧野、卫滨、辉县、原阳...,新乡市,辉县市,,,岗位：安装监控摄像头音响网络·网络布线/维护 服务区域：红旗、牧野、卫滨、辉县、原阳...,未注明,,58同城,2026-09-24 22:10:26,410782,辉县市,新乡市,2024-2026,58_辉县市_2024_2026.csv
1275,,章贡区海平食品店（个体工商户）·外卖 服务区域：红旗、牧野、卫滨、辉县、原阳...,新乡市,辉县市,,,岗位：章贡区海平食品店（个体工商户）·外卖 服务区域：红旗、牧野、卫滨、辉县、原阳...,未注明,,58同城,2026-09-24 22:10:26,410782,辉县市,新乡市,2024-2026,58_辉县市_2024_2026.csv
1276,,章贡区华购福食品店（个体工商户）·美食 服务区域：红旗、牧野、卫滨、辉县、原阳...,新乡市,辉县市,,,岗位：章贡区华购福食品店（个体工商户）·美食 服务区域：红旗、牧野、卫滨、辉县、原阳...,未注明,,58同城,2026-09-24 22:10:26,410782,辉县市,新乡市,2024-2026,58_辉县市_2024_2026.csv
1277,,盛展文化传媒·礼仪庆典 服务区域：红旗、牧野、卫滨、辉县、原阳...,新乡市,辉县市,,,岗位：盛展文化传媒·礼仪庆典 服务区域：红旗、牧野、卫滨、辉县、原阳...,未注明,,58同城,2026-09-24 22:10:26,410782,辉县市,新乡市,2024-2026,58_辉县市_2024_2026.csv
1278,,南康区永瑞餐饮店（个体工商户）·外卖 服务区域：红旗、牧野、卫滨、辉县、原阳...,新乡市,辉县市,,,岗位：南康区永瑞餐饮店（个体工商户）·外卖 服务区域：红旗、牧野、卫滨、辉县、原阳...,未注明,,58同城,2026-09-24 22:10:26,410782,辉县市,新乡市,2024-2026,58_辉县市_2024_2026.csv
1279,谷女士,保洁,新乡市,蒲西-蒲西,1800.0,2000.0,岗位：保洁；标签：加班补助；薪资：1800-2000元/月,未注明,,58同城,2026-09-25 00:32:57,410783,长垣市,新乡市,2024-2026,58_长垣市_2024_2026.csv
1280,佘女士,淘宝闪购招聘骑手可短期可兼职,新乡市,新乡-长垣县,5000.0,8000.0,岗位：淘宝闪购招聘骑手可短期可兼职；标签：加班补助；薪资：5000-8000元/月,未注明,,58同城,2026-09-25 00:32:57,410783,长垣市,新乡市,2024-2026,58_长垣市_2024_2026.csv
1281,李先生,物业保安可预支包吃住 小程序,新乡市,长垣,4500.0,5000.0,岗位：物业保安可预支包吃住 小程序；标签：五险一金 / 包吃 / 包住 / 年底双薪；薪资：4500-5000元/月,未注明,,58同城,2026-09-25 00:32:57,410783,长垣市,新乡市,2024-2026,58_长垣市_2024_2026.csv
1282,姜女士,急招保安待遇优厚月休可调包吃住稳定上岗,新乡市,长垣,4500.0,5000.0,岗位：急招保安待遇优厚月休可调包吃住稳定上岗；标签：五险一金 / 包吃 / 包住 / 年底双薪；薪资：4500-5000元/月,未注明,,58同城,2026-09-25 00:32:57,410783,长垣市,新乡市,2024-2026,58_长垣市_2024_2026.csv
1283,姚先生,成品调度,新乡市,长垣,4000.0,6000.0,岗位：成品调度；标签：五险一金 / 包住 / 包吃 / 加班补助；薪资：4000-6000元/月,未注明,,58同城,2026-09-25 00:32:57,410783,长垣市,新乡市,2024-2026,58_长垣市_2024_2026.csv
1284,邵先生,急招外卖员,新乡市,新乡-长垣县,8000.0,8500.0,岗位：急招外卖员；标签：加班补助 / 饭补 / 话补 / 房补；薪资：8000-8500元/月,未注明,,58同城,2026-09-25 00:32:57,410783,长垣市,新乡市,2024-2026,58_长垣市_2024_2026.csv
1285,王先生,急招保安待遇优厚包吃住工作轻松稳定环境好,新乡市,长垣,4500.0,5000.0,岗位：急招保安待遇优厚包吃住工作轻松稳定环境好；标签：五险一金 / 包吃 / 包住 / 年底双薪；薪资：4500-5000元/月,未注明,,58同城,2026-09-25 00:32:57,410783,长垣市,新乡市,2024-2026,58_长垣市_2024_2026.csv
1286,朱先生,月薪1万-招健身教练学徒,新乡市,长垣-其他,8000.0,15000.0,岗位：月薪1万-招健身教练学徒；标签：五险一金 / 包住 / 包吃；薪资：8000-15000元/月,未注明,,58同城,2026-09-25 00:32:57,410783,长垣市,新乡市,2024-2026,58_长垣市_2024_2026.csv
1287,姬经理,直播,新乡市,长垣,4500.0,9000.0,岗位：直播；标签：五险一金；薪资：4500-9000元/月,未注明,,58同城,2026-09-25 00:32:57,410783,长垣市,新乡市,2024-2026,58_长垣市_2024_2026.csv
1288,申先生,通信工程公司/通信技术工程师包住,新乡市,长垣县-其他,4500.0,5500.0,岗位：通信工程公司/通信技术工程师包住；标签：包住；薪资：4500-5500元/月,未注明,,58同城,2026-09-25 00:32:57,410783,长垣市,新乡市,2024-2026,58_长垣市_2024_2026.csv
1289,姚先生,英语外贸专员,新乡市,长垣-其他,5000.0,10000.0,岗位：英语外贸专员；标签：包吃 / 包住 / 话补 / 五险一金；薪资：5000-10000元/月,未注明,,58同城,2026-09-25 00:32:57,410783,长垣市,新乡市,2024-2026,58_长垣市_2024_2026.csv
1290,姚先生,生产调度,新乡市,长垣-其他,4000.0,8000.0,岗位：生产调度；标签：包吃 / 包住 / 话补 / 五险一金；薪资：4000-8000元/月,未注明,,58同城,2026-09-25 00:32:57,410783,长垣市,新乡市,2024-2026,58_长垣市_2024_2026.csv
1291,邵先生,重生之在长垣送外卖月入8000上不封顶,新乡市,新乡-长垣县,8000.0,8500.0,岗位：重生之在长垣送外卖月入8000上不封顶；标签：加班补助 / 饭补 / 话补 / 房补；薪资：8000-8500元/月,未注明,,58同城,2026-09-25 00:32:57,410783,长垣市,新乡市,2024-2026,58_长垣市_2024_2026.csv
1292,姬经理,瑞歌传动招聘外圆磨,新乡市,长垣,7000.0,8000.0,岗位：瑞歌传动招聘外圆磨；标签：包住 / 加班补助 / 饭补 / 五险一金；薪资：7000-8000元/月,未注明,,58同城,2026-09-25 00:32:57,410783,长垣市,新乡市,2024-2026,58_长垣市_2024_2026.csv
1293,牛先生,安全管理员,新乡市,长垣,,,岗位：安全管理员；标签：包住 / 加班补助 / 包吃；薪资：面议,未注明,,58同城,2026-09-25 00:32:57,410783,长垣市,新乡市,2024-2026,58_长垣市_2024_2026.csv
1294,招聘专员,电话销售员,新乡市,长垣县-其他,,,岗位：电话销售员；标签：周末双休；薪资：面议,未注明,,58同城,2026-09-25 00:32:57,410783,长垣市,新乡市,2024-2026,58_长垣市_2024_2026.csv
1295,滚来滚去的圆球,新媒体运营,新乡市,蒲东-蒲东,3000.0,9000.0,岗位：新媒体运营；标签：经验1-2年 / 学历不限；薪资：3000-9000元/月,学历不限,,58同城,2026-09-25 00:32:57,410783,长垣市,新乡市,2024-2026,58_长垣市_2024_2026.csv
1296,王先生,在线客服工作时间灵活,新乡市,长垣县-其他,4000.0,9000.0,岗位：在线客服工作时间灵活；标签：经验不限 / 学历不限；薪资：4000-9000元/月,学历不限,,58同城,2026-09-25 00:32:57,410783,长垣市,新乡市,2024-2026,58_长垣市_2024_2026.csv
1297,姚先生,厨师,新乡市,长垣-其他,,,岗位：厨师；标签：包吃 / 包住 / 话补；薪资：面议,未注明,,58同城,2026-09-25 00:32:57,410783,长垣市,新乡市,2024-2026,58_长垣市_2024_2026.csv
1298,后会无期,店员/营业员2600起,新乡市,南蒲-华宇百货,2600.0,3100.0,岗位：店员/营业员2600起；标签：招2人 / 经验不限 / 学历不限；薪资：2600-3100元/月,学历不限,2.0,58同城,2026-09-25 00:32:57,410783,长垣市,新乡市,2024-2026,58_长垣市_2024_2026.csv
1299,招聘专员,电话销售4k起,新乡市,长垣县-其他,4000.0,7500.0,岗位：电话销售4k起；标签：招1人 / 经验不限 / 学历大专；薪资：4000-7500元/月,大专,1.0,58同城,2026-09-25 00:32:57,410783,长垣市,新乡市,2024-2026,58_长垣市_2024_2026.csv
1300,蒋先生,医疗器械销售2.5k起,新乡市,长垣县-其他,2500.0,3000.0,岗位：医疗器械销售2.5k起；标签：经验不限 / 学历大专；薪资：2500-3000元/月,大专,,58同城,2026-09-25 00:32:57,410783,长垣市,新乡市,2024-2026,58_长垣市_2024_2026.csv
1301,张艳,聖太水工机械电话销售5k起,新乡市,其他-宏力大道,5000.0,20000.0,岗位：聖太水工机械电话销售5k起；标签：话补；薪资：5000-20000元/月,未注明,,58同城,2026-09-25 00:32:57,410783,长垣市,新乡市,2024-2026,58_长垣市_2024_2026.csv
1302,姚先生,会所经理,新乡市,长垣,4000.0,8000.0,岗位：会所经理；标签：招1人 / 经验3-5年 / 学历大专；薪资：4000-8000元/月,大专,1.0,58同城,2026-09-25 00:32:57,410783,长垣市,新乡市,2024-2026,58_长垣市_2024_2026.csv
1303,滑先生,美甲师,新乡市,蒲西-蒲西,3000.0,4500.0,岗位：美甲师；标签：经验3-5年 / 学历不限；薪资：3000-4500元/月,学历不限,,58同城,2026-09-25 00:32:57,410783,长垣市,新乡市,2024-2026,58_长垣市_2024_2026.csv
1304,姚先生,大堂经理,新乡市,长垣,4000.0,6000.0,岗位：大堂经理；标签：招1人 / 经验3-5年 / 学历中专；薪资：4000-6000元/月,中专/中技,1.0,58同城,2026-09-25 00:32:57,410783,长垣市,新乡市,2024-2026,58_长垣市_2024_2026.csv
1305,爱欣赏DE游总,下料工五险包住包吃,新乡市,魏庄-魏庄,5000.0,8000.0,岗位：下料工五险包住包吃；标签：五险 / 包住 / 包吃；薪资：5000-8000元/月,未注明,,58同城,2026-09-25 00:32:57,410783,长垣市,新乡市,2024-2026,58_长垣市_2024_2026.csv
1306,经理,河南省蓝天医疗器械有限公司/招标专员/2,新乡市,其他-宏力大道,2000.0,3000.0,岗位：河南省蓝天医疗器械有限公司/招标专员/2；标签：经验1-2年 / 学历大专；薪资：2000-3000元/月,大专,,58同城,2026-09-25 00:32:57,410783,长垣市,新乡市,2024-2026,58_长垣市_2024_2026.csv
1307,阿宁老师,美发助理,新乡市,蒲西-蒲西,1500.0,3000.0,岗位：美发助理；标签：包住 / 包吃；薪资：1500-3000元/月,未注明,,58同城,2026-09-25 00:32:57,410783,长垣市,新乡市,2024-2026,58_长垣市_2024_2026.csv
1308,阿宁老师,发型师五名,新乡市,蒲西-蒲西,5000.0,10000.0,岗位：发型师五名；标签：包住；薪资：5000-10000元/月,未注明,,58同城,2026-09-25 00:32:57,410783,长垣市,新乡市,2024-2026,58_长垣市_2024_2026.csv
1309,毛先生,收派员（整个长垣都招，可就近安排）,新乡市,蒲东-蒲东,5000.0,7000.0,岗位：收派员（整个长垣都招，可就近安排）；标签：招30人 / 经验不限 / 学历高中；薪资：5000-7000元/月,高中,30.0,58同城,2026-09-25 00:33:01,410783,长垣市,新乡市,2024-2026,58_长垣市_2024_2026.csv
1310,河南酷博减震hr,汽车/汽配厂普工/操作工包吃包住,新乡市,南蒲-华宇百货,3000.0,7000.0,岗位：汽车/汽配厂普工/操作工包吃包住；标签：包住 / 包吃；薪资：3000-7000元/月,未注明,,58同城,2026-09-25 00:33:01,410783,长垣市,新乡市,2024-2026,58_长垣市_2024_2026.csv
1311,司经理,车工数控车工 小程序,新乡市,长垣,8000.0,12000.0,岗位：车工数控车工 小程序；标签：包吃 / 包住 / 五险一金；薪资：8000-12000元/月,未注明,,58同城,2026-09-25 00:33:01,410783,长垣市,新乡市,2024-2026,58_长垣市_2024_2026.csv
1312,姚先生,厨师,新乡市,长垣,5000.0,10000.0,岗位：厨师；标签：招1人 / 经验6-7年 / 学历高中；薪资：5000-10000元/月,高中,1.0,58同城,2026-09-25 00:33:01,410783,长垣市,新乡市,2024-2026,58_长垣市_2024_2026.csv
1313,姚先生,门岗,新乡市,长垣-其他,,,岗位：门岗；标签：包吃 / 包住；薪资：面议,未注明,,58同城,2026-09-25 00:33:01,410783,长垣市,新乡市,2024-2026,58_长垣市_2024_2026.csv
1314,王女士,电子厂印刷8500工作轻松简单可预知,新乡市,蒲东-蒲东,8000.0,8500.0,岗位：电子厂印刷8500工作轻松简单可预知；标签：五险一金 / 包住 / 包吃 / 加班补助；薪资：8000-8500元/月,未注明,,58同城,2026-09-25 00:33:01,410783,长垣市,新乡市,2024-2026,58_长垣市_2024_2026.csv
1315,吴女士,耳机厂检测印刷300一天包食宿随走随结,新乡市,长垣,8000.0,8500.0,岗位：耳机厂检测印刷300一天包食宿随走随结；标签：五险一金 / 五险 / 包住 / 包吃；薪资：8000-8500元/月,未注明,,58同城,2026-09-25 00:33:01,410783,长垣市,新乡市,2024-2026,58_长垣市_2024_2026.csv
1316,张先生,电子厂印刷工月8500包吃住可预支,新乡市,南蒲-华宇百货,6500.0,7500.0,岗位：电子厂印刷工月8500包吃住可预支；标签：五险一金 / 包住 / 包吃；薪资：6500-7500元/月,未注明,,58同城,2026-09-25 00:33:01,410783,长垣市,新乡市,2024-2026,58_长垣市_2024_2026.csv
1317,吴先生,电子厂印刷月8500包吃住可预支随走随结,新乡市,魏庄-魏庄,8000.0,8500.0,岗位：电子厂印刷月8500包吃住可预支随走随结；标签：五险一金 / 包住 / 包吃；薪资：8000-8500元/月,未注明,,58同城,2026-09-25 00:33:01,410783,长垣市,新乡市,2024-2026,58_长垣市_2024_2026.csv
1318,爱听歌的赵小萌,网约车司机/5700起,新乡市,长垣,5700.0,5800.0,岗位：网约车司机/5700起；标签：周末双休；薪资：5700-5800元/月,未注明,,58同城,2026-09-25 00:33:01,410783,长垣市,新乡市,2024-2026,58_长垣市_2024_2026.csv
1319,赵女士,技工,新乡市,长垣,5000.0,6500.0,岗位：技工；标签：五险一金 / 包住 / 包吃 / 年底双薪；薪资：5000-6500元/月,未注明,,58同城,2026-09-25 00:33:01,410783,长垣市,新乡市,2024-2026,58_长垣市_2024_2026.csv
1320,宋先生,抖音主播助理，日结，包住不露脸,新乡市,长垣县-蒲西,4500.0,7500.0,岗位：抖音主播助理，日结，包住不露脸；标签：包住 / 交通补助 / 周末双休 / 年底双薪；薪资：4500-7500元/月,未注明,,58同城,2026-09-25 00:33:01,410783,长垣市,新乡市,2024-2026,58_长垣市_2024_2026.csv
1321,单丙静,佳合财税咨询/财会培训讲师年底双薪加班补,新乡市,蒲东-蒲东,3000.0,4500.0,岗位：佳合财税咨询/财会培训讲师年底双薪加班补；标签：五险 / 年底双薪 / 周末双休 / 加班补助；薪资：3000-4500元/月,未注明,,58同城,2026-09-25 00:33:01,410783,长垣市,新乡市,2024-2026,58_长垣市_2024_2026.csv
1322,宋先生,抖音直播中控，包住日结,新乡市,长垣县-蒲西,4500.0,8000.0,岗位：抖音直播中控，包住日结；标签：包吃 / 包住 / 年底双薪 / 周末双休；薪资：4500-8000元/月,未注明,,58同城,2026-09-25 00:33:01,410783,长垣市,新乡市,2024-2026,58_长垣市_2024_2026.csv
1323,闻桂花的人,内容审核优薪福利岗七千保底,新乡市,长垣,6000.0,8000.0,岗位：内容审核优薪福利岗七千保底；标签：五险一金 / 包吃 / 包住 / 年底双薪；薪资：6000-8000元/月,未注明,,58同城,2026-09-25 00:33:01,410783,长垣市,新乡市,2024-2026,58_长垣市_2024_2026.csv
1324,常卫民,急聘短视频运营,新乡市,长垣,3500.0,6000.0,岗位：急聘短视频运营；标签：招2人 / 经验1-2年 / 学历不限；薪资：3500-6000元/月,学历不限,2.0,58同城,2026-09-25 00:33:01,410783,长垣市,新乡市,2024-2026,58_长垣市_2024_2026.csv
1325,河南欣桐医疗器械公司,医院医疗器械销售2500起,新乡市,新乡-长垣县,2500.0,4500.0,岗位：医院医疗器械销售2500起；标签：经验不限 / 学历大专；薪资：2500-4500元/月,大专,,58同城,2026-09-25 00:33:01,410783,长垣市,新乡市,2024-2026,58_长垣市_2024_2026.csv
1326,钓来钓趣,中餐厅水台/杀鱼师傅,新乡市,长垣县-蒲西,2500.0,4500.0,岗位：中餐厅水台/杀鱼师傅；标签：经验不限 / 学历不限；薪资：2500-4500元/月,学历不限,,58同城,2026-09-25 00:33:01,410783,长垣市,新乡市,2024-2026,58_长垣市_2024_2026.csv
1327,37,起重机械公司/施工安全员/5千起,新乡市,长垣县-南蒲,5000.0,8000.0,岗位：起重机械公司/施工安全员/5千起；标签：招1人 / 经验3-5年 / 学历高中；薪资：5000-8000元/月,高中,1.0,58同城,2026-09-25 00:33:01,410783,长垣市,新乡市,2024-2026,58_长垣市_2024_2026.csv
1328,王女士,门窗厂门窗制作3000起,新乡市,魏庄-魏庄,3000.0,4500.0,岗位：门窗厂门窗制作3000起；标签：招1人 / 经验不限 / 学历不限；薪资：3000-4500元/月,学历不限,1.0,58同城,2026-09-25 00:33:01,410783,长垣市,新乡市,2024-2026,58_长垣市_2024_2026.csv
1329,爱欣赏DE游总,磨工/磨床工五险包住包吃,新乡市,魏庄-魏庄,5000.0,8000.0,岗位：磨工/磨床工五险包住包吃；标签：五险 / 包住 / 包吃；薪资：5000-8000元/月,未注明,,58同城,2026-09-25 00:33:01,410783,长垣市,新乡市,2024-2026,58_长垣市_2024_2026.csv
1330,杨女士,药店药剂师3000起,新乡市,长垣县-南蒲,3000.0,5000.0,岗位：药店药剂师3000起；标签：经验1-2年 / 学历高中；薪资：3000-5000元/月,高中,,58同城,2026-09-25 00:33:01,410783,长垣市,新乡市,2024-2026,58_长垣市_2024_2026.csv
1331,吕女士,产品结构设计师,新乡市,长垣,6000.0,10000.0,岗位：产品结构设计师；标签：饭补；薪资：6000-10000元/月,未注明,,58同城,2026-09-25 00:33:01,410783,长垣市,新乡市,2024-2026,58_长垣市_2024_2026.csv
1332,声艺琴行,培训机构吉他老师/2000起,新乡市,长垣县-蒲西,2000.0,4000.0,岗位：培训机构吉他老师/2000起；标签：经验1-2年 / 学历不限；薪资：2000-4000元/月,学历不限,,58同城,2026-09-25 00:33:01,410783,长垣市,新乡市,2024-2026,58_长垣市_2024_2026.csv
1333,成就非凡de娄博士,八达防腐安装集团有限公司/英语翻译/13,新乡市,长垣县-蒲西,13000.0,15000.0,岗位：八达防腐安装集团有限公司/英语翻译/13；标签：经验不限 / 学历不限；薪资：13000-15000元/月,学历不限,,58同城,2026-09-25 00:33:01,410783,长垣市,新乡市,2024-2026,58_长垣市_2024_2026.csv
1334,赵先生,汽车养护轮胎修补技师,新乡市,长垣县-蒲西,3000.0,8000.0,岗位：汽车养护轮胎修补技师；标签：包吃；薪资：3000-8000元/月,未注明,,58同城,2026-09-25 00:33:01,410783,长垣市,新乡市,2024-2026,58_长垣市_2024_2026.csv
1335,,新乡长垣挑靓机手机回收·手机/电脑/数码/办公回收 服务区域：红旗、牧野、卫滨、辉县、原阳...,新乡市,长垣市,,,岗位：新乡长垣挑靓机手机回收·手机/电脑/数码/办公回收 服务区域：红旗、牧野、卫滨、辉县、原阳...,未注明,,58同城,2026-09-25 00:35:42,410783,长垣市,新乡市,2024-2026,58_长垣市_2024_2026.csv
1336,王先生,太极拳老师（主播）,焦作市,焦作-修武,10000.0,12000.0,岗位：太极拳老师（主播）；标签：五险一金 / 包住 / 包吃；薪资：10000-12000元/月,未注明,,58同城,2026-09-24 22:13:29,410821,修武县,焦作市,2024-2026,58_修武县_2024_2026.csv
1337,王先生,短视频拍摄剪辑,焦作市,焦作-修武,3000.0,4500.0,岗位：短视频拍摄剪辑；标签：经验1年以下 / 学历不限；薪资：3000-4500元/月,学历不限,,58同城,2026-09-24 22:13:29,410821,修武县,焦作市,2024-2026,58_修武县_2024_2026.csv
1338,王先生,练功服，太极服带货主播 小程序,焦作市,焦作-修武,4000.0,10000.0,岗位：练功服，太极服带货主播 小程序；标签：五险 / 包住 / 包吃 / 加班补助；薪资：4000-10000元/月,未注明,,58同城,2026-09-24 22:13:29,410821,修武县,焦作市,2024-2026,58_修武县_2024_2026.csv
1339,赵天文,网吧女收银员,焦作市,焦作-修武,2500.0,3000.0,岗位：网吧女收银员；标签：经验不限 / 学历不限；薪资：2500-3000元/月,学历不限,,58同城,2026-09-24 22:13:29,410821,修武县,焦作市,2024-2026,58_修武县_2024_2026.csv
1340,隐型de连老板,河南省腾晨精密机械制造有限公司/成本会计,焦作市,焦作-修武,3000.0,5000.0,岗位：河南省腾晨精密机械制造有限公司/成本会计；标签：五险 / 包住 / 包吃；薪资：3000-5000元/月,未注明,,58同城,2026-09-24 22:13:29,410821,修武县,焦作市,2024-2026,58_修武县_2024_2026.csv
1341,王先生,太极拳康养直播方向主播运营主管,焦作市,焦作-修武,5000.0,15000.0,岗位：太极拳康养直播方向主播运营主管；标签：五险 / 包住 / 包吃；薪资：5000-15000元/月,未注明,,58同城,2026-09-24 22:13:29,410821,修武县,焦作市,2024-2026,58_修武县_2024_2026.csv
1342,0cc3,香阁宴汇餐饮管理有限公司/销售专员包住包,焦作市,焦作-修武,3000.0,10000.0,岗位：香阁宴汇餐饮管理有限公司/销售专员包住包；标签：包住 / 包吃；薪资：3000-10000元/月,未注明,,58同城,2026-09-24 22:13:29,410821,修武县,焦作市,2024-2026,58_修武县_2024_2026.csv
1343,喜欢泡茶的高小壶,电话销售,焦作市,焦作-修武,4000.0,10000.0,岗位：电话销售；标签：经验不限 / 学历不限；薪资：4000-10000元/月,学历不限,,58同城,2026-09-24 22:13:29,410821,修武县,焦作市,2024-2026,58_修武县_2024_2026.csv
1344,_悲伤螺蛳粉,急招门窗安装,焦作市,焦作-修武,3000.0,4500.0,岗位：急招门窗安装；标签：招1人 / 经验不限 / 学历不限；薪资：3000-4500元/月,学历不限,1.0,58同城,2026-09-24 22:13:29,410821,修武县,焦作市,2024-2026,58_修武县_2024_2026.csv
1345,旷达洒脱DE高总,急聘铁路安检地勤上一休一免费食宿五险一金,焦作市,焦作-修武,4000.0,6000.0,岗位：急聘铁路安检地勤上一休一免费食宿五险一金；标签：五险一金 / 包住 / 包吃 / 年底双薪；薪资：4000-6000元/月,未注明,,58同城,2026-09-24 22:13:29,410821,修武县,焦作市,2024-2026,58_修武县_2024_2026.csv
1346,disb831,中餐厅领班/经理5千起,焦作市,焦作-修武,5000.0,7000.0,岗位：中餐厅领班/经理5千起；标签：经验1-2年 / 学历不限；薪资：5000-7000元/月,学历不限,,58同城,2026-09-24 22:13:29,410821,修武县,焦作市,2024-2026,58_修武县_2024_2026.csv
1347,招聘专员,小洲家具店/工程监理/2500起,焦作市,修武-修武城区,2500.0,4500.0,岗位：小洲家具店/工程监理/2500起；标签：招1人 / 经验不限 / 学历大专；薪资：2500-4500元/月,大专,1.0,58同城,2026-09-24 22:13:29,410821,修武县,焦作市,2024-2026,58_修武县_2024_2026.csv
1348,修武美团,业务经理有话补,焦作市,修武-修武城区,3500.0,5000.0,岗位：业务经理有话补；标签：话补；薪资：3500-5000元/月,未注明,,58同城,2026-09-24 22:13:29,410821,修武县,焦作市,2024-2026,58_修武县_2024_2026.csv
1349,招聘专员,网络产品介绍。工作简单，会普通话。,焦作市,焦作-修武,2000.0,3500.0,岗位：网络产品介绍。工作简单，会普通话。；标签：招20人 / 经验不限 / 学历不限；薪资：2000-3500元/月,学历不限,20.0,58同城,2026-09-24 22:13:29,410821,修武县,焦作市,2024-2026,58_修武县_2024_2026.csv
1350,长江牧业,宠物医院/宠物医生包住包吃,焦作市,焦作-修武,3000.0,5000.0,岗位：宠物医院/宠物医生包住包吃；标签：包住 / 包吃；薪资：3000-5000元/月,未注明,,58同城,2026-09-24 22:13:29,410821,修武县,焦作市,2024-2026,58_修武县_2024_2026.csv
1351,孝敬父母的全老板,民宿管家/包住包吃,焦作市,焦作-修武,3000.0,7000.0,岗位：民宿管家/包住包吃；标签：包住 / 包吃；薪资：3000-7000元/月,未注明,,58同城,2026-09-24 22:13:29,410821,修武县,焦作市,2024-2026,58_修武县_2024_2026.csv
1352,薛先生,舞蹈老师,焦作市,焦作-修武,2500.0,4500.0,岗位：舞蹈老师；标签：经验不限 / 学历不限；薪资：2500-4500元/月,学历不限,,58同城,2026-09-24 22:13:29,410821,修武县,焦作市,2024-2026,58_修武县_2024_2026.csv
1353,马经理,社保服务专员推广员,焦作市,焦作-修武,2000.0,20000.0,岗位：社保服务专员推广员；标签：招1人 / 经验不限 / 学历不限；薪资：2000-20000元/月,学历不限,1.0,58同城,2026-09-24 22:13:29,410821,修武县,焦作市,2024-2026,58_修武县_2024_2026.csv
1354,王先生,粮油机械厂CAD设计/制图工作时间灵活,焦作市,焦作-修武,7000.0,10000.0,岗位：粮油机械厂CAD设计/制图工作时间灵活；标签：经验6-7年 / 学历大专；薪资：7000-10000元/月,大专,,58同城,2026-09-24 22:13:29,410821,修武县,焦作市,2024-2026,58_修武县_2024_2026.csv
1355,爱听故事的悠悠,文员电商无需经验待遇好,焦作市,焦作-修武,5000.0,7000.0,岗位：文员电商无需经验待遇好；标签：五险一金 / 包吃 / 包住 / 年底双薪；薪资：5000-7000元/月,未注明,,58同城,2026-09-24 22:13:29,410821,修武县,焦作市,2024-2026,58_修武县_2024_2026.csv
1356,用户12769,焦作市恒沛源贸易有限公司/土建工程师/7,焦作市,焦作-修武,7000.0,10000.0,岗位：焦作市恒沛源贸易有限公司/土建工程师/7；标签：招1人 / 经验不限 / 学历不限；薪资：7000-10000元/月,学历不限,1.0,58同城,2026-09-24 22:13:29,410821,修武县,焦作市,2024-2026,58_修武县_2024_2026.csv
1357,樊双贝,粮食机械工程师,焦作市,焦作-修武,5000.0,6000.0,岗位：粮食机械工程师；标签：招10人 / 经验不限 / 学历本科；薪资：5000-6000元/月,本科,10.0,58同城,2026-09-24 22:13:29,410821,修武县,焦作市,2024-2026,58_修武县_2024_2026.csv
1358,摸小猫的萌萌,中餐厅川湘菜厨师包住空调两人间,焦作市,焦作-修武,5000.0,8000.0,岗位：中餐厅川湘菜厨师包住空调两人间；标签：包住 / 包吃；薪资：5000-8000元/月,未注明,,58同城,2026-09-24 22:13:29,410821,修武县,焦作市,2024-2026,58_修武县_2024_2026.csv
1359,小酷玩具,修武玩具厂诚聘普工,焦作市,焦作-修武,6000.0,8500.0,岗位：修武玩具厂诚聘普工；标签：招1人 / 经验不限 / 学历不限；薪资：6000-8500元/月,学历不限,1.0,58同城,2026-09-24 22:13:29,410821,修武县,焦作市,2024-2026,58_修武县_2024_2026.csv
1360,程女士,小区溜达保安/包吃住/可带手机,焦作市,修武-修武城区,4500.0,5000.0,岗位：小区溜达保安/包吃住/可带手机；标签：五险 / 包住 / 包吃 / 年底双薪；薪资：4500-5000元/月,未注明,,58同城,2026-09-24 22:13:29,410821,修武县,焦作市,2024-2026,58_修武县_2024_2026.csv
1361,徐小姐,生产工艺技术员,焦作市,焦作-修武,4000.0,8000.0,岗位：生产工艺技术员；标签：招38人 / 经验3-5年 / 学历大专；薪资：4000-8000元/月,大专,38.0,58同城,2026-09-24 22:13:29,410821,修武县,焦作市,2024-2026,58_修武县_2024_2026.csv
1362,爱追蝴蝶的高小哥,武陟修武往返焦作各县c证货运司机,焦作市,焦作-修武,6000.0,9000.0,岗位：武陟修武往返焦作各县c证货运司机；标签：招7人 / 经验不限 / 学历不限；薪资：6000-9000元/月,学历不限,7.0,58同城,2026-09-24 22:13:29,410821,修武县,焦作市,2024-2026,58_修武县_2024_2026.csv
1363,刘先生,急招焦作饲料配送C证司机不装卸,焦作市,焦作-修武,6000.0,8000.0,岗位：急招焦作饲料配送C证司机不装卸；标签：包住；薪资：6000-8000元/月,未注明,,58同城,2026-09-24 22:13:29,410821,修武县,焦作市,2024-2026,58_修武县_2024_2026.csv
1364,张女士,后厨包吃包住（政二街）,焦作市,山阳-山阳城区,3500.0,5000.0,岗位：后厨包吃包住（政二街）；标签：包住 / 包吃；薪资：3500-5000元/月,未注明,,58同城,2026-09-24 22:13:37,410821,修武县,焦作市,2024-2026,58_修武县_2024_2026.csv
1365,王先生,中医助理医师,焦作市,马村-马村城区,3500.0,5000.0,岗位：中医助理医师；标签：包住 / 加班补助 / 五险一金 / 交通补助；薪资：3500-5000元/月,未注明,,58同城,2026-09-24 22:13:37,410821,修武县,焦作市,2024-2026,58_修武县_2024_2026.csv
1366,张张,印象酒店/客房服务员/白... 小程序,焦作市,山阳-山阳城区,2500.0,3500.0,岗位：印象酒店/客房服务员/白... 小程序；标签：经验不限 / 学历不限；薪资：2500-3500元/月,学历不限,,58同城,2026-09-24 22:13:37,410821,修武县,焦作市,2024-2026,58_修武县_2024_2026.csv
1367,孔先生,急招保安待遇优厚包吃住工作轻松稳定环境好,焦作市,焦作,4500.0,5000.0,岗位：急招保安待遇优厚包吃住工作轻松稳定环境好；标签：五险一金 / 包吃 / 包住 / 年底双薪；薪资：4500-5000元/月,未注明,,58同城,2026-09-24 22:13:37,410821,修武县,焦作市,2024-2026,58_修武县_2024_2026.csv
1368,夏先生,商场保安招人，工作轻松，环境干净舒适,焦作市,焦作,4500.0,5000.0,岗位：商场保安招人，工作轻松，环境干净舒适；标签：五险一金 / 包吃 / 包住 / 年底双薪；薪资：4500-5000元/月,未注明,,58同城,2026-09-24 22:13:37,410821,修武县,焦作市,2024-2026,58_修武县_2024_2026.csv
1369,康先生,物业保安可预支包吃住,焦作市,焦作,4500.0,5000.0,岗位：物业保安可预支包吃住；标签：五险一金 / 包吃 / 包住 / 年底双薪；薪资：4500-5000元/月,未注明,,58同城,2026-09-24 22:13:37,410821,修武县,焦作市,2024-2026,58_修武县_2024_2026.csv
1370,王先生,临床实习生,焦作市,马村-马村城区,2000.0,3000.0,岗位：临床实习生；标签：包住 / 五险一金 / 加班补助 / 饭补；薪资：2000-3000元/月,未注明,,58同城,2026-09-24 22:13:37,410821,修武县,焦作市,2024-2026,58_修武县_2024_2026.csv
1371,王先生,中药药剂师,焦作市,马村-马村城区,3000.0,4500.0,岗位：中药药剂师；标签：五险一金 / 包住 / 加班补助 / 交通补助；薪资：3000-4500元/月,未注明,,58同城,2026-09-24 22:13:37,410821,修武县,焦作市,2024-2026,58_修武县_2024_2026.csv
1372,杰,洗车工,焦作市,山阳-山阳城区,2000.0,2500.0,岗位：洗车工；标签：包住 / 包吃 / 饭补；薪资：2000-2500元/月,未注明,,58同城,2026-09-24 22:13:37,410821,修武县,焦作市,2024-2026,58_修武县_2024_2026.csv
1373,马先生,二手房屋租赁专员4千起,焦作市,山阳-山阳城区,4000.0,8000.0,岗位：二手房屋租赁专员4千起；标签：招2人 / 经验不限 / 学历不限；薪资：4000-8000元/月,学历不限,2.0,58同城,2026-09-24 22:13:37,410821,修武县,焦作市,2024-2026,58_修武县_2024_2026.csv
1374,曹先生,台球厅娱乐场所店员2500起,焦作市,解放-焦作站,2500.0,4000.0,岗位：台球厅娱乐场所店员2500起；标签：经验不限 / 学历不限；薪资：2500-4000元/月,学历不限,,58同城,2026-09-24 22:13:37,410821,修武县,焦作市,2024-2026,58_修武县_2024_2026.csv
1375,杨先生,急招博爱县饮料啤酒配送不装卸司机C本,焦作市,焦作-博爱,6000.0,8000.0,岗位：急招博爱县饮料啤酒配送不装卸司机C本；标签：包住；薪资：6000-8000元/月,未注明,,58同城,2026-09-24 22:13:37,410821,修武县,焦作市,2024-2026,58_修武县_2024_2026.csv
1376,马先生,置业顾问资,焦作市,解放-解放城区,4000.0,8000.0,岗位：置业顾问资；标签：招2人 / 经验不限 / 学历不限；薪资：4000-8000元/月,学历不限,2.0,58同城,2026-09-24 22:13:37,410821,修武县,焦作市,2024-2026,58_修武县_2024_2026.csv
1377,王先生,零售连锁店门店经理,焦作市,焦作-武陟,3000.0,7000.0,岗位：零售连锁店门店经理；标签：饭补 / 话补；薪资：3000-7000元/月,未注明,,58同城,2026-09-24 22:13:37,410821,修武县,焦作市,2024-2026,58_修武县_2024_2026.csv
1378,田甜,田甜百货经营部电动车/摩托车维修3k起,焦作市,山阳-山阳城区,3000.0,5000.0,岗位：田甜百货经营部电动车/摩托车维修3k起；标签：经验不限 / 学历不限；薪资：3000-5000元/月,学历不限,,58同城,2026-09-24 22:13:37,410821,修武县,焦作市,2024-2026,58_修武县_2024_2026.csv
1379,人事经理,制壳工,焦作市,中站-中站城区,5000.0,8000.0,岗位：制壳工；标签：包住 / 包吃 / 加班补助；薪资：5000-8000元/月,未注明,,58同城,2026-09-24 22:13:37,410821,修武县,焦作市,2024-2026,58_修武县_2024_2026.csv
1380,王先生,中医执业医生,焦作市,马村-马村城区,5000.0,8000.0,岗位：中医执业医生；标签：包住 / 加班补助 / 五险一金 / 年底双薪；薪资：5000-8000元/月,未注明,,58同城,2026-09-24 22:13:37,410821,修武县,焦作市,2024-2026,58_修武县_2024_2026.csv
1381,马先生,不需要开发客户的房产销售高提成,焦作市,山阳-山阳城区,4000.0,12000.0,岗位：不需要开发客户的房产销售高提成；标签：招2人 / 经验不限 / 学历不限；薪资：4000-12000元/月,学历不限,2.0,58同城,2026-09-24 22:13:37,410821,修武县,焦作市,2024-2026,58_修武县_2024_2026.csv
1382,招聘专员,采购专员在家兼职订单处理,焦作市,解放-月季公园,4300.0,5200.0,岗位：采购专员在家兼职订单处理；标签：五险一金；薪资：4300-5200元/月,未注明,,58同城,2026-09-24 22:13:37,410821,修武县,焦作市,2024-2026,58_修武县_2024_2026.csv
1383,时女士,焦作急招汽车配件配送C本司机不装卸长白班,焦作市,焦作,6000.0,8000.0,岗位：焦作急招汽车配件配送C本司机不装卸长白班；标签：包住；薪资：6000-8000元/月,未注明,,58同城,2026-09-24 22:13:37,410821,修武县,焦作市,2024-2026,58_修武县_2024_2026.csv
1384,墨落成白,店员/营业员,焦作市,焦作-武陟,2100.0,4000.0,岗位：店员/营业员；标签：加班补助；薪资：2100-4000元/月,未注明,,58同城,2026-09-24 22:13:37,410821,修武县,焦作市,2024-2026,58_修武县_2024_2026.csv
1385,陈女士,售后客服/手机售后前台客服五险加班补助年,焦作市,山阳-山阳城区,3000.0,8000.0,岗位：售后客服/手机售后前台客服五险加班补助年；标签：加班补助 / 年底双薪 / 五险；薪资：3000-8000元/月,未注明,,58同城,2026-09-24 22:13:37,410821,修武县,焦作市,2024-2026,58_修武县_2024_2026.csv
1386,喜欢彩虹的小小,急招焦作周边配送副食品货运司机,焦作市,焦作,6000.0,8000.0,岗位：急招焦作周边配送副食品货运司机；标签：五险 / 包住 / 加班补助；薪资：6000-8000元/月,未注明,,58同城,2026-09-24 22:13:37,410821,修武县,焦作市,2024-2026,58_修武县_2024_2026.csv
1387,招聘专员,食品店店员/营业员2500起,焦作市,焦作-山阳,2500.0,5000.0,岗位：食品店店员/营业员2500起；标签：经验3-5年 / 学历不限；薪资：2500-5000元/月,学历不限,,58同城,2026-09-24 22:13:37,410821,修武县,焦作市,2024-2026,58_修武县_2024_2026.csv
1388,王先生,行政接待,焦作市,马村-马村城区,3000.0,4500.0,岗位：行政接待；标签：包住 / 加班补助 / 五险一金 / 交通补助；薪资：3000-4500元/月,未注明,,58同城,2026-09-24 22:13:37,410821,修武县,焦作市,2024-2026,58_修武县_2024_2026.csv
1389,她山刺青,生活助理包住包吃,焦作市,焦作-解放,3000.0,4500.0,岗位：生活助理包住包吃；标签：包住 / 包吃；薪资：3000-4500元/月,未注明,,58同城,2026-09-24 22:13:37,410821,修武县,焦作市,2024-2026,58_修武县_2024_2026.csv
1390,A阿威,餐饮收银,焦作市,焦作-解放,2000.0,2500.0,岗位：餐饮收银；标签：包吃；薪资：2000-2500元/月,未注明,,58同城,2026-09-24 22:13:37,410821,修武县,焦作市,2024-2026,58_修武县_2024_2026.csv
1391,李东,修理厂汽车钣金工包住饭补包吃,焦作市,焦作-博爱,5000.0,8000.0,岗位：修理厂汽车钣金工包住饭补包吃；标签：包住 / 包吃 / 加班补助 / 饭补；薪资：5000-8000元/月,未注明,,58同城,2026-09-24 22:13:37,410821,修武县,焦作市,2024-2026,58_修武县_2024_2026.csv
1392,冯女士,卖房业务招聘销售,焦作市,解放-解放城区,3000.0,5000.0,岗位：卖房业务招聘销售；标签：话补 / 加班补助；薪资：3000-5000元/月,未注明,,58同城,2026-09-24 22:13:37,410821,修武县,焦作市,2024-2026,58_修武县_2024_2026.csv
1393,招聘专员,居家运营工作简单上手,焦作市,解放-月季公园,4200.0,5600.0,岗位：居家运营工作简单上手；标签：五险一金；薪资：4200-5600元/月,未注明,,58同城,2026-09-24 22:13:37,410821,修武县,焦作市,2024-2026,58_修武县_2024_2026.csv
1394,孔先生,急招保安待遇优厚包吃住工... 小程序,焦作市,焦作,4500.0,5000.0,岗位：急招保安待遇优厚包吃住工... 小程序；标签：五险一金 / 包吃 / 包住 / 年底双薪；薪资：4500-5000元/月,未注明,,58同城,2026-09-24 22:13:41,410821,修武县,焦作市,2024-2026,58_修武县_2024_2026.csv
1395,张张,印象酒店/客房服务员/白/夜班多班次,焦作市,山阳-山阳城区,2500.0,3500.0,岗位：印象酒店/客房服务员/白/夜班多班次；标签：经验不限 / 学历不限；薪资：2500-3500元/月,学历不限,,58同城,2026-09-24 22:13:41,410821,修武县,焦作市,2024-2026,58_修武县_2024_2026.csv
1396,,修武县川味面馆·租赁 服务区域：榆次、介休、太谷、平遥、灵石...,焦作市,修武县,,,岗位：修武县川味面馆·租赁 服务区域：榆次、介休、太谷、平遥、灵石...,未注明,,58同城,2026-09-24 22:15:57,410821,修武县,焦作市,2024-2026,58_修武县_2024_2026.csv
1397,被风吹歪的伞,急招铁路进站检查员环境好包吃包住五险一金,焦作市,焦作-博爱,4000.0,6000.0,岗位：急招铁路进站检查员环境好包吃包住五险一金；标签：五险一金 / 五险 / 包住 / 包吃；薪资：4000-6000元/月,未注明,,58同城,2026-09-24 22:16:20,410822,博爱县,焦作市,2024-2026,58_博爱县_2024_2026.csv
1398,庞女士,台球厅收银员/前台,焦作市,焦作-博爱,2500.0,3000.0,岗位：台球厅收银员/前台；标签：饭补；薪资：2500-3000元/月,未注明,,58同城,2026-09-24 22:16:20,410822,博爱县,焦作市,2024-2026,58_博爱县_2024_2026.csv
1399,爱鲜生超市,爱鲜生食品销售店收银员2... 小程序,焦作市,焦作-博爱,2000.0,2500.0,岗位：爱鲜生食品销售店收银员2... 小程序；标签：招2人 / 经验不限 / 学历不限；薪资：2000-2500元/月,学历不限,2.0,58同城,2026-09-24 22:16:20,410822,博爱县,焦作市,2024-2026,58_博爱县_2024_2026.csv
1400,爱鲜生超市,爱鲜生食品销售店/收银员/2千起,焦作市,焦作-博爱,2000.0,2500.0,岗位：爱鲜生食品销售店/收银员/2千起；标签：招2人 / 经验不限 / 学历不限；薪资：2000-2500元/月,学历不限,2.0,58同城,2026-09-24 22:16:20,410822,博爱县,焦作市,2024-2026,58_博爱县_2024_2026.csv
1401,张女士,客服专员五险,焦作市,焦作-博爱,3500.0,8000.0,岗位：客服专员五险；标签：五险；薪资：3500-8000元/月,未注明,,58同城,2026-09-24 22:16:20,410822,博爱县,焦作市,2024-2026,58_博爱县_2024_2026.csv
1402,使人信服de聂师傅,急招铁路进站检查员环境好包吃包住五险一金,焦作市,焦作-博爱,4000.0,6000.0,岗位：急招铁路进站检查员环境好包吃包住五险一金；标签：五险一金 / 包住 / 包吃 / 交通补助；薪资：4000-6000元/月,未注明,,58同城,2026-09-24 22:16:20,410822,博爱县,焦作市,2024-2026,58_博爱县_2024_2026.csv
1403,杨先生,急招博爱县饮料啤酒配送不装卸司机C本,焦作市,焦作-博爱,6000.0,8000.0,岗位：急招博爱县饮料啤酒配送不装卸司机C本；标签：包住；薪资：6000-8000元/月,未注明,,58同城,2026-09-24 22:16:20,410822,博爱县,焦作市,2024-2026,58_博爱县_2024_2026.csv
1404,毛毛细雨,商超/销售专员工作时间灵活,焦作市,博爱-博爱城区,2000.0,4500.0,岗位：商超/销售专员工作时间灵活；标签：经验不限 / 学历不限；薪资：2000-4500元/月,学历不限,,58同城,2026-09-24 22:16:20,410822,博爱县,焦作市,2024-2026,58_博爱县_2024_2026.csv
1405,博爱县东兴学校,博爱县东兴学校/高中数学教师/5千起,焦作市,焦作-博爱,5000.0,7000.0,岗位：博爱县东兴学校/高中数学教师/5千起；标签：招1人 / 经验不限 / 学历本科；薪资：5000-7000元/月,本科,1.0,58同城,2026-09-24 22:16:20,410822,博爱县,焦作市,2024-2026,58_博爱县_2024_2026.csv
1406,用户51235,酒水销售代表五险一金,焦作市,博爱-博爱城区,5000.0,10000.0,岗位：酒水销售代表五险一金；标签：五险一金；薪资：5000-10000元/月,未注明,,58同城,2026-09-24 22:16:20,410822,博爱县,焦作市,2024-2026,58_博爱县_2024_2026.csv
1407,能言善辩康博士G,急招铁路进站检查员环境好包吃包住五险一金,焦作市,焦作-博爱,4000.0,6000.0,岗位：急招铁路进站检查员环境好包吃包住五险一金；标签：五险一金 / 五险 / 话补 / 房补；薪资：4000-6000元/月,未注明,,58同城,2026-09-24 22:16:20,410822,博爱县,焦作市,2024-2026,58_博爱县_2024_2026.csv
1408,Cik,宠物护理美容,焦作市,焦作-博爱,2500.0,3500.0,岗位：宠物护理美容；标签：经验不限 / 学历不限；薪资：2500-3500元/月,学历不限,,58同城,2026-09-24 22:16:20,410822,博爱县,焦作市,2024-2026,58_博爱县_2024_2026.csv
1409,李东,修理厂汽车钣金工包住饭补包吃,焦作市,焦作-博爱,5000.0,8000.0,岗位：修理厂汽车钣金工包住饭补包吃；标签：包住 / 包吃 / 加班补助 / 饭补；薪资：5000-8000元/月,未注明,,58同城,2026-09-24 22:16:20,410822,博爱县,焦作市,2024-2026,58_博爱县_2024_2026.csv
1410,苏,餐饮服务员,焦作市,焦作-博爱,,,岗位：餐饮服务员；标签：包吃；薪资：面议,未注明,,58同城,2026-09-24 22:16:20,410822,博爱县,焦作市,2024-2026,58_博爱县_2024_2026.csv
1411,招聘专员,行政主管,焦作市,焦作-博爱,3000.0,5000.0,岗位：行政主管；标签：招31人 / 经验不限 / 学历大专；薪资：3000-5000元/月,大专,31.0,58同城,2026-09-24 22:16:20,410822,博爱县,焦作市,2024-2026,58_博爱县_2024_2026.csv
1412,落叶,食尚轩餐饮饭店/新媒体运营短视频方向/白,焦作市,博爱-博爱城区,5000.0,20000.0,岗位：食尚轩餐饮饭店/新媒体运营短视频方向/白；标签：经验不限 / 学历不限；薪资：5000-20000元/月,学历不限,,58同城,2026-09-24 22:16:20,410822,博爱县,焦作市,2024-2026,58_博爱县_2024_2026.csv
1413,泛泛,牧场养殖年底双薪加班补助包住,焦作市,焦作-博爱,3500.0,8000.0,岗位：牧场养殖年底双薪加班补助包住；标签：包住 / 包吃 / 年底双薪 / 加班补助；薪资：3500-8000元/月,未注明,,58同城,2026-09-24 22:16:20,410822,博爱县,焦作市,2024-2026,58_博爱县_2024_2026.csv
1414,用户68555,工地小工,焦作市,焦作-博爱,6500.0,8000.0,岗位：工地小工；标签：招10人 / 经验不限 / 学历不限；薪资：6500-8000元/月,学历不限,10.0,58同城,2026-09-24 22:16:20,410822,博爱县,焦作市,2024-2026,58_博爱县_2024_2026.csv
1415,画画涂鸦的阿悠,跨境电商全栈开发一人多岗,焦作市,焦作-博爱,4500.0,8000.0,岗位：跨境电商全栈开发一人多岗；标签：招2人 / 经验不限 / 学历不限；薪资：4500-8000元/月,学历不限,2.0,58同城,2026-09-24 22:16:20,410822,博爱县,焦作市,2024-2026,58_博爱县_2024_2026.csv
1416,周总想登山,中国舞舞蹈老师,焦作市,焦作-博爱,3000.0,5000.0,岗位：中国舞舞蹈老师；标签：五险一金 / 加班补助 / 话补；薪资：3000-5000元/月,未注明,,58同城,2026-09-24 22:16:20,410822,博爱县,焦作市,2024-2026,58_博爱县_2024_2026.csv
1417,王经理,急聘铁路安检地勤包吃住五险一金上一休一,焦作市,焦作-博爱,5500.0,6000.0,岗位：急聘铁路安检地勤包吃住五险一金上一休一；标签：五险一金 / 包住 / 包吃 / 年底双薪；薪资：5500-6000元/月,未注明,,58同城,2026-09-24 22:16:20,410822,博爱县,焦作市,2024-2026,58_博爱县_2024_2026.csv
1418,踩着小雨散步,本地直招C1司机不装不卸,焦作市,焦作-博爱,7000.0,8000.0,岗位：本地直招C1司机不装不卸；标签：包住；薪资：7000-8000元/月,未注明,,58同城,2026-09-24 22:16:20,410822,博爱县,焦作市,2024-2026,58_博爱县_2024_2026.csv
1419,爱听故事的悠悠,文员电商无需经验待遇好,焦作市,焦作-博爱,5000.0,7000.0,岗位：文员电商无需经验待遇好；标签：五险一金 / 包吃 / 包住 / 年底双薪；薪资：5000-7000元/月,未注明,,58同城,2026-09-24 22:16:20,410822,博爱县,焦作市,2024-2026,58_博爱县_2024_2026.csv
1420,走路带风的小雀,居家审核简单会电脑260一天,焦作市,博爱-博爱城区,5000.0,8000.0,岗位：居家审核简单会电脑260一天；标签：五险一金 / 包吃 / 包住 / 周末双休；薪资：5000-8000元/月,未注明,,58同城,2026-09-24 22:16:20,410822,博爱县,焦作市,2024-2026,58_博爱县_2024_2026.csv
1421,张女士,门岗保安/有空调/包吃住,焦作市,焦作-博爱,4500.0,5000.0,岗位：门岗保安/有空调/包吃住；标签：五险一金 / 五险 / 包住 / 包吃；薪资：4500-5000元/月,未注明,,58同城,2026-09-24 22:16:20,410822,博爱县,焦作市,2024-2026,58_博爱县_2024_2026.csv
1422,高先生,诚聘铁路安检地勤上一休一免费食宿五险一金,焦作市,焦作-博爱,5500.0,6000.0,岗位：诚聘铁路安检地勤上一休一免费食宿五险一金；标签：五险一金 / 包住 / 包吃 / 年底双薪；薪资：5500-6000元/月,未注明,,58同城,2026-09-24 22:16:20,410822,博爱县,焦作市,2024-2026,58_博爱县_2024_2026.csv
1423,吴先生,急聘铁路安检地勤包吃包住上一休一五险一金,焦作市,焦作-博爱,5500.0,6000.0,岗位：急聘铁路安检地勤包吃包住上一休一五险一金；标签：五险一金 / 加班补助 / 饭补 / 包住；薪资：5500-6000元/月,未注明,,58同城,2026-09-24 22:16:20,410822,博爱县,焦作市,2024-2026,58_博爱县_2024_2026.csv
1424,高学军,建筑装饰公司工程资料员2500起,焦作市,焦作-博爱,2500.0,3000.0,岗位：建筑装饰公司工程资料员2500起；标签：经验不限 / 学历大专；薪资：2500-3000元/月,大专,,58同城,2026-09-24 22:16:20,410822,博爱县,焦作市,2024-2026,58_博爱县_2024_2026.csv
1425,和铁VIP05,列车工作人员上几天休几天五险包食宿,焦作市,焦作-博爱,5500.0,6000.0,岗位：列车工作人员上几天休几天五险包食宿；标签：五险一金 / 五险 / 包住 / 包吃；薪资：5500-6000元/月,未注明,,58同城,2026-09-24 22:16:20,410822,博爱县,焦作市,2024-2026,58_博爱县_2024_2026.csv
1426,踩单车的叮叮,博爱-焦作急招C本司机（不装不卸）,焦作市,焦作-博爱,5000.0,8000.0,岗位：博爱-焦作急招C本司机（不装不卸）；标签：招3人 / 经验不限 / 学历不限；薪资：5000-8000元/月,学历不限,3.0,58同城,2026-09-24 22:16:20,410822,博爱县,焦作市,2024-2026,58_博爱县_2024_2026.csv
1427,张女士,后厨包吃包住（政二街）,焦作市,山阳-山阳城区,3500.0,5000.0,岗位：后厨包吃包住（政二街）；标签：包住 / 包吃；薪资：3500-5000元/月,未注明,,58同城,2026-09-24 22:16:24,410822,博爱县,焦作市,2024-2026,58_博爱县_2024_2026.csv
1428,王先生,中医助理医师,焦作市,马村-马村城区,3500.0,5000.0,岗位：中医助理医师；标签：包住 / 加班补助 / 五险一金 / 交通补助；薪资：3500-5000元/月,未注明,,58同城,2026-09-24 22:16:24,410822,博爱县,焦作市,2024-2026,58_博爱县_2024_2026.csv
1429,孔先生,急招保安待遇优厚包吃住工... 小程序,焦作市,焦作,4500.0,5000.0,岗位：急招保安待遇优厚包吃住工... 小程序；标签：五险一金 / 包吃 / 包住 / 年底双薪；薪资：4500-5000元/月,未注明,,58同城,2026-09-24 22:16:24,410822,博爱县,焦作市,2024-2026,58_博爱县_2024_2026.csv
1430,夏先生,商场保安招人，工作轻松，环境干净舒适,焦作市,焦作,4500.0,5000.0,岗位：商场保安招人，工作轻松，环境干净舒适；标签：五险一金 / 包吃 / 包住 / 年底双薪；薪资：4500-5000元/月,未注明,,58同城,2026-09-24 22:16:24,410822,博爱县,焦作市,2024-2026,58_博爱县_2024_2026.csv
1431,康先生,物业保安可预支包吃住,焦作市,焦作,4500.0,5000.0,岗位：物业保安可预支包吃住；标签：五险一金 / 包吃 / 包住 / 年底双薪；薪资：4500-5000元/月,未注明,,58同城,2026-09-24 22:16:24,410822,博爱县,焦作市,2024-2026,58_博爱县_2024_2026.csv
1432,张张,印象酒店/客房服务员/白/夜班多班次,焦作市,山阳-山阳城区,2500.0,3500.0,岗位：印象酒店/客房服务员/白/夜班多班次；标签：经验不限 / 学历不限；薪资：2500-3500元/月,学历不限,,58同城,2026-09-24 22:16:24,410822,博爱县,焦作市,2024-2026,58_博爱县_2024_2026.csv
1433,王先生,临床实习生,焦作市,马村-马村城区,2000.0,3000.0,岗位：临床实习生；标签：包住 / 五险一金 / 加班补助 / 饭补；薪资：2000-3000元/月,未注明,,58同城,2026-09-24 22:16:24,410822,博爱县,焦作市,2024-2026,58_博爱县_2024_2026.csv
1434,王先生,中药药剂师,焦作市,马村-马村城区,3000.0,4500.0,岗位：中药药剂师；标签：五险一金 / 包住 / 加班补助 / 交通补助；薪资：3000-4500元/月,未注明,,58同城,2026-09-24 22:16:24,410822,博爱县,焦作市,2024-2026,58_博爱县_2024_2026.csv
1435,杰,洗车工,焦作市,山阳-山阳城区,2000.0,2500.0,岗位：洗车工；标签：包住 / 包吃 / 饭补；薪资：2000-2500元/月,未注明,,58同城,2026-09-24 22:16:24,410822,博爱县,焦作市,2024-2026,58_博爱县_2024_2026.csv
1436,马先生,二手房屋租赁专员4千起,焦作市,山阳-山阳城区,4000.0,8000.0,岗位：二手房屋租赁专员4千起；标签：招2人 / 经验不限 / 学历不限；薪资：4000-8000元/月,学历不限,2.0,58同城,2026-09-24 22:16:24,410822,博爱县,焦作市,2024-2026,58_博爱县_2024_2026.csv
1437,曹先生,台球厅娱乐场所店员2500起,焦作市,解放-焦作站,2500.0,4000.0,岗位：台球厅娱乐场所店员2500起；标签：经验不限 / 学历不限；薪资：2500-4000元/月,学历不限,,58同城,2026-09-24 22:16:24,410822,博爱县,焦作市,2024-2026,58_博爱县_2024_2026.csv
1438,马先生,置业顾问资,焦作市,解放-解放城区,4000.0,8000.0,岗位：置业顾问资；标签：招2人 / 经验不限 / 学历不限；薪资：4000-8000元/月,学历不限,2.0,58同城,2026-09-24 22:16:24,410822,博爱县,焦作市,2024-2026,58_博爱县_2024_2026.csv
1439,王先生,零售连锁店门店经理,焦作市,焦作-武陟,3000.0,7000.0,岗位：零售连锁店门店经理；标签：饭补 / 话补；薪资：3000-7000元/月,未注明,,58同城,2026-09-24 22:16:24,410822,博爱县,焦作市,2024-2026,58_博爱县_2024_2026.csv
1440,田甜,田甜百货经营部电动车/摩托车维修3k起,焦作市,山阳-山阳城区,3000.0,5000.0,岗位：田甜百货经营部电动车/摩托车维修3k起；标签：经验不限 / 学历不限；薪资：3000-5000元/月,学历不限,,58同城,2026-09-24 22:16:24,410822,博爱县,焦作市,2024-2026,58_博爱县_2024_2026.csv
1441,人事经理,制壳工,焦作市,中站-中站城区,5000.0,8000.0,岗位：制壳工；标签：包住 / 包吃 / 加班补助；薪资：5000-8000元/月,未注明,,58同城,2026-09-24 22:16:24,410822,博爱县,焦作市,2024-2026,58_博爱县_2024_2026.csv
1442,王先生,中医执业医生,焦作市,马村-马村城区,5000.0,8000.0,岗位：中医执业医生；标签：包住 / 加班补助 / 五险一金 / 年底双薪；薪资：5000-8000元/月,未注明,,58同城,2026-09-24 22:16:24,410822,博爱县,焦作市,2024-2026,58_博爱县_2024_2026.csv
1443,马先生,不需要开发客户的房产销售高提成,焦作市,山阳-山阳城区,4000.0,12000.0,岗位：不需要开发客户的房产销售高提成；标签：招2人 / 经验不限 / 学历不限；薪资：4000-12000元/月,学历不限,2.0,58同城,2026-09-24 22:16:24,410822,博爱县,焦作市,2024-2026,58_博爱县_2024_2026.csv
1444,招聘专员,采购专员在家兼职订单处理,焦作市,解放-月季公园,4300.0,5200.0,岗位：采购专员在家兼职订单处理；标签：五险一金；薪资：4300-5200元/月,未注明,,58同城,2026-09-24 22:16:24,410822,博爱县,焦作市,2024-2026,58_博爱县_2024_2026.csv
1445,时女士,焦作急招汽车配件配送C本司机不装卸长白班,焦作市,焦作,6000.0,8000.0,岗位：焦作急招汽车配件配送C本司机不装卸长白班；标签：包住；薪资：6000-8000元/月,未注明,,58同城,2026-09-24 22:16:24,410822,博爱县,焦作市,2024-2026,58_博爱县_2024_2026.csv
1446,墨落成白,店员/营业员,焦作市,焦作-武陟,2100.0,4000.0,岗位：店员/营业员；标签：加班补助；薪资：2100-4000元/月,未注明,,58同城,2026-09-24 22:16:24,410822,博爱县,焦作市,2024-2026,58_博爱县_2024_2026.csv
1447,陈女士,售后客服/手机售后前台客服五险加班补助年,焦作市,山阳-山阳城区,3000.0,8000.0,岗位：售后客服/手机售后前台客服五险加班补助年；标签：加班补助 / 年底双薪 / 五险；薪资：3000-8000元/月,未注明,,58同城,2026-09-24 22:16:24,410822,博爱县,焦作市,2024-2026,58_博爱县_2024_2026.csv
1448,喜欢彩虹的小小,急招焦作周边配送副食品货运司机,焦作市,焦作,6000.0,8000.0,岗位：急招焦作周边配送副食品货运司机；标签：五险 / 包住 / 加班补助；薪资：6000-8000元/月,未注明,,58同城,2026-09-24 22:16:24,410822,博爱县,焦作市,2024-2026,58_博爱县_2024_2026.csv
1449,王先生,行政接待,焦作市,马村-马村城区,3000.0,4500.0,岗位：行政接待；标签：包住 / 加班补助 / 五险一金 / 交通补助；薪资：3000-4500元/月,未注明,,58同城,2026-09-24 22:16:24,410822,博爱县,焦作市,2024-2026,58_博爱县_2024_2026.csv
1450,招聘专员,食品店店员/营业员2500起,焦作市,焦作-山阳,2500.0,5000.0,岗位：食品店店员/营业员2500起；标签：经验3-5年 / 学历不限；薪资：2500-5000元/月,学历不限,,58同城,2026-09-24 22:16:24,410822,博爱县,焦作市,2024-2026,58_博爱县_2024_2026.csv
1451,她山刺青,生活助理包住包吃,焦作市,焦作-解放,3000.0,4500.0,岗位：生活助理包住包吃；标签：包住 / 包吃；薪资：3000-4500元/月,未注明,,58同城,2026-09-24 22:16:24,410822,博爱县,焦作市,2024-2026,58_博爱县_2024_2026.csv
1452,A阿威,餐饮收银,焦作市,焦作-解放,2000.0,2500.0,岗位：餐饮收银；标签：包吃；薪资：2000-2500元/月,未注明,,58同城,2026-09-24 22:16:24,410822,博爱县,焦作市,2024-2026,58_博爱县_2024_2026.csv
1453,冯女士,卖房业务招聘销售,焦作市,解放-解放城区,3000.0,5000.0,岗位：卖房业务招聘销售；标签：话补 / 加班补助；薪资：3000-5000元/月,未注明,,58同城,2026-09-24 22:16:24,410822,博爱县,焦作市,2024-2026,58_博爱县_2024_2026.csv
1454,招聘专员,居家运营工作简单上手,焦作市,解放-月季公园,4200.0,5600.0,岗位：居家运营工作简单上手；标签：五险一金；薪资：4200-5600元/月,未注明,,58同城,2026-09-24 22:16:24,410822,博爱县,焦作市,2024-2026,58_博爱县_2024_2026.csv
1455,康先生,物业保安可预支包吃住 小程序,焦作市,焦作,4500.0,5000.0,岗位：物业保安可预支包吃住 小程序；标签：五险一金 / 包吃 / 包住 / 年底双薪；薪资：4500-5000元/月,未注明,,58同城,2026-09-24 22:16:36,410822,博爱县,焦作市,2024-2026,58_博爱县_2024_2026.csv
1456,孔先生,急招保安待遇优厚包吃住工作轻松稳定环境好,焦作市,焦作,4500.0,5000.0,岗位：急招保安待遇优厚包吃住工作轻松稳定环境好；标签：五险一金 / 包吃 / 包住 / 年底双薪；薪资：4500-5000元/月,未注明,,58同城,2026-09-24 22:16:36,410822,博爱县,焦作市,2024-2026,58_博爱县_2024_2026.csv
1457,四海汽修专治烧机油,销售顾问,焦作市,焦作-马村,3000.0,7500.0,岗位：销售顾问；标签：经验不限 / 学历不限；薪资：3000-7500元/月,学历不限,,58同城,2026-09-24 22:16:36,410822,博爱县,焦作市,2024-2026,58_博爱县_2024_2026.csv
1458,关于,服务员,焦作市,焦作-武陟,2000.0,4000.0,岗位：服务员；标签：经验不限 / 学历不限；薪资：2000-4000元/月,学历不限,,58同城,2026-09-24 22:19:11,410823,武陟县,焦作市,2024-2026,58_武陟县_2024_2026.csv
1459,小熊泡面日记,小吃店后厨杂工3000起,焦作市,焦作-武陟,3000.0,4000.0,岗位：小吃店后厨杂工3000起；标签：招1人 / 经验不限 / 学历不限；薪资：3000-4000元/月,学历不限,1.0,58同城,2026-09-24 22:19:11,410823,武陟县,焦作市,2024-2026,58_武陟县_2024_2026.csv
1460,Kp,急招包吃包住数控立车工 小程序,焦作市,焦作-武陟,8000.0,12000.0,岗位：急招包吃包住数控立车工 小程序；标签：包住 / 包吃；薪资：8000-12000元/月,未注明,,58同城,2026-09-24 22:19:11,410823,武陟县,焦作市,2024-2026,58_武陟县_2024_2026.csv
1461,马女士,急招武陟饮料配送C1货运不装卸司机,焦作市,焦作-武陟,6000.0,8000.0,岗位：急招武陟饮料配送C1货运不装卸司机；标签：五险 / 包住；薪资：6000-8000元/月,未注明,,58同城,2026-09-24 22:19:11,410823,武陟县,焦作市,2024-2026,58_武陟县_2024_2026.csv
1462,王先生,零售连锁店门店经理,焦作市,焦作-武陟,3000.0,7000.0,岗位：零售连锁店门店经理；标签：饭补 / 话补；薪资：3000-7000元/月,未注明,,58同城,2026-09-24 22:19:11,410823,武陟县,焦作市,2024-2026,58_武陟县_2024_2026.csv
1463,墨落成白,店员/营业员,焦作市,焦作-武陟,2100.0,4000.0,岗位：店员/营业员；标签：加班补助；薪资：2100-4000元/月,未注明,,58同城,2026-09-24 22:19:11,410823,武陟县,焦作市,2024-2026,58_武陟县_2024_2026.csv
1464,用户31803,游戏视频剪辑/编辑3k起,焦作市,焦作-武陟,3000.0,5000.0,岗位：游戏视频剪辑/编辑3k起；标签：经验1年以下 / 学历不限；薪资：3000-5000元/月,学历不限,,58同城,2026-09-24 22:19:11,410823,武陟县,焦作市,2024-2026,58_武陟县_2024_2026.csv
1465,金钱打造气质,/规划师五险,焦作市,焦作-武陟,3500.0,10000.0,岗位：/规划师五险；标签：五险；薪资：3500-10000元/月,未注明,,58同城,2026-09-24 22:19:11,410823,武陟县,焦作市,2024-2026,58_武陟县_2024_2026.csv
1466,陈,机加厂质检员,焦作市,焦作-武陟,4500.0,5500.0,岗位：机加厂质检员；标签：招3人 / 经验1-2年 / 学历中专；薪资：4500-5500元/月,中专/中技,3.0,58同城,2026-09-24 22:19:11,410823,武陟县,焦作市,2024-2026,58_武陟县_2024_2026.csv
1467,刘女士,日结食品包装免费三餐150/天,焦作市,焦作-武陟,6000.0,7000.0,岗位：日结食品包装免费三餐150/天；标签：包吃 / 包住；薪资：6000-7000元/月,未注明,,58同城,2026-09-24 22:19:11,410823,武陟县,焦作市,2024-2026,58_武陟县_2024_2026.csv
1468,陈,急招CNC/数控操作工6000起,焦作市,焦作-武陟,6000.0,8000.0,岗位：急招CNC/数控操作工6000起；标签：招2人 / 经验1-2年 / 学历中专；薪资：6000-8000元/月,中专/中技,2.0,58同城,2026-09-24 22:19:11,410823,武陟县,焦作市,2024-2026,58_武陟县_2024_2026.csv
1469,古先生,卓鑫自动化设备有限公司CNC/数控操作工,焦作市,焦作-武陟,8000.0,12000.0,岗位：卓鑫自动化设备有限公司CNC/数控操作工；标签：经验3-5年 / 学历不限；薪资：8000-12000元/月,学历不限,,58同城,2026-09-24 22:19:11,410823,武陟县,焦作市,2024-2026,58_武陟县_2024_2026.csv
1470,坐在树下数落叶的静静,/服务老师2000起,焦作市,焦作-武陟,2000.0,6000.0,岗位：/服务老师2000起；标签：包吃；薪资：2000-6000元/月,未注明,,58同城,2026-09-24 22:19:11,410823,武陟县,焦作市,2024-2026,58_武陟县_2024_2026.csv
1471,周女士,巡逻保安事少可拿手机可预支,焦作市,焦作-武陟,4500.0,5000.0,岗位：巡逻保安事少可拿手机可预支；标签：五险 / 包住 / 包吃 / 年底双薪；薪资：4500-5000元/月,未注明,,58同城,2026-09-24 22:19:11,410823,武陟县,焦作市,2024-2026,58_武陟县_2024_2026.csv
1472,那些花儿舞蹈教育,舞蹈老师,焦作市,焦作-武陟,3000.0,7000.0,岗位：舞蹈老师；标签：招3人 / 经验不限 / 学历本科；薪资：3000-7000元/月,本科,3.0,58同城,2026-09-24 22:19:11,410823,武陟县,焦作市,2024-2026,58_武陟县_2024_2026.csv
1473,刘先生,焦作武陟 英语外贸业务员 五险一金,焦作市,焦作-武陟,4000.0,8000.0,岗位：焦作武陟 英语外贸业务员 五险一金；标签：招27人 / 经验不限 / 学历大专；薪资：4000-8000元/月,大专,27.0,58同城,2026-09-24 22:19:11,410823,武陟县,焦作市,2024-2026,58_武陟县_2024_2026.csv
1474,程女士,小区清闲保安包吃包住月薪5k,焦作市,武陟-武陟城区,4500.0,5000.0,岗位：小区清闲保安包吃包住月薪5k；标签：五险一金 / 五险 / 包住 / 包吃；薪资：4500-5000元/月,未注明,,58同城,2026-09-24 22:19:11,410823,武陟县,焦作市,2024-2026,58_武陟县_2024_2026.csv
1475,武先生,英雄联盟三角洲游戏代练/陪玩长期稳定6k,焦作市,焦作-武陟,5500.0,7500.0,岗位：英雄联盟三角洲游戏代练/陪玩长期稳定6k；标签：包住 / 年底双薪；薪资：5500-7500元/月,未注明,,58同城,2026-09-24 22:19:11,410823,武陟县,焦作市,2024-2026,58_武陟县_2024_2026.csv
1476,马女士,普工录入管理280天包吃包住,焦作市,焦作-武陟,6500.0,8500.0,岗位：普工录入管理280天包吃包住；标签：五险 / 包住 / 包吃 / 年底双薪；薪资：6500-8500元/月,未注明,,58同城,2026-09-24 22:19:11,410823,武陟县,焦作市,2024-2026,58_武陟县_2024_2026.csv
1477,徐先生,保安/白班保安包吃住5000,焦作市,焦作-武陟,4500.0,5000.0,岗位：保安/白班保安包吃住5000；标签：招100人 / 经验不限 / 学历不限；薪资：4500-5000元/月,学历不限,100.0,58同城,2026-09-24 22:19:11,410823,武陟县,焦作市,2024-2026,58_武陟县_2024_2026.csv
1478,用户10644,河南嘉泽医药有限公司内勤五险,焦作市,焦作-武陟,3000.0,6000.0,岗位：河南嘉泽医药有限公司内勤五险；标签：五险；薪资：3000-6000元/月,未注明,,58同城,2026-09-24 22:19:11,410823,武陟县,焦作市,2024-2026,58_武陟县_2024_2026.csv
1479,武先生,三角洲游戏代练/陪玩不需要露脸稳定6k,焦作市,焦作-武陟,5500.0,7500.0,岗位：三角洲游戏代练/陪玩不需要露脸稳定6k；标签：包住 / 年底双薪；薪资：5500-7500元/月,未注明,,58同城,2026-09-24 22:19:11,410823,武陟县,焦作市,2024-2026,58_武陟县_2024_2026.csv
1480,暴女士,耳机装盒不穿无尘服包吃住260/天可日结,焦作市,焦作-武陟,6500.0,8000.0,岗位：耳机装盒不穿无尘服包吃住260/天可日结；标签：五险一金 / 五险 / 包住 / 包吃；薪资：6500-8000元/月,未注明,,58同城,2026-09-24 22:19:11,410823,武陟县,焦作市,2024-2026,58_武陟县_2024_2026.csv
1481,踩单车的叮叮,武陟蓝天批发市场招不装卸C本司机,焦作市,焦作-武陟,5000.0,8500.0,岗位：武陟蓝天批发市场招不装卸C本司机；标签：招4人 / 经验不限 / 学历不限；薪资：5000-8500元/月,学历不限,4.0,58同城,2026-09-24 22:19:11,410823,武陟县,焦作市,2024-2026,58_武陟县_2024_2026.csv
1482,谢女士,200/天食品厂普工放叉子料包可日结,焦作市,焦作-武陟,6000.0,7500.0,岗位：200/天食品厂普工放叉子料包可日结；标签：招50人 / 经验不限 / 学历不限；薪资：6000-7500元/月,学历不限,50.0,58同城,2026-09-24 22:19:11,410823,武陟县,焦作市,2024-2026,58_武陟县_2024_2026.csv
1483,冉女士,贴标作业普工300一天入职便捷,焦作市,焦作-武陟,7500.0,8000.0,岗位：贴标作业普工300一天入职便捷；标签：五险一金 / 加班补助 / 五险 / 饭补；薪资：7500-8000元/月,未注明,,58同城,2026-09-24 22:19:11,410823,武陟县,焦作市,2024-2026,58_武陟县_2024_2026.csv
1484,彭女士,泡面厂放调料叉子日结工包吃住,焦作市,焦作-武陟,4500.0,5500.0,岗位：泡面厂放调料叉子日结工包吃住；标签：包住 / 包吃；薪资：4500-5500元/月,未注明,,58同城,2026-09-24 22:19:11,410823,武陟县,焦作市,2024-2026,58_武陟县_2024_2026.csv
1485,徐女士,180/天长白班食品包装吃住在厂,焦作市,焦作-武陟,5500.0,7000.0,岗位：180/天长白班食品包装吃住在厂；标签：招1人 / 经验不限 / 学历不限；薪资：5500-7000元/月,学历不限,1.0,58同城,2026-09-24 22:19:11,410823,武陟县,焦作市,2024-2026,58_武陟县_2024_2026.csv
1486,李先生,日结230天好吃的酸汤泡面装箱满月送一箱,焦作市,焦作-武陟,6000.0,7000.0,岗位：日结230天好吃的酸汤泡面装箱满月送一箱；标签：招100人 / 经验不限 / 学历不限；薪资：6000-7000元/月,学历不限,100.0,58同城,2026-09-24 22:19:11,410823,武陟县,焦作市,2024-2026,58_武陟县_2024_2026.csv
1487,钟女士,包4餐包住日结180一天放料包刨工,焦作市,焦作-武陟,4500.0,5500.0,岗位：包4餐包住日结180一天放料包刨工；标签：包住 / 包吃；薪资：4500-5500元/月,未注明,,58同城,2026-09-24 22:19:11,410823,武陟县,焦作市,2024-2026,58_武陟县_2024_2026.csv
1488,张女士,后厨包吃包住（政二街）,焦作市,山阳-山阳城区,3500.0,5000.0,岗位：后厨包吃包住（政二街）；标签：包住 / 包吃；薪资：3500-5000元/月,未注明,,58同城,2026-09-24 22:19:15,410823,武陟县,焦作市,2024-2026,58_武陟县_2024_2026.csv
1489,王先生,中医助理医师,焦作市,马村-马村城区,3500.0,5000.0,岗位：中医助理医师；标签：包住 / 加班补助 / 五险一金 / 交通补助；薪资：3500-5000元/月,未注明,,58同城,2026-09-24 22:19:15,410823,武陟县,焦作市,2024-2026,58_武陟县_2024_2026.csv
1490,孔先生,急招保安待遇优厚包吃住工... 小程序,焦作市,焦作,4500.0,5000.0,岗位：急招保安待遇优厚包吃住工... 小程序；标签：五险一金 / 包吃 / 包住 / 年底双薪；薪资：4500-5000元/月,未注明,,58同城,2026-09-24 22:19:15,410823,武陟县,焦作市,2024-2026,58_武陟县_2024_2026.csv
1491,夏先生,商场保安招人，工作轻松，环境干净舒适,焦作市,焦作,4500.0,5000.0,岗位：商场保安招人，工作轻松，环境干净舒适；标签：五险一金 / 包吃 / 包住 / 年底双薪；薪资：4500-5000元/月,未注明,,58同城,2026-09-24 22:19:15,410823,武陟县,焦作市,2024-2026,58_武陟县_2024_2026.csv
1492,康先生,物业保安可预支包吃住,焦作市,焦作,4500.0,5000.0,岗位：物业保安可预支包吃住；标签：五险一金 / 包吃 / 包住 / 年底双薪；薪资：4500-5000元/月,未注明,,58同城,2026-09-24 22:19:15,410823,武陟县,焦作市,2024-2026,58_武陟县_2024_2026.csv
1493,张张,印象酒店/客房服务员/白/夜班多班次,焦作市,山阳-山阳城区,2500.0,3500.0,岗位：印象酒店/客房服务员/白/夜班多班次；标签：经验不限 / 学历不限；薪资：2500-3500元/月,学历不限,,58同城,2026-09-24 22:19:15,410823,武陟县,焦作市,2024-2026,58_武陟县_2024_2026.csv
1494,王先生,临床实习生,焦作市,马村-马村城区,2000.0,3000.0,岗位：临床实习生；标签：包住 / 五险一金 / 加班补助 / 饭补；薪资：2000-3000元/月,未注明,,58同城,2026-09-24 22:19:15,410823,武陟县,焦作市,2024-2026,58_武陟县_2024_2026.csv
1495,王先生,中药药剂师,焦作市,马村-马村城区,3000.0,4500.0,岗位：中药药剂师；标签：五险一金 / 包住 / 加班补助 / 交通补助；薪资：3000-4500元/月,未注明,,58同城,2026-09-24 22:19:15,410823,武陟县,焦作市,2024-2026,58_武陟县_2024_2026.csv
1496,杰,洗车工,焦作市,山阳-山阳城区,2000.0,2500.0,岗位：洗车工；标签：包住 / 包吃 / 饭补；薪资：2000-2500元/月,未注明,,58同城,2026-09-24 22:19:15,410823,武陟县,焦作市,2024-2026,58_武陟县_2024_2026.csv
1497,马先生,二手房屋租赁专员4千起,焦作市,山阳-山阳城区,4000.0,8000.0,岗位：二手房屋租赁专员4千起；标签：招2人 / 经验不限 / 学历不限；薪资：4000-8000元/月,学历不限,2.0,58同城,2026-09-24 22:19:15,410823,武陟县,焦作市,2024-2026,58_武陟县_2024_2026.csv
1498,曹先生,台球厅娱乐场所店员2500起,焦作市,解放-焦作站,2500.0,4000.0,岗位：台球厅娱乐场所店员2500起；标签：经验不限 / 学历不限；薪资：2500-4000元/月,学历不限,,58同城,2026-09-24 22:19:15,410823,武陟县,焦作市,2024-2026,58_武陟县_2024_2026.csv
1499,马先生,置业顾问资,焦作市,解放-解放城区,4000.0,8000.0,岗位：置业顾问资；标签：招2人 / 经验不限 / 学历不限；薪资：4000-8000元/月,学历不限,2.0,58同城,2026-09-24 22:19:15,410823,武陟县,焦作市,2024-2026,58_武陟县_2024_2026.csv
1500,杨先生,急招博爱县饮料啤酒配送不装卸司机C本,焦作市,焦作-博爱,6000.0,8000.0,岗位：急招博爱县饮料啤酒配送不装卸司机C本；标签：包住；薪资：6000-8000元/月,未注明,,58同城,2026-09-24 22:19:15,410823,武陟县,焦作市,2024-2026,58_武陟县_2024_2026.csv
1501,田甜,田甜百货经营部电动车/摩托车维修3k起,焦作市,山阳-山阳城区,3000.0,5000.0,岗位：田甜百货经营部电动车/摩托车维修3k起；标签：经验不限 / 学历不限；薪资：3000-5000元/月,学历不限,,58同城,2026-09-24 22:19:15,410823,武陟县,焦作市,2024-2026,58_武陟县_2024_2026.csv
1502,人事经理,制壳工,焦作市,中站-中站城区,5000.0,8000.0,岗位：制壳工；标签：包住 / 包吃 / 加班补助；薪资：5000-8000元/月,未注明,,58同城,2026-09-24 22:19:15,410823,武陟县,焦作市,2024-2026,58_武陟县_2024_2026.csv
1503,王先生,中医执业医生,焦作市,马村-马村城区,5000.0,8000.0,岗位：中医执业医生；标签：包住 / 加班补助 / 五险一金 / 年底双薪；薪资：5000-8000元/月,未注明,,58同城,2026-09-24 22:19:15,410823,武陟县,焦作市,2024-2026,58_武陟县_2024_2026.csv
1504,马先生,不需要开发客户的房产销售高提成,焦作市,山阳-山阳城区,4000.0,12000.0,岗位：不需要开发客户的房产销售高提成；标签：招2人 / 经验不限 / 学历不限；薪资：4000-12000元/月,学历不限,2.0,58同城,2026-09-24 22:19:15,410823,武陟县,焦作市,2024-2026,58_武陟县_2024_2026.csv
1505,招聘专员,采购专员在家兼职订单处理,焦作市,解放-月季公园,4300.0,5200.0,岗位：采购专员在家兼职订单处理；标签：五险一金；薪资：4300-5200元/月,未注明,,58同城,2026-09-24 22:19:15,410823,武陟县,焦作市,2024-2026,58_武陟县_2024_2026.csv
1506,时女士,焦作急招汽车配件配送C本司机不装卸长白班,焦作市,焦作,6000.0,8000.0,岗位：焦作急招汽车配件配送C本司机不装卸长白班；标签：包住；薪资：6000-8000元/月,未注明,,58同城,2026-09-24 22:19:15,410823,武陟县,焦作市,2024-2026,58_武陟县_2024_2026.csv
1507,陈女士,售后客服/手机售后前台客服五险加班补助年,焦作市,山阳-山阳城区,3000.0,8000.0,岗位：售后客服/手机售后前台客服五险加班补助年；标签：加班补助 / 年底双薪 / 五险；薪资：3000-8000元/月,未注明,,58同城,2026-09-24 22:19:15,410823,武陟县,焦作市,2024-2026,58_武陟县_2024_2026.csv
1508,喜欢彩虹的小小,急招焦作周边配送副食品货运司机,焦作市,焦作,6000.0,8000.0,岗位：急招焦作周边配送副食品货运司机；标签：五险 / 包住 / 加班补助；薪资：6000-8000元/月,未注明,,58同城,2026-09-24 22:19:15,410823,武陟县,焦作市,2024-2026,58_武陟县_2024_2026.csv
1509,王先生,行政接待,焦作市,马村-马村城区,3000.0,4500.0,岗位：行政接待；标签：包住 / 加班补助 / 五险一金 / 交通补助；薪资：3000-4500元/月,未注明,,58同城,2026-09-24 22:19:15,410823,武陟县,焦作市,2024-2026,58_武陟县_2024_2026.csv
1510,招聘专员,食品店店员/营业员2500起,焦作市,焦作-山阳,2500.0,5000.0,岗位：食品店店员/营业员2500起；标签：经验3-5年 / 学历不限；薪资：2500-5000元/月,学历不限,,58同城,2026-09-24 22:19:15,410823,武陟县,焦作市,2024-2026,58_武陟县_2024_2026.csv
1511,她山刺青,生活助理包住包吃,焦作市,焦作-解放,3000.0,4500.0,岗位：生活助理包住包吃；标签：包住 / 包吃；薪资：3000-4500元/月,未注明,,58同城,2026-09-24 22:19:15,410823,武陟县,焦作市,2024-2026,58_武陟县_2024_2026.csv
1512,A阿威,餐饮收银,焦作市,焦作-解放,2000.0,2500.0,岗位：餐饮收银；标签：包吃；薪资：2000-2500元/月,未注明,,58同城,2026-09-24 22:19:15,410823,武陟县,焦作市,2024-2026,58_武陟县_2024_2026.csv
1513,李东,修理厂汽车钣金工包住饭补包吃,焦作市,焦作-博爱,5000.0,8000.0,岗位：修理厂汽车钣金工包住饭补包吃；标签：包住 / 包吃 / 加班补助 / 饭补；薪资：5000-8000元/月,未注明,,58同城,2026-09-24 22:19:15,410823,武陟县,焦作市,2024-2026,58_武陟县_2024_2026.csv
1514,冯女士,卖房业务招聘销售,焦作市,解放-解放城区,3000.0,5000.0,岗位：卖房业务招聘销售；标签：话补 / 加班补助；薪资：3000-5000元/月,未注明,,58同城,2026-09-24 22:19:15,410823,武陟县,焦作市,2024-2026,58_武陟县_2024_2026.csv
1515,招聘专员,居家运营工作简单上手,焦作市,解放-月季公园,4200.0,5600.0,岗位：居家运营工作简单上手；标签：五险一金；薪资：4200-5600元/月,未注明,,58同城,2026-09-24 22:19:15,410823,武陟县,焦作市,2024-2026,58_武陟县_2024_2026.csv
1516,,武陟县老铁机械设备租赁部·租赁 服务区域：榆次、介休、太谷、平遥、灵石...,焦作市,武陟县,,,岗位：武陟县老铁机械设备租赁部·租赁 服务区域：榆次、介休、太谷、平遥、灵石...,未注明,,58同城,2026-09-24 22:21:36,410823,武陟县,焦作市,2024-2026,58_武陟县_2024_2026.csv
1517,白先生,急招温县本地生鲜配送货车司机待遇从优,焦作市,温县,7500.0,8000.0,岗位：急招温县本地生鲜配送货车司机待遇从优；标签：五险一金 / 包吃 / 包住；薪资：7500-8000元/月,未注明,,58同城,2026-09-24 22:21:56,410825,温县,焦作市,2024-2026,58_温县_2024_2026.csv
1518,品鸿供应链06,（温县）往返专线C证货运司机,焦作市,温县,6500.0,7900.0,岗位：（温县）往返专线C证货运司机；标签：交通补助；薪资：6500-7900元/月,未注明,,58同城,2026-09-24 22:21:56,410825,温县,焦作市,2024-2026,58_温县_2024_2026.csv
1519,书亦烧仙草慈盛里店,温县草木甜饮品店/奶茶/... 小程序,焦作市,温县-温县城区,2200.0,3000.0,岗位：温县草木甜饮品店/奶茶/... 小程序；标签：招3人 / 经验不限 / 学历不限；薪资：2200-3000元/月,学历不限,3.0,58同城,2026-09-24 22:21:56,410825,温县,焦作市,2024-2026,58_温县_2024_2026.csv
1520,王女士,线上居家语聊厅主播不露脸无需经验11,焦作市,温县,3000.0,5000.0,岗位：线上居家语聊厅主播不露脸无需经验11；标签：招6人 / 经验不限 / 学历不限；薪资：3000-5000元/月,学历不限,6.0,58同城,2026-09-24 22:21:56,410825,温县,焦作市,2024-2026,58_温县_2024_2026.csv
1521,王女士,线上居家语聊厅主播不露脸无需经验8,焦作市,温县,5000.0,8000.0,岗位：线上居家语聊厅主播不露脸无需经验8；标签：招5人 / 经验不限 / 学历不限；薪资：5000-8000元/月,学历不限,5.0,58同城,2026-09-24 22:21:56,410825,温县,焦作市,2024-2026,58_温县_2024_2026.csv
1522,王女士,线上居家语聊厅主播不露脸无需经验3,焦作市,温县,5000.0,8000.0,岗位：线上居家语聊厅主播不露脸无需经验3；标签：招6人 / 经验不限 / 学历不限；薪资：5000-8000元/月,学历不限,6.0,58同城,2026-09-24 22:21:56,410825,温县,焦作市,2024-2026,58_温县_2024_2026.csv
1523,徐先生,火锅店服务员3000起,焦作市,温县-温县城区,3000.0,3500.0,岗位：火锅店服务员3000起；标签：经验不限 / 学历不限；薪资：3000-3500元/月,学历不限,,58同城,2026-09-24 22:21:56,410825,温县,焦作市,2024-2026,58_温县_2024_2026.csv
1524,招聘专员,收银员,焦作市,温县城区-温县市区,2700.0,3500.0,岗位：收银员；标签：招3人 / 经验不限 / 学历高中；薪资：2700-3500元/月,高中,3.0,58同城,2026-09-24 22:21:56,410825,温县,焦作市,2024-2026,58_温县_2024_2026.csv
1525,王女士,线上居家语聊厅主播不露脸无需经验,焦作市,温县,5000.0,8000.0,岗位：线上居家语聊厅主播不露脸无需经验；标签：招6人 / 经验不限 / 学历不限；薪资：5000-8000元/月,学历不限,6.0,58同城,2026-09-24 22:21:56,410825,温县,焦作市,2024-2026,58_温县_2024_2026.csv
1526,手账记录者,叁角洲陪练接单，线上兼职，居家可做,焦作市,温县,4000.0,5000.0,岗位：叁角洲陪练接单，线上兼职，居家可做；标签：五险一金 / 包吃 / 包住 / 年底双薪；薪资：4000-5000元/月,未注明,,58同城,2026-09-24 22:21:56,410825,温县,焦作市,2024-2026,58_温县_2024_2026.csv
1527,用户46690,服务员,焦作市,温县城区-温县市区,2500.0,3000.0,岗位：服务员；标签：经验不限 / 学历不限；薪资：2500-3000元/月,学历不限,,58同城,2026-09-24 22:21:56,410825,温县,焦作市,2024-2026,58_温县_2024_2026.csv
1528,丰唐HR,CNC操作技师,焦作市,温县-其他,4000.0,8000.0,岗位：CNC操作技师；标签：五险一金 / 包吃；薪资：4000-8000元/月,未注明,,58同城,2026-09-24 22:21:56,410825,温县,焦作市,2024-2026,58_温县_2024_2026.csv
1529,刘经理,温县煜豪食品店/门店店长/2500千起,焦作市,温县-温县城区,3000.0,5000.0,岗位：温县煜豪食品店/门店店长/2500千起；标签：招2人 / 经验不限 / 学历不限；薪资：3000-5000元/月,学历不限,2.0,58同城,2026-09-24 22:21:56,410825,温县,焦作市,2024-2026,58_温县_2024_2026.csv
1530,放手放過自己,营业员,焦作市,温县-温县城区,2500.0,3000.0,岗位：营业员；标签：招2人 / 经验不限 / 学历不限；薪资：2500-3000元/月,学历不限,2.0,58同城,2026-09-24 22:21:56,410825,温县,焦作市,2024-2026,58_温县_2024_2026.csv
1531,葛会军,CNC/数控车床操作工,焦作市,温县-其他,9000.0,12000.0,岗位：CNC/数控车床操作工；标签：五险 / 包住 / 包吃；薪资：9000-12000元/月,未注明,,58同城,2026-09-24 22:21:56,410825,温县,焦作市,2024-2026,58_温县_2024_2026.csv
1532,听歌入迷的阿晴,饮品店奶茶/饮品师2000起,焦作市,温县-温县城区,2000.0,3000.0,岗位：饮品店奶茶/饮品师2000起；标签：经验不限 / 学历不限；薪资：2000-3000元/月,学历不限,,58同城,2026-09-24 22:21:56,410825,温县,焦作市,2024-2026,58_温县_2024_2026.csv
1533,喜欢追小风的悠悠,居家审核员作息轻松月薪六千,焦作市,温县-温县城区,5000.0,8000.0,岗位：居家审核员作息轻松月薪六千；标签：五险一金 / 包吃 / 包住 / 周末双休；薪资：5000-8000元/月,未注明,,58同城,2026-09-24 22:21:56,410825,温县,焦作市,2024-2026,58_温县_2024_2026.csv
1534,王艳,温县翠鸣服饰店导购2500起,焦作市,温县城区-温县市区,2500.0,4500.0,岗位：温县翠鸣服饰店导购2500起；标签：经验1-2年 / 学历不限；薪资：2500-4500元/月,学历不限,,58同城,2026-09-24 22:21:56,410825,温县,焦作市,2024-2026,58_温县_2024_2026.csv
1535,杨女士,直招司机包住宿,焦作市,温县,5000.0,6000.0,岗位：直招司机包住宿；标签：五险一金 / 五险 / 包住 / 包吃；薪资：5000-6000元/月,未注明,,58同城,2026-09-24 22:21:56,410825,温县,焦作市,2024-2026,58_温县_2024_2026.csv
1536,丰唐HR,机械设计工程师,焦作市,温县-其他,10000.0,20000.0,岗位：机械设计工程师；标签：五险一金 / 包吃；薪资：10000-20000元/月,未注明,,58同城,2026-09-24 22:21:56,410825,温县,焦作市,2024-2026,58_温县_2024_2026.csv
1537,好先生家居,好先生家居/室内设计包吃包住,焦作市,温县,5000.0,8000.0,岗位：好先生家居/室内设计包吃包住；标签：包住 / 包吃；薪资：5000-8000元/月,未注明,,58同城,2026-09-24 22:21:56,410825,温县,焦作市,2024-2026,58_温县_2024_2026.csv
1538,9f8kn8,酒店/酒店管理/白/夜班多班次可选,焦作市,其他-温县其他,3000.0,5000.0,岗位：酒店/酒店管理/白/夜班多班次可选；标签：经验1-2年 / 学历不限；薪资：3000-5000元/月,学历不限,,58同城,2026-09-24 22:21:56,410825,温县,焦作市,2024-2026,58_温县_2024_2026.csv
1539,热忱de宇总,平面设计/美术设计加班补助包住包吃,焦作市,温县-其他,3500.0,5500.0,岗位：平面设计/美术设计加班补助包住包吃；标签：包住 / 包吃 / 加班补助；薪资：3500-5500元/月,未注明,,58同城,2026-09-24 22:21:56,410825,温县,焦作市,2024-2026,58_温县_2024_2026.csv
1540,仰望星空的梦,居家审核员早九晚五薪资6000,焦作市,温县-其他,5000.0,8000.0,岗位：居家审核员早九晚五薪资6000；标签：五险一金 / 包吃 / 包住 / 周末双休；薪资：5000-8000元/月,未注明,,58同城,2026-09-24 22:21:56,410825,温县,焦作市,2024-2026,58_温县_2024_2026.csv
1541,万女士,诚聘武陟铁路安检地勤人员五险一金上一休一,焦作市,焦作-温县,5000.0,6000.0,岗位：诚聘武陟铁路安检地勤人员五险一金上一休一；标签：五险一金 / 包住 / 包吃 / 年底双薪；薪资：5000-6000元/月,未注明,,58同城,2026-09-24 22:21:56,410825,温县,焦作市,2024-2026,58_温县_2024_2026.csv
1542,丰唐HR,普工/操作工,焦作市,温县-其他,3000.0,5000.0,岗位：普工/操作工；标签：五险一金 / 包吃；薪资：3000-5000元/月,未注明,,58同城,2026-09-24 22:21:56,410825,温县,焦作市,2024-2026,58_温县_2024_2026.csv
1543,任经理,舞台剧编剧,焦作市,温县,,,岗位：舞台剧编剧；标签：招2人 / 经验不限 / 学历本科；薪资：面议,本科,2.0,58同城,2026-09-24 22:21:56,410825,温县,焦作市,2024-2026,58_温县_2024_2026.csv
1544,亲善DE苟博士,服饰商店/IT技术支持/学历不限,焦作市,温县城区-温县市区,2500.0,4500.0,岗位：服饰商店/IT技术支持/学历不限；标签：年底双薪；薪资：2500-4500元/月,未注明,,58同城,2026-09-24 22:21:56,410825,温县,焦作市,2024-2026,58_温县_2024_2026.csv
1545,最爱小鱼的萌萌,居家审核员简单电脑操作月薪6000,焦作市,温县-其他,5000.0,8000.0,岗位：居家审核员简单电脑操作月薪6000；标签：五险一金 / 包吃 / 包住 / 周末双休；薪资：5000-8000元/月,未注明,,58同城,2026-09-24 22:21:56,410825,温县,焦作市,2024-2026,58_温县_2024_2026.csv
1546,郑东,机械设计工程师,焦作市,温县-温县城区,10000.0,15000.0,岗位：机械设计工程师；标签：招13人 / 经验6-7年 / 学历本科；薪资：10000-15000元/月,本科,13.0,58同城,2026-09-24 22:21:56,410825,温县,焦作市,2024-2026,58_温县_2024_2026.csv
1547,李女士,小厂普工招人300一天免费包吃住0元入职,焦作市,沁阳,8000.0,8500.0,岗位：小厂普工招人300一天免费包吃住0元入职；标签：五险一金 / 五险 / 包住 / 包吃；薪资：8000-8500元/月,未注明,,58同城,2026-09-24 22:24:46,410882,沁阳市,焦作市,2024-2026,58_沁阳市_2024_2026.csv
1548,波力海苔,网吧网管2000起,焦作市,沁阳-沁阳城区,2000.0,3000.0,岗位：网吧网管2000起；标签：经验不限 / 学历不限；薪资：2000-3000元/月,学历不限,,58同城,2026-09-24 22:24:46,410882,沁阳市,焦作市,2024-2026,58_沁阳市_2024_2026.csv
1549,周先生,KTV/酒吧服务员/25... 小程序,焦作市,沁阳-沁阳城区,2500.0,3000.0,岗位：KTV/酒吧服务员/25... 小程序；标签：招8人 / 经验不限 / 学历不限；薪资：2500-3000元/月,学历不限,8.0,58同城,2026-09-24 22:24:46,410882,沁阳市,焦作市,2024-2026,58_沁阳市_2024_2026.csv
1550,肖先生,电子厂手机质检包吃住不体检不穿无尘30/,焦作市,沁阳,7500.0,8500.0,岗位：电子厂手机质检包吃住不体检不穿无尘30/；标签：五险一金 / 交通补助 / 包住 / 饭补；薪资：7500-8500元/月,未注明,,58同城,2026-09-24 22:24:46,410882,沁阳市,焦作市,2024-2026,58_沁阳市_2024_2026.csv
1551,黄女士,无夜班药厂技工300一天日结贴标签包吃住,焦作市,沁阳,9000.0,11000.0,岗位：无夜班药厂技工300一天日结贴标签包吃住；标签：五险一金 / 五险 / 包住 / 包吃；薪资：9000-11000元/月,未注明,,58同城,2026-09-24 22:24:46,410882,沁阳市,焦作市,2024-2026,58_沁阳市_2024_2026.csv
1552,彭女士,急招焦作生活用品配送不装卸新能源小车司机,焦作市,焦作-沁阳,6000.0,8500.0,岗位：急招焦作生活用品配送不装卸新能源小车司机；标签：饭补 / 加班补助 / 交通补助 / 年底双薪；薪资：6000-8500元/月,未注明,,58同城,2026-09-24 22:24:46,410882,沁阳市,焦作市,2024-2026,58_沁阳市_2024_2026.csv
1553,喜欢散步的阿花,质检员上班转一转280一天,焦作市,沁阳,6000.0,8000.0,岗位：质检员上班转一转280一天；标签：五险一金 / 包吃 / 包住 / 年底双薪；薪资：6000-8000元/月,未注明,,58同城,2026-09-24 22:24:46,410882,沁阳市,焦作市,2024-2026,58_沁阳市_2024_2026.csv
1554,朱女士,电子厂质量检测员包吃住长白班300一天,焦作市,沁阳,7500.0,8000.0,岗位：电子厂质量检测员包吃住长白班300一天；标签：五险一金 / 包住 / 包吃 / 交通补助；薪资：7500-8000元/月,未注明,,58同城,2026-09-24 22:24:46,410882,沁阳市,焦作市,2024-2026,58_沁阳市_2024_2026.csv
1555,李先生,QC质检员/7-9千不体检包吃住,焦作市,沁阳,7500.0,9000.0,岗位：QC质检员/7-9千不体检包吃住；标签：五险一金 / 五险 / 饭补 / 加班补助；薪资：7500-9000元/月,未注明,,58同城,2026-09-24 22:24:46,410882,沁阳市,焦作市,2024-2026,58_沁阳市_2024_2026.csv
1556,刘先生,丝袜厂丝印工300/天长白班包吃住活轻松,焦作市,沁阳,8100.0,8200.0,岗位：丝袜厂丝印工300/天长白班包吃住活轻松；标签：五险一金 / 包住 / 包吃；薪资：8100-8200元/月,未注明,,58同城,2026-09-24 22:24:46,410882,沁阳市,焦作市,2024-2026,58_沁阳市_2024_2026.csv
1557,黄女士,小电器长白班/普工包吃住28/时,焦作市,沁阳,7500.0,8000.0,岗位：小电器长白班/普工包吃住28/时；标签：五险一金 / 交通补助 / 加班补助 / 五险；薪资：7500-8000元/月,未注明,,58同城,2026-09-24 22:24:46,410882,沁阳市,焦作市,2024-2026,58_沁阳市_2024_2026.csv
1558,摘星星的点点,质检员上班转一转280一天,焦作市,沁阳,6000.0,8000.0,岗位：质检员上班转一转280一天；标签：五险一金 / 包吃 / 包住 / 年底双薪；薪资：6000-8000元/月,未注明,,58同城,2026-09-24 22:24:46,410882,沁阳市,焦作市,2024-2026,58_沁阳市_2024_2026.csv
1559,蒋女士,销售经理,焦作市,沁阳-其他,4000.0,7000.0,岗位：销售经理；标签：招1人 / 经验3-5年 / 学历大专；薪资：4000-7000元/月,大专,1.0,58同城,2026-09-24 22:24:46,410882,沁阳市,焦作市,2024-2026,58_沁阳市_2024_2026.csv
1560,龚女士,班车司机五险周结包住,焦作市,沁阳,5500.0,6000.0,岗位：班车司机五险周结包住；标签：五险一金 / 五险 / 包住；薪资：5500-6000元/月,未注明,,58同城,2026-09-24 22:24:46,410882,沁阳市,焦作市,2024-2026,58_沁阳市_2024_2026.csv
1561,用户26092,销售专员五险,焦作市,沁阳-沁阳城区,2000.0,4000.0,岗位：销售专员五险；标签：五险；薪资：2000-4000元/月,未注明,,58同城,2026-09-24 22:24:46,410882,沁阳市,焦作市,2024-2026,58_沁阳市_2024_2026.csv
1562,许先生,小孩玩具质检员360一天招满为止,焦作市,沁阳,7500.0,9000.0,岗位：小孩玩具质检员360一天招满为止；标签：五险一金 / 包住 / 包吃；薪资：7500-9000元/月,未注明,,58同城,2026-09-24 22:24:46,410882,沁阳市,焦作市,2024-2026,58_沁阳市_2024_2026.csv
1563,陈女士,空调安装工/工作时间灵活,焦作市,沁阳-其他,4500.0,7500.0,岗位：空调安装工/工作时间灵活；标签：交通补助 / 加班补助；薪资：4500-7500元/月,未注明,,58同城,2026-09-24 22:24:46,410882,沁阳市,焦作市,2024-2026,58_沁阳市_2024_2026.csv
1564,就叫我坏人吧,洁洁餐饮饭店/服务员/2500起,焦作市,沁阳-沁阳城区,2500.0,4500.0,岗位：洁洁餐饮饭店/服务员/2500起；标签：经验不限 / 学历不限；薪资：2500-4500元/月,学历不限,,58同城,2026-09-24 22:24:46,410882,沁阳市,焦作市,2024-2026,58_沁阳市_2024_2026.csv
1565,莫女士,无夜班药厂技工贴标签可日结300一天坐班,焦作市,沁阳,9000.0,11000.0,岗位：无夜班药厂技工贴标签可日结300一天坐班；标签：五险一金 / 包住 / 五险 / 包吃；薪资：9000-11000元/月,未注明,,58同城,2026-09-24 22:24:46,410882,沁阳市,焦作市,2024-2026,58_沁阳市_2024_2026.csv
1566,李女士,长白班药厂技工贴标签300一天日结坐岗,焦作市,沁阳,9000.0,11000.0,岗位：长白班药厂技工贴标签300一天日结坐岗；标签：五险一金 / 五险 / 包住 / 包吃；薪资：9000-11000元/月,未注明,,58同城,2026-09-24 22:24:46,410882,沁阳市,焦作市,2024-2026,58_沁阳市_2024_2026.csv
1567,穿小鞋的蹦蹦,游戏代练/陪玩,焦作市,沁阳-沁阳城区,3000.0,10000.0,岗位：游戏代练/陪玩；标签：经验不限 / 学历不限；薪资：3000-10000元/月,学历不限,,58同城,2026-09-24 22:24:46,410882,沁阳市,焦作市,2024-2026,58_沁阳市_2024_2026.csv
1568,最爱,宠物护理美容,焦作市,沁阳-沁阳城区,2000.0,2500.0,岗位：宠物护理美容；标签：经验不限 / 学历不限；薪资：2000-2500元/月,学历不限,,58同城,2026-09-24 22:24:46,410882,沁阳市,焦作市,2024-2026,58_沁阳市_2024_2026.csv
1569,望着天空的思绪,餐饮店视频拍摄剪辑2500起,焦作市,沁阳-沁阳城区,2500.0,3500.0,岗位：餐饮店视频拍摄剪辑2500起；标签：经验1-2年 / 学历不限；薪资：2500-3500元/月,学历不限,,58同城,2026-09-24 22:24:46,410882,沁阳市,焦作市,2024-2026,58_沁阳市_2024_2026.csv
1570,爱回答de段老板,棠花青丝百货商行/国内电商运营/工作时间,焦作市,沁阳-其他,2500.0,4000.0,岗位：棠花青丝百货商行/国内电商运营/工作时间；标签：五险 / 交通补助；薪资：2500-4000元/月,未注明,,58同城,2026-09-24 22:24:46,410882,沁阳市,焦作市,2024-2026,58_沁阳市_2024_2026.csv
1571,Revive,美发店美发助理/学徒2千起,焦作市,沁阳-沁阳城区,2000.0,4000.0,岗位：美发店美发助理/学徒2千起；标签：包吃；薪资：2000-4000元/月,未注明,,58同城,2026-09-24 22:24:46,410882,沁阳市,焦作市,2024-2026,58_沁阳市_2024_2026.csv
1572,牛女士,画室主理人,焦作市,沁阳-沁阳城区,3000.0,5000.0,岗位：画室主理人；标签：经验3-5年 / 学历大专；薪资：3000-5000元/月,大专,,58同城,2026-09-24 22:24:46,410882,沁阳市,焦作市,2024-2026,58_沁阳市_2024_2026.csv
1573,O高尚品格邓博士,豪宅/建筑设计/3000起,焦作市,沁阳-沁阳城区,3000.0,5000.0,岗位：豪宅/建筑设计/3000起；标签：招1人 / 经验1-2年 / 学历大专；薪资：3000-5000元/月,大专,1.0,58同城,2026-09-24 22:24:46,410882,沁阳市,焦作市,2024-2026,58_沁阳市_2024_2026.csv
1574,范先生,商场坐岗保安有空调5千,焦作市,其他-沁阳站,5000.0,6000.0,岗位：商场坐岗保安有空调5千；标签：五险一金 / 包住 / 包吃 / 五险；薪资：5000-6000元/月,未注明,,58同城,2026-09-24 22:24:46,410882,沁阳市,焦作市,2024-2026,58_沁阳市_2024_2026.csv
1575,李先生,招聘焦作送货司机不装卸公司提供车待遇优厚,焦作市,沁阳,6000.0,8000.0,岗位：招聘焦作送货司机不装卸公司提供车待遇优厚；标签：五险 / 包住 / 话补；薪资：6000-8000元/月,未注明,,58同城,2026-09-24 22:24:46,410882,沁阳市,焦作市,2024-2026,58_沁阳市_2024_2026.csv
1576,费女士,商务司机包住,焦作市,孟州,7100.0,7200.0,岗位：商务司机包住；标签：五险 / 包住；薪资：7100-7200元/月,未注明,,58同城,2026-09-24 22:27:33,410883,孟州市,焦作市,2024-2026,58_孟州市_2024_2026.csv
1577,张先生,耳机包装月8500包吃住不体检,焦作市,孟州,7500.0,8000.0,岗位：耳机包装月8500包吃住不体检；标签：五险一金 / 包住 / 包吃 / 交通补助；薪资：7500-8000元/月,未注明,,58同城,2026-09-24 22:27:33,410883,孟州市,焦作市,2024-2026,58_孟州市_2024_2026.csv
1578,邓女士,抖音居家音频主播不露脸日... 小程序,焦作市,孟州,8000.0,10000.0,岗位：抖音居家音频主播不露脸日... 小程序；标签：招20人 / 经验不限 / 学历不限；薪资：8000-10000元/月,学历不限,20.0,58同城,2026-09-24 22:27:33,410883,孟州市,焦作市,2024-2026,58_孟州市_2024_2026.csv
1579,王女士,数据线厂普工轻松月8500可预支,焦作市,孟州,8000.0,8500.0,岗位：数据线厂普工轻松月8500可预支；标签：五险一金 / 包住 / 包吃；薪资：8000-8500元/月,未注明,,58同城,2026-09-24 22:27:33,410883,孟州市,焦作市,2024-2026,58_孟州市_2024_2026.csv
1580,宇珂工厂,服饰商店服装销售3千起,焦作市,孟州-其他,3000.0,4000.0,岗位：服饰商店服装销售3千起；标签：包吃；薪资：3000-4000元/月,未注明,,58同城,2026-09-24 22:27:33,410883,孟州市,焦作市,2024-2026,58_孟州市_2024_2026.csv
1581,李女士,坐岗保安包吃住当天入职不收费,焦作市,孟州-孟州城区,4500.0,5000.0,岗位：坐岗保安包吃住当天入职不收费；标签：五险一金 / 五险 / 包吃 / 包住；薪资：4500-5000元/月,未注明,,58同城,2026-09-24 22:27:33,410883,孟州市,焦作市,2024-2026,58_孟州市_2024_2026.csv
1582,爱马,孟州市爱马工厂店/促销/导购员2700起,焦作市,孟州,2700.0,3000.0,岗位：孟州市爱马工厂店/促销/导购员2700起；标签：招3人 / 经验不限 / 学历不限；薪资：2700-3000元/月,学历不限,3.0,58同城,2026-09-24 22:27:33,410883,孟州市,焦作市,2024-2026,58_孟州市_2024_2026.csv
1583,朱女士,抖音居家音频主播不露脸日结200元,焦作市,孟州,8000.0,10000.0,岗位：抖音居家音频主播不露脸日结200元；标签：招20人 / 经验不限 / 学历不限；薪资：8000-10000元/月,学历不限,20.0,58同城,2026-09-24 22:27:33,410883,孟州市,焦作市,2024-2026,58_孟州市_2024_2026.csv
1584,郑女士,1万包吃住招健身教练学徒,焦作市,焦作-孟州,6500.0,13500.0,岗位：1万包吃住招健身教练学徒；标签：五险 / 包住 / 五险一金；薪资：6500-13500元/月,未注明,,58同城,2026-09-24 22:27:33,410883,孟州市,焦作市,2024-2026,58_孟州市_2024_2026.csv
1585,兰老板想剪纸,便利店店员/营业员2400起,焦作市,孟州-其他,2400.0,2600.0,岗位：便利店店员/营业员2400起；标签：招1人 / 经验不限 / 学历不限；薪资：2400-2600元/月,学历不限,1.0,58同城,2026-09-24 22:27:33,410883,孟州市,焦作市,2024-2026,58_孟州市_2024_2026.csv
1586,爱玩积木的刘同学,生产物控朝九晚五不加班6k,焦作市,孟州,4000.0,6000.0,岗位：生产物控朝九晚五不加班6k；标签：五险一金 / 包吃 / 包住 / 年底双薪；薪资：4000-6000元/月,未注明,,58同城,2026-09-24 22:27:33,410883,孟州市,焦作市,2024-2026,58_孟州市_2024_2026.csv
1587,黄女士,电子厂操作工坐岗0费用直接入职,焦作市,孟州,7500.0,8000.0,岗位：电子厂操作工坐岗0费用直接入职；标签：五险一金 / 交通补助 / 五险 / 加班补助；薪资：7500-8000元/月,未注明,,58同城,2026-09-24 22:27:33,410883,孟州市,焦作市,2024-2026,58_孟州市_2024_2026.csv
1588,尚雅娇私人号,南庄镇桑坡配货员,焦作市,孟州,4900.0,5000.0,岗位：南庄镇桑坡配货员；标签：包吃 / 加班补助；薪资：4900-5000元/月,未注明,,58同城,2026-09-24 22:27:33,410883,孟州市,焦作市,2024-2026,58_孟州市_2024_2026.csv
1589,宇师傅想聊天,诚聘铁路地勤安检五险一金包吃包住就近分配,焦作市,焦作-孟州,5000.0,6000.0,岗位：诚聘铁路地勤安检五险一金包吃包住就近分配；标签：五险一金 / 加班补助 / 包住 / 饭补；薪资：5000-6000元/月,未注明,,58同城,2026-09-24 22:27:33,410883,孟州市,焦作市,2024-2026,58_孟州市_2024_2026.csv
1590,女兆,饮品店奶茶/饮品师2000起,焦作市,孟州-孟州城区,2000.0,3000.0,岗位：饮品店奶茶/饮品师2000起；标签：经验1-2年 / 学历不限；薪资：2000-3000元/月,学历不限,,58同城,2026-09-24 22:27:33,410883,孟州市,焦作市,2024-2026,58_孟州市_2024_2026.csv
1591,爱哼小调的秦小音,药厂（铁饭碗）招技工日结300一天贴标签,焦作市,孟州,9000.0,9500.0,岗位：药厂（铁饭碗）招技工日结300一天贴标签；标签：五险一金 / 包住 / 包吃 / 加班补助；薪资：9000-9500元/月,未注明,,58同城,2026-09-24 22:27:33,410883,孟州市,焦作市,2024-2026,58_孟州市_2024_2026.csv
1592,种花养草的闲,凉菜厨师,焦作市,孟州-孟州城区,4000.0,6500.0,岗位：凉菜厨师；标签：包住 / 包吃 / 年底双薪；薪资：4000-6500元/月,未注明,,58同城,2026-09-24 22:27:33,410883,孟州市,焦作市,2024-2026,58_孟州市_2024_2026.csv
1593,A58同镇西虢站站长助理王科,磨之坊早餐店/服务员/2000起,焦作市,其他-孟州其他,2000.0,2500.0,岗位：磨之坊早餐店/服务员/2000起；标签：经验不限 / 学历不限；薪资：2000-2500元/月,学历不限,,58同城,2026-09-24 22:27:33,410883,孟州市,焦作市,2024-2026,58_孟州市_2024_2026.csv
1594,听歌的风,居家审核员五险齐全待遇优厚,焦作市,孟州-其他,5000.0,8000.0,岗位：居家审核员五险齐全待遇优厚；标签：五险一金 / 包吃 / 包住 / 周末双休；薪资：5000-8000元/月,未注明,,58同城,2026-09-24 22:27:33,410883,孟州市,焦作市,2024-2026,58_孟州市_2024_2026.csv
1595,爱聊天的祝老板,建材销售公司装卸/搬运工学历经验不限,焦作市,孟州-孟州城区,5500.0,6000.0,岗位：建材销售公司装卸/搬运工学历经验不限；标签：经验不限 / 学历不限；薪资：5500-6000元/月,学历不限,,58同城,2026-09-24 22:27:33,410883,孟州市,焦作市,2024-2026,58_孟州市_2024_2026.csv
1596,黄女士,保安/有五险8小时,焦作市,孟州,5000.0,6000.0,岗位：保安/有五险8小时；标签：五险一金 / 话补 / 房补 / 五险；薪资：5000-6000元/月,未注明,,58同城,2026-09-24 22:27:33,410883,孟州市,焦作市,2024-2026,58_孟州市_2024_2026.csv
1597,追星星的梦孩,顶剪美发美容店/美发助理/学徒3千起,焦作市,孟州城区-孟州市区,3000.0,5000.0,岗位：顶剪美发美容店/美发助理/学徒3千起；标签：加班补助；薪资：3000-5000元/月,未注明,,58同城,2026-09-24 22:27:33,410883,孟州市,焦作市,2024-2026,58_孟州市_2024_2026.csv
1598,张女士,12小时坐岗保安可带朋友,焦作市,孟州,5000.0,6000.0,岗位：12小时坐岗保安可带朋友；标签：五险一金 / 五险 / 包住 / 包吃；薪资：5000-6000元/月,未注明,,58同城,2026-09-24 22:27:33,410883,孟州市,焦作市,2024-2026,58_孟州市_2024_2026.csv
1599,官方提醒,早九晚六CAD设计师,焦作市,孟州-孟州城区,3000.0,6000.0,岗位：早九晚六CAD设计师；标签：招2人 / 经验1-2年 / 学历不限；薪资：3000-6000元/月,学历不限,2.0,58同城,2026-09-24 22:27:33,410883,孟州市,焦作市,2024-2026,58_孟州市_2024_2026.csv
1600,潘先生,工厂水电维修/包住包吃,焦作市,孟州,5000.0,9000.0,岗位：工厂水电维修/包住包吃；标签：包住 / 包吃；薪资：5000-9000元/月,未注明,,58同城,2026-09-24 22:27:33,410883,孟州市,焦作市,2024-2026,58_孟州市_2024_2026.csv
1601,何先生,小区坐岗保安包吃住不收费,焦作市,孟州,5000.0,5500.0,岗位：小区坐岗保安包吃住不收费；标签：五险一金 / 话补 / 五险 / 房补；薪资：5000-5500元/月,未注明,,58同城,2026-09-24 22:27:33,410883,孟州市,焦作市,2024-2026,58_孟州市_2024_2026.csv
1602,刘先生,直招保安零费用无押金,焦作市,孟州,5000.0,6000.0,岗位：直招保安零费用无押金；标签：五险一金 / 话补 / 房补 / 五险；薪资：5000-6000元/月,未注明,,58同城,2026-09-24 22:27:33,410883,孟州市,焦作市,2024-2026,58_孟州市_2024_2026.csv
1603,谢先生,大厦保安站坐结合5K,焦作市,孟州,5000.0,6000.0,岗位：大厦保安站坐结合5K；标签：五险一金 / 五险 / 包住 / 包吃；薪资：5000-6000元/月,未注明,,58同城,2026-09-24 22:27:33,410883,孟州市,焦作市,2024-2026,58_孟州市_2024_2026.csv
1604,葛女士,电子厂普工/操作工包吃加班补助年底双薪,焦作市,孟州-孟州城区,6000.0,8000.0,岗位：电子厂普工/操作工包吃加班补助年底双薪；标签：五险一金 / 加班补助 / 包住 / 包吃；薪资：6000-8000元/月,未注明,,58同城,2026-09-24 22:27:33,410883,孟州市,焦作市,2024-2026,58_孟州市_2024_2026.csv
1605,杜先生,坐岗保安，清闲有空调,焦作市,孟州,5000.0,6000.0,岗位：坐岗保安，清闲有空调；标签：五险一金 / 话补 / 房补 / 五险；薪资：5000-6000元/月,未注明,,58同城,2026-09-24 22:27:33,410883,孟州市,焦作市,2024-2026,58_孟州市_2024_2026.csv
1606,爱在雨里跳舞的阿雨,悦家门窗经营店店员/营业员3千起,濮阳市,濮阳-清丰,3000.0,5000.0,岗位：悦家门窗经营店店员/营业员3千起；标签：包住 / 包吃；薪资：3000-5000元/月,未注明,,58同城,2026-09-24 22:30:22,410922,清丰县,濮阳市,2024-2026,58_清丰县_2024_2026.csv
1607,刘女士,门窗厂学徒工4千起,濮阳市,濮阳-清丰,4000.0,8500.0,岗位：门窗厂学徒工4千起；标签：包吃；薪资：4000-8500元/月,未注明,,58同城,2026-09-24 22:30:22,410922,清丰县,濮阳市,2024-2026,58_清丰县_2024_2026.csv
1608,李永伟,药房药店营业员工作时间白... 小程序,濮阳市,濮阳-清丰,2000.0,3500.0,岗位：药房药店营业员工作时间白... 小程序；标签：招2人 / 经验不限 / 学历不限；薪资：2000-3500元/月,学历不限,2.0,58同城,2026-09-24 22:30:22,410922,清丰县,濮阳市,2024-2026,58_清丰县_2024_2026.csv
1609,用户98680,清丰县大头乐享超市店/网络/在线客服,濮阳市,濮阳-清丰,3000.0,10000.0,岗位：清丰县大头乐享超市店/网络/在线客服；标签：招20人 / 经验不限 / 学历不限；薪资：3000-10000元/月,学历不限,20.0,58同城,2026-09-24 22:30:22,410922,清丰县,濮阳市,2024-2026,58_清丰县_2024_2026.csv
1610,超级茂Zi,吕小哥饮品店/奶茶/饮品师白,濮阳市,濮阳-清丰,2000.0,2500.0,岗位：吕小哥饮品店/奶茶/饮品师白；标签：加班补助；薪资：2000-2500元/月,未注明,,58同城,2026-09-24 22:30:22,410922,清丰县,濮阳市,2024-2026,58_清丰县_2024_2026.csv
1611,齐师傅想领会,火锅店服务员2000起,濮阳市,清丰-人民路,2000.0,2500.0,岗位：火锅店服务员2000起；标签：招2人 / 经验不限 / 学历不限；薪资：2000-2500元/月,学历不限,2.0,58同城,2026-09-24 22:30:22,410922,清丰县,濮阳市,2024-2026,58_清丰县_2024_2026.csv
1612,高先生,电商运营,濮阳市,濮阳-清丰,,,岗位：电商运营；标签：经验1-2年 / 学历大专；薪资：面议,大专,,58同城,2026-09-24 22:30:22,410922,清丰县,濮阳市,2024-2026,58_清丰县_2024_2026.csv
1613,雨蒙,店员/营业员,濮阳市,濮阳-清丰,2000.0,2500.0,岗位：店员/营业员；标签：经验不限 / 学历不限；薪资：2000-2500元/月,学历不限,,58同城,2026-09-24 22:30:22,410922,清丰县,濮阳市,2024-2026,58_清丰县_2024_2026.csv
1614,王女士,开天纺织诚招客服专员,濮阳市,濮阳-清丰,3500.0,6000.0,岗位：开天纺织诚招客服专员；标签：招30人 / 经验不限 / 学历不限；薪资：3500-6000元/月,学历不限,30.0,58同城,2026-09-24 22:30:22,410922,清丰县,濮阳市,2024-2026,58_清丰县_2024_2026.csv
1615,王先生,电话客服3000起,濮阳市,濮阳-清丰,3000.0,8500.0,岗位：电话客服3000起；标签：经验不限 / 学历不限；薪资：3000-8500元/月,学历不限,,58同城,2026-09-24 22:30:22,410922,清丰县,濮阳市,2024-2026,58_清丰县_2024_2026.csv
1616,李先生,火锅店餐厅领班/经理年底双薪工作餐标高免,濮阳市,濮阳-清丰,3000.0,4500.0,岗位：火锅店餐厅领班/经理年底双薪工作餐标高免；标签：年底双薪；薪资：3000-4500元/月,未注明,,58同城,2026-09-24 22:30:22,410922,清丰县,濮阳市,2024-2026,58_清丰县_2024_2026.csv
1617,用户15765,生鲜店生鲜加工4000起,濮阳市,濮阳-清丰,4000.0,6000.0,岗位：生鲜店生鲜加工4000起；标签：经验3-5年 / 学历不限；薪资：4000-6000元/月,学历不限,,58同城,2026-09-24 22:30:22,410922,清丰县,濮阳市,2024-2026,58_清丰县_2024_2026.csv
1618,李女士,中餐厅服务员2500起,濮阳市,濮阳-清丰,2500.0,4500.0,岗位：中餐厅服务员2500起；标签：招1人 / 经验不限 / 学历不限；薪资：2500-4500元/月,学历不限,1.0,58同城,2026-09-24 22:30:22,410922,清丰县,濮阳市,2024-2026,58_清丰县_2024_2026.csv
1619,招聘专员,小吃店服务员2000起,濮阳市,濮阳-清丰,2000.0,2500.0,岗位：小吃店服务员2000起；标签：经验不限 / 学历高中；薪资：2000-2500元/月,高中,,58同城,2026-09-24 22:30:22,410922,清丰县,濮阳市,2024-2026,58_清丰县_2024_2026.csv
1620,王先生,市场销售4k起工资准时发,濮阳市,濮阳-清丰,4000.0,7000.0,岗位：市场销售4k起工资准时发；标签：交通补助 / 饭补；薪资：4000-7000元/月,未注明,,58同城,2026-09-24 22:30:22,410922,清丰县,濮阳市,2024-2026,58_清丰县_2024_2026.csv
1621,用户998,清丰县城关镇二宽早点店/早餐工/2000,濮阳市,濮阳-清丰,2000.0,2500.0,岗位：清丰县城关镇二宽早点店/早餐工/2000；标签：经验不限 / 学历不限；薪资：2000-2500元/月,学历不限,,58同城,2026-09-24 22:30:22,410922,清丰县,濮阳市,2024-2026,58_清丰县_2024_2026.csv
1622,禄诚音频,运营专员/助理,濮阳市,濮阳-清丰,2500.0,3500.0,岗位：运营专员/助理；标签：经验不限 / 学历不限；薪资：2500-3500元/月,学历不限,,58同城,2026-09-24 22:30:22,410922,清丰县,濮阳市,2024-2026,58_清丰县_2024_2026.csv
1623,用户15649,洗车工,濮阳市,清丰-人民路,2000.0,3000.0,岗位：洗车工；标签：经验不限 / 学历不限；薪资：2000-3000元/月,学历不限,,58同城,2026-09-24 22:30:22,410922,清丰县,濮阳市,2024-2026,58_清丰县_2024_2026.csv
1624,招聘专员,珠宝店长,濮阳市,濮阳-清丰,3000.0,6000.0,岗位：珠宝店长；标签：招1人 / 经验3-5年 / 学历高中；薪资：3000-6000元/月,高中,1.0,58同城,2026-09-24 22:30:22,410922,清丰县,濮阳市,2024-2026,58_清丰县_2024_2026.csv
1625,嘴馋,具身智能工程师五险周末双休,濮阳市,濮阳-清丰,3000.0,8000.0,岗位：具身智能工程师五险周末双休；标签：周末双休 / 五险；薪资：3000-8000元/月,未注明,,58同城,2026-09-24 22:30:22,410922,清丰县,濮阳市,2024-2026,58_清丰县_2024_2026.csv
1626,雨滴跳舞机,直招铁路乘务地勤五险一金免费食宿带薪年假,濮阳市,濮阳-清丰,5000.0,6000.0,岗位：直招铁路乘务地勤五险一金免费食宿带薪年假；标签：五险一金 / 房补 / 包吃 / 包住；薪资：5000-6000元/月,未注明,,58同城,2026-09-24 22:30:22,410922,清丰县,濮阳市,2024-2026,58_清丰县_2024_2026.csv
1627,爱逛夜市的星,256元/天普工活轻松可带手机无需经验,濮阳市,清丰-人民路,5500.0,7500.0,岗位：256元/天普工活轻松可带手机无需经验；标签：包住 / 包吃 / 饭补 / 五险；薪资：5500-7500元/月,未注明,,58同城,2026-09-24 22:30:22,410922,清丰县,濮阳市,2024-2026,58_清丰县_2024_2026.csv
1628,能经理,生产跟单2k起,濮阳市,濮阳-清丰,2000.0,6000.0,岗位：生产跟单2k起；标签：招5人 / 经验1-2年 / 学历不限；薪资：2000-6000元/月,学历不限,5.0,58同城,2026-09-24 22:30:22,410922,清丰县,濮阳市,2024-2026,58_清丰县_2024_2026.csv
1629,爱领会的晋老板,极境智能科技俱乐部/游戏推广/白/夜班多,濮阳市,濮阳-清丰,3000.0,5000.0,岗位：极境智能科技俱乐部/游戏推广/白/夜班多；标签：经验不限 / 学历不限；薪资：3000-5000元/月,学历不限,,58同城,2026-09-24 22:30:22,410922,清丰县,濮阳市,2024-2026,58_清丰县_2024_2026.csv
1630,高先生,内勤,濮阳市,濮阳-清丰,3000.0,3500.0,岗位：内勤；标签：包住 / 包吃；薪资：3000-3500元/月,未注明,,58同城,2026-09-24 22:30:22,410922,清丰县,濮阳市,2024-2026,58_清丰县_2024_2026.csv
1631,李女士,8小时看大门保安事少可以看手机,濮阳市,清丰-人民路,4500.0,5000.0,岗位：8小时看大门保安事少可以看手机；标签：五险一金 / 五险 / 包住 / 包吃；薪资：4500-5000元/月,未注明,,58同城,2026-09-24 22:30:22,410922,清丰县,濮阳市,2024-2026,58_清丰县_2024_2026.csv
1632,能经理,门窗厂普工/操作工3k起,濮阳市,濮阳-清丰,3000.0,6000.0,岗位：门窗厂普工/操作工3k起；标签：招10人 / 经验不限 / 学历不限；薪资：3000-6000元/月,学历不限,10.0,58同城,2026-09-24 22:30:22,410922,清丰县,濮阳市,2024-2026,58_清丰县_2024_2026.csv
1633,能经理,门窗厂普工/操作工学徒工3k起,濮阳市,濮阳-清丰,3000.0,6000.0,岗位：门窗厂普工/操作工学徒工3k起；标签：招8人 / 经验不限 / 学历不限；薪资：3000-6000元/月,学历不限,8.0,58同城,2026-09-24 22:30:22,410922,清丰县,濮阳市,2024-2026,58_清丰县_2024_2026.csv
1634,王女士,小区门岗保安包吃住/5k,濮阳市,清丰-人民路,5000.0,5500.0,岗位：小区门岗保安包吃住/5k；标签：五险 / 包住 / 包吃；薪资：5000-5500元/月,未注明,,58同城,2026-09-24 22:30:22,410922,清丰县,濮阳市,2024-2026,58_清丰县_2024_2026.csv
1635,晏先生,玩具厂贴标签/包吃住/300一天,濮阳市,濮阳-清丰,8000.0,8500.0,岗位：玩具厂贴标签/包吃住/300一天；标签：五险一金 / 包住 / 五险 / 包吃；薪资：8000-8500元/月,未注明,,58同城,2026-09-24 22:30:22,410922,清丰县,濮阳市,2024-2026,58_清丰县_2024_2026.csv
1636,许女士,濮阳巡逻保安岗包吃包住交五险月薪4k,濮阳市,濮阳-濮阳县,3500.0,4000.0,岗位：濮阳巡逻保安岗包吃包住交五险月薪4k；标签：五险一金 / 五险 / 包住 / 包吃；薪资：3500-4000元/月,未注明,,58同城,2026-09-24 22:30:26,410922,清丰县,濮阳市,2024-2026,58_清丰县_2024_2026.csv
1637,小兔爱啃胡萝卜,仓库管理缴纳五险周末双休,濮阳市,濮阳周边-其他,5000.0,8000.0,岗位：仓库管理缴纳五险周末双休；标签：五险一金 / 包吃 / 包住 / 周末双休；薪资：5000-8000元/月,未注明,,58同城,2026-09-24 22:30:26,410922,清丰县,濮阳市,2024-2026,58_清丰县_2024_2026.csv
1638,宫女士,室内岗保安活轻松五险一金 小程序,濮阳市,濮阳,4500.0,5000.0,岗位：室内岗保安活轻松五险一金 小程序；标签：招7人 / 经验不限 / 学历不限；薪资：4500-5000元/月,学历不限,7.0,58同城,2026-09-24 22:30:26,410922,清丰县,濮阳市,2024-2026,58_清丰县_2024_2026.csv
1639,翟女士,义乌雅仕饰家安装工3500,濮阳市,华龙-丹尼斯,3500.0,5000.0,岗位：义乌雅仕饰家安装工3500；标签：交通补助；薪资：3500-5000元/月,未注明,,58同城,2026-09-24 22:30:26,410922,清丰县,濮阳市,2024-2026,58_清丰县_2024_2026.csv
1640,黄女士,蓝牙耳机操作工厂月8500包吃住好预支,濮阳市,华龙-中心广场,8000.0,8500.0,岗位：蓝牙耳机操作工厂月8500包吃住好预支；标签：五险一金 / 包住 / 包吃 / 加班补助；薪资：8000-8500元/月,未注明,,58同城,2026-09-24 22:30:26,410922,清丰县,濮阳市,2024-2026,58_清丰县_2024_2026.csv
1641,谢女士,时间自由送餐员可暑假工,濮阳市,濮阳-华龙,5000.0,8500.0,岗位：时间自由送餐员可暑假工；标签：交通补助 / 加班补助；薪资：5000-8500元/月,未注明,,58同城,2026-09-24 22:30:26,410922,清丰县,濮阳市,2024-2026,58_清丰县_2024_2026.csv
1642,招聘专员,餐饮店店员/营业员白/夜/倒班多班次可选,濮阳市,华龙-丹尼斯,2500.0,4500.0,岗位：餐饮店店员/营业员白/夜/倒班多班次可选；标签：包吃；薪资：2500-4500元/月,未注明,,58同城,2026-09-24 22:30:26,410922,清丰县,濮阳市,2024-2026,58_清丰县_2024_2026.csv
1643,孙女士,濮阳急招日用百货配送C证司机不装卸,濮阳市,濮阳,6500.0,9000.0,岗位：濮阳急招日用百货配送C证司机不装卸；标签：包住；薪资：6500-9000元/月,未注明,,58同城,2026-09-24 22:30:26,410922,清丰县,濮阳市,2024-2026,58_清丰县_2024_2026.csv
1644,张先生,濮阳市张海村家用电器星级服务店家电维修交,濮阳市,华龙-濮阳站,4000.0,9000.0,岗位：濮阳市张海村家用电器星级服务店家电维修交；标签：包住 / 交通补助；薪资：4000-9000元/月,未注明,,58同城,2026-09-24 22:30:26,410922,清丰县,濮阳市,2024-2026,58_清丰县_2024_2026.csv
1645,蓝色鱼,防雷检测员,濮阳市,濮阳-华龙,3000.0,4000.0,岗位：防雷检测员；标签：五险；薪资：3000-4000元/月,未注明,,58同城,2026-09-24 22:30:26,410922,清丰县,濮阳市,2024-2026,58_清丰县_2024_2026.csv
1646,周女士,小区保安包吃住可坐岗,濮阳市,濮阳周边-其他,4500.0,5000.0,岗位：小区保安包吃住可坐岗；标签：五险 / 包住 / 包吃 / 年底双薪；薪资：4500-5000元/月,未注明,,58同城,2026-09-24 22:30:26,410922,清丰县,濮阳市,2024-2026,58_清丰县_2024_2026.csv
1647,钟女士,急招濮阳农资物料配送C1司机不装卸,濮阳市,濮阳-濮阳县,6500.0,9000.0,岗位：急招濮阳农资物料配送C1司机不装卸；标签：包住；薪资：6500-9000元/月,未注明,,58同城,2026-09-24 22:30:26,410922,清丰县,濮阳市,2024-2026,58_清丰县_2024_2026.csv
1648,谭先生,美发助理,濮阳市,濮阳周边-其他,1000.0,1500.0,岗位：美发助理；标签：包吃；薪资：1000-1500元/月,未注明,,58同城,2026-09-24 22:30:26,410922,清丰县,濮阳市,2024-2026,58_清丰县_2024_2026.csv
1649,范先生,泰康之家养老社区大客户代表,濮阳市,濮阳周边-其他,4500.0,20000.0,岗位：泰康之家养老社区大客户代表；标签：招5人 / 经验不限 / 学历大专；薪资：4500-20000元/月,大专,5.0,58同城,2026-09-24 22:30:26,410922,清丰县,濮阳市,2024-2026,58_清丰县_2024_2026.csv
1650,郭女士,友谊电器服务中心/售后客服学历经验不限,濮阳市,濮阳,2500.0,3000.0,岗位：友谊电器服务中心/售后客服学历经验不限；标签：话补；薪资：2500-3000元/月,未注明,,58同城,2026-09-24 22:30:26,410922,清丰县,濮阳市,2024-2026,58_清丰县_2024_2026.csv
1651,小憩片刻的星,濮阳C证专线司机不装不卸,濮阳市,濮阳周边-其他,9400.0,9500.0,岗位：濮阳C证专线司机不装不卸；标签：包住；薪资：9400-9500元/月,未注明,,58同城,2026-09-24 22:30:26,410922,清丰县,濮阳市,2024-2026,58_清丰县_2024_2026.csv
1652,旅人,竹笛老师,濮阳市,华龙-丹尼斯,2000.0,3000.0,岗位：竹笛老师；标签：招2人 / 经验不限 / 学历不限；薪资：2000-3000元/月,学历不限,2.0,58同城,2026-09-24 22:30:26,410922,清丰县,濮阳市,2024-2026,58_清丰县_2024_2026.csv
1653,牛先生,汽车销售业务经理,濮阳市,濮阳周边-其他,4000.0,8000.0,岗位：汽车销售业务经理；标签：包吃 / 交通补助 / 饭补；薪资：4000-8000元/月,未注明,,58同城,2026-09-24 22:30:26,410922,清丰县,濮阳市,2024-2026,58_清丰县_2024_2026.csv
1654,好奇的小猫,厨工,濮阳市,华龙-濮阳站,3000.0,4500.0,岗位：厨工；标签：经验不限 / 学历不限；薪资：3000-4500元/月,学历不限,,58同城,2026-09-24 22:30:26,410922,清丰县,濮阳市,2024-2026,58_清丰县_2024_2026.csv
1655,赵义,程序员/其他软件研发3k起,濮阳市,濮阳-华龙,3000.0,8000.0,岗位：程序员/其他软件研发3k起；标签：招1人 / 经验3-5年 / 学历技校；薪资：3000-8000元/月,中专/中技,1.0,58同城,2026-09-24 22:30:26,410922,清丰县,濮阳市,2024-2026,58_清丰县_2024_2026.csv
1656,吕先生,招b本司机师傅,濮阳市,濮阳,8000.0,9500.0,岗位：招b本司机师傅；标签：包住 / 交通补助；薪资：8000-9500元/月,未注明,,58同城,2026-09-24 22:30:26,410922,清丰县,濮阳市,2024-2026,58_清丰县_2024_2026.csv
1657,爱踢球的孙同学,急招濮阳县饲料配送C本司机不装卸,濮阳市,濮阳,6000.0,8000.0,岗位：急招濮阳县饲料配送C本司机不装卸；标签：五险 / 包住 / 饭补 / 话补；薪资：6000-8000元/月,未注明,,58同城,2026-09-24 22:30:26,410922,清丰县,濮阳市,2024-2026,58_清丰县_2024_2026.csv
1658,齐先生,羽毛球教练,濮阳市,濮阳-华龙,3500.0,6000.0,岗位：羽毛球教练；标签：经验不限 / 学历不限；薪资：3500-6000元/月,学历不限,,58同城,2026-09-24 22:30:26,410922,清丰县,濮阳市,2024-2026,58_清丰县_2024_2026.csv
1659,李先生,美发助理/学徒,濮阳市,濮阳,,,岗位：美发助理/学徒；标签：招若干人 / 经验不限 / 学历不限；薪资：面议,学历不限,,58同城,2026-09-24 22:30:26,410922,清丰县,濮阳市,2024-2026,58_清丰县_2024_2026.csv
1660,穿花裙的彩彩,餐饮收银,濮阳市,濮阳-华龙,2000.0,2500.0,岗位：餐饮收银；标签：经验不限 / 学历不限；薪资：2000-2500元/月,学历不限,,58同城,2026-09-24 22:30:26,410922,清丰县,濮阳市,2024-2026,58_清丰县_2024_2026.csv
1661,李先生,招聘范县货运司机仓库对仓库配送纯开车,濮阳市,濮阳,6000.0,8000.0,岗位：招聘范县货运司机仓库对仓库配送纯开车；标签：五险 / 包住 / 话补；薪资：6000-8000元/月,未注明,,58同城,2026-09-24 22:30:26,410922,清丰县,濮阳市,2024-2026,58_清丰县_2024_2026.csv
1662,南广义,贝思乐幼儿园/视频剪辑/2千起,濮阳市,濮阳-华龙,2000.0,3000.0,岗位：贝思乐幼儿园/视频剪辑/2千起；标签：包吃；薪资：2000-3000元/月,未注明,,58同城,2026-09-24 22:30:26,410922,清丰县,濮阳市,2024-2026,58_清丰县_2024_2026.csv
1663,爱踢球的孙同学,直招华龙区卫浴配送C本司机不装卸,濮阳市,濮阳,6300.0,8000.0,岗位：直招华龙区卫浴配送C本司机不装卸；标签：五险 / 包住 / 饭补 / 话补；薪资：6300-8000元/月,未注明,,58同城,2026-09-24 22:30:26,410922,清丰县,濮阳市,2024-2026,58_清丰县_2024_2026.csv
1664,王志,厨工,濮阳市,濮阳-华龙,2800.0,3500.0,岗位：厨工；标签：经验不限 / 学历不限；薪资：2800-3500元/月,学历不限,,58同城,2026-09-24 22:30:26,410922,清丰县,濮阳市,2024-2026,58_清丰县_2024_2026.csv
1665,玲玲,超市门店店长8k起,濮阳市,濮阳-南乐,8000.0,10000.0,岗位：超市门店店长8k起；标签：经验3-5年 / 学历不限；薪资：8000-10000元/月,学历不限,,58同城,2026-09-25 00:35:59,410923,南乐县,濮阳市,2024-2026,58_南乐县_2024_2026.csv
1666,冯先生,电玩城导玩员,濮阳市,南乐-南乐汽车站,2000.0,3000.0,岗位：电玩城导玩员；标签：招2人 / 经验不限 / 学历不限；薪资：2000-3000元/月,学历不限,2.0,58同城,2026-09-25 00:35:59,410923,南乐县,濮阳市,2024-2026,58_南乐县_2024_2026.csv
1667,KillerQueen,南乐vivo体验顾问招聘... 小程序,濮阳市,南乐-南乐汽车站,3000.0,4500.0,岗位：南乐vivo体验顾问招聘... 小程序；标签：五险一金 / 年底双薪；薪资：3000-4500元/月,未注明,,58同城,2026-09-25 00:35:59,410923,南乐县,濮阳市,2024-2026,58_南乐县_2024_2026.csv
1668,李女士,UC衣橱服装店/服务员/3500起,濮阳市,濮阳-南乐,3500.0,5500.0,岗位：UC衣橱服装店/服务员/3500起；标签：招1人 / 经验不限 / 学历中专；薪资：3500-5500元/月,中专/中技,1.0,58同城,2026-09-25 00:35:59,410923,南乐县,濮阳市,2024-2026,58_南乐县_2024_2026.csv
1669,捡石头的阿砾,售前客服,濮阳市,南乐-南乐汽车站,3000.0,4500.0,岗位：售前客服；标签：经验不限 / 学历不限；薪资：3000-4500元/月,学历不限,,58同城,2026-09-25 00:35:59,410923,南乐县,濮阳市,2024-2026,58_南乐县_2024_2026.csv
1670,玲玲,南乐县谊家量贩/蔬果采购,濮阳市,濮阳-南乐,4000.0,5500.0,岗位：南乐县谊家量贩/蔬果采购；标签：经验1-2年 / 学历不限；薪资：4000-5500元/月,学历不限,,58同城,2026-09-25 00:35:59,410923,南乐县,濮阳市,2024-2026,58_南乐县_2024_2026.csv
1671,刘先生,店员/营业员,濮阳市,濮阳-南乐,2000.0,5000.0,岗位：店员/营业员；标签：经验1-2年 / 学历高中；薪资：2000-5000元/月,高中,,58同城,2026-09-25 00:35:59,410923,南乐县,濮阳市,2024-2026,58_南乐县_2024_2026.csv
1672,高先生,文章编辑,濮阳市,濮阳-南乐,3000.0,6000.0,岗位：文章编辑；标签：招10人 / 经验1年以下 / 学历大专；薪资：3000-6000元/月,大专,10.0,58同城,2026-09-25 00:35:59,410923,南乐县,濮阳市,2024-2026,58_南乐县_2024_2026.csv
1673,彭亮,南乐县尚古美容美发中心/美发助理/学徒2,濮阳市,濮阳-南乐,2000.0,2500.0,岗位：南乐县尚古美容美发中心/美发助理/学徒2；标签：经验不限 / 学历不限；薪资：2000-2500元/月,学历不限,,58同城,2026-09-25 00:35:59,410923,南乐县,濮阳市,2024-2026,58_南乐县_2024_2026.csv
1674,招聘专员,南乐县乐时披萨/店员/3千起,濮阳市,南乐-南乐汽车站,3000.0,4500.0,岗位：南乐县乐时披萨/店员/3千起；标签：招1人 / 经验不限 / 学历不限；薪资：3000-4500元/月,学历不限,1.0,58同城,2026-09-25 00:35:59,410923,南乐县,濮阳市,2024-2026,58_南乐县_2024_2026.csv
1675,用户38147,童装销售/学历经验不限,濮阳市,濮阳-南乐,2000.0,2500.0,岗位：童装销售/学历经验不限；标签：加班补助；薪资：2000-2500元/月,未注明,,58同城,2026-09-25 00:35:59,410923,南乐县,濮阳市,2024-2026,58_南乐县_2024_2026.csv
1676,stqh93,起家装饰部家装/家居销售学历经验不限,濮阳市,濮阳-南乐,2500.0,4500.0,岗位：起家装饰部家装/家居销售学历经验不限；标签：招5人 / 经验不限 / 学历不限；薪资：2500-4500元/月,学历不限,5.0,58同城,2026-09-25 00:35:59,410923,南乐县,濮阳市,2024-2026,58_南乐县_2024_2026.csv
1677,最爱散步的我,艺盛室内装修工程店/新媒体运营/3千起,濮阳市,濮阳-南乐,3000.0,5000.0,岗位：艺盛室内装修工程店/新媒体运营/3千起；标签：招3人 / 经验不限 / 学历不限；薪资：3000-5000元/月,学历不限,3.0,58同城,2026-09-25 00:35:59,410923,南乐县,濮阳市,2024-2026,58_南乐县_2024_2026.csv
1678,招聘专员,乐时披萨/店员3千起,濮阳市,南乐-南乐汽车站,3000.0,4000.0,岗位：乐时披萨/店员3千起；标签：招1人 / 经验不限 / 学历不限；薪资：3000-4000元/月,学历不限,1.0,58同城,2026-09-25 00:35:59,410923,南乐县,濮阳市,2024-2026,58_南乐县_2024_2026.csv
1679,招聘专员,渠道销售学历经验不限,濮阳市,濮阳-南乐,2000.0,4500.0,岗位：渠道销售学历经验不限；标签：经验不限 / 学历不限；薪资：2000-4500元/月,学历不限,,58同城,2026-09-25 00:35:59,410923,南乐县,濮阳市,2024-2026,58_南乐县_2024_2026.csv
1680,任女士,急招小区看大门保安可带朋友,濮阳市,濮阳-南乐,4500.0,5000.0,岗位：急招小区看大门保安可带朋友；标签：五险一金 / 五险 / 包住 / 包吃；薪资：4500-5000元/月,未注明,,58同城,2026-09-25 00:35:59,410923,南乐县,濮阳市,2024-2026,58_南乐县_2024_2026.csv
1681,最爱散步的我,平面设计,濮阳市,濮阳-南乐,2500.0,5000.0,岗位：平面设计；标签：经验不限 / 学历不限；薪资：2500-5000元/月,学历不限,,58同城,2026-09-25 00:35:59,410923,南乐县,濮阳市,2024-2026,58_南乐县_2024_2026.csv
1682,遛弯儿的小毛,美容师,濮阳市,濮阳-南乐,2500.0,5000.0,岗位：美容师；标签：经验不限 / 学历不限；薪资：2500-5000元/月,学历不限,,58同城,2026-09-25 00:35:59,410923,南乐县,濮阳市,2024-2026,58_南乐县_2024_2026.csv
1683,幸福DE许博士,南乐县房产中介店长,濮阳市,濮阳-南乐,4000.0,8500.0,岗位：南乐县房产中介店长；标签：招1人 / 经验3-5年 / 学历不限；薪资：4000-8500元/月,学历不限,1.0,58同城,2026-09-25 00:35:59,410923,南乐县,濮阳市,2024-2026,58_南乐县_2024_2026.csv
1684,爱看星星的苏小兔,财税顾问,濮阳市,濮阳-南乐,2000.0,10000.0,岗位：财税顾问；标签：五险；薪资：2000-10000元/月,未注明,,58同城,2026-09-25 00:35:59,410923,南乐县,濮阳市,2024-2026,58_南乐县_2024_2026.csv
1685,李女士,看大门坐岗保安包吃住当天入职,濮阳市,濮阳-南乐,4500.0,5000.0,岗位：看大门坐岗保安包吃住当天入职；标签：五险一金 / 房补 / 五险 / 包住；薪资：4500-5000元/月,未注明,,58同城,2026-09-25 00:35:59,410923,南乐县,濮阳市,2024-2026,58_南乐县_2024_2026.csv
1686,风里飘着香,全屋定制设计拆单,濮阳市,濮阳-南乐,2500.0,6000.0,岗位：全屋定制设计拆单；标签：交通补助 / 包吃；薪资：2500-6000元/月,未注明,,58同城,2026-09-25 00:35:59,410923,南乐县,濮阳市,2024-2026,58_南乐县_2024_2026.csv
1687,董女士,纸箱厂/装盒员/300一天下班拿钱/包吃,濮阳市,濮阳-南乐,7500.0,8000.0,岗位：纸箱厂/装盒员/300一天下班拿钱/包吃；标签：五险一金 / 包住 / 包吃 / 年底双薪；薪资：7500-8000元/月,未注明,,58同城,2026-09-25 00:35:59,410923,南乐县,濮阳市,2024-2026,58_南乐县_2024_2026.csv
1688,张先生,急招健身教练无经验可培养,濮阳市,濮阳-南乐,6000.0,12000.0,岗位：急招健身教练无经验可培养；标签：五险 / 包住；薪资：6000-12000元/月,未注明,,58同城,2026-09-25 00:35:59,410923,南乐县,濮阳市,2024-2026,58_南乐县_2024_2026.csv
1689,幸福专车司机招募有意联系,客运司机/工作时间灵活,濮阳市,濮阳-南乐,6500.0,7000.0,岗位：客运司机/工作时间灵活；标签：招11人 / 经验不限 / 学历不限；薪资：6500-7000元/月,学历不限,11.0,58同城,2026-09-25 00:35:59,410923,南乐县,濮阳市,2024-2026,58_南乐县_2024_2026.csv
1690,招聘专员,财务经理,濮阳市,南乐-南乐汽车站,8000.0,12000.0,岗位：财务经理；标签：招3人 / 经验10年以上 / 学历本科；薪资：8000-12000元/月,本科,3.0,58同城,2026-09-25 00:35:59,410923,南乐县,濮阳市,2024-2026,58_南乐县_2024_2026.csv
1691,王女士,电子厂普工/操作工包住吃年底双薪活简单,濮阳市,濮阳-南乐,6500.0,7500.0,岗位：电子厂普工/操作工包住吃年底双薪活简单；标签：包住 / 包吃 / 年底双薪；薪资：6500-7500元/月,未注明,,58同城,2026-09-25 00:35:59,410923,南乐县,濮阳市,2024-2026,58_南乐县_2024_2026.csv
1692,郭先生,C1司机南乐送建材不交钱,濮阳市,濮阳-南乐,5000.0,7000.0,岗位：C1司机南乐送建材不交钱；标签：交通补助；薪资：5000-7000元/月,未注明,,58同城,2026-09-25 00:35:59,410923,南乐县,濮阳市,2024-2026,58_南乐县_2024_2026.csv
1693,胡先生,高端小区保安/可带朋友,濮阳市,濮阳-南乐,4500.0,5000.0,岗位：高端小区保安/可带朋友；标签：五险一金 / 五险 / 包住 / 包吃；薪资：4500-5000元/月,未注明,,58同城,2026-09-25 00:35:59,410923,南乐县,濮阳市,2024-2026,58_南乐县_2024_2026.csv
1694,朱先生,坐岗看监控5千包吃住可唠嗑,濮阳市,南乐-南乐汽车站,4500.0,5000.0,岗位：坐岗看监控5千包吃住可唠嗑；标签：五险一金 / 五险 / 包住 / 包吃；薪资：4500-5000元/月,未注明,,58同城,2026-09-25 00:35:59,410923,南乐县,濮阳市,2024-2026,58_南乐县_2024_2026.csv
1695,许女士,濮阳巡逻保安岗包吃包住交五险月薪4k,濮阳市,濮阳-濮阳县,3500.0,4000.0,岗位：濮阳巡逻保安岗包吃包住交五险月薪4k；标签：五险一金 / 五险 / 包住 / 包吃；薪资：3500-4000元/月,未注明,,58同城,2026-09-25 00:36:03,410923,南乐县,濮阳市,2024-2026,58_南乐县_2024_2026.csv
1696,小兔爱啃胡萝卜,仓库管理缴纳五险周末双休,濮阳市,濮阳周边-其他,5000.0,8000.0,岗位：仓库管理缴纳五险周末双休；标签：五险一金 / 包吃 / 包住 / 周末双休；薪资：5000-8000元/月,未注明,,58同城,2026-09-25 00:36:03,410923,南乐县,濮阳市,2024-2026,58_南乐县_2024_2026.csv
1697,宫女士,室内岗保安活轻松五险一金 小程序,濮阳市,濮阳,4500.0,5000.0,岗位：室内岗保安活轻松五险一金 小程序；标签：招7人 / 经验不限 / 学历不限；薪资：4500-5000元/月,学历不限,7.0,58同城,2026-09-25 00:36:03,410923,南乐县,濮阳市,2024-2026,58_南乐县_2024_2026.csv
1698,翟女士,义乌雅仕饰家安装工3500,濮阳市,华龙-丹尼斯,3500.0,5000.0,岗位：义乌雅仕饰家安装工3500；标签：交通补助；薪资：3500-5000元/月,未注明,,58同城,2026-09-25 00:36:03,410923,南乐县,濮阳市,2024-2026,58_南乐县_2024_2026.csv
1699,招聘专员,餐饮店店员/营业员白/夜/倒班多班次可选,濮阳市,华龙-丹尼斯,2500.0,4500.0,岗位：餐饮店店员/营业员白/夜/倒班多班次可选；标签：包吃；薪资：2500-4500元/月,未注明,,58同城,2026-09-25 00:36:03,410923,南乐县,濮阳市,2024-2026,58_南乐县_2024_2026.csv
1700,黄女士,蓝牙耳机操作工厂月8500包吃住好预支,濮阳市,华龙-中心广场,8000.0,8500.0,岗位：蓝牙耳机操作工厂月8500包吃住好预支；标签：五险一金 / 包住 / 包吃 / 加班补助；薪资：8000-8500元/月,未注明,,58同城,2026-09-25 00:36:03,410923,南乐县,濮阳市,2024-2026,58_南乐县_2024_2026.csv
1701,谢女士,时间自由送餐员可暑假工,濮阳市,濮阳-华龙,5000.0,8500.0,岗位：时间自由送餐员可暑假工；标签：交通补助 / 加班补助；薪资：5000-8500元/月,未注明,,58同城,2026-09-25 00:36:03,410923,南乐县,濮阳市,2024-2026,58_南乐县_2024_2026.csv
1702,爱在雨里跳舞的阿雨,悦家门窗经营店店员/营业员3千起,濮阳市,濮阳-清丰,3000.0,5000.0,岗位：悦家门窗经营店店员/营业员3千起；标签：包住 / 包吃；薪资：3000-5000元/月,未注明,,58同城,2026-09-25 00:36:03,410923,南乐县,濮阳市,2024-2026,58_南乐县_2024_2026.csv
1703,孙女士,濮阳急招日用百货配送C证司机不装卸,濮阳市,濮阳,6500.0,9000.0,岗位：濮阳急招日用百货配送C证司机不装卸；标签：包住；薪资：6500-9000元/月,未注明,,58同城,2026-09-25 00:36:03,410923,南乐县,濮阳市,2024-2026,58_南乐县_2024_2026.csv
1704,张先生,濮阳市张海村家用电器星级服务店家电维修交,濮阳市,华龙-濮阳站,4000.0,9000.0,岗位：濮阳市张海村家用电器星级服务店家电维修交；标签：包住 / 交通补助；薪资：4000-9000元/月,未注明,,58同城,2026-09-25 00:36:03,410923,南乐县,濮阳市,2024-2026,58_南乐县_2024_2026.csv
1705,周女士,小区保安包吃住可坐岗,濮阳市,濮阳周边-其他,4500.0,5000.0,岗位：小区保安包吃住可坐岗；标签：五险 / 包住 / 包吃 / 年底双薪；薪资：4500-5000元/月,未注明,,58同城,2026-09-25 00:36:03,410923,南乐县,濮阳市,2024-2026,58_南乐县_2024_2026.csv
1706,范先生,泰康之家养老社区大客户代表,濮阳市,濮阳周边-其他,4500.0,20000.0,岗位：泰康之家养老社区大客户代表；标签：招5人 / 经验不限 / 学历大专；薪资：4500-20000元/月,大专,5.0,58同城,2026-09-25 00:36:03,410923,南乐县,濮阳市,2024-2026,58_南乐县_2024_2026.csv
1707,钟女士,急招濮阳农资物料配送C1司机不装卸,濮阳市,濮阳-濮阳县,6500.0,9000.0,岗位：急招濮阳农资物料配送C1司机不装卸；标签：包住；薪资：6500-9000元/月,未注明,,58同城,2026-09-25 00:36:03,410923,南乐县,濮阳市,2024-2026,58_南乐县_2024_2026.csv
1708,谭先生,美发助理,濮阳市,濮阳周边-其他,1000.0,1500.0,岗位：美发助理；标签：包吃；薪资：1000-1500元/月,未注明,,58同城,2026-09-25 00:36:03,410923,南乐县,濮阳市,2024-2026,58_南乐县_2024_2026.csv
1709,小憩片刻的星,濮阳C证专线司机不装不卸,濮阳市,濮阳周边-其他,9400.0,9500.0,岗位：濮阳C证专线司机不装不卸；标签：包住；薪资：9400-9500元/月,未注明,,58同城,2026-09-25 00:36:03,410923,南乐县,濮阳市,2024-2026,58_南乐县_2024_2026.csv
1710,旅人,竹笛老师,濮阳市,华龙-丹尼斯,2000.0,3000.0,岗位：竹笛老师；标签：招2人 / 经验不限 / 学历不限；薪资：2000-3000元/月,学历不限,2.0,58同城,2026-09-25 00:36:03,410923,南乐县,濮阳市,2024-2026,58_南乐县_2024_2026.csv
1711,郭女士,友谊电器服务中心/售后客服学历经验不限,濮阳市,濮阳,2500.0,3000.0,岗位：友谊电器服务中心/售后客服学历经验不限；标签：话补；薪资：2500-3000元/月,未注明,,58同城,2026-09-25 00:36:03,410923,南乐县,濮阳市,2024-2026,58_南乐县_2024_2026.csv
1712,赵义,程序员/其他软件研发3k起,濮阳市,濮阳-华龙,3000.0,8000.0,岗位：程序员/其他软件研发3k起；标签：招1人 / 经验3-5年 / 学历技校；薪资：3000-8000元/月,中专/中技,1.0,58同城,2026-09-25 00:36:03,410923,南乐县,濮阳市,2024-2026,58_南乐县_2024_2026.csv
1713,吕先生,招b本司机师傅,濮阳市,濮阳,8000.0,9500.0,岗位：招b本司机师傅；标签：包住 / 交通补助；薪资：8000-9500元/月,未注明,,58同城,2026-09-25 00:36:03,410923,南乐县,濮阳市,2024-2026,58_南乐县_2024_2026.csv
1714,牛先生,汽车销售业务经理,濮阳市,濮阳周边-其他,4000.0,8000.0,岗位：汽车销售业务经理；标签：包吃 / 交通补助 / 饭补；薪资：4000-8000元/月,未注明,,58同城,2026-09-25 00:36:03,410923,南乐县,濮阳市,2024-2026,58_南乐县_2024_2026.csv
1715,好奇的小猫,厨工,濮阳市,华龙-濮阳站,3000.0,4500.0,岗位：厨工；标签：经验不限 / 学历不限；薪资：3000-4500元/月,学历不限,,58同城,2026-09-25 00:36:03,410923,南乐县,濮阳市,2024-2026,58_南乐县_2024_2026.csv
1716,齐先生,羽毛球教练,濮阳市,濮阳-华龙,3500.0,6000.0,岗位：羽毛球教练；标签：经验不限 / 学历不限；薪资：3500-6000元/月,学历不限,,58同城,2026-09-25 00:36:03,410923,南乐县,濮阳市,2024-2026,58_南乐县_2024_2026.csv
1717,用户78545,销售顾问,濮阳市,濮阳-华龙,2000.0,5000.0,岗位：销售顾问；标签：经验不限 / 学历不限；薪资：2000-5000元/月,学历不限,,58同城,2026-09-25 00:36:03,410923,南乐县,濮阳市,2024-2026,58_南乐县_2024_2026.csv
1718,穿花裙的彩彩,餐饮收银,濮阳市,濮阳-华龙,2000.0,2500.0,岗位：餐饮收银；标签：经验不限 / 学历不限；薪资：2000-2500元/月,学历不限,,58同城,2026-09-25 00:36:03,410923,南乐县,濮阳市,2024-2026,58_南乐县_2024_2026.csv
1719,南广义,贝思乐幼儿园/视频剪辑/2千起,濮阳市,濮阳-华龙,2000.0,3000.0,岗位：贝思乐幼儿园/视频剪辑/2千起；标签：包吃；薪资：2000-3000元/月,未注明,,58同城,2026-09-25 00:36:03,410923,南乐县,濮阳市,2024-2026,58_南乐县_2024_2026.csv
1720,王志,厨工,濮阳市,濮阳-华龙,2800.0,3500.0,岗位：厨工；标签：经验不限 / 学历不限；薪资：2800-3500元/月,学历不限,,58同城,2026-09-25 00:36:03,410923,南乐县,濮阳市,2024-2026,58_南乐县_2024_2026.csv
1721,爱踢球的孙同学,急招濮阳县饲料配送C本司机不装卸,濮阳市,濮阳,6000.0,8000.0,岗位：急招濮阳县饲料配送C本司机不装卸；标签：五险 / 包住 / 饭补 / 话补；薪资：6000-8000元/月,未注明,,58同城,2026-09-25 00:36:03,410923,南乐县,濮阳市,2024-2026,58_南乐县_2024_2026.csv
1722,南广义,宠物店宠物护理美容/包吃加班补助,濮阳市,濮阳-华龙,2500.0,4000.0,岗位：宠物店宠物护理美容/包吃加班补助；标签：包吃 / 加班补助；薪资：2500-4000元/月,未注明,,58同城,2026-09-25 00:36:03,410923,南乐县,濮阳市,2024-2026,58_南乐县_2024_2026.csv
1723,范富松,销售经理（销售运营经理）,濮阳市,华龙-中心广场,5000.0,10000.0,岗位：销售经理（销售运营经理）；标签：五险；薪资：5000-10000元/月,未注明,,58同城,2026-09-25 00:36:03,410923,南乐县,濮阳市,2024-2026,58_南乐县_2024_2026.csv
1724,刘先生,濮阳急招日用百货配送C证司机不装卸,濮阳市,濮阳-华龙,6000.0,8000.0,岗位：濮阳急招日用百货配送C证司机不装卸；标签：包住；薪资：6000-8000元/月,未注明,,58同城,2026-09-25 00:36:03,410923,南乐县,濮阳市,2024-2026,58_南乐县_2024_2026.csv
1725,杨先生,急招濮阳零食配送C本司机不装卸,濮阳市,濮阳-范县,6000.0,8000.0,岗位：急招濮阳零食配送C本司机不装卸；标签：包住；薪资：6000-8000元/月,未注明,,58同城,2026-09-24 22:35:41,410926,范县,濮阳市,2024-2026,58_范县_2024_2026.csv
1726,品鸿供应链06,（范县）往返专线C证货运司机,濮阳市,范县,5800.0,7500.0,岗位：（范县）往返专线C证货运司机；标签：交通补助；薪资：5800-7500元/月,未注明,,58同城,2026-09-24 22:35:41,410926,范县,濮阳市,2024-2026,58_范县_2024_2026.csv
1727,宋先生,招聘女修脚师，范县 小程序,濮阳市,范县-城区,4500.0,9000.0,岗位：招聘女修脚师，范县 小程序；标签：包住 / 包吃 / 加班补助；薪资：4500-9000元/月,未注明,,58同城,2026-09-24 22:35:41,410926,范县,濮阳市,2024-2026,58_范县_2024_2026.csv
1728,186******43_vok,范县创隆食品商贸有限公司/静电喷塑工45,濮阳市,其他-范县其他,4500.0,7000.0,岗位：范县创隆食品商贸有限公司/静电喷塑工45；标签：经验不限 / 学历不限；薪资：4500-7000元/月,学历不限,,58同城,2026-09-24 22:35:41,410926,范县,濮阳市,2024-2026,58_范县_2024_2026.csv
1729,王女士,后厨杂工,濮阳市,范县-城区,3000.0,4500.0,岗位：后厨杂工；标签：经验不限 / 学历不限；薪资：3000-4500元/月,学历不限,,58同城,2026-09-24 22:35:41,410926,范县,濮阳市,2024-2026,58_范县_2024_2026.csv
1730,爱绘图de辛师傅,货运公司招C本司机不装卸,濮阳市,范县,6500.0,8000.0,岗位：货运公司招C本司机不装卸；标签：招6人 / 经验不限 / 学历不限；薪资：6500-8000元/月,学历不限,6.0,58同城,2026-09-24 22:35:41,410926,范县,濮阳市,2024-2026,58_范县_2024_2026.csv
1731,黄梦馨,药厂（铁饭碗）招技工日结300一天贴标签,濮阳市,范县,9000.0,9500.0,岗位：药厂（铁饭碗）招技工日结300一天贴标签；标签：五险一金 / 包住 / 包吃 / 加班补助；薪资：9000-9500元/月,未注明,,58同城,2026-09-24 22:35:41,410926,范县,濮阳市,2024-2026,58_范县_2024_2026.csv
1732,招聘专员,男服务员,濮阳市,其他-范县其他,2000.0,3000.0,岗位：男服务员；标签：包住 / 包吃；薪资：2000-3000元/月,未注明,,58同城,2026-09-24 22:35:41,410926,范县,濮阳市,2024-2026,58_范县_2024_2026.csv
1733,招聘专员,食堂厨师,濮阳市,范县-城区,3000.0,4500.0,岗位：食堂厨师；标签：经验不限 / 学历不限；薪资：3000-4500元/月,学历不限,,58同城,2026-09-24 22:35:41,410926,范县,濮阳市,2024-2026,58_范县_2024_2026.csv
1734,李女士,给公司开车包住工资周结,濮阳市,范县,5500.0,6000.0,岗位：给公司开车包住工资周结；标签：五险一金 / 交通补助 / 包住 / 房补；薪资：5500-6000元/月,未注明,,58同城,2026-09-24 22:35:41,410926,范县,濮阳市,2024-2026,58_范县_2024_2026.csv
1735,爱写日记的笔友,销售顾问,濮阳市,范县-城区,3000.0,10000.0,岗位：销售顾问；标签：经验不限 / 学历不限；薪资：3000-10000元/月,学历不限,,58同城,2026-09-24 22:35:41,410926,范县,濮阳市,2024-2026,58_范县_2024_2026.csv
1736,快乐跳跃的小兔,药厂（铁饭碗）招技工日结300一天贴标签,濮阳市,范县,9000.0,9500.0,岗位：药厂（铁饭碗）招技工日结300一天贴标签；标签：五险一金 / 包住 / 包吃 / 加班补助；薪资：9000-9500元/月,未注明,,58同城,2026-09-24 22:35:41,410926,范县,濮阳市,2024-2026,58_范县_2024_2026.csv
1737,付瑞萍,范县雷生家电营销店店员/营业员学历经验不,濮阳市,范县-城区,3000.0,5000.0,岗位：范县雷生家电营销店店员/营业员学历经验不；标签：经验不限 / 学历不限；薪资：3000-5000元/月,学历不限,,58同城,2026-09-24 22:35:41,410926,范县,濮阳市,2024-2026,58_范县_2024_2026.csv
1738,招聘主管,服装销售,濮阳市,范县-城区,2500.0,4500.0,岗位：服装销售；标签：经验不限 / 学历不限；薪资：2500-4500元/月,学历不限,,58同城,2026-09-24 22:35:41,410926,范县,濮阳市,2024-2026,58_范县_2024_2026.csv
1739,气贯长虹_秦博士,班车司机/五险一金包住房补,濮阳市,范县,5500.0,6000.0,岗位：班车司机/五险一金包住房补；标签：五险一金 / 包住 / 房补；薪资：5500-6000元/月,未注明,,58同城,2026-09-24 22:35:41,410926,范县,濮阳市,2024-2026,58_范县_2024_2026.csv
1740,刘女士,视频剪辑/编辑,濮阳市,范县,2000.0,3000.0,岗位：视频剪辑/编辑；标签：经验不限 / 学历不限；薪资：2000-3000元/月,学历不限,,58同城,2026-09-24 22:35:41,410926,范县,濮阳市,2024-2026,58_范县_2024_2026.csv
1741,不谙世事DE蒙同学,服饰商店服装销售2000起,濮阳市,其他-范县其他,2000.0,5000.0,岗位：服饰商店服装销售2000起；标签：饭补；薪资：2000-5000元/月,未注明,,58同城,2026-09-24 22:35:41,410926,范县,濮阳市,2024-2026,58_范县_2024_2026.csv
1742,心里住个小太阳,居家审核员作息轻松月薪六千,濮阳市,范县-其他,5000.0,8000.0,岗位：居家审核员作息轻松月薪六千；标签：五险一金 / 包吃 / 包住 / 周末双休；薪资：5000-8000元/月,未注明,,58同城,2026-09-24 22:35:41,410926,范县,濮阳市,2024-2026,58_范县_2024_2026.csv
1743,宝岩,天元纤维股份有限公司行政后勤主管3k起,濮阳市,范县-城区,3000.0,5000.0,岗位：天元纤维股份有限公司行政后勤主管3k起；标签：招1人 / 经验1-2年 / 学历大专；薪资：3000-5000元/月,大专,1.0,58同城,2026-09-24 22:35:41,410926,范县,濮阳市,2024-2026,58_范县_2024_2026.csv
1744,AA吉星移动手机连锁店,营业厅店员/营业员2000起,濮阳市,范县-其他,2000.0,4000.0,岗位：营业厅店员/营业员2000起；标签：经验不限 / 学历不限；薪资：2000-4000元/月,学历不限,,58同城,2026-09-24 22:35:41,410926,范县,濮阳市,2024-2026,58_范县_2024_2026.csv
1745,数落叶的风,人工智能科技中心教师/白班,濮阳市,范县-城区,2000.0,5000.0,岗位：人工智能科技中心教师/白班；标签：交通补助 / 加班补助 / 饭补 / 话补；薪资：2000-5000元/月,未注明,,58同城,2026-09-24 22:35:41,410926,范县,濮阳市,2024-2026,58_范县_2024_2026.csv
1746,忘晴落凡,网络销售,濮阳市,范县-城区,2500.0,4500.0,岗位：网络销售；标签：经验不限 / 学历不限；薪资：2500-4500元/月,学历不限,,58同城,2026-09-24 22:35:41,410926,范县,濮阳市,2024-2026,58_范县_2024_2026.csv
1747,用户94313,范县散打搏击教练员,濮阳市,范县-城区,3500.0,4500.0,岗位：范县散打搏击教练员；标签：饭补 / 话补 / 交通补助；薪资：3500-4500元/月,未注明,,58同城,2026-09-24 22:35:41,410926,范县,濮阳市,2024-2026,58_范县_2024_2026.csv
1748,爱吃甜点的柠檬,出租车司机/工作时间灵活,濮阳市,濮阳-范县,6500.0,7000.0,岗位：出租车司机/工作时间灵活；标签：招7人 / 经验不限 / 学历不限；薪资：6500-7000元/月,学历不限,7.0,58同城,2026-09-24 22:35:41,410926,范县,濮阳市,2024-2026,58_范县_2024_2026.csv
1749,郭先生,纤艺美业,濮阳市,范县-其他,2000.0,30000.0,岗位：纤艺美业；标签：经验不限 / 学历不限；薪资：2000-30000元/月,学历不限,,58同城,2026-09-24 22:35:41,410926,范县,濮阳市,2024-2026,58_范县_2024_2026.csv
1750,张员外,体育俱乐部/新媒体运营加班补助包吃周末,濮阳市,范县-城区,2000.0,8000.0,岗位：体育俱乐部/新媒体运营加班补助包吃周末；标签：包吃 / 周末双休 / 加班补助；薪资：2000-8000元/月,未注明,,58同城,2026-09-24 22:35:41,410926,范县,濮阳市,2024-2026,58_范县_2024_2026.csv
1751,刘女士,范县急招C1司机（4米2）日结,濮阳市,范县,7000.0,8000.0,岗位：范县急招C1司机（4米2）日结；标签：招6人 / 经验不限 / 学历不限；薪资：7000-8000元/月,学历不限,6.0,58同城,2026-09-24 22:35:41,410926,范县,濮阳市,2024-2026,58_范县_2024_2026.csv
1752,爱吃蔬菜的保师傅,语音客服,濮阳市,范县-城区,4000.0,9500.0,岗位：语音客服；标签：经验不限 / 学历不限；薪资：4000-9500元/月,学历不限,,58同城,2026-09-24 22:35:41,410926,范县,濮阳市,2024-2026,58_范县_2024_2026.csv
1753,特别内向DE伍博士,汽车美容店汽车美容包吃包住,濮阳市,范县-其他,2000.0,5000.0,岗位：汽车美容店汽车美容包吃包住；标签：包住 / 包吃；薪资：2000-5000元/月,未注明,,58同城,2026-09-24 22:35:41,410926,范县,濮阳市,2024-2026,58_范县_2024_2026.csv
1754,幸福专车司机招募有意联系,商务司机,濮阳市,濮阳-范县,7500.0,8000.0,岗位：商务司机；标签：招12人 / 经验不限 / 学历不限；薪资：7500-8000元/月,学历不限,12.0,58同城,2026-09-24 22:35:41,410926,范县,濮阳市,2024-2026,58_范县_2024_2026.csv
1755,王老师,篮球、跳绳、体能教练员,濮阳市,范县-城区,4000.0,7000.0,岗位：篮球、跳绳、体能教练员；标签：包住 / 年底双薪 / 周末双休 / 交通补助；薪资：4000-7000元/月,未注明,,58同城,2026-09-24 22:35:45,410926,范县,濮阳市,2024-2026,58_范县_2024_2026.csv
1756,用户49940,英语老师,濮阳市,范县-城区,1500.0,2500.0,岗位：英语老师；标签：经验不限 / 学历不限；薪资：1500-2500元/月,学历不限,,58同城,2026-09-24 22:35:45,410926,范县,濮阳市,2024-2026,58_范县_2024_2026.csv
1757,糖糖,学思办公服务中心/英语老... 小程序,濮阳市,范县-城区,2500.0,4500.0,岗位：学思办公服务中心/英语老... 小程序；标签：招1人 / 经验不限 / 学历不限；薪资：2500-4500元/月,学历不限,1.0,58同城,2026-09-24 22:35:45,410926,范县,濮阳市,2024-2026,58_范县_2024_2026.csv
1758,若喻,美体师,濮阳市,范县-城区,6000.0,10000.0,岗位：美体师；标签：包住 / 包吃；薪资：6000-10000元/月,未注明,,58同城,2026-09-24 22:35:45,410926,范县,濮阳市,2024-2026,58_范县_2024_2026.csv
1759,许女士,濮阳巡逻保安岗包吃包住交五险月薪4k,濮阳市,濮阳-濮阳县,3500.0,4000.0,岗位：濮阳巡逻保安岗包吃包住交五险月薪4k；标签：五险一金 / 五险 / 包住 / 包吃；薪资：3500-4000元/月,未注明,,58同城,2026-09-24 22:38:30,410927,台前县,濮阳市,2024-2026,58_台前县_2024_2026.csv
1760,小兔爱啃胡萝卜,仓库管理缴纳五险周末双休,濮阳市,濮阳周边-其他,5000.0,8000.0,岗位：仓库管理缴纳五险周末双休；标签：五险一金 / 包吃 / 包住 / 周末双休；薪资：5000-8000元/月,未注明,,58同城,2026-09-24 22:38:30,410927,台前县,濮阳市,2024-2026,58_台前县_2024_2026.csv
1761,宫女士,室内岗保安活轻松五险一金 小程序,濮阳市,濮阳,4500.0,5000.0,岗位：室内岗保安活轻松五险一金 小程序；标签：招7人 / 经验不限 / 学历不限；薪资：4500-5000元/月,学历不限,7.0,58同城,2026-09-24 22:38:30,410927,台前县,濮阳市,2024-2026,58_台前县_2024_2026.csv
1762,翟女士,义乌雅仕饰家安装工3500,濮阳市,华龙-丹尼斯,3500.0,5000.0,岗位：义乌雅仕饰家安装工3500；标签：交通补助；薪资：3500-5000元/月,未注明,,58同城,2026-09-24 22:38:30,410927,台前县,濮阳市,2024-2026,58_台前县_2024_2026.csv
1763,黄女士,蓝牙耳机操作工厂月8500包吃住好预支,濮阳市,华龙-中心广场,8000.0,8500.0,岗位：蓝牙耳机操作工厂月8500包吃住好预支；标签：五险一金 / 包住 / 包吃 / 加班补助；薪资：8000-8500元/月,未注明,,58同城,2026-09-24 22:38:30,410927,台前县,濮阳市,2024-2026,58_台前县_2024_2026.csv
1764,谢女士,时间自由送餐员可暑假工,濮阳市,濮阳-华龙,5000.0,8500.0,岗位：时间自由送餐员可暑假工；标签：交通补助 / 加班补助；薪资：5000-8500元/月,未注明,,58同城,2026-09-24 22:38:30,410927,台前县,濮阳市,2024-2026,58_台前县_2024_2026.csv
1765,招聘专员,餐饮店店员/营业员白/夜/倒班多班次可选,濮阳市,华龙-丹尼斯,2500.0,4500.0,岗位：餐饮店店员/营业员白/夜/倒班多班次可选；标签：包吃；薪资：2500-4500元/月,未注明,,58同城,2026-09-24 22:38:30,410927,台前县,濮阳市,2024-2026,58_台前县_2024_2026.csv
1766,孙女士,濮阳急招日用百货配送C证司机不装卸,濮阳市,濮阳,6500.0,9000.0,岗位：濮阳急招日用百货配送C证司机不装卸；标签：包住；薪资：6500-9000元/月,未注明,,58同城,2026-09-24 22:38:30,410927,台前县,濮阳市,2024-2026,58_台前县_2024_2026.csv
1767,爱在雨里跳舞的阿雨,悦家门窗经营店店员/营业员3千起,濮阳市,濮阳-清丰,3000.0,5000.0,岗位：悦家门窗经营店店员/营业员3千起；标签：包住 / 包吃；薪资：3000-5000元/月,未注明,,58同城,2026-09-24 22:38:30,410927,台前县,濮阳市,2024-2026,58_台前县_2024_2026.csv
1768,张先生,濮阳市张海村家用电器星级服务店家电维修交,濮阳市,华龙-濮阳站,4000.0,9000.0,岗位：濮阳市张海村家用电器星级服务店家电维修交；标签：包住 / 交通补助；薪资：4000-9000元/月,未注明,,58同城,2026-09-24 22:38:30,410927,台前县,濮阳市,2024-2026,58_台前县_2024_2026.csv
1769,蓝色鱼,防雷检测员,濮阳市,濮阳-华龙,3000.0,4000.0,岗位：防雷检测员；标签：五险；薪资：3000-4000元/月,未注明,,58同城,2026-09-24 22:38:30,410927,台前县,濮阳市,2024-2026,58_台前县_2024_2026.csv
1770,周女士,小区保安包吃住可坐岗,濮阳市,濮阳周边-其他,4500.0,5000.0,岗位：小区保安包吃住可坐岗；标签：五险 / 包住 / 包吃 / 年底双薪；薪资：4500-5000元/月,未注明,,58同城,2026-09-24 22:38:30,410927,台前县,濮阳市,2024-2026,58_台前县_2024_2026.csv
1771,钟女士,急招濮阳农资物料配送C1司机不装卸,濮阳市,濮阳-濮阳县,6500.0,9000.0,岗位：急招濮阳农资物料配送C1司机不装卸；标签：包住；薪资：6500-9000元/月,未注明,,58同城,2026-09-24 22:38:30,410927,台前县,濮阳市,2024-2026,58_台前县_2024_2026.csv
1772,谭先生,美发助理,濮阳市,濮阳周边-其他,1000.0,1500.0,岗位：美发助理；标签：包吃；薪资：1000-1500元/月,未注明,,58同城,2026-09-24 22:38:30,410927,台前县,濮阳市,2024-2026,58_台前县_2024_2026.csv
1773,范先生,泰康之家养老社区大客户代表,濮阳市,濮阳周边-其他,4500.0,20000.0,岗位：泰康之家养老社区大客户代表；标签：招5人 / 经验不限 / 学历大专；薪资：4500-20000元/月,大专,5.0,58同城,2026-09-24 22:38:30,410927,台前县,濮阳市,2024-2026,58_台前县_2024_2026.csv
1774,郭女士,友谊电器服务中心/售后客服学历经验不限,濮阳市,濮阳,2500.0,3000.0,岗位：友谊电器服务中心/售后客服学历经验不限；标签：话补；薪资：2500-3000元/月,未注明,,58同城,2026-09-24 22:38:30,410927,台前县,濮阳市,2024-2026,58_台前县_2024_2026.csv
1775,小憩片刻的星,濮阳C证专线司机不装不卸,濮阳市,濮阳周边-其他,9400.0,9500.0,岗位：濮阳C证专线司机不装不卸；标签：包住；薪资：9400-9500元/月,未注明,,58同城,2026-09-24 22:38:30,410927,台前县,濮阳市,2024-2026,58_台前县_2024_2026.csv
1776,旅人,竹笛老师,濮阳市,华龙-丹尼斯,2000.0,3000.0,岗位：竹笛老师；标签：招2人 / 经验不限 / 学历不限；薪资：2000-3000元/月,学历不限,2.0,58同城,2026-09-24 22:38:30,410927,台前县,濮阳市,2024-2026,58_台前县_2024_2026.csv
1777,牛先生,汽车销售业务经理,濮阳市,濮阳周边-其他,4000.0,8000.0,岗位：汽车销售业务经理；标签：包吃 / 交通补助 / 饭补；薪资：4000-8000元/月,未注明,,58同城,2026-09-24 22:38:30,410927,台前县,濮阳市,2024-2026,58_台前县_2024_2026.csv
1778,好奇的小猫,厨工,濮阳市,华龙-濮阳站,3000.0,4500.0,岗位：厨工；标签：经验不限 / 学历不限；薪资：3000-4500元/月,学历不限,,58同城,2026-09-24 22:38:30,410927,台前县,濮阳市,2024-2026,58_台前县_2024_2026.csv
1779,赵义,程序员/其他软件研发3k起,濮阳市,濮阳-华龙,3000.0,8000.0,岗位：程序员/其他软件研发3k起；标签：招1人 / 经验3-5年 / 学历技校；薪资：3000-8000元/月,中专/中技,1.0,58同城,2026-09-24 22:38:30,410927,台前县,濮阳市,2024-2026,58_台前县_2024_2026.csv
1780,吕先生,招b本司机师傅,濮阳市,濮阳,8000.0,9500.0,岗位：招b本司机师傅；标签：包住 / 交通补助；薪资：8000-9500元/月,未注明,,58同城,2026-09-24 22:38:30,410927,台前县,濮阳市,2024-2026,58_台前县_2024_2026.csv
1781,爱踢球的孙同学,急招濮阳县饲料配送C本司机不装卸,濮阳市,濮阳,6000.0,8000.0,岗位：急招濮阳县饲料配送C本司机不装卸；标签：五险 / 包住 / 饭补 / 话补；薪资：6000-8000元/月,未注明,,58同城,2026-09-24 22:38:30,410927,台前县,濮阳市,2024-2026,58_台前县_2024_2026.csv
1782,齐先生,羽毛球教练,濮阳市,濮阳-华龙,3500.0,6000.0,岗位：羽毛球教练；标签：经验不限 / 学历不限；薪资：3500-6000元/月,学历不限,,58同城,2026-09-24 22:38:30,410927,台前县,濮阳市,2024-2026,58_台前县_2024_2026.csv
1783,李先生,美发助理/学徒,濮阳市,濮阳,,,岗位：美发助理/学徒；标签：招若干人 / 经验不限 / 学历不限；薪资：面议,学历不限,,58同城,2026-09-24 22:38:30,410927,台前县,濮阳市,2024-2026,58_台前县_2024_2026.csv
1784,穿花裙的彩彩,餐饮收银,濮阳市,濮阳-华龙,2000.0,2500.0,岗位：餐饮收银；标签：经验不限 / 学历不限；薪资：2000-2500元/月,学历不限,,58同城,2026-09-24 22:38:30,410927,台前县,濮阳市,2024-2026,58_台前县_2024_2026.csv
1785,李先生,招聘范县货运司机仓库对仓库配送纯开车,濮阳市,濮阳,6000.0,8000.0,岗位：招聘范县货运司机仓库对仓库配送纯开车；标签：五险 / 包住 / 话补；薪资：6000-8000元/月,未注明,,58同城,2026-09-24 22:38:30,410927,台前县,濮阳市,2024-2026,58_台前县_2024_2026.csv
1786,南广义,贝思乐幼儿园/视频剪辑/2千起,濮阳市,濮阳-华龙,2000.0,3000.0,岗位：贝思乐幼儿园/视频剪辑/2千起；标签：包吃；薪资：2000-3000元/月,未注明,,58同城,2026-09-24 22:38:30,410927,台前县,濮阳市,2024-2026,58_台前县_2024_2026.csv
1787,爱踢球的孙同学,直招华龙区卫浴配送C本司机不装卸,濮阳市,濮阳,6300.0,8000.0,岗位：直招华龙区卫浴配送C本司机不装卸；标签：五险 / 包住 / 饭补 / 话补；薪资：6300-8000元/月,未注明,,58同城,2026-09-24 22:38:30,410927,台前县,濮阳市,2024-2026,58_台前县_2024_2026.csv
1788,王志,厨工,濮阳市,濮阳-华龙,2800.0,3500.0,岗位：厨工；标签：经验不限 / 学历不限；薪资：2800-3500元/月,学历不限,,58同城,2026-09-24 22:38:30,410927,台前县,濮阳市,2024-2026,58_台前县_2024_2026.csv
1789,许女士,濮阳巡逻保安岗包吃包住交五险月薪4k,濮阳市,濮阳-濮阳县,3500.0,4000.0,岗位：濮阳巡逻保安岗包吃包住交五险月薪4k；标签：五险一金 / 五险 / 包住 / 包吃；薪资：3500-4000元/月,未注明,,58同城,2026-09-24 22:41:06,410928,濮阳县,濮阳市,2024-2026,58_濮阳县_2024_2026.csv
1790,小兔爱啃胡萝卜,仓库管理缴纳五险周末双休,濮阳市,濮阳周边-其他,5000.0,8000.0,岗位：仓库管理缴纳五险周末双休；标签：五险一金 / 包吃 / 包住 / 周末双休；薪资：5000-8000元/月,未注明,,58同城,2026-09-24 22:41:06,410928,濮阳县,濮阳市,2024-2026,58_濮阳县_2024_2026.csv
1791,宫女士,室内岗保安活轻松五险一金 小程序,濮阳市,濮阳,4500.0,5000.0,岗位：室内岗保安活轻松五险一金 小程序；标签：招7人 / 经验不限 / 学历不限；薪资：4500-5000元/月,学历不限,7.0,58同城,2026-09-24 22:41:06,410928,濮阳县,濮阳市,2024-2026,58_濮阳县_2024_2026.csv
1792,翟女士,义乌雅仕饰家安装工3500,濮阳市,华龙-丹尼斯,3500.0,5000.0,岗位：义乌雅仕饰家安装工3500；标签：交通补助；薪资：3500-5000元/月,未注明,,58同城,2026-09-24 22:41:06,410928,濮阳县,濮阳市,2024-2026,58_濮阳县_2024_2026.csv
1793,黄女士,蓝牙耳机操作工厂月8500包吃住好预支,濮阳市,华龙-中心广场,8000.0,8500.0,岗位：蓝牙耳机操作工厂月8500包吃住好预支；标签：五险一金 / 包住 / 包吃 / 加班补助；薪资：8000-8500元/月,未注明,,58同城,2026-09-24 22:41:06,410928,濮阳县,濮阳市,2024-2026,58_濮阳县_2024_2026.csv
1794,谢女士,时间自由送餐员可暑假工,濮阳市,濮阳-华龙,5000.0,8500.0,岗位：时间自由送餐员可暑假工；标签：交通补助 / 加班补助；薪资：5000-8500元/月,未注明,,58同城,2026-09-24 22:41:06,410928,濮阳县,濮阳市,2024-2026,58_濮阳县_2024_2026.csv
1795,招聘专员,餐饮店店员/营业员白/夜/倒班多班次可选,濮阳市,华龙-丹尼斯,2500.0,4500.0,岗位：餐饮店店员/营业员白/夜/倒班多班次可选；标签：包吃；薪资：2500-4500元/月,未注明,,58同城,2026-09-24 22:41:06,410928,濮阳县,濮阳市,2024-2026,58_濮阳县_2024_2026.csv
1796,孙女士,濮阳急招日用百货配送C证司机不装卸,濮阳市,濮阳,6500.0,9000.0,岗位：濮阳急招日用百货配送C证司机不装卸；标签：包住；薪资：6500-9000元/月,未注明,,58同城,2026-09-24 22:41:06,410928,濮阳县,濮阳市,2024-2026,58_濮阳县_2024_2026.csv
1797,爱在雨里跳舞的阿雨,悦家门窗经营店店员/营业员3千起,濮阳市,濮阳-清丰,3000.0,5000.0,岗位：悦家门窗经营店店员/营业员3千起；标签：包住 / 包吃；薪资：3000-5000元/月,未注明,,58同城,2026-09-24 22:41:06,410928,濮阳县,濮阳市,2024-2026,58_濮阳县_2024_2026.csv
1798,张先生,濮阳市张海村家用电器星级服务店家电维修交,濮阳市,华龙-濮阳站,4000.0,9000.0,岗位：濮阳市张海村家用电器星级服务店家电维修交；标签：包住 / 交通补助；薪资：4000-9000元/月,未注明,,58同城,2026-09-24 22:41:06,410928,濮阳县,濮阳市,2024-2026,58_濮阳县_2024_2026.csv
1799,周女士,小区保安包吃住可坐岗,濮阳市,濮阳周边-其他,4500.0,5000.0,岗位：小区保安包吃住可坐岗；标签：五险 / 包住 / 包吃 / 年底双薪；薪资：4500-5000元/月,未注明,,58同城,2026-09-24 22:41:06,410928,濮阳县,濮阳市,2024-2026,58_濮阳县_2024_2026.csv
1800,钟女士,急招濮阳农资物料配送C1司机不装卸,濮阳市,濮阳-濮阳县,6500.0,9000.0,岗位：急招濮阳农资物料配送C1司机不装卸；标签：包住；薪资：6500-9000元/月,未注明,,58同城,2026-09-24 22:41:06,410928,濮阳县,濮阳市,2024-2026,58_濮阳县_2024_2026.csv
1801,谭先生,美发助理,濮阳市,濮阳周边-其他,1000.0,1500.0,岗位：美发助理；标签：包吃；薪资：1000-1500元/月,未注明,,58同城,2026-09-24 22:41:06,410928,濮阳县,濮阳市,2024-2026,58_濮阳县_2024_2026.csv
1802,范先生,泰康之家养老社区大客户代表,濮阳市,濮阳周边-其他,4500.0,20000.0,岗位：泰康之家养老社区大客户代表；标签：招5人 / 经验不限 / 学历大专；薪资：4500-20000元/月,大专,5.0,58同城,2026-09-24 22:41:06,410928,濮阳县,濮阳市,2024-2026,58_濮阳县_2024_2026.csv
1803,郭女士,友谊电器服务中心/售后客服学历经验不限,濮阳市,濮阳,2500.0,3000.0,岗位：友谊电器服务中心/售后客服学历经验不限；标签：话补；薪资：2500-3000元/月,未注明,,58同城,2026-09-24 22:41:06,410928,濮阳县,濮阳市,2024-2026,58_濮阳县_2024_2026.csv
1804,小憩片刻的星,濮阳C证专线司机不装不卸,濮阳市,濮阳周边-其他,9400.0,9500.0,岗位：濮阳C证专线司机不装不卸；标签：包住；薪资：9400-9500元/月,未注明,,58同城,2026-09-24 22:41:06,410928,濮阳县,濮阳市,2024-2026,58_濮阳县_2024_2026.csv
1805,旅人,竹笛老师,濮阳市,华龙-丹尼斯,2000.0,3000.0,岗位：竹笛老师；标签：招2人 / 经验不限 / 学历不限；薪资：2000-3000元/月,学历不限,2.0,58同城,2026-09-24 22:41:06,410928,濮阳县,濮阳市,2024-2026,58_濮阳县_2024_2026.csv
1806,牛先生,汽车销售业务经理,濮阳市,濮阳周边-其他,4000.0,8000.0,岗位：汽车销售业务经理；标签：包吃 / 交通补助 / 饭补；薪资：4000-8000元/月,未注明,,58同城,2026-09-24 22:41:06,410928,濮阳县,濮阳市,2024-2026,58_濮阳县_2024_2026.csv
1807,好奇的小猫,厨工,濮阳市,华龙-濮阳站,3000.0,4500.0,岗位：厨工；标签：经验不限 / 学历不限；薪资：3000-4500元/月,学历不限,,58同城,2026-09-24 22:41:06,410928,濮阳县,濮阳市,2024-2026,58_濮阳县_2024_2026.csv
1808,赵义,程序员/其他软件研发3k起,濮阳市,濮阳-华龙,3000.0,8000.0,岗位：程序员/其他软件研发3k起；标签：招1人 / 经验3-5年 / 学历技校；薪资：3000-8000元/月,中专/中技,1.0,58同城,2026-09-24 22:41:06,410928,濮阳县,濮阳市,2024-2026,58_濮阳县_2024_2026.csv
1809,吕先生,招b本司机师傅,濮阳市,濮阳,8000.0,9500.0,岗位：招b本司机师傅；标签：包住 / 交通补助；薪资：8000-9500元/月,未注明,,58同城,2026-09-24 22:41:06,410928,濮阳县,濮阳市,2024-2026,58_濮阳县_2024_2026.csv
1810,爱踢球的孙同学,急招濮阳县饲料配送C本司机不装卸,濮阳市,濮阳,6000.0,8000.0,岗位：急招濮阳县饲料配送C本司机不装卸；标签：五险 / 包住 / 饭补 / 话补；薪资：6000-8000元/月,未注明,,58同城,2026-09-24 22:41:06,410928,濮阳县,濮阳市,2024-2026,58_濮阳县_2024_2026.csv
1811,齐先生,羽毛球教练,濮阳市,濮阳-华龙,3500.0,6000.0,岗位：羽毛球教练；标签：经验不限 / 学历不限；薪资：3500-6000元/月,学历不限,,58同城,2026-09-24 22:41:06,410928,濮阳县,濮阳市,2024-2026,58_濮阳县_2024_2026.csv
1812,穿花裙的彩彩,餐饮收银,濮阳市,濮阳-华龙,2000.0,2500.0,岗位：餐饮收银；标签：经验不限 / 学历不限；薪资：2000-2500元/月,学历不限,,58同城,2026-09-24 22:41:06,410928,濮阳县,濮阳市,2024-2026,58_濮阳县_2024_2026.csv
1813,李先生,招聘范县货运司机仓库对仓库配送纯开车,濮阳市,濮阳,6000.0,8000.0,岗位：招聘范县货运司机仓库对仓库配送纯开车；标签：五险 / 包住 / 话补；薪资：6000-8000元/月,未注明,,58同城,2026-09-24 22:41:06,410928,濮阳县,濮阳市,2024-2026,58_濮阳县_2024_2026.csv
1814,南广义,贝思乐幼儿园/视频剪辑/2千起,濮阳市,濮阳-华龙,2000.0,3000.0,岗位：贝思乐幼儿园/视频剪辑/2千起；标签：包吃；薪资：2000-3000元/月,未注明,,58同城,2026-09-24 22:41:06,410928,濮阳县,濮阳市,2024-2026,58_濮阳县_2024_2026.csv
1815,爱踢球的孙同学,直招华龙区卫浴配送C本司机不装卸,濮阳市,濮阳,6300.0,8000.0,岗位：直招华龙区卫浴配送C本司机不装卸；标签：五险 / 包住 / 饭补 / 话补；薪资：6300-8000元/月,未注明,,58同城,2026-09-24 22:41:06,410928,濮阳县,濮阳市,2024-2026,58_濮阳县_2024_2026.csv
1816,王志,厨工,濮阳市,濮阳-华龙,2800.0,3500.0,岗位：厨工；标签：经验不限 / 学历不限；薪资：2800-3500元/月,学历不限,,58同城,2026-09-24 22:41:06,410928,濮阳县,濮阳市,2024-2026,58_濮阳县_2024_2026.csv
1817,哼着歌走过的街,急招濮阳家具配送不装卸C1司机,濮阳市,濮阳-濮阳县,6000.0,8000.0,岗位：急招濮阳家具配送不装卸C1司机；标签：包住；薪资：6000-8000元/月,未注明,,58同城,2026-09-24 22:41:06,410928,濮阳县,濮阳市,2024-2026,58_濮阳县_2024_2026.csv
1818,刘先生,濮阳急招日用百货配送C证司机不装卸,濮阳市,濮阳-华龙,6000.0,8000.0,岗位：濮阳急招日用百货配送C证司机不装卸；标签：包住；薪资：6000-8000元/月,未注明,,58同城,2026-09-24 22:41:06,410928,濮阳县,濮阳市,2024-2026,58_濮阳县_2024_2026.csv
1819,裴经理,健康养生馆门店店员3000起,濮阳市,濮阳-华龙,3000.0,5000.0,岗位：健康养生馆门店店员3000起；标签：饭补；薪资：3000-5000元/月,未注明,,58同城,2026-09-24 22:41:10,410928,濮阳县,濮阳市,2024-2026,58_濮阳县_2024_2026.csv
1820,夏先生,商场保安招人，工作轻松，环境干净舒适,濮阳市,濮阳,4500.0,5000.0,岗位：商场保安招人，工作轻松，环境干净舒适；标签：五险一金 / 包吃 / 包住 / 年底双薪；薪资：4500-5000元/月,未注明,,58同城,2026-09-24 22:41:10,410928,濮阳县,濮阳市,2024-2026,58_濮阳县_2024_2026.csv
1821,蚂蚁办公微信,乒乓球馆/乒乓球教练工作... 小程序,濮阳市,华龙-联华广场,3000.0,4500.0,岗位：乒乓球馆/乒乓球教练工作... 小程序；标签：招1人 / 经验不限 / 学历不限；薪资：3000-4500元/月,学历不限,1.0,58同城,2026-09-24 22:41:10,410928,濮阳县,濮阳市,2024-2026,58_濮阳县_2024_2026.csv
1822,招聘专员,销售顾问,濮阳市,濮阳-华龙,2000.0,4000.0,岗位：销售顾问；标签：经验不限 / 学历不限；薪资：2000-4000元/月,学历不限,,58同城,2026-09-24 22:41:10,410928,濮阳县,濮阳市,2024-2026,58_濮阳县_2024_2026.csv
1823,宗同学爱采购,软件开发/3千起,濮阳市,濮阳-华龙,3000.0,5000.0,岗位：软件开发/3千起；标签：经验1-2年 / 学历不限；薪资：3000-5000元/月,学历不限,,58同城,2026-09-24 22:41:10,410928,濮阳县,濮阳市,2024-2026,58_濮阳县_2024_2026.csv
1824,招聘专员,珠宝店长,濮阳市,濮阳-清丰,3000.0,6000.0,岗位：珠宝店长；标签：招1人 / 经验3-5年 / 学历高中；薪资：3000-6000元/月,高中,1.0,58同城,2026-09-24 22:41:10,410928,濮阳县,濮阳市,2024-2026,58_濮阳县_2024_2026.csv
1825,锦国泰食品,4千聘食品区域销售40岁以下,濮阳市,濮阳-华龙,3000.0,7000.0,岗位：4千聘食品区域销售40岁以下；标签：招3人 / 经验1-2年 / 学历不限；薪资：3000-7000元/月,学历不限,3.0,58同城,2026-09-24 22:41:10,410928,濮阳县,濮阳市,2024-2026,58_濮阳县_2024_2026.csv
1826,康先生,物业保安可预支包吃住,濮阳市,濮阳,4500.0,5000.0,岗位：物业保安可预支包吃住；标签：五险一金 / 包吃 / 包住 / 年底双薪；薪资：4500-5000元/月,未注明,,58同城,2026-09-24 22:41:10,410928,濮阳县,濮阳市,2024-2026,58_濮阳县_2024_2026.csv
1827,孔先生,急招保安待遇优厚包吃住工作轻松稳定环境好,濮阳市,濮阳,4500.0,5000.0,岗位：急招保安待遇优厚包吃住工作轻松稳定环境好；标签：五险一金 / 包吃 / 包住 / 年底双薪；薪资：4500-5000元/月,未注明,,58同城,2026-09-24 22:41:10,410928,濮阳县,濮阳市,2024-2026,58_濮阳县_2024_2026.csv
1828,鲁老师,跆拳道教练,濮阳市,濮阳周边-其他,,,岗位：跆拳道教练；标签：加班补助；薪资：面议,未注明,,58同城,2026-09-24 22:41:10,410928,濮阳县,濮阳市,2024-2026,58_濮阳县_2024_2026.csv
1829,胡女士,物业直招长期工保安可带朋友/包吃包住,濮阳市,濮阳-华龙,5500.0,6000.0,岗位：物业直招长期工保安可带朋友/包吃包住；标签：五险一金 / 五险 / 包住 / 包吃；薪资：5500-6000元/月,未注明,,58同城,2026-09-24 22:41:10,410928,濮阳县,濮阳市,2024-2026,58_濮阳县_2024_2026.csv
1830,王先生,小区室内门岗保安包吃住可预支,濮阳市,华龙-中心广场,4500.0,5000.0,岗位：小区室内门岗保安包吃住可预支；标签：五险 / 包住 / 包吃；薪资：4500-5000元/月,未注明,,58同城,2026-09-24 22:41:10,410928,濮阳县,濮阳市,2024-2026,58_濮阳县_2024_2026.csv
1831,李女士,门岗保安包吃住不收费可以预支,濮阳市,濮阳-华龙,4500.0,5000.0,岗位：门岗保安包吃住不收费可以预支；标签：五险一金 / 五险 / 包住 / 包吃；薪资：4500-5000元/月,未注明,,58同城,2026-09-24 22:41:10,410928,濮阳县,濮阳市,2024-2026,58_濮阳县_2024_2026.csv
1832,用户5175,汽车维修,濮阳市,濮阳周边-其他,3000.0,5500.0,岗位：汽车维修；标签：包住 / 包吃 / 周末双休 / 饭补；薪资：3000-5500元/月,未注明,,58同城,2026-09-24 22:41:10,410928,濮阳县,濮阳市,2024-2026,58_濮阳县_2024_2026.csv
1833,李先生,叶片操作工，280-350元/天,濮阳市,濮阳,8000.0,8500.0,岗位：叶片操作工，280-350元/天；标签：五险一金；薪资：8000-8500元/月,未注明,,58同城,2026-09-24 22:41:10,410928,濮阳县,濮阳市,2024-2026,58_濮阳县_2024_2026.csv
1834,用户5175,汽车维修厂/汽车维修包住包吃,濮阳市,濮阳周边-其他,3000.0,9500.0,岗位：汽车维修厂/汽车维修包住包吃；标签：包住 / 包吃；薪资：3000-9500元/月,未注明,,58同城,2026-09-24 22:41:10,410928,濮阳县,濮阳市,2024-2026,58_濮阳县_2024_2026.csv
1835,任先生,诚聘小件装卸搬运工,濮阳市,濮阳-华龙,5800.0,5900.0,岗位：诚聘小件装卸搬运工；标签：五险 / 包住 / 包吃 / 年底双薪；薪资：5800-5900元/月,未注明,,58同城,2026-09-24 22:41:10,410928,濮阳县,濮阳市,2024-2026,58_濮阳县_2024_2026.csv
1836,邓女士,轻松坐岗保安包吃包住,濮阳市,华龙-濮阳站,4500.0,5000.0,岗位：轻松坐岗保安包吃包住；标签：五险 / 包住 / 包吃；薪资：4500-5000元/月,未注明,,58同城,2026-09-24 22:41:10,410928,濮阳县,濮阳市,2024-2026,58_濮阳县_2024_2026.csv
1837,李女士,钳工/包吃五险一金包住13000以上,濮阳市,华龙-濮阳站,10000.0,13000.0,岗位：钳工/包吃五险一金包住13000以上；标签：五险一金 / 包住 / 包吃；薪资：10000-13000元/月,未注明,,58同城,2026-09-24 22:41:10,410928,濮阳县,濮阳市,2024-2026,58_濮阳县_2024_2026.csv
1838,周先生,月薪过万-招健身教练学徒,濮阳市,濮阳,6000.0,12000.0,岗位：月薪过万-招健身教练学徒；标签：包住 / 五险一金 / 包吃；薪资：6000-12000元/月,未注明,,58同城,2026-09-24 22:41:10,410928,濮阳县,濮阳市,2024-2026,58_濮阳县_2024_2026.csv
1839,张女士,后厨包吃包住（乐业街）,濮阳市,华龙-丹尼斯,3500.0,4000.0,岗位：后厨包吃包住（乐业街）；标签：包住 / 包吃；薪资：3500-4000元/月,未注明,,58同城,2026-09-24 22:41:10,410928,濮阳县,濮阳市,2024-2026,58_濮阳县_2024_2026.csv
1840,张先生,超市收银员,濮阳市,濮阳-华龙,3000.0,3500.0,岗位：超市收银员；标签：包吃；薪资：3000-3500元/月,未注明,,58同城,2026-09-24 22:41:10,410928,濮阳县,濮阳市,2024-2026,58_濮阳县_2024_2026.csv
1841,苏女士,物业直招小区8小时室内坐岗保安,濮阳市,濮阳县-濮阳上亿广场,4000.0,5000.0,岗位：物业直招小区8小时室内坐岗保安；标签：五险一金 / 五险 / 包住 / 包吃；薪资：4000-5000元/月,未注明,,58同城,2026-09-24 22:41:10,410928,濮阳县,濮阳市,2024-2026,58_濮阳县_2024_2026.csv
1842,李女士,8小时看大门保安事少可以看手机,濮阳市,清丰-人民路,4500.0,5000.0,岗位：8小时看大门保安事少可以看手机；标签：五险一金 / 五险 / 包住 / 包吃；薪资：4500-5000元/月,未注明,,58同城,2026-09-24 22:41:10,410928,濮阳县,濮阳市,2024-2026,58_濮阳县_2024_2026.csv
1843,张经理,招优秀服务员各店就近安排,濮阳市,濮阳,2500.0,3000.0,岗位：招优秀服务员各店就近安排；标签：包吃 / 包住；薪资：2500-3000元/月,未注明,,58同城,2026-09-24 22:41:10,410928,濮阳县,濮阳市,2024-2026,58_濮阳县_2024_2026.csv
1844,楚女士,不穿不查黑电子厂包吃住不过安检自由普工,濮阳市,濮阳,5500.0,8000.0,岗位：不穿不查黑电子厂包吃住不过安检自由普工；标签：包住 / 加班补助；薪资：5500-8000元/月,未注明,,58同城,2026-09-24 22:41:10,410928,濮阳县,濮阳市,2024-2026,58_濮阳县_2024_2026.csv
1845,张经理,明月麻辣香锅诚招收银员,濮阳市,濮阳,,,岗位：明月麻辣香锅诚招收银员；标签：招3人 / 经验1-2年 / 学历不限；薪资：面议,学历不限,3.0,58同城,2026-09-24 22:41:10,410928,濮阳县,濮阳市,2024-2026,58_濮阳县_2024_2026.csv
1846,总爱翻白眼的姑娘,急招濮阳送小商品C本司机,濮阳市,濮阳,6000.0,8000.0,岗位：急招濮阳送小商品C本司机；标签：五险 / 包住 / 加班补助；薪资：6000-8000元/月,未注明,,58同城,2026-09-24 22:41:10,410928,濮阳县,濮阳市,2024-2026,58_濮阳县_2024_2026.csv
1847,张经理,明月麻辣香锅华龙区濮阳县店招服务员收银员,濮阳市,华龙-濮阳站,,,岗位：明月麻辣香锅华龙区濮阳县店招服务员收银员；标签：包吃 / 包住；薪资：面议,未注明,,58同城,2026-09-24 22:41:10,410928,濮阳县,濮阳市,2024-2026,58_濮阳县_2024_2026.csv
1848,张经理,厨师-诚聘各店就近入职,濮阳市,濮阳,6500.0,8000.0,岗位：厨师-诚聘各店就近入职；标签：包吃 / 包住；薪资：6500-8000元/月,未注明,,58同城,2026-09-24 22:41:10,410928,濮阳县,濮阳市,2024-2026,58_濮阳县_2024_2026.csv
1849,溜达散步的欢欢,公司直招班车司机待遇优,濮阳市,濮阳-华龙,6900.0,7000.0,岗位：公司直招班车司机待遇优；标签：五险一金 / 话补 / 五险 / 房补；薪资：6900-7000元/月,未注明,,58同城,2026-09-24 22:41:14,410928,濮阳县,濮阳市,2024-2026,58_濮阳县_2024_2026.csv
1850,马先生,急招小车司机包住宿400一天,濮阳市,濮阳-华龙,6900.0,7000.0,岗位：急招小车司机包住宿400一天；标签：五险一金 / 五险 / 包住 / 包吃；薪资：6900-7000元/月,未注明,,58同城,2026-09-24 22:41:14,410928,濮阳县,濮阳市,2024-2026,58_濮阳县_2024_2026.csv
1851,03,线上内容审核客服246一... 小程序,濮阳市,濮阳,4300.0,7300.0,岗位：线上内容审核客服246一... 小程序；标签：五险一金 / 包吃 / 包住 / 年底双薪；薪资：4300-7300元/月,未注明,,58同城,2026-09-24 22:41:14,410928,濮阳县,濮阳市,2024-2026,58_濮阳县_2024_2026.csv
1852,胡女士,给公司老板开商务车司机包住宿,濮阳市,濮阳-华龙,6800.0,6900.0,岗位：给公司老板开商务车司机包住宿；标签：包住 / 加班补助 / 交通补助；薪资：6800-6900元/月,未注明,,58同城,2026-09-24 22:41:14,410928,濮阳县,濮阳市,2024-2026,58_濮阳县_2024_2026.csv
1853,坐秋千的然然,居家信息审核员时间自由无需经验,濮阳市,濮阳,4000.0,6000.0,岗位：居家信息审核员时间自由无需经验；标签：五险一金 / 包吃 / 包住 / 年底双薪；薪资：4000-6000元/月,未注明,,58同城,2026-09-24 22:41:14,410928,濮阳县,濮阳市,2024-2026,58_濮阳县_2024_2026.csv
1854,陆女士,急招帮公司开车司机包住时间灵活,濮阳市,华龙-濮阳站,5800.0,6900.0,岗位：急招帮公司开车司机包住时间灵活；标签：包住 / 包吃；薪资：5800-6900元/月,未注明,,58同城,2026-09-24 22:41:14,410928,濮阳县,濮阳市,2024-2026,58_濮阳县_2024_2026.csv
1855,张女士,公司直招客车司机，包住，周结,濮阳市,濮阳,6900.0,7000.0,岗位：公司直招客车司机，包住，周结；标签：包住 / 交通补助 / 加班补助 / 饭补；薪资：6900-7000元/月,未注明,,58同城,2026-09-24 22:41:14,410928,濮阳县,濮阳市,2024-2026,58_濮阳县_2024_2026.csv
1856,张女士,急招司机400一天包住,濮阳市,濮阳-华龙,3000.0,5000.0,岗位：急招司机400一天包住；标签：五险一金 / 五险 / 包住 / 包吃；薪资：3000-5000元/月,未注明,,58同城,2026-09-24 22:41:14,410928,濮阳县,濮阳市,2024-2026,58_濮阳县_2024_2026.csv
1857,晃荡小铃铛的手腕,公司直招专车司机饭补房补包住,濮阳市,濮阳-华龙,6500.0,7000.0,岗位：公司直招专车司机饭补房补包住；标签：包住 / 饭补 / 房补；薪资：6500-7000元/月,未注明,,58同城,2026-09-24 22:41:14,410928,濮阳县,濮阳市,2024-2026,58_濮阳县_2024_2026.csv
1858,橘子皮薄,内容审核员学历经验不限保底7千,濮阳市,濮阳,6000.0,8000.0,岗位：内容审核员学历经验不限保底7千；标签：五险一金 / 包吃 / 包住 / 年底双薪；薪资：6000-8000元/月,未注明,,58同城,2026-09-24 22:41:14,410928,濮阳县,濮阳市,2024-2026,58_濮阳县_2024_2026.csv
1859,杨经理,班车司机,濮阳市,华龙-丹尼斯,6900.0,7000.0,岗位：班车司机；标签：五险一金 / 包住 / 交通补助；薪资：6900-7000元/月,未注明,,58同城,2026-09-24 22:41:14,410928,濮阳县,濮阳市,2024-2026,58_濮阳县_2024_2026.csv
1860,逄先生,普工镗工月入6000管吃住,濮阳市,濮阳,7000.0,8500.0,岗位：普工镗工月入6000管吃住；标签：包住 / 包吃；薪资：7000-8500元/月,未注明,,58同城,2026-09-24 22:41:14,410928,濮阳县,濮阳市,2024-2026,58_濮阳县_2024_2026.csv
1861,追着彩虹跑的甜甜,班车司机交通补助房补加班补助,濮阳市,华龙-中心广场,6900.0,7000.0,岗位：班车司机交通补助房补加班补助；标签：交通补助 / 加班补助 / 话补 / 房补；薪资：6900-7000元/月,未注明,,58同城,2026-09-24 22:41:14,410928,濮阳县,濮阳市,2024-2026,58_濮阳县_2024_2026.csv
1862,最爱小兔子,铁锅炖后厨厨师学徒也可以,濮阳市,濮阳-华龙,4000.0,5000.0,岗位：铁锅炖后厨厨师学徒也可以；标签：经验不限 / 学历不限；薪资：4000-5000元/月,学历不限,,58同城,2026-09-24 22:41:14,410928,濮阳县,濮阳市,2024-2026,58_濮阳县_2024_2026.csv
1863,幸福DE许博士,南乐县房产中介店长,濮阳市,濮阳-南乐,4000.0,8500.0,岗位：南乐县房产中介店长；标签：招1人 / 经验3-5年 / 学历不限；薪资：4000-8500元/月,学历不限,1.0,58同城,2026-09-24 22:41:14,410928,濮阳县,濮阳市,2024-2026,58_濮阳县_2024_2026.csv
1864,程燃,濮阳叁体商贸有限公司/商家运营/2500,濮阳市,濮阳-华龙,2500.0,10000.0,岗位：濮阳叁体商贸有限公司/商家运营/2500；标签：经验不限 / 学历高中；薪资：2500-10000元/月,高中,,58同城,2026-09-24 22:41:14,410928,濮阳县,濮阳市,2024-2026,58_濮阳县_2024_2026.csv
1865,爱看书de黄老板,服装/外贸英语业务员五险,濮阳市,濮阳-台前,3000.0,5000.0,岗位：服装/外贸英语业务员五险；标签：五险；薪资：3000-5000元/月,未注明,,58同城,2026-09-24 22:41:14,410928,濮阳县,濮阳市,2024-2026,58_濮阳县_2024_2026.csv
1866,李永伟,药房药店营业员工作时间白/夜/倒班多班,濮阳市,濮阳-清丰,2000.0,3500.0,岗位：药房药店营业员工作时间白/夜/倒班多班；标签：招2人 / 经验不限 / 学历不限；薪资：2000-3500元/月,学历不限,2.0,58同城,2026-09-24 22:41:14,410928,濮阳县,濮阳市,2024-2026,58_濮阳县_2024_2026.csv
1867,李女士,理财顾问,濮阳市,华龙-丹尼斯,2500.0,14000.0,岗位：理财顾问；标签：周末双休；薪资：2500-14000元/月,未注明,,58同城,2026-09-24 22:41:14,410928,濮阳县,濮阳市,2024-2026,58_濮阳县_2024_2026.csv
1868,张女士,濮阳聘正规按摩足疗师芳疗师薪资过万包食宿,濮阳市,濮阳-华龙,7000.0,14000.0,岗位：濮阳聘正规按摩足疗师芳疗师薪资过万包食宿；标签：包吃 / 包住；薪资：7000-14000元/月,未注明,,58同城,2026-09-24 22:41:14,410928,濮阳县,濮阳市,2024-2026,58_濮阳县_2024_2026.csv
1869,刘女士,零基础健身爱好者退伍军人健身教练,濮阳市,华龙-中心广场,8000.0,12000.0,岗位：零基础健身爱好者退伍军人健身教练；标签：包吃 / 包住 / 年底双薪 / 交通补助；薪资：8000-12000元/月,未注明,,58同城,2026-09-24 22:41:14,410928,濮阳县,濮阳市,2024-2026,58_濮阳县_2024_2026.csv
1870,耿先生,招聘提成律师提供案源,濮阳市,华龙-新油田商贸城,5000.0,15000.0,岗位：招聘提成律师提供案源；标签：五险 / 交通补助；薪资：5000-15000元/月,未注明,,58同城,2026-09-24 22:41:14,410928,濮阳县,濮阳市,2024-2026,58_濮阳县_2024_2026.csv
1871,养乌龟的嘟嘟,培训机构日语老师兼职年底双薪,濮阳市,华龙-濮阳站,3000.0,5500.0,岗位：培训机构日语老师兼职年底双薪；标签：年底双薪；薪资：3000-5500元/月,未注明,,58同城,2026-09-24 22:41:14,410928,濮阳县,濮阳市,2024-2026,58_濮阳县_2024_2026.csv
1872,耿先生,律师事务所律师交通补助周末双休五险,濮阳市,濮阳-华龙,5000.0,15000.0,岗位：律师事务所律师交通补助周末双休五险；标签：五险 / 交通补助 / 周末双休；薪资：5000-15000元/月,未注明,,58同城,2026-09-24 22:41:14,410928,濮阳县,濮阳市,2024-2026,58_濮阳县_2024_2026.csv
1873,孙总爱朗读,药店西药执业药师兼职,濮阳市,濮阳-华龙,4000.0,6000.0,岗位：药店西药执业药师兼职；标签：招1人 / 经验1年以下 / 学历中专；薪资：4000-6000元/月,中专/中技,1.0,58同城,2026-09-24 22:41:14,410928,濮阳县,濮阳市,2024-2026,58_濮阳县_2024_2026.csv
1874,月亮湾的晚风,仓库管理员早九晚五薪资6000,许昌市,鄢陵-鄢陵其他,5000.0,8000.0,岗位：仓库管理员早九晚五薪资6000；标签：五险一金 / 包吃 / 包住 / 周末双休；薪资：5000-8000元/月,未注明,,58同城,2026-09-24 22:41:23,411024,鄢陵县,许昌市,2024-2026,58_鄢陵县_2024_2026.csv
1875,赵女士,超市门店店长,许昌市,鄢陵-鄢陵其他,6000.0,8000.0,岗位：超市门店店长；标签：包住；薪资：6000-8000元/月,未注明,,58同城,2026-09-24 22:41:23,411024,鄢陵县,许昌市,2024-2026,58_鄢陵县_2024_2026.csv
1876,程先生,鄢陵县海洋超市店员/营业... 小程序,许昌市,鄢陵-鄢陵其他,2000.0,2500.0,岗位：鄢陵县海洋超市店员/营业... 小程序；标签：包吃；薪资：2000-2500元/月,未注明,,58同城,2026-09-24 22:41:23,411024,鄢陵县,许昌市,2024-2026,58_鄢陵县_2024_2026.csv
1877,赵女士,做账会计,许昌市,鄢陵-鄢陵其他,4000.0,5000.0,岗位：做账会计；标签：包住；薪资：4000-5000元/月,未注明,,58同城,2026-09-24 22:41:23,411024,鄢陵县,许昌市,2024-2026,58_鄢陵县_2024_2026.csv
1878,程先生,鄢陵县海洋超市店员/营业员1800起,许昌市,鄢陵-鄢陵其他,1800.0,2500.0,岗位：鄢陵县海洋超市店员/营业员1800起；标签：包吃；薪资：1800-2500元/月,未注明,,58同城,2026-09-24 22:41:23,411024,鄢陵县,许昌市,2024-2026,58_鄢陵县_2024_2026.csv
1879,更舒心de韦同学,物业客服管家2500起,许昌市,鄢陵-鄢陵城区,2500.0,3000.0,岗位：物业客服管家2500起；标签：经验1-2年 / 学历高中；薪资：2500-3000元/月,高中,,58同城,2026-09-24 22:41:23,411024,鄢陵县,许昌市,2024-2026,58_鄢陵县_2024_2026.csv
1880,夏先生,营业员,许昌市,鄢陵其他-鄢陵周边,3000.0,6000.0,岗位：营业员；标签：包吃；薪资：3000-6000元/月,未注明,,58同城,2026-09-24 22:41:23,411024,鄢陵县,许昌市,2024-2026,58_鄢陵县_2024_2026.csv
1881,天,酒店前台/学历经验不限,许昌市,鄢陵-鄢陵其他,2000.0,2500.0,岗位：酒店前台/学历经验不限；标签：包吃；薪资：2000-2500元/月,未注明,,58同城,2026-09-24 22:41:23,411024,鄢陵县,许昌市,2024-2026,58_鄢陵县_2024_2026.csv
1882,李女士,餐饮店店员2500起,许昌市,鄢陵-鄢陵城区,2500.0,4000.0,岗位：餐饮店店员2500起；标签：包吃；薪资：2500-4000元/月,未注明,,58同城,2026-09-24 22:41:23,411024,鄢陵县,许昌市,2024-2026,58_鄢陵县_2024_2026.csv
1883,远航,会计文员助理,许昌市,鄢陵城区-城区中心,2800.0,4000.0,岗位：会计文员助理；标签：五险一金 / 周末双休；薪资：2800-4000元/月,未注明,,58同城,2026-09-24 22:41:23,411024,鄢陵县,许昌市,2024-2026,58_鄢陵县_2024_2026.csv
1884,鄢陵尚美优酒店,酒店店长包住包吃,许昌市,鄢陵-鄢陵城区,3000.0,5000.0,岗位：酒店店长包住包吃；标签：包住 / 包吃；薪资：3000-5000元/月,未注明,,58同城,2026-09-24 22:41:23,411024,鄢陵县,许昌市,2024-2026,58_鄢陵县_2024_2026.csv
1885,蔡世阳,超市营业员4000起,许昌市,鄢陵-鄢陵城区,4000.0,5500.0,岗位：超市营业员4000起；标签：招2人 / 经验不限 / 学历不限；薪资：4000-5500元/月,学历不限,2.0,58同城,2026-09-24 22:41:23,411024,鄢陵县,许昌市,2024-2026,58_鄢陵县_2024_2026.csv
1886,卷发的小太阳,饮品店奶茶店长/加班补助免费工服,许昌市,鄢陵城区-城区中心,5000.0,6000.0,岗位：饮品店奶茶店长/加班补助免费工服；标签：加班补助；薪资：5000-6000元/月,未注明,,58同城,2026-09-24 22:41:23,411024,鄢陵县,许昌市,2024-2026,58_鄢陵县_2024_2026.csv
1887,爱教育de瞿博士,中餐厅餐饮店长免费工服商业医疗保险,许昌市,鄢陵-鄢陵其他,3000.0,5000.0,岗位：中餐厅餐饮店长免费工服商业医疗保险；标签：经验3-5年 / 学历不限；薪资：3000-5000元/月,学历不限,,58同城,2026-09-24 22:41:23,411024,鄢陵县,许昌市,2024-2026,58_鄢陵县_2024_2026.csv
1888,踩影子的男孩,汽车养护店/汽车贴膜饭补房补,许昌市,鄢陵-鄢陵其他,5000.0,12000.0,岗位：汽车养护店/汽车贴膜饭补房补；标签：饭补 / 房补；薪资：5000-12000元/月,未注明,,58同城,2026-09-24 22:41:23,411024,鄢陵县,许昌市,2024-2026,58_鄢陵县_2024_2026.csv
1889,李经理,鄢陵早九晚六客服,许昌市,鄢陵城区-城区中心,2500.0,4500.0,岗位：鄢陵早九晚六客服；标签：招20人 / 经验不限 / 学历不限；薪资：2500-4500元/月,学历不限,20.0,58同城,2026-09-24 22:41:23,411024,鄢陵县,许昌市,2024-2026,58_鄢陵县_2024_2026.csv
1890,刘女士,假发制帽厂急聘平车缝纫工,许昌市,鄢陵-鄢陵其他,3000.0,6000.0,岗位：假发制帽厂急聘平车缝纫工；标签：招10人 / 经验不限 / 学历不限；薪资：3000-6000元/月,学历不限,10.0,58同城,2026-09-24 22:41:23,411024,鄢陵县,许昌市,2024-2026,58_鄢陵县_2024_2026.csv
1891,李经理,打字客服,许昌市,鄢陵城区-城区中心,2500.0,4500.0,岗位：打字客服；标签：招200人 / 经验不限 / 学历不限；薪资：2500-4500元/月,学历不限,200.0,58同城,2026-09-24 22:41:23,411024,鄢陵县,许昌市,2024-2026,58_鄢陵县_2024_2026.csv
1892,赵女士,生鲜果蔬理货员,许昌市,鄢陵-鄢陵其他,2500.0,3500.0,岗位：生鲜果蔬理货员；标签：招5人 / 经验不限 / 学历不限；薪资：2500-3500元/月,学历不限,5.0,58同城,2026-09-24 22:41:23,411024,鄢陵县,许昌市,2024-2026,58_鄢陵县_2024_2026.csv
1893,崔先生,手机聊天客服3k起,许昌市,鄢陵其他-鄢陵周边,3000.0,8000.0,岗位：手机聊天客服3k起；标签：经验不限 / 学历不限；薪资：3000-8000元/月,学历不限,,58同城,2026-09-24 22:41:23,411024,鄢陵县,许昌市,2024-2026,58_鄢陵县_2024_2026.csv
1894,崔先生,门窗厂门窗制作3500起,许昌市,鄢陵-鄢陵城区,3500.0,6000.0,岗位：门窗厂门窗制作3500起；标签：包吃；薪资：3500-6000元/月,未注明,,58同城,2026-09-24 22:41:23,411024,鄢陵县,许昌市,2024-2026,58_鄢陵县_2024_2026.csv
1895,李女士,招聘书法老师薪资3000-6000,许昌市,鄢陵城区-城区中心,3000.0,6000.0,岗位：招聘书法老师薪资3000-6000；标签：招3人 / 经验1年以下 / 学历不限；薪资：3000-6000元/月,学历不限,3.0,58同城,2026-09-24 22:41:23,411024,鄢陵县,许昌市,2024-2026,58_鄢陵县_2024_2026.csv
1896,爱提醒的谭同学,扶沟县鼎盛公路建筑工程有限公司/跟单员/,许昌市,鄢陵-鄢陵城区,2500.0,6000.0,岗位：扶沟县鼎盛公路建筑工程有限公司/跟单员/；标签：话补；薪资：2500-6000元/月,未注明,,58同城,2026-09-24 22:41:23,411024,鄢陵县,许昌市,2024-2026,58_鄢陵县_2024_2026.csv
1897,郑先生,测绘/测量技术员2.5k起,许昌市,鄢陵-鄢陵城区,2500.0,5000.0,岗位：测绘/测量技术员2.5k起；标签：周末双休；薪资：2500-5000元/月,未注明,,58同城,2026-09-24 22:41:23,411024,鄢陵县,许昌市,2024-2026,58_鄢陵县_2024_2026.csv
1898,王女士,电池/电源工程师包吃加班补助饭补,许昌市,襄阳-襄城,4000.0,6000.0,岗位：电池/电源工程师包吃加班补助饭补；标签：五险 / 包吃 / 年底双薪 / 交通补助；薪资：4000-6000元/月,未注明,,58同城,2026-09-24 22:44:32,411025,襄城县,许昌市,2024-2026,58_襄城县_2024_2026.csv
1899,鄢晴,选址开发,许昌市,襄阳-襄城,5000.0,10000.0,岗位：选址开发；标签：招1人 / 经验不限 / 学历不限；薪资：5000-10000元/月,学历不限,1.0,58同城,2026-09-24 22:44:32,411025,襄城县,许昌市,2024-2026,58_襄城县_2024_2026.csv
1900,翟晶,排版设计 小程序,许昌市,襄阳-襄城,5000.0,7000.0,岗位：排版设计 小程序；标签：招1人 / 经验不限 / 学历不限；薪资：5000-7000元/月,学历不限,1.0,58同城,2026-09-24 22:44:32,411025,襄城县,许昌市,2024-2026,58_襄城县_2024_2026.csv
1901,汤女士,10000起请产后康复师,许昌市,襄城-广电中心,8000.0,12000.0,岗位：10000起请产后康复师；标签：包住 / 包吃 / 年底双薪 / 周末双休；薪资：8000-12000元/月,未注明,,58同城,2026-09-24 22:44:32,411025,襄城县,许昌市,2024-2026,58_襄城县_2024_2026.csv
1902,招聘专员,插画师,许昌市,襄城-鼓楼,5000.0,6000.0,岗位：插画师；标签：招1人 / 经验不限 / 学历不限；薪资：5000-6000元/月,学历不限,1.0,58同城,2026-09-24 22:44:32,411025,襄城县,许昌市,2024-2026,58_襄城县_2024_2026.csv
1903,爱酝酿DE郭总,陈列/展览设计,许昌市,襄阳-襄城,5000.0,10000.0,岗位：陈列/展览设计；标签：招1人 / 经验不限 / 学历不限；薪资：5000-10000元/月,学历不限,1.0,58同城,2026-09-24 22:44:32,411025,襄城县,许昌市,2024-2026,58_襄城县_2024_2026.csv
1904,崔云,轮胎工,许昌市,襄城-广电中心,5000.0,10000.0,岗位：轮胎工；标签：招1人 / 经验不限 / 学历不限；薪资：5000-10000元/月,学历不限,1.0,58同城,2026-09-24 22:44:32,411025,襄城县,许昌市,2024-2026,58_襄城县_2024_2026.csv
1905,王先生,宠物医生,许昌市,襄城-岘山广场,7000.0,12000.0,岗位：宠物医生；标签：招1人 / 经验不限 / 学历不限；薪资：7000-12000元/月,学历不限,1.0,58同城,2026-09-24 22:44:32,411025,襄城县,许昌市,2024-2026,58_襄城县_2024_2026.csv
1906,饱含深情_芦博士,平面设计师,许昌市,襄阳-襄城,3000.0,5000.0,岗位：平面设计师；标签：交通补助 / 加班补助；薪资：3000-5000元/月,未注明,,58同城,2026-09-24 22:44:32,411025,襄城县,许昌市,2024-2026,58_襄城县_2024_2026.csv
1907,陶真才,美发店长,许昌市,襄城-东门口,5000.0,6000.0,岗位：美发店长；标签：招1人 / 经验不限 / 学历不限；薪资：5000-6000元/月,学历不限,1.0,58同城,2026-09-24 22:44:32,411025,襄城县,许昌市,2024-2026,58_襄城县_2024_2026.csv
1908,张先生,诚聘店员/营业员3000起,许昌市,襄阳-樊城,3000.0,4500.0,岗位：诚聘店员/营业员3000起；标签：话补；薪资：3000-4500元/月,未注明,,58同城,2026-09-24 22:44:32,411025,襄城县,许昌市,2024-2026,58_襄城县_2024_2026.csv
1909,杨女士,长白班普工月6000包吃住,许昌市,襄阳,5000.0,6000.0,岗位：长白班普工月6000包吃住；标签：包住 / 包吃 / 饭补 / 五险一金；薪资：5000-6000元/月,未注明,,58同城,2026-09-24 22:44:32,411025,襄城县,许昌市,2024-2026,58_襄城县_2024_2026.csv
1910,王莉,数控CNC加工师傅可交社... 小程序,许昌市,高新区-新五中,7500.0,9000.0,岗位：数控CNC加工师傅可交社... 小程序；标签：招2人 / 经验不限 / 学历不限；薪资：7500-9000元/月,学历不限,2.0,58同城,2026-09-24 22:44:32,411025,襄城县,许昌市,2024-2026,58_襄城县_2024_2026.csv
1911,爱种花的阿兰,人事专员加班补助包吃住,许昌市,襄阳-襄城,5000.0,7000.0,岗位：人事专员加班补助包吃住；标签：包住 / 包吃 / 年底双薪 / 交通补助；薪资：5000-7000元/月,未注明,,58同城,2026-09-24 22:44:32,411025,襄城县,许昌市,2024-2026,58_襄城县_2024_2026.csv
1912,徐静,高端spa店/采耳师包住包吃加班补助,许昌市,樊城-人民广场,8000.0,10000.0,岗位：高端spa店/采耳师包住包吃加班补助；标签：包住 / 包吃 / 加班补助；薪资：8000-10000元/月,未注明,,58同城,2026-09-24 22:44:32,411025,襄城县,许昌市,2024-2026,58_襄城县_2024_2026.csv
1913,卓尔不群的流氓兔,中国人寿售后客服3千起,许昌市,樊城-人民广场,3000.0,7000.0,岗位：中国人寿售后客服3千起；标签：周末双休；薪资：3000-7000元/月,未注明,,58同城,2026-09-24 22:44:32,411025,襄城县,许昌市,2024-2026,58_襄城县_2024_2026.csv
1914,张女士,技工/包住包工作餐,许昌市,襄阳-襄州,4500.0,6500.0,岗位：技工/包住包工作餐；标签：包住 / 包吃；薪资：4500-6500元/月,未注明,,58同城,2026-09-24 22:44:32,411025,襄城县,许昌市,2024-2026,58_襄城县_2024_2026.csv
1915,梦屿,新媒体运营5000起/交社保,许昌市,襄阳-樊城,5000.0,6000.0,岗位：新媒体运营5000起/交社保；标签：招1人 / 经验不限 / 学历不限；薪资：5000-6000元/月,学历不限,1.0,58同城,2026-09-24 22:44:32,411025,襄城县,许昌市,2024-2026,58_襄城县_2024_2026.csv
1916,王先生,襄城区王攀干锅店/后厨/3000起,许昌市,襄阳-襄城,3000.0,4000.0,岗位：襄城区王攀干锅店/后厨/3000起；标签：经验不限 / 学历不限；薪资：3000-4000元/月,学历不限,,58同城,2026-09-24 22:44:32,411025,襄城县,许昌市,2024-2026,58_襄城县_2024_2026.csv
1917,李女士,门把锁闭合器组装月5500元,许昌市,襄阳-樊城,5000.0,5500.0,岗位：门把锁闭合器组装月5500元；标签：包吃 / 包住 / 五险一金；薪资：5000-5500元/月,未注明,,58同城,2026-09-24 22:44:32,411025,襄城县,许昌市,2024-2026,58_襄城县_2024_2026.csv
1918,招聘专员,服装店员/营业员,许昌市,襄州-华侨城,2500.0,4500.0,岗位：服装店员/营业员；标签：招1人 / 经验不限 / 学历不限；薪资：2500-4500元/月,学历不限,1.0,58同城,2026-09-24 22:44:32,411025,襄城县,许昌市,2024-2026,58_襄城县_2024_2026.csv
1919,汪先生,W焊工9千装配普工6千包吃住,许昌市,襄阳,9000.0,11000.0,岗位：W焊工9千装配普工6千包吃住；标签：招50人 / 经验不限 / 学历不限；薪资：9000-11000元/月,学历不限,50.0,58同城,2026-09-24 22:44:32,411025,襄城县,许昌市,2024-2026,58_襄城县_2024_2026.csv
1920,汪先生,普工6000/技术工包吃包住五险一金,许昌市,襄阳,6000.0,8000.0,岗位：普工6000/技术工包吃包住五险一金；标签：包住 / 包吃 / 五险一金；薪资：6000-8000元/月,未注明,,58同城,2026-09-24 22:44:32,411025,襄城县,许昌市,2024-2026,58_襄城县_2024_2026.csv
1921,爱讲课DE秦师傅,国企新能源厂月6000左右包吃住,许昌市,襄阳-襄州,5500.0,7000.0,岗位：国企新能源厂月6000左右包吃住；标签：包吃 / 饭补 / 包住 / 五险一金；薪资：5500-7000元/月,未注明,,58同城,2026-09-24 22:44:32,411025,襄城县,许昌市,2024-2026,58_襄城县_2024_2026.csv
1922,韩先生,周结，短期工普工,许昌市,襄州-火车站,5000.0,6500.0,岗位：周结，短期工普工；标签：包住 / 包吃；薪资：5000-6500元/月,未注明,,58同城,2026-09-24 22:44:32,411025,襄城县,许昌市,2024-2026,58_襄城县_2024_2026.csv
1923,王莉,数控车工5千起/五险,许昌市,高新区-新五中,5000.0,7500.0,岗位：数控车工5千起/五险；标签：招1人 / 经验不限 / 学历不限；薪资：5000-7500元/月,学历不限,1.0,58同城,2026-09-24 22:44:32,411025,襄城县,许昌市,2024-2026,58_襄城县_2024_2026.csv
1924,张女士,凡姐日化店/网络销售/5千起,许昌市,樊城-火车站,5000.0,8000.0,岗位：凡姐日化店/网络销售/5千起；标签：经验不限 / 学历不限；薪资：5000-8000元/月,学历不限,,58同城,2026-09-24 22:44:32,411025,襄城县,许昌市,2024-2026,58_襄城县_2024_2026.csv
1925,张女士,20一小时普工岗位多焊工包吃住三餐免费,许昌市,襄州-襄州万达,5000.0,7500.0,岗位：20一小时普工岗位多焊工包吃住三餐免费；标签：包住 / 包吃；薪资：5000-7500元/月,未注明,,58同城,2026-09-24 22:44:32,411025,襄城县,许昌市,2024-2026,58_襄城县_2024_2026.csv
1926,李先生,羽毛球馆羽毛球教练工作时间灵活,许昌市,樊城-吾悦广场,5000.0,7000.0,岗位：羽毛球馆羽毛球教练工作时间灵活；标签：招1人 / 经验不限 / 学历大专；薪资：5000-7000元/月,大专,1.0,58同城,2026-09-24 22:44:32,411025,襄城县,许昌市,2024-2026,58_襄城县_2024_2026.csv
1927,立地顶天DE娄总,万能工包吃住月入8/k,许昌市,襄阳-襄州,6500.0,10000.0,岗位：万能工包吃住月入8/k；标签：招100人 / 经验不限 / 学历不限；薪资：6500-10000元/月,学历不限,100.0,58同城,2026-09-24 22:44:32,411025,襄城县,许昌市,2024-2026,58_襄城县_2024_2026.csv
1928,爆炒雪糕,超市/后厨杂工2500起,许昌市,襄阳-襄州,2500.0,3000.0,岗位：超市/后厨杂工2500起；标签：经验不限 / 学历不限；薪资：2500-3000元/月,学历不限,,58同城,2026-09-24 22:44:36,411025,襄城县,许昌市,2024-2026,58_襄城县_2024_2026.csv
1929,动情入骨,餐饮收银,许昌市,襄州-襄州万达,2500.0,3500.0,岗位：餐饮收银；标签：招3人 / 经验不限 / 学历不限；薪资：2500-3500元/月,学历不限,3.0,58同城,2026-09-24 22:44:36,411025,襄城县,许昌市,2024-2026,58_襄城县_2024_2026.csv
1930,张女士,电子厂普工坐岗空调车间包住包吃,许昌市,襄阳,5000.0,6000.0,岗位：电子厂普工坐岗空调车间包住包吃；标签：包住 / 包吃；薪资：5000-6000元/月,未注明,,58同城,2026-09-24 22:44:36,411025,襄城县,许昌市,2024-2026,58_襄城县_2024_2026.csv
1931,张女士,凡姐日化店/网络销售/3千起,许昌市,樊城-火车站,3000.0,4500.0,岗位：凡姐日化店/网络销售/3千起；标签：经验不限 / 学历不限；薪资：3000-4500元/月,学历不限,,58同城,2026-09-24 22:44:36,411025,襄城县,许昌市,2024-2026,58_襄城县_2024_2026.csv
1932,魏女士,游戏运营4.5k+奖金,许昌市,樊城-火车站,4000.0,7000.0,岗位：游戏运营4.5k+奖金；标签：招20人 / 经验不限 / 学历不限；薪资：4000-7000元/月,学历不限,20.0,58同城,2026-09-24 22:44:36,411025,襄城县,许昌市,2024-2026,58_襄城县_2024_2026.csv
1933,孙女士,电脑配件组装坐班300一天不穿无尘服,许昌市,襄阳,8000.0,8500.0,岗位：电脑配件组装坐班300一天不穿无尘服；标签：五险一金 / 加班补助 / 五险 / 饭补；薪资：8000-8500元/月,未注明,,58同城,2026-09-24 22:44:36,411025,襄城县,许昌市,2024-2026,58_襄城县_2024_2026.csv
1934,魏女士,游戏运营+4千5,许昌市,樊城-火车站,4000.0,8000.0,岗位：游戏运营+4千5；标签：招10人 / 经验不限 / 学历不限；薪资：4000-8000元/月,学历不限,10.0,58同城,2026-09-24 22:44:36,411025,襄城县,许昌市,2024-2026,58_襄城县_2024_2026.csv
1935,卞博士爱洽谈,办公室主任行政经理/主管4k起,许昌市,樊城-火车站,4000.0,6000.0,岗位：办公室主任行政经理/主管4k起；标签：招3人 / 经验不限 / 学历中专；薪资：4000-6000元/月,中专/中技,3.0,58同城,2026-09-24 22:44:36,411025,襄城县,许昌市,2024-2026,58_襄城县_2024_2026.csv
1936,梦屿,招商运营管理5000起/交社保,许昌市,襄阳-樊城,5000.0,8000.0,岗位：招商运营管理5000起/交社保；标签：招1人 / 经验不限 / 学历不限；薪资：5000-8000元/月,学历不限,1.0,58同城,2026-09-24 22:44:36,411025,襄城县,许昌市,2024-2026,58_襄城县_2024_2026.csv
1937,杨女士,Z座椅厂普工/操作工5000起,许昌市,襄阳-襄州,5000.0,6000.0,岗位：Z座椅厂普工/操作工5000起；标签：包吃；薪资：5000-6000元/月,未注明,,58同城,2026-09-24 22:44:36,411025,襄城县,许昌市,2024-2026,58_襄城县_2024_2026.csv
1938,晖雨先生,主播/家具厂/兼职全职均可,许昌市,许昌-襄城,4000.0,6000.0,岗位：主播/家具厂/兼职全职均可；标签：招2人 / 经验不限 / 学历不限；薪资：4000-6000元/月,学历不限,2.0,58同城,2026-09-24 22:44:49,411025,襄城县,许昌市,2024-2026,58_襄城县_2024_2026.csv
1939,招聘专员,客服专员/助理3千起,许昌市,襄城-襄城城区,3000.0,4000.0,岗位：客服专员/助理3千起；标签：招1人 / 经验不限 / 学历不限；薪资：3000-4000元/月,学历不限,1.0,58同城,2026-09-24 22:44:49,411025,襄城县,许昌市,2024-2026,58_襄城县_2024_2026.csv
1940,小兔蹦蹦跳,供应链管理公司C本司机 小程序,许昌市,许昌-襄城,5000.0,8500.0,岗位：供应链管理公司C本司机 小程序；标签：招4人 / 经验不限 / 学历不限；薪资：5000-8500元/月,学历不限,4.0,58同城,2026-09-24 22:44:49,411025,襄城县,许昌市,2024-2026,58_襄城县_2024_2026.csv
1941,范先生,河南轩康农业科技有限公司/设备机修工/五,许昌市,许昌-襄城,4000.0,5000.0,岗位：河南轩康农业科技有限公司/设备机修工/五；标签：五险；薪资：4000-5000元/月,未注明,,58同城,2026-09-24 22:44:49,411025,襄城县,许昌市,2024-2026,58_襄城县_2024_2026.csv
1942,田先生,襄城县田仕厨卫店促销/导购员3千起,许昌市,许昌-襄城,3000.0,4500.0,岗位：襄城县田仕厨卫店促销/导购员3千起；标签：招5人 / 经验1-2年 / 学历不限；薪资：3000-4500元/月,学历不限,5.0,58同城,2026-09-24 22:44:49,411025,襄城县,许昌市,2024-2026,58_襄城县_2024_2026.csv
1943,力缆狂澜的邱总,大风车儿童摄影/儿童摄影引导师/1800,许昌市,许昌-襄城,2000.0,3800.0,岗位：大风车儿童摄影/儿童摄影引导师/1800；标签：经验不限 / 学历不限；薪资：2000-3800元/月,学历不限,,58同城,2026-09-24 22:44:49,411025,襄城县,许昌市,2024-2026,58_襄城县_2024_2026.csv
1944,o_O乱七八糟o,服务员,许昌市,许昌-襄城,2500.0,4000.0,岗位：服务员；标签：经验不限 / 学历不限；薪资：2500-4000元/月,学历不限,,58同城,2026-09-24 22:44:49,411025,襄城县,许昌市,2024-2026,58_襄城县_2024_2026.csv
1945,想写诗的笔尖,仓库管理早九晚五月六千双休,许昌市,襄城-襄城城区,5000.0,8000.0,岗位：仓库管理早九晚五月六千双休；标签：五险一金 / 包吃 / 包住 / 周末双休；薪资：5000-8000元/月,未注明,,58同城,2026-09-24 22:44:49,411025,襄城县,许昌市,2024-2026,58_襄城县_2024_2026.csv
1946,杨先生,营业厅店员/营业员2500起,许昌市,襄城-襄城城区,2500.0,3000.0,岗位：营业厅店员/营业员2500起；标签：经验不限 / 学历中专；薪资：2500-3000元/月,中专/中技,,58同城,2026-09-24 22:44:49,411025,襄城县,许昌市,2024-2026,58_襄城县_2024_2026.csv
1947,违规昵称,挑战急聘家居门店店长4千起,许昌市,许昌-襄城,4000.0,8000.0,岗位：挑战急聘家居门店店长4千起；标签：招5人 / 经验1-2年 / 学历不限；薪资：4000-8000元/月,学历不限,5.0,58同城,2026-09-24 22:44:49,411025,襄城县,许昌市,2024-2026,58_襄城县_2024_2026.csv
1948,爱穿衣DE全总,18-30足疗养生技师，新手可教，,许昌市,许昌-襄城,8000.0,12000.0,岗位：18-30足疗养生技师，新手可教，；标签：包住 / 包吃；薪资：8000-12000元/月,未注明,,58同城,2026-09-24 22:44:49,411025,襄城县,许昌市,2024-2026,58_襄城县_2024_2026.csv
1949,窗台种小花,奶茶/饮品师,许昌市,许昌-襄城,2500.0,3500.0,岗位：奶茶/饮品师；标签：经验不限 / 学历不限；薪资：2500-3500元/月,学历不限,,58同城,2026-09-24 22:44:49,411025,襄城县,许昌市,2024-2026,58_襄城县_2024_2026.csv
1950,盛先生,汽车美容装饰洗车工学徒，技师,许昌市,许昌-襄城,2500.0,5000.0,岗位：汽车美容装饰洗车工学徒，技师；标签：加班补助 / 房补；薪资：2500-5000元/月,未注明,,58同城,2026-09-24 22:44:49,411025,襄城县,许昌市,2024-2026,58_襄城县_2024_2026.csv
1951,王行,汽车美容店洗车工2000起,许昌市,襄城-襄城城区,2000.0,2500.0,岗位：汽车美容店洗车工2000起；标签：经验不限 / 学历不限；薪资：2000-2500元/月,学历不限,,58同城,2026-09-24 22:44:49,411025,襄城县,许昌市,2024-2026,58_襄城县_2024_2026.csv
1952,98,推手,许昌市,襄城-襄城城区,3000.0,10000.0,岗位：推手；标签：经验不限 / 学历不限；薪资：3000-10000元/月,学历不限,,58同城,2026-09-24 22:44:49,411025,襄城县,许昌市,2024-2026,58_襄城县_2024_2026.csv
1953,伍师傅要推测,热忱美发店/美发助理/学徒1000起,许昌市,许昌-襄城,1000.0,1500.0,岗位：热忱美发店/美发助理/学徒1000起；标签：包吃；薪资：1000-1500元/月,未注明,,58同城,2026-09-24 22:44:49,411025,襄城县,许昌市,2024-2026,58_襄城县_2024_2026.csv
1954,招聘专员,豪宅/室内设计工作时间灵活,许昌市,许昌-襄城,5000.0,8000.0,岗位：豪宅/室内设计工作时间灵活；标签：招5人 / 经验3-5年 / 学历不限；薪资：5000-8000元/月,学历不限,5.0,58同城,2026-09-24 22:44:49,411025,襄城县,许昌市,2024-2026,58_襄城县_2024_2026.csv
1955,刘女士,加急招聘汽车洗美技工即刻面试上岗,许昌市,许昌-襄城,4500.0,7000.0,岗位：加急招聘汽车洗美技工即刻面试上岗；标签：五险一金 / 包吃 / 包住 / 年底双薪；薪资：4500-7000元/月,未注明,,58同城,2026-09-24 22:44:49,411025,襄城县,许昌市,2024-2026,58_襄城县_2024_2026.csv
1956,摸小鱼的虾虾,商务专员员作息轻松月薪6000,许昌市,襄城-襄城城区,5000.0,8000.0,岗位：商务专员员作息轻松月薪6000；标签：五险一金 / 包吃 / 包住 / 周末双休；薪资：5000-8000元/月,未注明,,58同城,2026-09-24 22:44:49,411025,襄城县,许昌市,2024-2026,58_襄城县_2024_2026.csv
1957,Y燕飞,服饰商店/短视频摄影师5千起,许昌市,许昌-襄城,5000.0,7500.0,岗位：服饰商店/短视频摄影师5千起；标签：招1人 / 经验1-2年 / 学历大专；薪资：5000-7500元/月,大专,1.0,58同城,2026-09-24 22:44:49,411025,襄城县,许昌市,2024-2026,58_襄城县_2024_2026.csv
1958,喜欢泡温泉的暖暖,乐棋道智力运动公司围棋老师3k起,许昌市,许昌-襄城,3000.0,8000.0,岗位：乐棋道智力运动公司围棋老师3k起；标签：房补；薪资：3000-8000元/月,未注明,,58同城,2026-09-24 22:44:49,411025,襄城县,许昌市,2024-2026,58_襄城县_2024_2026.csv
1959,A格调,美发助理/学徒饭补房补,许昌市,许昌-襄城,2000.0,5000.0,岗位：美发助理/学徒饭补房补；标签：饭补 / 房补；薪资：2000-5000元/月,未注明,,58同城,2026-09-24 22:44:49,411025,襄城县,许昌市,2024-2026,58_襄城县_2024_2026.csv
1960,瑶瑶瑶过去,修理厂汽车查勘/定损5000起,许昌市,许昌-襄城,5000.0,18000.0,岗位：修理厂汽车查勘/定损5000起；标签：经验不限 / 学历不限；薪资：5000-18000元/月,学历不限,,58同城,2026-09-24 22:44:49,411025,襄城县,许昌市,2024-2026,58_襄城县_2024_2026.csv
1961,白女士,溜达保安包吃住当天入职,许昌市,许昌-襄城,4500.0,5000.0,岗位：溜达保安包吃住当天入职；标签：五险一金 / 五险 / 包吃 / 年底双薪；薪资：4500-5000元/月,未注明,,58同城,2026-09-24 22:44:49,411025,襄城县,许昌市,2024-2026,58_襄城县_2024_2026.csv
1962,兰博士爱鼓励,8K招货运司机只开车,许昌市,许昌-襄城,5500.0,8000.0,岗位：8K招货运司机只开车；标签：包住；薪资：5500-8000元/月,未注明,,58同城,2026-09-24 22:44:49,411025,襄城县,许昌市,2024-2026,58_襄城县_2024_2026.csv
1963,郑女士,1万包吃住招健身教练学徒,许昌市,许昌-襄城,6000.0,13000.0,岗位：1万包吃住招健身教练学徒；标签：包住 / 五险一金；薪资：6000-13000元/月,未注明,,58同城,2026-09-24 22:44:49,411025,襄城县,许昌市,2024-2026,58_襄城县_2024_2026.csv
1964,踩水坑的皮皮,居家审核员包吃住双休岗位,许昌市,襄城-襄城城区,5000.0,8000.0,岗位：居家审核员包吃住双休岗位；标签：五险一金 / 包吃 / 包住 / 周末双休；薪资：5000-8000元/月,未注明,,58同城,2026-09-24 22:44:49,411025,襄城县,许昌市,2024-2026,58_襄城县_2024_2026.csv
1965,美居全屋定制刘,美居家居厂/家装/家居销售3千起,许昌市,许昌-襄城,3000.0,5000.0,岗位：美居家居厂/家装/家居销售3千起；标签：包吃；薪资：3000-5000元/月,未注明,,58同城,2026-09-24 22:44:49,411025,襄城县,许昌市,2024-2026,58_襄城县_2024_2026.csv
1966,最爱小鱼的萌萌,居家客服简单会电脑月薪6000,许昌市,襄城-襄城城区,5000.0,8000.0,岗位：居家客服简单会电脑月薪6000；标签：五险一金 / 包吃 / 包住 / 周末双休；薪资：5000-8000元/月,未注明,,58同城,2026-09-24 22:44:49,411025,襄城县,许昌市,2024-2026,58_襄城县_2024_2026.csv
1967,范先生,食品饮料厂食品检验/五险,许昌市,许昌-襄城,3000.0,4500.0,岗位：食品饮料厂食品检验/五险；标签：五险；薪资：3000-4500元/月,未注明,,58同城,2026-09-24 22:44:49,411025,襄城县,许昌市,2024-2026,58_襄城县_2024_2026.csv
1968,丁女士,中国人寿保险人事助理五险周末双休,许昌市,魏都-魏都城区,2500.0,4500.0,岗位：中国人寿保险人事助理五险周末双休；标签：五险 / 周末双休；薪资：2500-4500元/月,未注明,,58同城,2026-09-24 22:44:53,411025,襄城县,许昌市,2024-2026,58_襄城县_2024_2026.csv
1969,百香林西点范先生,百香林西点/糕点工/3千起,许昌市,魏都-魏都城区,3000.0,4000.0,岗位：百香林西点/糕点工/3千起；标签：饭补；薪资：3000-4000元/月,未注明,,58同城,2026-09-24 22:44:53,411025,襄城县,许昌市,2024-2026,58_襄城县_2024_2026.csv
1970,张永恒,国内电商运营4500起 小程序,许昌市,魏都-胖东来时代广场,4500.0,8000.0,岗位：国内电商运营4500起 小程序；标签：招5人 / 经验1-2年 / 学历不限；薪资：4500-8000元/月,学历不限,5.0,58同城,2026-09-24 22:44:53,411025,襄城县,许昌市,2024-2026,58_襄城县_2024_2026.csv
1971,百香林西点范先生,百香林西点糕点工,许昌市,魏都-魏都城区,3000.0,3500.0,岗位：百香林西点糕点工；标签：饭补；薪资：3000-3500元/月,未注明,,58同城,2026-09-24 22:44:53,411025,襄城县,许昌市,2024-2026,58_襄城县_2024_2026.csv
1972,梅先生,服装厂熨烫工,许昌市,魏都-魏都城区,,,岗位：服装厂熨烫工；标签：招3人 / 经验不限 / 学历不限；薪资：面议,学历不限,3.0,58同城,2026-09-24 22:44:53,411025,襄城县,许昌市,2024-2026,58_襄城县_2024_2026.csv
1973,田先生,中医科医师,许昌市,魏都-高铁东站,4000.0,8000.0,岗位：中医科医师；标签：招2人 / 经验3-5年 / 学历大专；薪资：4000-8000元/月,大专,2.0,58同城,2026-09-24 22:44:53,411025,襄城县,许昌市,2024-2026,58_襄城县_2024_2026.csv
1974,沈女士,急招骑手来就入职/可周结/提供车,许昌市,许昌县-许昌城区,5000.0,8000.0,岗位：急招骑手来就入职/可周结/提供车；标签：交通补助；薪资：5000-8000元/月,未注明,,58同城,2026-09-24 22:44:53,411025,襄城县,许昌市,2024-2026,58_襄城县_2024_2026.csv
1975,减肥届的扛把子,服装厂熨烫工2100起,许昌市,许昌-魏都,2100.0,2400.0,岗位：服装厂熨烫工2100起；标签：招1人 / 经验不限 / 学历不限；薪资：2100-2400元/月,学历不限,1.0,58同城,2026-09-24 22:44:53,411025,襄城县,许昌市,2024-2026,58_襄城县_2024_2026.csv
1976,百香林西点范先生,百香林西点/收银员/3千起,许昌市,魏都-魏都城区,3000.0,4000.0,岗位：百香林西点/收银员/3千起；标签：饭补；薪资：3000-4000元/月,未注明,,58同城,2026-09-24 22:44:53,411025,襄城县,许昌市,2024-2026,58_襄城县_2024_2026.csv
1977,李女士,文峰北路聘推拿按摩技师包吃,许昌市,许昌-魏都,5000.0,8000.0,岗位：文峰北路聘推拿按摩技师包吃；标签：包吃；薪资：5000-8000元/月,未注明,,58同城,2026-09-24 22:44:53,411025,襄城县,许昌市,2024-2026,58_襄城县_2024_2026.csv
1978,快乐宝贝,联众社会工作发展服务中心/社工/2千起,许昌市,魏都-魏都城区,2000.0,5000.0,岗位：联众社会工作发展服务中心/社工/2千起；标签：招1人 / 经验不限 / 学历大专；薪资：2000-5000元/月,大专,1.0,58同城,2026-09-24 22:44:53,411025,襄城县,许昌市,2024-2026,58_襄城县_2024_2026.csv
1979,百香林西点范先生,糕点窗口收银员,许昌市,魏都-魏都城区,3000.0,3500.0,岗位：糕点窗口收银员；标签：饭补；薪资：3000-3500元/月,未注明,,58同城,2026-09-24 22:44:53,411025,襄城县,许昌市,2024-2026,58_襄城县_2024_2026.csv
1980,招司机货运小卢,急招许昌配送化肥不装卸c1司机,许昌市,许昌,6000.0,8000.0,岗位：急招许昌配送化肥不装卸c1司机；标签：五险 / 包住；薪资：6000-8000元/月,未注明,,58同城,2026-09-24 22:44:53,411025,襄城县,许昌市,2024-2026,58_襄城县_2024_2026.csv
1981,忽女士,招想挣钱的骑手站长服务到位,许昌市,建安-金三角,6000.0,8000.0,岗位：招想挣钱的骑手站长服务到位；标签：包住 / 加班补助 / 交通补助 / 话补；薪资：6000-8000元/月,未注明,,58同城,2026-09-24 22:44:53,411025,襄城县,许昌市,2024-2026,58_襄城县_2024_2026.csv
1982,赵女士,体育培训公司招生教务老师,许昌市,许昌-建安,2500.0,4500.0,岗位：体育培训公司招生教务老师；标签：招2人 / 经验1-2年 / 学历不限；薪资：2500-4500元/月,学历不限,2.0,58同城,2026-09-24 22:44:53,411025,襄城县,许昌市,2024-2026,58_襄城县_2024_2026.csv
1983,忽女士,旺季爆单直招骑手配送员,许昌市,建安-金三角,6000.0,8000.0,岗位：旺季爆单直招骑手配送员；标签：话补 / 加班补助 / 房补 / 包住；薪资：6000-8000元/月,未注明,,58同城,2026-09-24 22:44:53,411025,襄城县,许昌市,2024-2026,58_襄城县_2024_2026.csv
1984,田先生,电话销售专员,许昌市,魏都-高铁东站,3000.0,10000.0,岗位：电话销售专员；标签：五险；薪资：3000-10000元/月,未注明,,58同城,2026-09-24 22:44:53,411025,襄城县,许昌市,2024-2026,58_襄城县_2024_2026.csv
1985,李女士,文峰北路聘足疗技师包吃,许昌市,许昌-魏都,5000.0,8000.0,岗位：文峰北路聘足疗技师包吃；标签：包吃；薪资：5000-8000元/月,未注明,,58同城,2026-09-24 22:44:53,411025,襄城县,许昌市,2024-2026,58_襄城县_2024_2026.csv
1986,onie164,老于家餐饮店/后厨/3千起,许昌市,许昌-魏都,3000.0,5000.0,岗位：老于家餐饮店/后厨/3千起；标签：招2人 / 经验不限 / 学历不限；薪资：3000-5000元/月,学历不限,2.0,58同城,2026-09-24 22:44:53,411025,襄城县,许昌市,2024-2026,58_襄城县_2024_2026.csv
1987,J沉静如水刘师傅,餐饮收银,许昌市,魏都-中央公园,3000.0,4000.0,岗位：餐饮收银；标签：经验不限 / 学历不限；薪资：3000-4000元/月,学历不限,,58同城,2026-09-24 22:44:53,411025,襄城县,许昌市,2024-2026,58_襄城县_2024_2026.csv
1988,张女士,许昌招食品配送司机不装卸公司提供车,许昌市,许昌,6500.0,8000.0,岗位：许昌招食品配送司机不装卸公司提供车；标签：包住 / 年底双薪 / 饭补；薪资：6500-8000元/月,未注明,,58同城,2026-09-24 22:44:53,411025,襄城县,许昌市,2024-2026,58_襄城县_2024_2026.csv
1989,芊语美甲美睫,美甲师,许昌市,许昌,4000.0,10000.0,岗位：美甲师；标签：经验不限 / 学历不限；薪资：4000-10000元/月,学历不限,,58同城,2026-09-24 22:44:53,411025,襄城县,许昌市,2024-2026,58_襄城县_2024_2026.csv
1990,李女士,文峰北路聘按摩技师包吃,许昌市,许昌-魏都,5000.0,8000.0,岗位：文峰北路聘按摩技师包吃；标签：包吃；薪资：5000-8000元/月,未注明,,58同城,2026-09-24 22:44:53,411025,襄城县,许昌市,2024-2026,58_襄城县_2024_2026.csv
1991,总爱翻白眼的姑娘,急招许昌不装卸C1货运司机,许昌市,许昌,6000.0,8000.0,岗位：急招许昌不装卸C1货运司机；标签：包住 / 年底双薪 / 加班补助 / 饭补；薪资：6000-8000元/月,未注明,,58同城,2026-09-24 22:44:53,411025,襄城县,许昌市,2024-2026,58_襄城县_2024_2026.csv
1992,青柠微酸味,家政服务/家政服务阿姨6千起,许昌市,许昌-建安,6000.0,8000.0,岗位：家政服务/家政服务阿姨6千起；标签：招10人 / 经验不限 / 学历不限；薪资：6000-8000元/月,学历不限,10.0,58同城,2026-09-24 22:44:53,411025,襄城县,许昌市,2024-2026,58_襄城县_2024_2026.csv
1993,爱踢球的孙同学,直招魏都区烟草配送C本司机不装卸,许昌市,许昌,6000.0,8000.0,岗位：直招魏都区烟草配送C本司机不装卸；标签：五险 / 包住 / 饭补 / 话补；薪资：6000-8000元/月,未注明,,58同城,2026-09-24 22:44:53,411025,襄城县,许昌市,2024-2026,58_襄城县_2024_2026.csv
1994,静园茶业,茶叶店员2000起年龄30以下,许昌市,魏都-西北城区,2000.0,3000.0,岗位：茶叶店员2000起年龄30以下；标签：饭补；薪资：2000-3000元/月,未注明,,58同城,2026-09-24 22:44:53,411025,襄城县,许昌市,2024-2026,58_襄城县_2024_2026.csv
1995,招聘专员,中餐厅厨师3千起,许昌市,许昌周边-其他,3000.0,4500.0,岗位：中餐厅厨师3千起；标签：经验1-2年 / 学历不限；薪资：3000-4500元/月,学历不限,,58同城,2026-09-24 22:44:53,411025,襄城县,许昌市,2024-2026,58_襄城县_2024_2026.csv
1996,康先生,森亚科技钳工5千起,许昌市,许昌周边-其他,5000.0,8000.0,岗位：森亚科技钳工5千起；标签：招1人 / 经验1-2年 / 学历不限；薪资：5000-8000元/月,学历不限,1.0,58同城,2026-09-24 22:44:53,411025,襄城县,许昌市,2024-2026,58_襄城县_2024_2026.csv
1997,沈文静,烧烤店服务员2500起,许昌市,魏都-高铁东站,2500.0,4500.0,岗位：烧烤店服务员2500起；标签：经验不限 / 学历不限；薪资：2500-4500元/月,学历不限,,58同城,2026-09-24 22:44:53,411025,襄城县,许昌市,2024-2026,58_襄城县_2024_2026.csv
1998,杨先生,急招禹州粮油配送C本司机不装卸,许昌市,许昌-禹州,6000.0,8000.0,岗位：急招禹州粮油配送C本司机不装卸；标签：包住；薪资：6000-8000元/月,未注明,,58同城,2026-09-24 22:44:59,411081,禹州市,许昌市,2024-2026,58_禹州市_2024_2026.csv
1999,杜先生,坐岗保安拎包入职，不收费,许昌市,禹州其他-禹州周边,5000.0,6000.0,岗位：坐岗保安拎包入职，不收费；标签：五险一金 / 话补 / 房补 / 五险；薪资：5000-6000元/月,未注明,,58同城,2026-09-24 22:44:59,411081,禹州市,许昌市,2024-2026,58_禹州市_2024_2026.csv
2000,陈女士,禹州招司机配送药材不装卸... 小程序,许昌市,禹州,6000.0,8000.0,岗位：禹州招司机配送药材不装卸... 小程序；标签：包住 / 年底双薪；薪资：6000-8000元/月,未注明,,58同城,2026-09-24 22:44:59,411081,禹州市,许昌市,2024-2026,58_禹州市_2024_2026.csv
2001,张女士,身无分文就来做骑手可预支,许昌市,禹州城区-禹州北区,8000.0,8500.0,岗位：身无分文就来做骑手可预支；标签：包吃 / 包住 / 年底双薪 / 房补；薪资：8000-8500元/月,未注明,,58同城,2026-09-24 22:44:59,411081,禹州市,许昌市,2024-2026,58_禹州市_2024_2026.csv
2002,孔先生,急招保安待遇优厚包吃住工作轻松稳定环境好,许昌市,禹州,4500.0,5000.0,岗位：急招保安待遇优厚包吃住工作轻松稳定环境好；标签：五险一金 / 包吃 / 包住 / 年底双薪；薪资：4500-5000元/月,未注明,,58同城,2026-09-24 22:44:59,411081,禹州市,许昌市,2024-2026,58_禹州市_2024_2026.csv
2003,康先生,物业保安可预支包吃住,许昌市,禹州,4500.0,5000.0,岗位：物业保安可预支包吃住；标签：五险一金 / 包吃 / 包住 / 年底双薪；薪资：4500-5000元/月,未注明,,58同城,2026-09-24 22:44:59,411081,禹州市,许昌市,2024-2026,58_禹州市_2024_2026.csv
2004,李女士,人事助理,许昌市,禹州城区-禹州东区,3000.0,8000.0,岗位：人事助理；标签：招5人 / 经验不限 / 学历大专；薪资：3000-8000元/月,大专,5.0,58同城,2026-09-24 22:44:59,411081,禹州市,许昌市,2024-2026,58_禹州市_2024_2026.csv
2005,夏先生,商场保安招人，工作轻松，环境干净舒适,许昌市,禹州,4500.0,5000.0,岗位：商场保安招人，工作轻松，环境干净舒适；标签：五险一金 / 包吃 / 包住 / 年底双薪；薪资：4500-5000元/月,未注明,,58同城,2026-09-24 22:44:59,411081,禹州市,许昌市,2024-2026,58_禹州市_2024_2026.csv
2006,景先生,诚聘销售专员6k起,许昌市,禹州其他-禹州周边,6000.0,12000.0,岗位：诚聘销售专员6k起；标签：招5人 / 经验不限 / 学历不限；薪资：6000-12000元/月,学历不限,5.0,58同城,2026-09-24 22:44:59,411081,禹州市,许昌市,2024-2026,58_禹州市_2024_2026.csv
2007,红扑扑的贝塔,电商运营,许昌市,禹州其他-禹州周边,2500.0,4500.0,岗位：电商运营；标签：招5人 / 经验不限 / 学历不限；薪资：2500-4500元/月,学历不限,5.0,58同城,2026-09-24 22:44:59,411081,禹州市,许昌市,2024-2026,58_禹州市_2024_2026.csv
2008,董先生,包吃包住白班保安6K,许昌市,禹州-禹州其他,5500.0,6500.0,岗位：包吃包住白班保安6K；标签：加班补助 / 交通补助 / 周末双休 / 年底双薪；薪资：5500-6500元/月,未注明,,58同城,2026-09-24 22:44:59,411081,禹州市,许昌市,2024-2026,58_禹州市_2024_2026.csv
2009,赵先生,长白班可日结300一天药厂技工贴标签坐班,许昌市,禹州-禹州城区,8500.0,9000.0,岗位：长白班可日结300一天药厂技工贴标签坐班；标签：五险一金 / 包住 / 包吃 / 年底双薪；薪资：8500-9000元/月,未注明,,58同城,2026-09-24 22:44:59,411081,禹州市,许昌市,2024-2026,58_禹州市_2024_2026.csv
2010,禹州市鼎锋机械,铸造车间主任包吃包住,许昌市,禹州其他-禹州周边,8000.0,10000.0,岗位：铸造车间主任包吃包住；标签：包住 / 包吃；薪资：8000-10000元/月,未注明,,58同城,2026-09-24 22:44:59,411081,禹州市,许昌市,2024-2026,58_禹州市_2024_2026.csv
2011,胡女士,不露脸语音主播招聘，新人扶持政策真实靠谱,许昌市,禹州其他-禹州周边,5000.0,8000.0,岗位：不露脸语音主播招聘，新人扶持政策真实靠谱；标签：招20人 / 经验不限 / 学历不限；薪资：5000-8000元/月,学历不限,20.0,58同城,2026-09-24 22:44:59,411081,禹州市,许昌市,2024-2026,58_禹州市_2024_2026.csv
2012,黄女士,无夜班药厂技工贴标签可日结300一天坐班,许昌市,禹州,9000.0,11000.0,岗位：无夜班药厂技工贴标签可日结300一天坐班；标签：五险一金 / 五险 / 包住 / 包吃；薪资：9000-11000元/月,未注明,,58同城,2026-09-24 22:44:59,411081,禹州市,许昌市,2024-2026,58_禹州市_2024_2026.csv
2013,王文立,汉堡店店长,许昌市,禹州其他-禹州周边,3000.0,6000.0,岗位：汉堡店店长；标签：经验1-2年 / 学历不限；薪资：3000-6000元/月,学历不限,,58同城,2026-09-24 22:44:59,411081,禹州市,许昌市,2024-2026,58_禹州市_2024_2026.csv
2014,胡女士,抖音语音主播 两档直播其余时间自主安排,许昌市,禹州其他-禹州周边,5000.0,8000.0,岗位：抖音语音主播 两档直播其余时间自主安排；标签：招10人 / 经验不限 / 学历不限；薪资：5000-8000元/月,学历不限,10.0,58同城,2026-09-24 22:44:59,411081,禹州市,许昌市,2024-2026,58_禹州市_2024_2026.csv
2015,邢女士,普工/包吃住/日薪200/新能源厂,许昌市,禹州-禹州其他,5000.0,5500.0,岗位：普工/包吃住/日薪200/新能源厂；标签：包住 / 包吃；薪资：5000-5500元/月,未注明,,58同城,2026-09-24 22:44:59,411081,禹州市,许昌市,2024-2026,58_禹州市_2024_2026.csv
2016,招聘专员,禹州市百鼎酒店/酒店管理/包住包吃,许昌市,禹州-禹州其他,3000.0,8000.0,岗位：禹州市百鼎酒店/酒店管理/包住包吃；标签：包住 / 包吃；薪资：3000-8000元/月,未注明,,58同城,2026-09-24 22:44:59,411081,禹州市,许昌市,2024-2026,58_禹州市_2024_2026.csv
2017,于女士,药厂招聘技工日结300一天工作简单贴标签,许昌市,禹州,7500.0,8500.0,岗位：药厂招聘技工日结300一天工作简单贴标签；标签：五险一金 / 包住 / 包吃 / 加班补助；薪资：7500-8500元/月,未注明,,58同城,2026-09-24 22:44:59,411081,禹州市,许昌市,2024-2026,58_禹州市_2024_2026.csv
2018,bupthv,禹州市万顺汽配店店员/营业员学历高中,许昌市,禹州-禹州城区,2500.0,4000.0,岗位：禹州市万顺汽配店店员/营业员学历高中；标签：包吃；薪资：2500-4000元/月,未注明,,58同城,2026-09-24 22:44:59,411081,禹州市,许昌市,2024-2026,58_禹州市_2024_2026.csv
2019,王先生,长白班药厂技工坐岗300一天可日结贴标签,许昌市,禹州,9000.0,11000.0,岗位：长白班药厂技工坐岗300一天可日结贴标签；标签：五险一金 / 五险 / 包住 / 包吃；薪资：9000-11000元/月,未注明,,58同城,2026-09-24 22:44:59,411081,禹州市,许昌市,2024-2026,58_禹州市_2024_2026.csv
2020,林女士,长白班药厂技工贴标签300一天日结管吃住,许昌市,禹州,9000.0,11000.0,岗位：长白班药厂技工贴标签300一天日结管吃住；标签：五险一金 / 五险 / 包住 / 包吃；薪资：9000-11000元/月,未注明,,58同城,2026-09-24 22:44:59,411081,禹州市,许昌市,2024-2026,58_禹州市_2024_2026.csv
2021,朴素无华稽老板L,菜鸟驿站店员2000起,许昌市,禹州-禹州城区,2000.0,3000.0,岗位：菜鸟驿站店员2000起；标签：经验不限 / 学历不限；薪资：2000-3000元/月,学历不限,,58同城,2026-09-24 22:44:59,411081,禹州市,许昌市,2024-2026,58_禹州市_2024_2026.csv
2022,听风的苏小妹,洗车工,许昌市,禹州其他-禹州周边,2000.0,2500.0,岗位：洗车工；标签：招2人 / 经验不限 / 学历不限；薪资：2000-2500元/月,学历不限,2.0,58同城,2026-09-24 22:44:59,411081,禹州市,许昌市,2024-2026,58_禹州市_2024_2026.csv
2023,董女士,药厂（铁饭碗）招技工日结300一天贴标签,许昌市,禹州,9000.0,9500.0,岗位：药厂（铁饭碗）招技工日结300一天贴标签；标签：五险一金 / 包住 / 包吃 / 加班补助；薪资：9000-9500元/月,未注明,,58同城,2026-09-24 22:44:59,411081,禹州市,许昌市,2024-2026,58_禹州市_2024_2026.csv
2024,招聘专员,酒店/客房服务员学历经验不限,许昌市,禹州其他-禹州周边,2500.0,3500.0,岗位：酒店/客房服务员学历经验不限；标签：招1人 / 经验不限 / 学历不限；薪资：2500-3500元/月,学历不限,1.0,58同城,2026-09-24 22:44:59,411081,禹州市,许昌市,2024-2026,58_禹州市_2024_2026.csv
2025,文先生,会计,许昌市,禹州其他-禹州周边,3500.0,4000.0,岗位：会计；标签：招2人 / 经验1-2年 / 学历不限；薪资：3500-4000元/月,学历不限,2.0,58同城,2026-09-24 22:44:59,411081,禹州市,许昌市,2024-2026,58_禹州市_2024_2026.csv
2026,付彧,中小学音乐老师,许昌市,禹州其他-禹州周边,3500.0,8000.0,岗位：中小学音乐老师；标签：招2人 / 经验1-2年 / 学历不限；薪资：3500-8000元/月,学历不限,2.0,58同城,2026-09-24 22:44:59,411081,禹州市,许昌市,2024-2026,58_禹州市_2024_2026.csv
2027,李女士,保安年轻人的第一选择,许昌市,禹州,5000.0,6000.0,岗位：保安年轻人的第一选择；标签：五险一金 / 五险 / 包住 / 包吃；薪资：5000-6000元/月,未注明,,58同城,2026-09-24 22:44:59,411081,禹州市,许昌市,2024-2026,58_禹州市_2024_2026.csv
2028,煮咖啡的暖暖,家装设计师4000起,许昌市,禹州其他-禹州周边,4000.0,7000.0,岗位：家装设计师4000起；标签：招1人 / 经验1-2年 / 学历不限；薪资：4000-7000元/月,学历不限,1.0,58同城,2026-09-24 22:45:03,411081,禹州市,许昌市,2024-2026,58_禹州市_2024_2026.csv
2029,文先生,客服专员水电维护人员,许昌市,禹州其他-禹州周边,3000.0,5000.0,岗位：客服专员水电维护人员；标签：招2人 / 经验不限 / 学历不限；薪资：3000-5000元/月,学历不限,2.0,58同城,2026-09-24 22:45:03,411081,禹州市,许昌市,2024-2026,58_禹州市_2024_2026.csv
2030,沈先生,电商电话客服3千起 小程序,许昌市,禹州其他-禹州周边,3500.0,6000.0,岗位：电商电话客服3千起 小程序；标签：招10人 / 经验不限 / 学历不限；薪资：3500-6000元/月,学历不限,10.0,58同城,2026-09-24 22:45:03,411081,禹州市,许昌市,2024-2026,58_禹州市_2024_2026.csv
2031,文先生,短视频拍摄剪辑3000起,许昌市,禹州其他-禹州周边,3000.0,6000.0,岗位：短视频拍摄剪辑3000起；标签：招2人 / 经验1-2年 / 学历不限；薪资：3000-6000元/月,学历不限,2.0,58同城,2026-09-24 22:45:03,411081,禹州市,许昌市,2024-2026,58_禹州市_2024_2026.csv
2032,胡女士,长白班可日结300一天药厂普工贴标签坐班,许昌市,禹州,8500.0,9000.0,岗位：长白班可日结300一天药厂普工贴标签坐班；标签：五险一金 / 包住 / 包吃 / 年底双薪；薪资：8500-9000元/月,未注明,,58同城,2026-09-24 22:45:03,411081,禹州市,许昌市,2024-2026,58_禹州市_2024_2026.csv
2033,杜女士,普工短期日结短期日结,许昌市,禹州其他-禹州周边,5000.0,6500.0,岗位：普工短期日结短期日结；标签：包住 / 包吃 / 加班补助；薪资：5000-6500元/月,未注明,,58同城,2026-09-24 22:45:03,411081,禹州市,许昌市,2024-2026,58_禹州市_2024_2026.csv
2034,邵先生,外卖送奶茶咖啡选手,许昌市,禹州城区-禹州北区,7000.0,8500.0,岗位：外卖送奶茶咖啡选手；标签：加班补助 / 交通补助 / 饭补 / 话补；薪资：7000-8500元/月,未注明,,58同城,2026-09-24 22:45:03,411081,禹州市,许昌市,2024-2026,58_禹州市_2024_2026.csv
2035,王女士,禹州6000急聘蔬菜配送c本司机,许昌市,禹州其他-禹州周边,6500.0,8000.0,岗位：禹州6000急聘蔬菜配送c本司机；标签：五险一金 / 饭补 / 年底双薪；薪资：6500-8000元/月,未注明,,58同城,2026-09-24 22:45:03,411081,禹州市,许昌市,2024-2026,58_禹州市_2024_2026.csv
2036,常常迷路的路,药厂（铁饭碗）招技工日结300一天贴标签,许昌市,禹州,9000.0,9500.0,岗位：药厂（铁饭碗）招技工日结300一天贴标签；标签：五险一金 / 包住 / 包吃 / 加班补助；薪资：9000-9500元/月,未注明,,58同城,2026-09-24 22:45:03,411081,禹州市,许昌市,2024-2026,58_禹州市_2024_2026.csv
2037,王女士,巡逻保安事少可带手机,许昌市,禹州-禹州其他,5000.0,6000.0,岗位：巡逻保安事少可带手机；标签：五险一金 / 五险 / 包住 / 包吃；薪资：5000-6000元/月,未注明,,58同城,2026-09-24 22:45:03,411081,禹州市,许昌市,2024-2026,58_禹州市_2024_2026.csv
2038,吕女士,物流司机/长期稳定/6k-8k,许昌市,禹州其他-禹州周边,6000.0,8000.0,岗位：物流司机/长期稳定/6k-8k；标签：招6人 / 经验1-2年 / 学历不限；薪资：6000-8000元/月,学历不限,6.0,58同城,2026-09-24 22:45:03,411081,禹州市,许昌市,2024-2026,58_禹州市_2024_2026.csv
2039,龚女士,急招短途/货运司机/6K-8K/收入稳定,许昌市,禹州其他-禹州周边,6000.0,8000.0,岗位：急招短途/货运司机/6K-8K/收入稳定；标签：五险 / 年底双薪 / 周末双休 / 饭补；薪资：6000-8000元/月,未注明,,58同城,2026-09-24 22:45:03,411081,禹州市,许昌市,2024-2026,58_禹州市_2024_2026.csv
2040,陈女士,长白班不体检/包装工日薪200,许昌市,禹州-禹州城区,5000.0,6500.0,岗位：长白班不体检/包装工日薪200；标签：饭补 / 包住；薪资：5000-6500元/月,未注明,,58同城,2026-09-24 22:45:03,411081,禹州市,许昌市,2024-2026,58_禹州市_2024_2026.csv
2041,张女士,6k坐岗保安，包吃住，无押金,许昌市,禹州-禹州其他,5500.0,6500.0,岗位：6k坐岗保安，包吃住，无押金；标签：五险一金 / 五险 / 包住 / 包吃；薪资：5500-6500元/月,未注明,,58同城,2026-09-24 22:45:03,411081,禹州市,许昌市,2024-2026,58_禹州市_2024_2026.csv
2042,龚女士,物流司机/不用装卸/6k-8k,许昌市,禹州其他-禹州周边,6000.0,8000.0,岗位：物流司机/不用装卸/6k-8k；标签：招6人 / 经验不限 / 学历不限；薪资：6000-8000元/月,学历不限,6.0,58同城,2026-09-24 22:45:03,411081,禹州市,许昌市,2024-2026,58_禹州市_2024_2026.csv
2043,王先生,新车直招冷藏司机,许昌市,禹州其他-禹州周边,5500.0,8000.0,岗位：新车直招冷藏司机；标签：包住；薪资：5500-8000元/月,未注明,,58同城,2026-09-24 22:45:03,411081,禹州市,许昌市,2024-2026,58_禹州市_2024_2026.csv
2044,王先生,坐岗保安包吃住,许昌市,禹州其他-禹州周边,3000.0,4500.0,岗位：坐岗保安包吃住；标签：包住 / 包吃 / 五险；薪资：3000-4500元/月,未注明,,58同城,2026-09-24 22:45:03,411081,禹州市,许昌市,2024-2026,58_禹州市_2024_2026.csv
2045,招聘专员,酒吧服务员包住洗衣机定期打扫,许昌市,禹州其他-禹州周边,5500.0,6000.0,岗位：酒吧服务员包住洗衣机定期打扫；标签：包住；薪资：5500-6000元/月,未注明,,58同城,2026-09-24 22:45:03,411081,禹州市,许昌市,2024-2026,58_禹州市_2024_2026.csv
2046,黄女士,电子厂印刷月8500包食宿可预支,许昌市,禹州,8000.0,8500.0,岗位：电子厂印刷月8500包食宿可预支；标签：五险一金 / 包住 / 包吃 / 加班补助；薪资：8000-8500元/月,未注明,,58同城,2026-09-24 22:45:03,411081,禹州市,许昌市,2024-2026,58_禹州市_2024_2026.csv
2047,柴女士,急聘铁路安检地勤上一休一管吃管住五险一金,许昌市,许昌-禹州,5000.0,6000.0,岗位：急聘铁路安检地勤上一休一管吃管住五险一金；标签：五险一金 / 包住 / 包吃 / 房补；薪资：5000-6000元/月,未注明,,58同城,2026-09-24 22:45:03,411081,禹州市,许昌市,2024-2026,58_禹州市_2024_2026.csv
2048,马女士,急/300一天口红厂印刷/长白班,许昌市,禹州,6500.0,8500.0,岗位：急/300一天口红厂印刷/长白班；标签：五险一金 / 五险 / 包住 / 包吃；薪资：6500-8500元/月,未注明,,58同城,2026-09-24 22:45:03,411081,禹州市,许昌市,2024-2026,58_禹州市_2024_2026.csv
2049,轻轻飘动的纱,给公司老板开车，小车司机，住宿,许昌市,禹州,5900.0,6000.0,岗位：给公司老板开车，小车司机，住宿；标签：房补 / 饭补 / 加班补助；薪资：5900-6000元/月,未注明,,58同城,2026-09-24 22:45:03,411081,禹州市,许昌市,2024-2026,58_禹州市_2024_2026.csv
2050,爱玩积木的刘同学,生产物控接受新人包食宿6k,许昌市,禹州,4000.0,6000.0,岗位：生产物控接受新人包食宿6k；标签：五险一金 / 包吃 / 包住 / 年底双薪；薪资：4000-6000元/月,未注明,,58同城,2026-09-24 22:45:03,411081,禹州市,许昌市,2024-2026,58_禹州市_2024_2026.csv
2051,郭女士,办公室电脑录入员,许昌市,禹州城区-禹州北区,3000.0,6000.0,岗位：办公室电脑录入员；标签：五险；薪资：3000-6000元/月,未注明,,58同城,2026-09-24 22:45:03,411081,禹州市,许昌市,2024-2026,58_禹州市_2024_2026.csv
2052,花花的尾巴,给老板开商务小车包住宿,许昌市,禹州,5000.0,6000.0,岗位：给老板开商务小车包住宿；标签：五险一金 / 五险 / 包住 / 包吃；薪资：5000-6000元/月,未注明,,58同城,2026-09-24 22:45:03,411081,禹州市,许昌市,2024-2026,58_禹州市_2024_2026.csv
2053,汪先生,商务司机接送，包住,许昌市,禹州,5900.0,6000.0,岗位：商务司机接送，包住；标签：五险 / 包住 / 加班补助 / 房补；薪资：5900-6000元/月,未注明,,58同城,2026-09-24 22:45:03,411081,禹州市,许昌市,2024-2026,58_禹州市_2024_2026.csv
2054,张女士,丝印工/房补五险包住,许昌市,禹州,7500.0,8000.0,岗位：丝印工/房补五险包住；标签：五险一金 / 五险 / 包住 / 包吃；薪资：7500-8000元/月,未注明,,58同城,2026-09-24 22:45:03,411081,禹州市,许昌市,2024-2026,58_禹州市_2024_2026.csv
2055,招聘专员,加油站加油员3000起,许昌市,禹州-禹州城区,3000.0,5000.0,岗位：加油站加油员3000起；标签：包吃；薪资：3000-5000元/月,未注明,,58同城,2026-09-24 22:45:03,411081,禹州市,许昌市,2024-2026,58_禹州市_2024_2026.csv
2056,追云赶月的帆帆,给公司老板开小车包住宿,许昌市,禹州,5900.0,6000.0,岗位：给公司老板开小车包住宿；标签：包住 / 年底双薪 / 加班补助 / 房补；薪资：5900-6000元/月,未注明,,58同城,2026-09-24 22:45:03,411081,禹州市,许昌市,2024-2026,58_禹州市_2024_2026.csv
2057,韦同学爱望月,班车司机,许昌市,禹州,5500.0,6000.0,岗位：班车司机；标签：五险一金 / 包住 / 年底双薪 / 周末双休；薪资：5500-6000元/月,未注明,,58同城,2026-09-24 22:45:03,411081,禹州市,许昌市,2024-2026,58_禹州市_2024_2026.csv
2058,用户35558,餐饮业营销经理话补饭补包住,许昌市,禹州-禹州城区,3000.0,23000.0,岗位：餐饮业营销经理话补饭补包住；标签：包住 / 包吃 / 年底双薪 / 饭补；薪资：3000-23000元/月,未注明,,58同城,2026-09-24 22:45:08,411081,禹州市,许昌市,2024-2026,58_禹州市_2024_2026.csv
2059,琳娃儿,汽修店汽车店长包吃住6000-10000,许昌市,禹州-禹州站,6000.0,10000.0,岗位：汽修店汽车店长包吃住6000-10000；标签：包住 / 包吃；薪资：6000-10000元/月,未注明,,58同城,2026-09-24 22:45:08,411081,禹州市,许昌市,2024-2026,58_禹州市_2024_2026.csv
2060,,章贡区海平食品店（个体工商户）·外卖 服务区域：魏都、许昌县、禹州、长葛、建安...,许昌市,禹州市,,,岗位：章贡区海平食品店（个体工商户）·外卖 服务区域：魏都、许昌县、禹州、长葛、建安...,未注明,,58同城,2026-09-24 22:48:05,411081,禹州市,许昌市,2024-2026,58_禹州市_2024_2026.csv
2061,,李龙再生资源回收·工业设备/金属回收 服务区域：魏都、许昌县、禹州、长葛、建安...,许昌市,禹州市,,,岗位：李龙再生资源回收·工业设备/金属回收 服务区域：魏都、许昌县、禹州、长葛、建安...,未注明,,58同城,2026-09-24 22:48:05,411081,禹州市,许昌市,2024-2026,58_禹州市_2024_2026.csv
2062,,赣州蓉江新区潭东镇格乐食品商行（个体工商户）·美食 服务区域：魏都、许昌县、禹州、长葛、建安...,许昌市,禹州市,,,岗位：赣州蓉江新区潭东镇格乐食品商行（个体工商户）·美食 服务区域：魏都、许昌县、禹州、长葛、建安...,未注明,,58同城,2026-09-24 22:48:05,411081,禹州市,许昌市,2024-2026,58_禹州市_2024_2026.csv
2063,,家具维修安装服务·家具维修 服务区域：魏都、许昌县、禹州、长葛、建安...,许昌市,禹州市,,,岗位：家具维修安装服务·家具维修 服务区域：魏都、许昌县、禹州、长葛、建安...,未注明,,58同城,2026-09-24 22:48:05,411081,禹州市,许昌市,2024-2026,58_禹州市_2024_2026.csv
2064,,章贡区华购福食品店（个体工商户）·外卖 服务区域：魏都、许昌县、禹州、长葛、建安...,许昌市,禹州市,,,岗位：章贡区华购福食品店（个体工商户）·外卖 服务区域：魏都、许昌县、禹州、长葛、建安...,未注明,,58同城,2026-09-24 22:48:05,411081,禹州市,许昌市,2024-2026,58_禹州市_2024_2026.csv
2065,,许昌川妹子家政服务·保姆/月嫂 服务区域：魏都、许昌县、禹州、长葛、建安...,许昌市,禹州市,,,岗位：许昌川妹子家政服务·保姆/月嫂 服务区域：魏都、许昌县、禹州、长葛、建安...,未注明,,58同城,2026-09-24 22:48:05,411081,禹州市,许昌市,2024-2026,58_禹州市_2024_2026.csv
2066,,许昌家电维修·家电维修 服务区域：魏都、许昌县、禹州、长葛、建安...,许昌市,禹州市,,,岗位：许昌家电维修·家电维修 服务区域：魏都、许昌县、禹州、长葛、建安...,未注明,,58同城,2026-09-24 22:48:05,411081,禹州市,许昌市,2024-2026,58_禹州市_2024_2026.csv
2067,,许昌防水补漏瓷砖空鼓维修·房屋维修/防水 服务区域：魏都、许昌县、禹州、长葛、建安...,许昌市,禹州市,,,岗位：许昌防水补漏瓷砖空鼓维修·房屋维修/防水 服务区域：魏都、许昌县、禹州、长葛、建安...,未注明,,58同城,2026-09-24 22:48:05,411081,禹州市,许昌市,2024-2026,58_禹州市_2024_2026.csv
2068,,周口市盛腾网络·家电维修 服务区域：魏都、许昌县、禹州、长葛、建安...,许昌市,禹州市,,,岗位：周口市盛腾网络·家电维修 服务区域：魏都、许昌县、禹州、长葛、建安...,未注明,,58同城,2026-09-24 22:48:05,411081,禹州市,许昌市,2024-2026,58_禹州市_2024_2026.csv
2069,,鑫辰物资回收·空调回收 服务区域：魏都、许昌县、禹州、长葛、建安...,许昌市,禹州市,,,岗位：鑫辰物资回收·空调回收 服务区域：魏都、许昌县、禹州、长葛、建安...,未注明,,58同城,2026-09-24 22:48:05,411081,禹州市,许昌市,2024-2026,58_禹州市_2024_2026.csv
2070,,诚鑫电器金属物资回收·空调回收 服务区域：魏都、许昌县、禹州、长葛、建安...,许昌市,禹州市,,,岗位：诚鑫电器金属物资回收·空调回收 服务区域：魏都、许昌县、禹州、长葛、建安...,未注明,,58同城,2026-09-24 22:48:05,411081,禹州市,许昌市,2024-2026,58_禹州市_2024_2026.csv
2071,,赣州蓉江新区潭东镇格乐食品商行（个体工商户）·外卖 服务区域：魏都、许昌县、禹州、长葛、建安...,许昌市,禹州市,,,岗位：赣州蓉江新区潭东镇格乐食品商行（个体工商户）·外卖 服务区域：魏都、许昌县、禹州、长葛、建安...,未注明,,58同城,2026-09-24 22:48:05,411081,禹州市,许昌市,2024-2026,58_禹州市_2024_2026.csv
2072,,赣州蓉江新区潭东镇俊祥食品商行·外卖 服务区域：魏都、许昌县、禹州、长葛、建安...,许昌市,禹州市,,,岗位：赣州蓉江新区潭东镇俊祥食品商行·外卖 服务区域：魏都、许昌县、禹州、长葛、建安...,未注明,,58同城,2026-09-24 22:48:05,411081,禹州市,许昌市,2024-2026,58_禹州市_2024_2026.csv
2073,,许昌市魏都区冰峰清洁公司·管道疏通/清洗 服务区域：魏都、许昌县、禹州、长葛、建安...,许昌市,禹州市,,,岗位：许昌市魏都区冰峰清洁公司·管道疏通/清洗 服务区域：魏都、许昌县、禹州、长葛、建安...,未注明,,58同城,2026-09-24 22:48:05,411081,禹州市,许昌市,2024-2026,58_禹州市_2024_2026.csv
2074,,许昌家家通管道疏通·管道疏通/清洗 服务区域：魏都、许昌县、禹州、长葛、建安...,许昌市,禹州市,,,岗位：许昌家家通管道疏通·管道疏通/清洗 服务区域：魏都、许昌县、禹州、长葛、建安...,未注明,,58同城,2026-09-24 22:48:05,411081,禹州市,许昌市,2024-2026,58_禹州市_2024_2026.csv
2075,,东海县平明镇康达百货商店·美食 服务区域：魏都、许昌县、禹州、长葛、建安...,许昌市,禹州市,,,岗位：东海县平明镇康达百货商店·美食 服务区域：魏都、许昌县、禹州、长葛、建安...,未注明,,58同城,2026-09-24 22:48:05,411081,禹州市,许昌市,2024-2026,58_禹州市_2024_2026.csv
2076,王女士,许昌-长葛C1货运司机短途司机,许昌市,魏都-中央公园,5000.0,8000.0,岗位：许昌-长葛C1货运司机短途司机；标签：招5人 / 经验1-2年 / 学历不限；薪资：5000-8000元/月,学历不限,5.0,58同城,2026-09-24 22:49:25,411082,长葛市,许昌市,2024-2026,58_长葛市_2024_2026.csv
2077,,全国物流·货运专线 服务区域：魏都、许昌县、禹州、长葛、建安...,许昌市,长葛市,,,岗位：全国物流·货运专线 服务区域：魏都、许昌县、禹州、长葛、建安...,未注明,,58同城,2026-09-24 22:50:51,411082,长葛市,许昌市,2024-2026,58_长葛市_2024_2026.csv
2078,,章贡区海平食品店（个体工商户）·外卖 服务区域：魏都、许昌县、禹州、长葛、建安...,许昌市,长葛市,,,岗位：章贡区海平食品店（个体工商户）·外卖 服务区域：魏都、许昌县、禹州、长葛、建安...,未注明,,58同城,2026-09-24 22:50:51,411082,长葛市,许昌市,2024-2026,58_长葛市_2024_2026.csv
2079,,李龙再生资源回收·工业设备/金属回收 服务区域：魏都、许昌县、禹州、长葛、建安...,许昌市,长葛市,,,岗位：李龙再生资源回收·工业设备/金属回收 服务区域：魏都、许昌县、禹州、长葛、建安...,未注明,,58同城,2026-09-24 22:50:51,411082,长葛市,许昌市,2024-2026,58_长葛市_2024_2026.csv
2080,,郑州高新区督办茶叶店（个体工商户）·礼品/奢侈品/金银回收 服务区域：魏都、许昌县、禹州、长葛、建安...,许昌市,长葛市,,,岗位：郑州高新区督办茶叶店（个体工商户）·礼品/奢侈品/金银回收 服务区域：魏都、许昌县、禹州、长葛、建安...,未注明,,58同城,2026-09-24 22:50:51,411082,长葛市,许昌市,2024-2026,58_长葛市_2024_2026.csv
2081,,许昌礼品/奢侈品/金银回收·礼品/奢侈品/金银回收 服务区域：魏都、许昌县、禹州、长葛、建安...,许昌市,长葛市,,,岗位：许昌礼品/奢侈品/金银回收·礼品/奢侈品/金银回收 服务区域：魏都、许昌县、禹州、长葛、建安...,未注明,,58同城,2026-09-24 22:50:51,411082,长葛市,许昌市,2024-2026,58_长葛市_2024_2026.csv
2082,,赣州蓉江新区潭东镇格乐食品商行（个体工商户）·美食 服务区域：魏都、许昌县、禹州、长葛、建安...,许昌市,长葛市,,,岗位：赣州蓉江新区潭东镇格乐食品商行（个体工商户）·美食 服务区域：魏都、许昌县、禹州、长葛、建安...,未注明,,58同城,2026-09-24 22:50:51,411082,长葛市,许昌市,2024-2026,58_长葛市_2024_2026.csv
2083,,家具维修安装服务·家具维修 服务区域：魏都、许昌县、禹州、长葛、建安...,许昌市,长葛市,,,岗位：家具维修安装服务·家具维修 服务区域：魏都、许昌县、禹州、长葛、建安...,未注明,,58同城,2026-09-24 22:50:51,411082,长葛市,许昌市,2024-2026,58_长葛市_2024_2026.csv
2084,,章贡区华购福食品店（个体工商户）·外卖 服务区域：魏都、许昌县、禹州、长葛、建安...,许昌市,长葛市,,,岗位：章贡区华购福食品店（个体工商户）·外卖 服务区域：魏都、许昌县、禹州、长葛、建安...,未注明,,58同城,2026-09-24 22:50:51,411082,长葛市,许昌市,2024-2026,58_长葛市_2024_2026.csv
2085,,许昌川妹子家政服务·保姆/月嫂 服务区域：魏都、许昌县、禹州、长葛、建安...,许昌市,长葛市,,,岗位：许昌川妹子家政服务·保姆/月嫂 服务区域：魏都、许昌县、禹州、长葛、建安...,未注明,,58同城,2026-09-24 22:50:51,411082,长葛市,许昌市,2024-2026,58_长葛市_2024_2026.csv
2086,,许昌防水补漏瓷砖空鼓维修·房屋维修/防水 服务区域：魏都、许昌县、禹州、长葛、建安...,许昌市,长葛市,,,岗位：许昌防水补漏瓷砖空鼓维修·房屋维修/防水 服务区域：魏都、许昌县、禹州、长葛、建安...,未注明,,58同城,2026-09-24 22:50:51,411082,长葛市,许昌市,2024-2026,58_长葛市_2024_2026.csv
2087,,鑫辰物资回收·空调回收 服务区域：魏都、许昌县、禹州、长葛、建安...,许昌市,长葛市,,,岗位：鑫辰物资回收·空调回收 服务区域：魏都、许昌县、禹州、长葛、建安...,未注明,,58同城,2026-09-24 22:50:51,411082,长葛市,许昌市,2024-2026,58_长葛市_2024_2026.csv
2088,,诚鑫电器金属物资回收·空调回收 服务区域：魏都、许昌县、禹州、长葛、建安...,许昌市,长葛市,,,岗位：诚鑫电器金属物资回收·空调回收 服务区域：魏都、许昌县、禹州、长葛、建安...,未注明,,58同城,2026-09-24 22:50:51,411082,长葛市,许昌市,2024-2026,58_长葛市_2024_2026.csv
2089,,赣州蓉江新区潭东镇格乐食品商行（个体工商户）·外卖 服务区域：魏都、许昌县、禹州、长葛、建安...,许昌市,长葛市,,,岗位：赣州蓉江新区潭东镇格乐食品商行（个体工商户）·外卖 服务区域：魏都、许昌县、禹州、长葛、建安...,未注明,,58同城,2026-09-24 22:50:51,411082,长葛市,许昌市,2024-2026,58_长葛市_2024_2026.csv
2090,,赣州蓉江新区潭东镇俊祥食品商行·外卖 服务区域：魏都、许昌县、禹州、长葛、建安...,许昌市,长葛市,,,岗位：赣州蓉江新区潭东镇俊祥食品商行·外卖 服务区域：魏都、许昌县、禹州、长葛、建安...,未注明,,58同城,2026-09-24 22:50:51,411082,长葛市,许昌市,2024-2026,58_长葛市_2024_2026.csv
2091,樊女士,生产储备管理人员五险一金,漯河市,召陵-召陵城区,5000.0,7000.0,岗位：生产储备管理人员五险一金；标签：五险一金；薪资：5000-7000元/月,未注明,,58同城,2026-09-24 22:51:12,411121,舞阳县,漯河市,2024-2026,58_舞阳县_2024_2026.csv
2092,mlgs123456,废品工分拣包住包吃,漯河市,漯河-召陵,3000.0,4000.0,岗位：废品工分拣包住包吃；标签：包住 / 包吃；薪资：3000-4000元/月,未注明,,58同城,2026-09-24 22:51:12,411121,舞阳县,漯河市,2024-2026,58_舞阳县_2024_2026.csv
2093,mlgs123456,厂区杂工3000起 小程序,漯河市,漯河-召陵,3000.0,5000.0,岗位：厂区杂工3000起 小程序；标签：包住 / 包吃；薪资：3000-5000元/月,未注明,,58同城,2026-09-24 22:51:12,411121,舞阳县,漯河市,2024-2026,58_舞阳县_2024_2026.csv
2094,颈肩腰腿疼张号兵136******73,颈肩腰腿疼康复中心招聘店员,漯河市,漯河-召陵,2500.0,4000.0,岗位：颈肩腰腿疼康复中心招聘店员；标签：招1人 / 经验不限 / 学历不限；薪资：2500-4000元/月,学历不限,1.0,58同城,2026-09-24 22:51:12,411121,舞阳县,漯河市,2024-2026,58_舞阳县_2024_2026.csv
2095,安女士,制孔机手,漯河市,漯河-召陵,5000.0,7000.0,岗位：制孔机手；标签：饭补；薪资：5000-7000元/月,未注明,,58同城,2026-09-24 22:51:12,411121,舞阳县,漯河市,2024-2026,58_舞阳县_2024_2026.csv
2096,用户67428,好思味食品有限公司/食品/饮料研发,漯河市,漯河-召陵,4000.0,6000.0,岗位：好思味食品有限公司/食品/饮料研发；标签：五险 / 包住 / 包吃；薪资：4000-6000元/月,未注明,,58同城,2026-09-24 22:51:12,411121,舞阳县,漯河市,2024-2026,58_舞阳县_2024_2026.csv
2097,安女士,财务主管,漯河市,漯河-召陵,7000.0,8000.0,岗位：财务主管；标签：五险 / 饭补；薪资：7000-8000元/月,未注明,,58同城,2026-09-24 22:51:12,411121,舞阳县,漯河市,2024-2026,58_舞阳县_2024_2026.csv
2098,心美DE胥博士,厨工,漯河市,召陵-召陵城区,3000.0,3500.0,岗位：厨工；标签：经验不限 / 学历不限；薪资：3000-3500元/月,学历不限,,58同城,2026-09-24 22:51:12,411121,舞阳县,漯河市,2024-2026,58_舞阳县_2024_2026.csv
2099,漯河市源汇区怡润信息咨询工作室,总经理助理,漯河市,漯河-召陵,3000.0,5000.0,岗位：总经理助理；标签：五险一金 / 包吃；薪资：3000-5000元/月,未注明,,58同城,2026-09-24 22:51:12,411121,舞阳县,漯河市,2024-2026,58_舞阳县_2024_2026.csv
2100,安女士,机械制图,漯河市,漯河-召陵,5000.0,6000.0,岗位：机械制图；标签：五险；薪资：5000-6000元/月,未注明,,58同城,2026-09-24 22:51:12,411121,舞阳县,漯河市,2024-2026,58_舞阳县_2024_2026.csv
2101,安女士,组对工,漯河市,漯河-召陵,6000.0,8000.0,岗位：组对工；标签：五险；薪资：6000-8000元/月,未注明,,58同城,2026-09-24 22:51:12,411121,舞阳县,漯河市,2024-2026,58_舞阳县_2024_2026.csv
2102,遵规守纪de燕老板,食品/营业员3000起,漯河市,召陵-召陵城区,3000.0,5000.0,岗位：食品/营业员3000起；标签：招3人 / 经验不限 / 学历不限；薪资：3000-5000元/月,学历不限,3.0,58同城,2026-09-24 22:51:12,411121,舞阳县,漯河市,2024-2026,58_舞阳县_2024_2026.csv
2103,韩女士,美甲师,漯河市,漯河-郾城,3000.0,6000.0,岗位：美甲师；标签：经验不限 / 学历不限；薪资：3000-6000元/月,学历不限,,58同城,2026-09-24 22:51:12,411121,舞阳县,漯河市,2024-2026,58_舞阳县_2024_2026.csv
2104,周女士,招聘保安.包吃住.工装被褥免费,漯河市,临颍-临颍城区,4500.0,5000.0,岗位：招聘保安.包吃住.工装被褥免费；标签：五险 / 包住 / 包吃 / 年底双薪；薪资：4500-5000元/月,未注明,,58同城,2026-09-24 22:51:12,411121,舞阳县,漯河市,2024-2026,58_舞阳县_2024_2026.csv
2105,喜欢彩虹糖的小糖,办公室文员/3000起,漯河市,郾城-郾城城区,3000.0,4000.0,岗位：办公室文员/3000起；标签：招2人 / 经验1-2年 / 学历大专；薪资：3000-4000元/月,大专,2.0,58同城,2026-09-24 22:51:12,411121,舞阳县,漯河市,2024-2026,58_舞阳县_2024_2026.csv
2106,樊女士,刀手切汉堡腿肉,漯河市,召陵-召陵城区,5000.0,6000.0,岗位：刀手切汉堡腿肉；标签：五险一金 / 包住 / 包吃；薪资：5000-6000元/月,未注明,,58同城,2026-09-24 22:51:12,411121,舞阳县,漯河市,2024-2026,58_舞阳县_2024_2026.csv
2107,安女士,镀锌工,漯河市,漯河-召陵,6000.0,7500.0,岗位：镀锌工；标签：包住 / 饭补 / 包吃；薪资：6000-7500元/月,未注明,,58同城,2026-09-24 22:51:12,411121,舞阳县,漯河市,2024-2026,58_舞阳县_2024_2026.csv
2108,柚子大仙,蒲公英好物百货商行店员/营业员3千起,漯河市,郾城-郾城城区,3000.0,3500.0,岗位：蒲公英好物百货商行店员/营业员3千起；标签：招1人 / 经验不限 / 学历不限；薪资：3000-3500元/月,学历不限,1.0,58同城,2026-09-24 22:51:12,411121,舞阳县,漯河市,2024-2026,58_舞阳县_2024_2026.csv
2109,招聘专员,在家运营五险双休坐班办公岗,漯河市,漯河-源汇,4500.0,5000.0,岗位：在家运营五险双休坐班办公岗；标签：五险一金；薪资：4500-5000元/月,未注明,,58同城,2026-09-24 22:51:12,411121,舞阳县,漯河市,2024-2026,58_舞阳县_2024_2026.csv
2110,北北,餐饮收银,漯河市,漯河-郾城,3000.0,5000.0,岗位：餐饮收银；标签：经验不限 / 学历不限；薪资：3000-5000元/月,学历不限,,58同城,2026-09-24 22:51:12,411121,舞阳县,漯河市,2024-2026,58_舞阳县_2024_2026.csv
2111,人事部,车工/五险,漯河市,郾城-漯河食品批发交易市,5000.0,7000.0,岗位：车工/五险；标签：五险；薪资：5000-7000元/月,未注明,,58同城,2026-09-24 22:51:12,411121,舞阳县,漯河市,2024-2026,58_舞阳县_2024_2026.csv
2112,韩女士,外贸业务员,漯河市,漯河-郾城,3500.0,6500.0,岗位：外贸业务员；标签：招5人 / 经验1-2年 / 学历不限；薪资：3500-6500元/月,学历不限,5.0,58同城,2026-09-24 22:51:12,411121,舞阳县,漯河市,2024-2026,58_舞阳县_2024_2026.csv
2113,经理,营业员5000,漯河市,召陵-召陵城区,5000.0,6000.0,岗位：营业员5000；标签：招6人 / 经验不限 / 学历不限；薪资：5000-6000元/月,学历不限,6.0,58同城,2026-09-24 22:51:12,411121,舞阳县,漯河市,2024-2026,58_舞阳县_2024_2026.csv
2114,许先生,大龄可做小件装卸分拣220一天包吃住,漯河市,漯河-召陵,4000.0,5500.0,岗位：大龄可做小件装卸分拣220一天包吃住；标签：五险 / 包住 / 包吃 / 年底双薪；薪资：4000-5500元/月,未注明,,58同城,2026-09-24 22:51:12,411121,舞阳县,漯河市,2024-2026,58_舞阳县_2024_2026.csv
2115,招聘专员,在家运营工作简单好做,漯河市,漯河-源汇,4600.0,5700.0,岗位：在家运营工作简单好做；标签：五险一金；薪资：4600-5700元/月,未注明,,58同城,2026-09-24 22:51:12,411121,舞阳县,漯河市,2024-2026,58_舞阳县_2024_2026.csv
2116,遵规守纪de燕老板,食品/店员3000起,漯河市,召陵-召陵城区,3000.0,5000.0,岗位：食品/店员3000起；标签：招3人 / 经验1年以下 / 学历不限；薪资：3000-5000元/月,学历不限,3.0,58同城,2026-09-24 22:51:12,411121,舞阳县,漯河市,2024-2026,58_舞阳县_2024_2026.csv
2117,capfchu,郾城区锦成建材经营部/泥瓦工/学历不限,漯河市,漯河-郾城,5000.0,8000.0,岗位：郾城区锦成建材经营部/泥瓦工/学历不限；标签：饭补；薪资：5000-8000元/月,未注明,,58同城,2026-09-24 22:51:12,411121,舞阳县,漯河市,2024-2026,58_舞阳县_2024_2026.csv
2118,董生,有证叉车工，产线入库和出库装车,漯河市,漯河-召陵,6500.0,7500.0,岗位：有证叉车工，产线入库和出库装车；标签：包住；薪资：6500-7500元/月,未注明,,58同城,2026-09-24 22:51:12,411121,舞阳县,漯河市,2024-2026,58_舞阳县_2024_2026.csv
2119,张女士,5000包吃住小区保安，可带朋友,漯河市,漯河,4500.0,5000.0,岗位：5000包吃住小区保安，可带朋友；标签：五险一金 / 包住 / 包吃 / 年底双薪；薪资：4500-5000元/月,未注明,,58同城,2026-09-24 22:51:12,411121,舞阳县,漯河市,2024-2026,58_舞阳县_2024_2026.csv
2120,招聘专员,焰石影院招聘店员/营业员,漯河市,高新区-高新城区,2000.0,3000.0,岗位：焰石影院招聘店员/营业员；标签：招4人 / 经验1年以下 / 学历高中；薪资：2000-3000元/月,高中,4.0,58同城,2026-09-24 22:51:12,411121,舞阳县,漯河市,2024-2026,58_舞阳县_2024_2026.csv
2121,小兔蹦蹦跳,配送货运司机,漯河市,漯河-临颍,6000.0,8500.0,岗位：配送货运司机；标签：招6人 / 经验不限 / 学历不限；薪资：6000-8500元/月,学历不限,6.0,58同城,2026-09-24 22:53:53,411122,临颍县,漯河市,2024-2026,58_临颍县_2024_2026.csv
2122,偷偷藏糖果的豆豆,火锅店服务员,漯河市,临颍-临颍城区,3000.0,3500.0,岗位：火锅店服务员；标签：包住 / 包吃；薪资：3000-3500元/月,未注明,,58同城,2026-09-24 22:53:53,411122,临颍县,漯河市,2024-2026,58_临颍县_2024_2026.csv
2123,招聘专员,幼儿园食堂厨师免费工服包... 小程序,漯河市,临颍-临颍城区,3000.0,4500.0,岗位：幼儿园食堂厨师免费工服包... 小程序；标签：包吃；薪资：3000-4500元/月,未注明,,58同城,2026-09-24 22:53:53,411122,临颍县,漯河市,2024-2026,58_临颍县_2024_2026.csv
2124,晁先生,诚聘机械设计师,漯河市,临颍-临颍城区,8000.0,12000.0,岗位：诚聘机械设计师；标签：包吃 / 包住 / 交通补助 / 饭补；薪资：8000-12000元/月,未注明,,58同城,2026-09-24 22:53:53,411122,临颍县,漯河市,2024-2026,58_临颍县_2024_2026.csv
2125,晁先生,机械设计工程师,漯河市,临颍-临颍城区,8000.0,12000.0,岗位：机械设计工程师；标签：包住 / 包吃 / 交通补助 / 加班补助；薪资：8000-12000元/月,未注明,,58同城,2026-09-24 22:53:53,411122,临颍县,漯河市,2024-2026,58_临颍县_2024_2026.csv
2126,李波,临颍按摩师/技师高提成,漯河市,临颍-金佰汇购物广场,12000.0,15000.0,岗位：临颍按摩师/技师高提成；标签：招20人 / 经验不限 / 学历不限；薪资：12000-15000元/月,学历不限,20.0,58同城,2026-09-24 22:53:53,411122,临颍县,漯河市,2024-2026,58_临颍县_2024_2026.csv
2127,周女士,招聘保安.包吃住.工装被褥免费,漯河市,临颍-临颍城区,4500.0,5000.0,岗位：招聘保安.包吃住.工装被褥免费；标签：五险 / 包住 / 包吃 / 年底双薪；薪资：4500-5000元/月,未注明,,58同城,2026-09-24 22:53:53,411122,临颍县,漯河市,2024-2026,58_临颍县_2024_2026.csv
2128,招聘专员,房产抖音策划,漯河市,漯河-临颍,3000.0,4000.0,岗位：房产抖音策划；标签：包吃；薪资：3000-4000元/月,未注明,,58同城,2026-09-24 22:53:53,411122,临颍县,漯河市,2024-2026,58_临颍县_2024_2026.csv
2129,李波,足疗师临颍18-30岁高提成,漯河市,临颍-金佰汇购物广场,12000.0,15000.0,岗位：足疗师临颍18-30岁高提成；标签：招10人 / 经验不限 / 学历不限；薪资：12000-15000元/月,学历不限,10.0,58同城,2026-09-24 22:53:53,411122,临颍县,漯河市,2024-2026,58_临颍县_2024_2026.csv
2130,用户41758,小吃/服务员包吃免费工服,漯河市,临颍-临颍城区,3000.0,3500.0,岗位：小吃/服务员包吃免费工服；标签：包吃；薪资：3000-3500元/月,未注明,,58同城,2026-09-24 22:53:53,411122,临颍县,漯河市,2024-2026,58_临颍县_2024_2026.csv
2131,君子兰,数据标注/AI训练师包吃饭补交通补助,漯河市,临颍-金佰汇购物广场,4000.0,8000.0,岗位：数据标注/AI训练师包吃饭补交通补助；标签：包吃 / 交通补助 / 饭补；薪资：4000-8000元/月,未注明,,58同城,2026-09-24 22:53:53,411122,临颍县,漯河市,2024-2026,58_临颍县_2024_2026.csv
2132,招聘主管,国内电商运营,漯河市,临颍-临颍城区,4000.0,6000.0,岗位：国内电商运营；标签：经验不限 / 学历不限；薪资：4000-6000元/月,学历不限,,58同城,2026-09-24 22:53:53,411122,临颍县,漯河市,2024-2026,58_临颍县_2024_2026.csv
2133,招聘专员,房产置业顾问2800起,漯河市,漯河-临颍,3000.0,8000.0,岗位：房产置业顾问2800起；标签：包吃；薪资：3000-8000元/月,未注明,,58同城,2026-09-24 22:53:53,411122,临颍县,漯河市,2024-2026,58_临颍县_2024_2026.csv
2134,水电安装插座灯具安装,曜峰百货商行/水电工工作时间灵活,漯河市,漯河-临颍,3000.0,4500.0,岗位：曜峰百货商行/水电工工作时间灵活；标签：招1人 / 经验1-2年 / 学历不限；薪资：3000-4500元/月,学历不限,1.0,58同城,2026-09-24 22:53:53,411122,临颍县,漯河市,2024-2026,58_临颍县_2024_2026.csv
2135,李波,临颍木禾聘按摩技师,漯河市,临颍-临颍城区,8000.0,15000.0,岗位：临颍木禾聘按摩技师；标签：包吃 / 包住；薪资：8000-15000元/月,未注明,,58同城,2026-09-24 22:53:53,411122,临颍县,漯河市,2024-2026,58_临颍县_2024_2026.csv
2136,悄悄种花的丫头,小吃厨师,漯河市,临颍-临颍城区,3000.0,4000.0,岗位：小吃厨师；标签：经验不限 / 学历不限；薪资：3000-4000元/月,学历不限,,58同城,2026-09-24 22:53:53,411122,临颍县,漯河市,2024-2026,58_临颍县_2024_2026.csv
2137,罗女士,电脑/打印机运维,漯河市,漯河-临颍,3000.0,4000.0,岗位：电脑/打印机运维；标签：五险；薪资：3000-4000元/月,未注明,,58同城,2026-09-24 22:53:53,411122,临颍县,漯河市,2024-2026,58_临颍县_2024_2026.csv
2138,张先生,260/天包吃住小厂贴标人走帐清,漯河市,漯河-临颍,6500.0,7500.0,岗位：260/天包吃住小厂贴标人走帐清；标签：五险一金 / 五险 / 包住 / 包吃；薪资：6500-7500元/月,未注明,,58同城,2026-09-24 22:53:53,411122,临颍县,漯河市,2024-2026,58_临颍县_2024_2026.csv
2139,安乐,临颍县外卖业务经理,漯河市,漯河-临颍,4000.0,5500.0,岗位：临颍县外卖业务经理；标签：经验不限 / 学历高中；薪资：4000-5500元/月,高中,,58同城,2026-09-24 22:53:53,411122,临颍县,漯河市,2024-2026,58_临颍县_2024_2026.csv
2140,程女士,包吃住不体检轻松保安,漯河市,临颍-临颍城区,4500.0,5000.0,岗位：包吃住不体检轻松保安；标签：五险 / 包住 / 包吃 / 年底双薪；薪资：4500-5000元/月,未注明,,58同城,2026-09-24 22:53:53,411122,临颍县,漯河市,2024-2026,58_临颍县_2024_2026.csv
2141,招聘专员,汽车维修,漯河市,漯河-临颍,1100.0,5200.0,岗位：汽车维修；标签：经验不限 / 学历不限；薪资：1100-5200元/月,学历不限,,58同城,2026-09-24 22:53:53,411122,临颍县,漯河市,2024-2026,58_临颍县_2024_2026.csv
2142,丁先生,清闲保安当天安排岗位宿舍,漯河市,临颍-临颍城区,4900.0,5000.0,岗位：清闲保安当天安排岗位宿舍；标签：五险一金 / 加班补助 / 五险 / 包住；薪资：4900-5000元/月,未注明,,58同城,2026-09-24 22:53:53,411122,临颍县,漯河市,2024-2026,58_临颍县_2024_2026.csv
2143,刘女士,漯河周边急招食品C本配送司机不装卸3名,漯河市,漯河-临颍,6000.0,8000.0,岗位：漯河周边急招食品C本配送司机不装卸3名；标签：五险 / 饭补 / 话补 / 加班补助；薪资：6000-8000元/月,未注明,,58同城,2026-09-24 22:53:53,411122,临颍县,漯河市,2024-2026,58_临颍县_2024_2026.csv
2144,王鹏,护工/护理工作时间灵活,漯河市,漯河-临颍,3000.0,4500.0,岗位：护工/护理工作时间灵活；标签：招1人 / 经验3-5年 / 学历不限；薪资：3000-4500元/月,学历不限,1.0,58同城,2026-09-24 22:53:53,411122,临颍县,漯河市,2024-2026,58_临颍县_2024_2026.csv
2145,叠纸船的信纸,居家审核员会基础电脑月薪6000,漯河市,临颍-临颍城区,5000.0,8000.0,岗位：居家审核员会基础电脑月薪6000；标签：五险一金 / 包吃 / 包住 / 周末双休；薪资：5000-8000元/月,未注明,,58同城,2026-09-24 22:53:53,411122,临颍县,漯河市,2024-2026,58_临颍县_2024_2026.csv
2146,招聘专员,抖音直播，双休时间自由，日结，无需经验,漯河市,临颍-金佰汇购物广场,4500.0,8600.0,岗位：抖音直播，双休时间自由，日结，无需经验；标签：招40人 / 经验不限 / 学历不限；薪资：4500-8600元/月,学历不限,40.0,58同城,2026-09-24 22:53:53,411122,临颍县,漯河市,2024-2026,58_临颍县_2024_2026.csv
2147,邵磊,五金厂普工/操作工3500起,漯河市,漯河-临颍,3500.0,7000.0,岗位：五金厂普工/操作工3500起；标签：饭补；薪资：3500-7000元/月,未注明,,58同城,2026-09-24 22:53:53,411122,临颍县,漯河市,2024-2026,58_临颍县_2024_2026.csv
2148,黄女士,食品化验员45岁以下,漯河市,漯河-临颍,3000.0,5000.0,岗位：食品化验员45岁以下；标签：招1人 / 经验1-2年 / 学历大专；薪资：3000-5000元/月,大专,1.0,58同城,2026-09-24 22:53:53,411122,临颍县,漯河市,2024-2026,58_临颍县_2024_2026.csv
2149,晁先生,诚聘电工,漯河市,临颍-临颍城区,4000.0,5000.0,岗位：诚聘电工；标签：包吃 / 包住 / 交通补助 / 饭补；薪资：4000-5000元/月,未注明,,58同城,2026-09-24 22:53:53,411122,临颍县,漯河市,2024-2026,58_临颍县_2024_2026.csv
2150,黄女士,普工/搬运工4000起,漯河市,漯河-临颍,5000.0,8000.0,岗位：普工/搬运工4000起；标签：五险 / 包住 / 包吃；薪资：5000-8000元/月,未注明,,58同城,2026-09-24 22:53:53,411122,临颍县,漯河市,2024-2026,58_临颍县_2024_2026.csv
2151,樊女士,生产储备管理人员五险一金,漯河市,召陵-召陵城区,5000.0,7000.0,岗位：生产储备管理人员五险一金；标签：五险一金；薪资：5000-7000元/月,未注明,,58同城,2026-09-24 22:53:57,411122,临颍县,漯河市,2024-2026,58_临颍县_2024_2026.csv
2152,mlgs123456,废品工分拣包住包吃,漯河市,漯河-召陵,3000.0,4000.0,岗位：废品工分拣包住包吃；标签：包住 / 包吃；薪资：3000-4000元/月,未注明,,58同城,2026-09-24 22:53:57,411122,临颍县,漯河市,2024-2026,58_临颍县_2024_2026.csv
2153,mlgs123456,厂区杂工3000起 小程序,漯河市,漯河-召陵,3000.0,5000.0,岗位：厂区杂工3000起 小程序；标签：包住 / 包吃；薪资：3000-5000元/月,未注明,,58同城,2026-09-24 22:53:57,411122,临颍县,漯河市,2024-2026,58_临颍县_2024_2026.csv
2154,颈肩腰腿疼张号兵136******73,颈肩腰腿疼康复中心招聘店员,漯河市,漯河-召陵,2500.0,4000.0,岗位：颈肩腰腿疼康复中心招聘店员；标签：招1人 / 经验不限 / 学历不限；薪资：2500-4000元/月,学历不限,1.0,58同城,2026-09-24 22:53:57,411122,临颍县,漯河市,2024-2026,58_临颍县_2024_2026.csv
2155,安女士,制孔机手,漯河市,漯河-召陵,5000.0,7000.0,岗位：制孔机手；标签：饭补；薪资：5000-7000元/月,未注明,,58同城,2026-09-24 22:53:57,411122,临颍县,漯河市,2024-2026,58_临颍县_2024_2026.csv
2156,用户67428,好思味食品有限公司/食品/饮料研发,漯河市,漯河-召陵,4000.0,6000.0,岗位：好思味食品有限公司/食品/饮料研发；标签：五险 / 包住 / 包吃；薪资：4000-6000元/月,未注明,,58同城,2026-09-24 22:53:57,411122,临颍县,漯河市,2024-2026,58_临颍县_2024_2026.csv
2157,安女士,财务主管,漯河市,漯河-召陵,7000.0,8000.0,岗位：财务主管；标签：五险 / 饭补；薪资：7000-8000元/月,未注明,,58同城,2026-09-24 22:53:57,411122,临颍县,漯河市,2024-2026,58_临颍县_2024_2026.csv
2158,心美DE胥博士,厨工,漯河市,召陵-召陵城区,3000.0,3500.0,岗位：厨工；标签：经验不限 / 学历不限；薪资：3000-3500元/月,学历不限,,58同城,2026-09-24 22:53:57,411122,临颍县,漯河市,2024-2026,58_临颍县_2024_2026.csv
2159,漯河市源汇区怡润信息咨询工作室,总经理助理,漯河市,漯河-召陵,3000.0,5000.0,岗位：总经理助理；标签：五险一金 / 包吃；薪资：3000-5000元/月,未注明,,58同城,2026-09-24 22:53:57,411122,临颍县,漯河市,2024-2026,58_临颍县_2024_2026.csv
2160,安女士,机械制图,漯河市,漯河-召陵,5000.0,6000.0,岗位：机械制图；标签：五险；薪资：5000-6000元/月,未注明,,58同城,2026-09-24 22:53:57,411122,临颍县,漯河市,2024-2026,58_临颍县_2024_2026.csv
2161,安女士,组对工,漯河市,漯河-召陵,6000.0,8000.0,岗位：组对工；标签：五险；薪资：6000-8000元/月,未注明,,58同城,2026-09-24 22:53:57,411122,临颍县,漯河市,2024-2026,58_临颍县_2024_2026.csv
2162,遵规守纪de燕老板,食品/营业员3000起,漯河市,召陵-召陵城区,3000.0,5000.0,岗位：食品/营业员3000起；标签：招3人 / 经验不限 / 学历不限；薪资：3000-5000元/月,学历不限,3.0,58同城,2026-09-24 22:53:57,411122,临颍县,漯河市,2024-2026,58_临颍县_2024_2026.csv
2163,韩女士,美甲师,漯河市,漯河-郾城,3000.0,6000.0,岗位：美甲师；标签：经验不限 / 学历不限；薪资：3000-6000元/月,学历不限,,58同城,2026-09-24 22:53:57,411122,临颍县,漯河市,2024-2026,58_临颍县_2024_2026.csv
2164,喜欢彩虹糖的小糖,办公室文员/3000起,漯河市,郾城-郾城城区,3000.0,4000.0,岗位：办公室文员/3000起；标签：招2人 / 经验1-2年 / 学历大专；薪资：3000-4000元/月,大专,2.0,58同城,2026-09-24 22:53:57,411122,临颍县,漯河市,2024-2026,58_临颍县_2024_2026.csv
2165,樊女士,刀手切汉堡腿肉,漯河市,召陵-召陵城区,5000.0,6000.0,岗位：刀手切汉堡腿肉；标签：五险一金 / 包住 / 包吃；薪资：5000-6000元/月,未注明,,58同城,2026-09-24 22:53:57,411122,临颍县,漯河市,2024-2026,58_临颍县_2024_2026.csv
2166,安女士,镀锌工,漯河市,漯河-召陵,6000.0,7500.0,岗位：镀锌工；标签：包住 / 饭补 / 包吃；薪资：6000-7500元/月,未注明,,58同城,2026-09-24 22:53:57,411122,临颍县,漯河市,2024-2026,58_临颍县_2024_2026.csv
2167,柚子大仙,蒲公英好物百货商行店员/营业员3千起,漯河市,郾城-郾城城区,3000.0,3500.0,岗位：蒲公英好物百货商行店员/营业员3千起；标签：招1人 / 经验不限 / 学历不限；薪资：3000-3500元/月,学历不限,1.0,58同城,2026-09-24 22:53:57,411122,临颍县,漯河市,2024-2026,58_临颍县_2024_2026.csv
2168,招聘专员,在家运营五险双休坐班办公岗,漯河市,漯河-源汇,4500.0,5000.0,岗位：在家运营五险双休坐班办公岗；标签：五险一金；薪资：4500-5000元/月,未注明,,58同城,2026-09-24 22:53:57,411122,临颍县,漯河市,2024-2026,58_临颍县_2024_2026.csv
2169,北北,餐饮收银,漯河市,漯河-郾城,3000.0,5000.0,岗位：餐饮收银；标签：经验不限 / 学历不限；薪资：3000-5000元/月,学历不限,,58同城,2026-09-24 22:53:57,411122,临颍县,漯河市,2024-2026,58_临颍县_2024_2026.csv
2170,人事部,车工/五险,漯河市,郾城-漯河食品批发交易市,5000.0,7000.0,岗位：车工/五险；标签：五险；薪资：5000-7000元/月,未注明,,58同城,2026-09-24 22:53:57,411122,临颍县,漯河市,2024-2026,58_临颍县_2024_2026.csv
2171,韩女士,外贸业务员,漯河市,漯河-郾城,3500.0,6500.0,岗位：外贸业务员；标签：招5人 / 经验1-2年 / 学历不限；薪资：3500-6500元/月,学历不限,5.0,58同城,2026-09-24 22:53:57,411122,临颍县,漯河市,2024-2026,58_临颍县_2024_2026.csv
2172,经理,营业员5000,漯河市,召陵-召陵城区,5000.0,6000.0,岗位：营业员5000；标签：招6人 / 经验不限 / 学历不限；薪资：5000-6000元/月,学历不限,6.0,58同城,2026-09-24 22:53:57,411122,临颍县,漯河市,2024-2026,58_临颍县_2024_2026.csv
2173,许先生,大龄可做小件装卸分拣220一天包吃住,漯河市,漯河-召陵,4000.0,5500.0,岗位：大龄可做小件装卸分拣220一天包吃住；标签：五险 / 包住 / 包吃 / 年底双薪；薪资：4000-5500元/月,未注明,,58同城,2026-09-24 22:53:57,411122,临颍县,漯河市,2024-2026,58_临颍县_2024_2026.csv
2174,招聘专员,在家运营工作简单好做,漯河市,漯河-源汇,4600.0,5700.0,岗位：在家运营工作简单好做；标签：五险一金；薪资：4600-5700元/月,未注明,,58同城,2026-09-24 22:53:57,411122,临颍县,漯河市,2024-2026,58_临颍县_2024_2026.csv
2175,遵规守纪de燕老板,食品/店员3000起,漯河市,召陵-召陵城区,3000.0,5000.0,岗位：食品/店员3000起；标签：招3人 / 经验1年以下 / 学历不限；薪资：3000-5000元/月,学历不限,3.0,58同城,2026-09-24 22:53:57,411122,临颍县,漯河市,2024-2026,58_临颍县_2024_2026.csv
2176,capfchu,郾城区锦成建材经营部/泥瓦工/学历不限,漯河市,漯河-郾城,5000.0,8000.0,岗位：郾城区锦成建材经营部/泥瓦工/学历不限；标签：饭补；薪资：5000-8000元/月,未注明,,58同城,2026-09-24 22:53:57,411122,临颍县,漯河市,2024-2026,58_临颍县_2024_2026.csv
2177,董生,有证叉车工，产线入库和出库装车,漯河市,漯河-召陵,6500.0,7500.0,岗位：有证叉车工，产线入库和出库装车；标签：包住；薪资：6500-7500元/月,未注明,,58同城,2026-09-24 22:53:57,411122,临颍县,漯河市,2024-2026,58_临颍县_2024_2026.csv
2178,张女士,5000包吃住小区保安，可带朋友,漯河市,漯河,4500.0,5000.0,岗位：5000包吃住小区保安，可带朋友；标签：五险一金 / 包住 / 包吃 / 年底双薪；薪资：4500-5000元/月,未注明,,58同城,2026-09-24 22:53:57,411122,临颍县,漯河市,2024-2026,58_临颍县_2024_2026.csv
2179,招聘专员,焰石影院招聘店员/营业员,漯河市,高新区-高新城区,2000.0,3000.0,岗位：焰石影院招聘店员/营业员；标签：招4人 / 经验1年以下 / 学历高中；薪资：2000-3000元/月,高中,4.0,58同城,2026-09-24 22:53:57,411122,临颍县,漯河市,2024-2026,58_临颍县_2024_2026.csv
2180,,三门峡管道疏通/清洗·管道疏通/清洗 服务区域：湖滨、陕州、灵宝、义马、渑池...,三门峡市,渑池县,,,岗位：三门峡管道疏通/清洗·管道疏通/清洗 服务区域：湖滨、陕州、灵宝、义马、渑池...,未注明,,58同城,2026-09-24 22:58:57,411221,渑池县,三门峡市,2024-2026,58_渑池县_2024_2026.csv
2181,,西宁胡萝焙商贸·快餐/团膳 服务区域：湖滨、陕州、灵宝、义马、渑池...,三门峡市,渑池县,,,岗位：西宁胡萝焙商贸·快餐/团膳 服务区域：湖滨、陕州、灵宝、义马、渑池...,未注明,,58同城,2026-09-24 22:58:57,411221,渑池县,三门峡市,2024-2026,58_渑池县_2024_2026.csv
2182,,河南利翔建筑工程·建房/翻建改造 服务区域：湖滨、陕州、灵宝、义马、渑池...,三门峡市,渑池县,,,岗位：河南利翔建筑工程·建房/翻建改造 服务区域：湖滨、陕州、灵宝、义马、渑池...,未注明,,58同城,2026-09-24 22:58:57,411221,渑池县,三门峡市,2024-2026,58_渑池县_2024_2026.csv
2183,,专业保姆月嫂钟点工·保姆/月嫂 服务区域：湖滨、陕州、灵宝、义马、渑池...,三门峡市,渑池县,,,岗位：专业保姆月嫂钟点工·保姆/月嫂 服务区域：湖滨、陕州、灵宝、义马、渑池...,未注明,,58同城,2026-09-24 22:58:57,411221,渑池县,三门峡市,2024-2026,58_渑池县_2024_2026.csv
2184,,章贡区肖肖家小吃店（个体工商户）·外卖 服务区域：湖滨、陕州、灵宝、义马、渑池...,三门峡市,渑池县,,,岗位：章贡区肖肖家小吃店（个体工商户）·外卖 服务区域：湖滨、陕州、灵宝、义马、渑池...,未注明,,58同城,2026-09-24 22:58:57,411221,渑池县,三门峡市,2024-2026,58_渑池县_2024_2026.csv
2185,,章贡区海平食品店（个体工商户）·外卖 服务区域：湖滨、陕州、灵宝、义马、渑池...,三门峡市,渑池县,,,岗位：章贡区海平食品店（个体工商户）·外卖 服务区域：湖滨、陕州、灵宝、义马、渑池...,未注明,,58同城,2026-09-24 22:58:57,411221,渑池县,三门峡市,2024-2026,58_渑池县_2024_2026.csv
2186,,章贡区古明飞餐饮店（个体工商户）·外卖 服务区域：湖滨、陕州、灵宝、义马、渑池...,三门峡市,渑池县,,,岗位：章贡区古明飞餐饮店（个体工商户）·外卖 服务区域：湖滨、陕州、灵宝、义马、渑池...,未注明,,58同城,2026-09-24 22:58:57,411221,渑池县,三门峡市,2024-2026,58_渑池县_2024_2026.csv
2187,,三门峡利民家政·管道疏通/清洗 服务区域：湖滨、陕州、灵宝、义马、渑池...,三门峡市,渑池县,,,岗位：三门峡利民家政·管道疏通/清洗 服务区域：湖滨、陕州、灵宝、义马、渑池...,未注明,,58同城,2026-09-24 22:58:57,411221,渑池县,三门峡市,2024-2026,58_渑池县_2024_2026.csv
2188,,三门峡跟拍/摄影师·跟拍/摄影师 服务区域：湖滨、陕州、灵宝、义马、渑池...,三门峡市,渑池县,,,岗位：三门峡跟拍/摄影师·跟拍/摄影师 服务区域：湖滨、陕州、灵宝、义马、渑池...,未注明,,58同城,2026-09-24 22:58:57,411221,渑池县,三门峡市,2024-2026,58_渑池县_2024_2026.csv
2189,,三门峡防水补漏瓷砖空鼓维·房屋维修/防水 服务区域：湖滨、陕州、灵宝、义马、渑池...,三门峡市,渑池县,,,岗位：三门峡防水补漏瓷砖空鼓维·房屋维修/防水 服务区域：湖滨、陕州、灵宝、义马、渑池...,未注明,,58同城,2026-09-24 22:58:57,411221,渑池县,三门峡市,2024-2026,58_渑池县_2024_2026.csv
2190,,三门峡市湖滨区聚收付网络技术服务中心（个体工商户）·快餐/团膳 服务区域：湖滨、陕州、灵宝、义马、渑池...,三门峡市,渑池县,,,岗位：三门峡市湖滨区聚收付网络技术服务中心（个体工商户）·快餐/团膳 服务区域：湖滨、陕州、灵宝、义马、渑池...,未注明,,58同城,2026-09-24 22:58:57,411221,渑池县,三门峡市,2024-2026,58_渑池县_2024_2026.csv
2191,,章贡区古明飞餐饮店（个体工商户）·美食 服务区域：湖滨、陕州、灵宝、义马、渑池...,三门峡市,渑池县,,,岗位：章贡区古明飞餐饮店（个体工商户）·美食 服务区域：湖滨、陕州、灵宝、义马、渑池...,未注明,,58同城,2026-09-24 22:58:57,411221,渑池县,三门峡市,2024-2026,58_渑池县_2024_2026.csv
2192,,三门峡美食·美食 服务区域：湖滨、陕州、灵宝、义马、渑池...,三门峡市,渑池县,,,岗位：三门峡美食·美食 服务区域：湖滨、陕州、灵宝、义马、渑池...,未注明,,58同城,2026-09-24 22:58:57,411221,渑池县,三门峡市,2024-2026,58_渑池县_2024_2026.csv
2193,,三门峡家电维修·家电维修 服务区域：湖滨、陕州、灵宝、义马、渑池...,三门峡市,渑池县,,,岗位：三门峡家电维修·家电维修 服务区域：湖滨、陕州、灵宝、义马、渑池...,未注明,,58同城,2026-09-24 22:58:57,411221,渑池县,三门峡市,2024-2026,58_渑池县_2024_2026.csv
2194,,赣州蓉江新区潭东镇格乐食品商行（个体工商户）·外卖 服务区域：湖滨、陕州、灵宝、义马、渑池...,三门峡市,渑池县,,,岗位：赣州蓉江新区潭东镇格乐食品商行（个体工商户）·外卖 服务区域：湖滨、陕州、灵宝、义马、渑池...,未注明,,58同城,2026-09-24 22:58:57,411221,渑池县,三门峡市,2024-2026,58_渑池县_2024_2026.csv
2195,,三门峡搬家·搬家 服务区域：湖滨、陕州、灵宝、义马、渑池...,三门峡市,渑池县,,,岗位：三门峡搬家·搬家 服务区域：湖滨、陕州、灵宝、义马、渑池...,未注明,,58同城,2026-09-24 22:58:57,411221,渑池县,三门峡市,2024-2026,58_渑池县_2024_2026.csv
2196,,三门峡货运物流·货运物流 服务区域：湖滨、陕州、灵宝、义马、渑池...,三门峡市,渑池县,,,岗位：三门峡货运物流·货运物流 服务区域：湖滨、陕州、灵宝、义马、渑池...,未注明,,58同城,2026-09-24 22:58:57,411221,渑池县,三门峡市,2024-2026,58_渑池县_2024_2026.csv
2197,闫先生,坐岗保安工作轻松可带朋友,三门峡市,三门峡,5500.0,6000.0,岗位：坐岗保安工作轻松可带朋友；标签：包住 / 包吃 / 加班补助；薪资：5500-6000元/月,未注明,,58同城,2026-09-24 22:59:16,411224,卢氏县,三门峡市,2024-2026,58_卢氏县_2024_2026.csv
2198,钟女士,急招三门峡农贸市场配送C1司机不装卸,三门峡市,湖滨-虢国公园,6000.0,8000.0,岗位：急招三门峡农贸市场配送C1司机不装卸；标签：包住；薪资：6000-8000元/月,未注明,,58同城,2026-09-24 22:59:16,411224,卢氏县,三门峡市,2024-2026,58_卢氏县_2024_2026.csv
2199,王先生,急招小区保安/不收费 小程序,三门峡市,三门峡,4500.0,6000.0,岗位：急招小区保安/不收费 小程序；标签：包住 / 包吃 / 五险一金 / 加班补助；薪资：4500-6000元/月,未注明,,58同城,2026-09-24 22:59:16,411224,卢氏县,三门峡市,2024-2026,58_卢氏县_2024_2026.csv
2200,马女士,公司直招三门峡配送日用百货不装卸C1,三门峡市,三门峡-陕州,6000.0,8000.0,岗位：公司直招三门峡配送日用百货不装卸C1；标签：五险 / 包住；薪资：6000-8000元/月,未注明,,58同城,2026-09-24 22:59:16,411224,卢氏县,三门峡市,2024-2026,58_卢氏县_2024_2026.csv
2201,刘先生,渑池直招建材配送司机C1证不装卸,三门峡市,三门峡-开发区,6000.0,8000.0,岗位：渑池直招建材配送司机C1证不装卸；标签：包住；薪资：6000-8000元/月,未注明,,58同城,2026-09-24 22:59:16,411224,卢氏县,三门峡市,2024-2026,58_卢氏县_2024_2026.csv
2202,王先生,门岗保安工作轻松可带朋友,三门峡市,三门峡-湖滨,5500.0,6000.0,岗位：门岗保安工作轻松可带朋友；标签：五险 / 包住 / 包吃 / 加班补助；薪资：5500-6000元/月,未注明,,58同城,2026-09-24 22:59:16,411224,卢氏县,三门峡市,2024-2026,58_卢氏县_2024_2026.csv
2203,爱踢球的孙同学,直招渑池蔬菜配送C本司机不装卸,三门峡市,三门峡,6300.0,8000.0,岗位：直招渑池蔬菜配送C本司机不装卸；标签：五险 / 包住 / 饭补 / 话补；薪资：6300-8000元/月,未注明,,58同城,2026-09-24 22:59:16,411224,卢氏县,三门峡市,2024-2026,58_卢氏县_2024_2026.csv
2204,爱吹口哨的明明,巡逻岗安保，五险包吃住,三门峡市,湖滨-三门峡国际文博城,4000.0,5000.0,岗位：巡逻岗安保，五险包吃住；标签：五险 / 包住 / 包吃 / 加班补助；薪资：4000-5000元/月,未注明,,58同城,2026-09-24 22:59:16,411224,卢氏县,三门峡市,2024-2026,58_卢氏县_2024_2026.csv
2205,张女士,保安不收费月入5千人走账清,三门峡市,三门峡,4500.0,5000.0,岗位：保安不收费月入5千人走账清；标签：五险 / 包住 / 包吃 / 年底双薪；薪资：4500-5000元/月,未注明,,58同城,2026-09-24 22:59:16,411224,卢氏县,三门峡市,2024-2026,58_卢氏县_2024_2026.csv
2206,王女士,直招三门峡百货配送c证司机不装卸,三门峡市,三门峡-湖滨,6000.0,8000.0,岗位：直招三门峡百货配送c证司机不装卸；标签：包住 / 饭补 / 话补 / 五险；薪资：6000-8000元/月,未注明,,58同城,2026-09-24 22:59:16,411224,卢氏县,三门峡市,2024-2026,58_卢氏县_2024_2026.csv
2207,孔先生,急招保安待遇优厚包吃住工作轻松稳定环境好,三门峡市,三门峡,4500.0,5000.0,岗位：急招保安待遇优厚包吃住工作轻松稳定环境好；标签：五险一金 / 包吃 / 包住 / 年底双薪；薪资：4500-5000元/月,未注明,,58同城,2026-09-24 22:59:16,411224,卢氏县,三门峡市,2024-2026,58_卢氏县_2024_2026.csv
2208,袁经理,三门峡直招粮油配送司机不装卸纯白班,三门峡市,三门峡,6500.0,8000.0,岗位：三门峡直招粮油配送司机不装卸纯白班；标签：包住 / 饭补 / 加班补助 / 年底双薪；薪资：6500-8000元/月,未注明,,58同城,2026-09-24 22:59:16,411224,卢氏县,三门峡市,2024-2026,58_卢氏县_2024_2026.csv
2209,踮脚够月亮的巧巧,小区物业保安，管吃住当天安排,三门峡市,三门峡,5000.0,5600.0,岗位：小区物业保安，管吃住当天安排；标签：五险 / 包住 / 包吃 / 饭补；薪资：5000-5600元/月,未注明,,58同城,2026-09-24 22:59:16,411224,卢氏县,三门峡市,2024-2026,58_卢氏县_2024_2026.csv
2210,高女士,急招保安/五险包吃住,三门峡市,湖滨-三门峡百货大楼,4500.0,5000.0,岗位：急招保安/五险包吃住；标签：五险 / 包住 / 包吃 / 饭补；薪资：4500-5000元/月,未注明,,58同城,2026-09-24 22:59:16,411224,卢氏县,三门峡市,2024-2026,58_卢氏县_2024_2026.csv
2211,贺女士,8小时空调坐岗保安,三门峡市,三门峡,5500.0,6000.0,岗位：8小时空调坐岗保安；标签：五险 / 包住 / 包吃 / 加班补助；薪资：5500-6000元/月,未注明,,58同城,2026-09-24 22:59:16,411224,卢氏县,三门峡市,2024-2026,58_卢氏县_2024_2026.csv
2212,李女士,物业保安包吃住，可带手机当天安排,三门峡市,湖滨-湖滨城区,4500.0,5000.0,岗位：物业保安包吃住，可带手机当天安排；标签：招17人 / 经验不限 / 学历不限；薪资：4500-5000元/月,学历不限,17.0,58同城,2026-09-24 22:59:16,411224,卢氏县,三门峡市,2024-2026,58_卢氏县_2024_2026.csv
2213,爱玩沙子的沙,写字楼坐岗保安有空调可带手机,三门峡市,三门峡-湖滨,5500.0,6000.0,岗位：写字楼坐岗保安有空调可带手机；标签：五险 / 包住 / 包吃 / 加班补助；薪资：5500-6000元/月,未注明,,58同城,2026-09-24 22:59:16,411224,卢氏县,三门峡市,2024-2026,58_卢氏县_2024_2026.csv
2214,康先生,物业保安可预支包吃住,三门峡市,三门峡,4500.0,5000.0,岗位：物业保安可预支包吃住；标签：五险一金 / 包吃 / 包住 / 年底双薪；薪资：4500-5000元/月,未注明,,58同城,2026-09-24 22:59:16,411224,卢氏县,三门峡市,2024-2026,58_卢氏县_2024_2026.csv
2215,夏先生,商场保安招人，工作轻松，环境干净舒适,三门峡市,三门峡,4500.0,5000.0,岗位：商场保安招人，工作轻松，环境干净舒适；标签：五险一金 / 包吃 / 包住 / 年底双薪；薪资：4500-5000元/月,未注明,,58同城,2026-09-24 22:59:16,411224,卢氏县,三门峡市,2024-2026,58_卢氏县_2024_2026.csv
2216,房师傅要漂泊,诚聘急招食品店招聘销售店员,三门峡市,湖滨-虢国公园,2800.0,3000.0,岗位：诚聘急招食品店招聘销售店员；标签：包吃；薪资：2800-3000元/月,未注明,,58同城,2026-09-24 22:59:16,411224,卢氏县,三门峡市,2024-2026,58_卢氏县_2024_2026.csv
2217,常女士,招无经验55岁以下农村做饭阿姨包吃住6K,三门峡市,陕州-陕州区体育中心,5000.0,8000.0,岗位：招无经验55岁以下农村做饭阿姨包吃住6K；标签：包住 / 包吃；薪资：5000-8000元/月,未注明,,58同城,2026-09-24 22:59:16,411224,卢氏县,三门峡市,2024-2026,58_卢氏县_2024_2026.csv
2218,qv3uynmru,店员/营业员,三门峡市,三门峡-湖滨,2000.0,2500.0,岗位：店员/营业员；标签：经验不限 / 学历不限；薪资：2000-2500元/月,学历不限,,58同城,2026-09-24 22:59:16,411224,卢氏县,三门峡市,2024-2026,58_卢氏县_2024_2026.csv
2219,用户11558,包装纸箱厂/操作工饭补五险加班补助,三门峡市,三门峡-陕州,3000.0,5000.0,岗位：包装纸箱厂/操作工饭补五险加班补助；标签：五险 / 包住 / 交通补助 / 加班补助；薪资：3000-5000元/月,未注明,,58同城,2026-09-24 22:59:16,411224,卢氏县,三门峡市,2024-2026,58_卢氏县_2024_2026.csv
2220,刘女士,300天长白班可预支工资汽车普工,三门峡市,三门峡-陕州,5000.0,8500.0,岗位：300天长白班可预支工资汽车普工；标签：包住 / 五险 / 年底双薪 / 房补；薪资：5000-8500元/月,未注明,,58同城,2026-09-24 22:59:16,411224,卢氏县,三门峡市,2024-2026,58_卢氏县_2024_2026.csv
2221,冯女士,维尔丹娜内衣店/服装销售/3.5k起,三门峡市,湖滨-三门峡百货大楼,3500.0,5000.0,岗位：维尔丹娜内衣店/服装销售/3.5k起；标签：经验1年以下 / 学历不限；薪资：3500-5000元/月,学历不限,,58同城,2026-09-24 22:59:16,411224,卢氏县,三门峡市,2024-2026,58_卢氏县_2024_2026.csv
2222,段女士,居家娱乐聊天主播音频主播,三门峡市,三门峡,3790.0,4890.0,岗位：居家娱乐聊天主播音频主播；标签：经验不限 / 学历不限；薪资：3790-4890元/月,学历不限,,58同城,2026-09-24 22:59:16,411224,卢氏县,三门峡市,2024-2026,58_卢氏县_2024_2026.csv
2223,爱看星星的姑娘,销售顾问,三门峡市,陕州-陕县城区,2500.0,6000.0,岗位：销售顾问；标签：经验不限 / 学历不限；薪资：2500-6000元/月,学历不限,,58同城,2026-09-24 22:59:16,411224,卢氏县,三门峡市,2024-2026,58_卢氏县_2024_2026.csv
2224,用户75671,新媒体运营,三门峡市,湖滨-三门峡百货大楼,3000.0,4000.0,岗位：新媒体运营；标签：经验不限 / 学历不限；薪资：3000-4000元/月,学历不限,,58同城,2026-09-24 22:59:16,411224,卢氏县,三门峡市,2024-2026,58_卢氏县_2024_2026.csv
2225,吴先生,招电工1万起包吃住加奖金需稳定做,三门峡市,三门峡,11000.0,15000.0,岗位：招电工1万起包吃住加奖金需稳定做；标签：五险 / 包住 / 包吃 / 交通补助；薪资：11000-15000元/月,未注明,,58同城,2026-09-24 22:59:16,411224,卢氏县,三门峡市,2024-2026,58_卢氏县_2024_2026.csv
2226,秦娟娟,普工,三门峡市,三门峡-陕州,4000.0,5000.0,岗位：普工；标签：五险一金 / 加班补助 / 包住；薪资：4000-5000元/月,未注明,,58同城,2026-09-24 22:59:16,411224,卢氏县,三门峡市,2024-2026,58_卢氏县_2024_2026.csv
2227,空白,三门峡市翠龙矿业有限公司过磅员包住包吃,三门峡市,三门峡-卢氏,3500.0,4000.0,岗位：三门峡市翠龙矿业有限公司过磅员包住包吃；标签：包住 / 包吃；薪资：3500-4000元/月,未注明,,58同城,2026-09-24 22:59:48,411224,卢氏县,三门峡市,2024-2026,58_卢氏县_2024_2026.csv
2228,贾女士,婚恋咨询/红娘3千起,三门峡市,卢氏-卢氏城区,3000.0,6000.0,岗位：婚恋咨询/红娘3千起；标签：招4人 / 经验不限 / 学历不限；薪资：3000-6000元/月,学历不限,4.0,58同城,2026-09-24 23:00:40,411224,卢氏县,三门峡市,2024-2026,58_卢氏县_2024_2026.csv
2229,喜欢追小风的悠悠,居家审核员简单电脑操作六千,三门峡市,卢氏-卢氏城区,5000.0,8000.0,岗位：居家审核员简单电脑操作六千；标签：五险一金 / 包吃 / 包住 / 周末双休；薪资：5000-8000元/月,未注明,,58同城,2026-09-24 23:00:52,411224,卢氏县,三门峡市,2024-2026,58_卢氏县_2024_2026.csv
2230,用户54612,温泉酒店/按摩师14500k起,三门峡市,三门峡-卢氏,14500.0,15000.0,岗位：温泉酒店/按摩师14500k起；标签：经验不限 / 学历不限；薪资：14500-15000元/月,学历不限,,58同城,2026-09-24 23:01:38,411224,卢氏县,三门峡市,2024-2026,58_卢氏县_2024_2026.csv
2231,王兰招聘美容师,急招熟手美容师月薪5k起接受无经验,三门峡市,三门峡-卢氏,4000.0,8000.0,岗位：急招熟手美容师月薪5k起接受无经验；标签：包吃 / 加班补助；薪资：4000-8000元/月,未注明,,58同城,2026-09-24 23:01:46,411224,卢氏县,三门峡市,2024-2026,58_卢氏县_2024_2026.csv
2232,,三门峡艺术培训·艺术培训 服务区域：卢氏、陕州,三门峡市,卢氏县,,,岗位：三门峡艺术培训·艺术培训 服务区域：卢氏、陕州,未注明,,58同城,2026-09-24 23:02:01,411224,卢氏县,三门峡市,2024-2026,58_卢氏县_2024_2026.csv
2233,闫先生,坐岗保安工作轻松可带朋友,三门峡市,三门峡,5500.0,6000.0,岗位：坐岗保安工作轻松可带朋友；标签：包住 / 包吃 / 加班补助；薪资：5500-6000元/月,未注明,,58同城,2026-09-24 23:02:24,411281,义马市,三门峡市,2024-2026,58_义马市_2024_2026.csv
2234,钟女士,急招三门峡农贸市场配送C1司机不装卸,三门峡市,湖滨-虢国公园,6000.0,8000.0,岗位：急招三门峡农贸市场配送C1司机不装卸；标签：包住；薪资：6000-8000元/月,未注明,,58同城,2026-09-24 23:02:24,411281,义马市,三门峡市,2024-2026,58_义马市_2024_2026.csv
2235,王先生,急招小区保安/不收费 小程序,三门峡市,三门峡,4500.0,6000.0,岗位：急招小区保安/不收费 小程序；标签：包住 / 包吃 / 五险一金 / 加班补助；薪资：4500-6000元/月,未注明,,58同城,2026-09-24 23:02:24,411281,义马市,三门峡市,2024-2026,58_义马市_2024_2026.csv
2236,马女士,公司直招三门峡配送日用百货不装卸C1,三门峡市,三门峡-陕州,6000.0,8000.0,岗位：公司直招三门峡配送日用百货不装卸C1；标签：五险 / 包住；薪资：6000-8000元/月,未注明,,58同城,2026-09-24 23:02:24,411281,义马市,三门峡市,2024-2026,58_义马市_2024_2026.csv
2237,刘先生,渑池直招建材配送司机C1证不装卸,三门峡市,三门峡-开发区,6000.0,8000.0,岗位：渑池直招建材配送司机C1证不装卸；标签：包住；薪资：6000-8000元/月,未注明,,58同城,2026-09-24 23:02:24,411281,义马市,三门峡市,2024-2026,58_义马市_2024_2026.csv
2238,王先生,门岗保安工作轻松可带朋友,三门峡市,三门峡-湖滨,5500.0,6000.0,岗位：门岗保安工作轻松可带朋友；标签：五险 / 包住 / 包吃 / 加班补助；薪资：5500-6000元/月,未注明,,58同城,2026-09-24 23:02:24,411281,义马市,三门峡市,2024-2026,58_义马市_2024_2026.csv
2239,爱踢球的孙同学,直招渑池蔬菜配送C本司机不装卸,三门峡市,三门峡,6300.0,8000.0,岗位：直招渑池蔬菜配送C本司机不装卸；标签：五险 / 包住 / 饭补 / 话补；薪资：6300-8000元/月,未注明,,58同城,2026-09-24 23:02:24,411281,义马市,三门峡市,2024-2026,58_义马市_2024_2026.csv
2240,爱吹口哨的明明,巡逻岗安保，五险包吃住,三门峡市,湖滨-三门峡国际文博城,4000.0,5000.0,岗位：巡逻岗安保，五险包吃住；标签：五险 / 包住 / 包吃 / 加班补助；薪资：4000-5000元/月,未注明,,58同城,2026-09-24 23:02:24,411281,义马市,三门峡市,2024-2026,58_义马市_2024_2026.csv
2241,张女士,保安不收费月入5千人走账清,三门峡市,三门峡,4500.0,5000.0,岗位：保安不收费月入5千人走账清；标签：五险 / 包住 / 包吃 / 年底双薪；薪资：4500-5000元/月,未注明,,58同城,2026-09-24 23:02:24,411281,义马市,三门峡市,2024-2026,58_义马市_2024_2026.csv
2242,王女士,直招三门峡百货配送c证司机不装卸,三门峡市,三门峡-湖滨,6000.0,8000.0,岗位：直招三门峡百货配送c证司机不装卸；标签：包住 / 饭补 / 话补 / 五险；薪资：6000-8000元/月,未注明,,58同城,2026-09-24 23:02:24,411281,义马市,三门峡市,2024-2026,58_义马市_2024_2026.csv
2243,孔先生,急招保安待遇优厚包吃住工作轻松稳定环境好,三门峡市,三门峡,4500.0,5000.0,岗位：急招保安待遇优厚包吃住工作轻松稳定环境好；标签：五险一金 / 包吃 / 包住 / 年底双薪；薪资：4500-5000元/月,未注明,,58同城,2026-09-24 23:02:24,411281,义马市,三门峡市,2024-2026,58_义马市_2024_2026.csv
2244,踮脚够月亮的巧巧,小区物业保安，管吃住当天安排,三门峡市,三门峡,5000.0,5600.0,岗位：小区物业保安，管吃住当天安排；标签：五险 / 包住 / 包吃 / 饭补；薪资：5000-5600元/月,未注明,,58同城,2026-09-24 23:02:24,411281,义马市,三门峡市,2024-2026,58_义马市_2024_2026.csv
2245,袁经理,三门峡直招粮油配送司机不装卸纯白班,三门峡市,三门峡,6500.0,8000.0,岗位：三门峡直招粮油配送司机不装卸纯白班；标签：包住 / 饭补 / 加班补助 / 年底双薪；薪资：6500-8000元/月,未注明,,58同城,2026-09-24 23:02:24,411281,义马市,三门峡市,2024-2026,58_义马市_2024_2026.csv
2246,高女士,急招保安/五险包吃住,三门峡市,湖滨-三门峡百货大楼,4500.0,5000.0,岗位：急招保安/五险包吃住；标签：五险 / 包住 / 包吃 / 饭补；薪资：4500-5000元/月,未注明,,58同城,2026-09-24 23:02:24,411281,义马市,三门峡市,2024-2026,58_义马市_2024_2026.csv
2247,贺女士,8小时空调坐岗保安,三门峡市,三门峡,5500.0,6000.0,岗位：8小时空调坐岗保安；标签：五险 / 包住 / 包吃 / 加班补助；薪资：5500-6000元/月,未注明,,58同城,2026-09-24 23:02:24,411281,义马市,三门峡市,2024-2026,58_义马市_2024_2026.csv
2248,李女士,物业保安包吃住，可带手机当天安排,三门峡市,湖滨-湖滨城区,4500.0,5000.0,岗位：物业保安包吃住，可带手机当天安排；标签：招17人 / 经验不限 / 学历不限；薪资：4500-5000元/月,学历不限,17.0,58同城,2026-09-24 23:02:24,411281,义马市,三门峡市,2024-2026,58_义马市_2024_2026.csv
2249,爱玩沙子的沙,写字楼坐岗保安有空调可带手机,三门峡市,三门峡-湖滨,5500.0,6000.0,岗位：写字楼坐岗保安有空调可带手机；标签：五险 / 包住 / 包吃 / 加班补助；薪资：5500-6000元/月,未注明,,58同城,2026-09-24 23:02:24,411281,义马市,三门峡市,2024-2026,58_义马市_2024_2026.csv
2250,康先生,物业保安可预支包吃住,三门峡市,三门峡,4500.0,5000.0,岗位：物业保安可预支包吃住；标签：五险一金 / 包吃 / 包住 / 年底双薪；薪资：4500-5000元/月,未注明,,58同城,2026-09-24 23:02:24,411281,义马市,三门峡市,2024-2026,58_义马市_2024_2026.csv
2251,夏先生,商场保安招人，工作轻松，环境干净舒适,三门峡市,三门峡,4500.0,5000.0,岗位：商场保安招人，工作轻松，环境干净舒适；标签：五险一金 / 包吃 / 包住 / 年底双薪；薪资：4500-5000元/月,未注明,,58同城,2026-09-24 23:02:24,411281,义马市,三门峡市,2024-2026,58_义马市_2024_2026.csv
2252,房师傅要漂泊,诚聘急招食品店招聘销售店员,三门峡市,湖滨-虢国公园,2800.0,3000.0,岗位：诚聘急招食品店招聘销售店员；标签：包吃；薪资：2800-3000元/月,未注明,,58同城,2026-09-24 23:02:24,411281,义马市,三门峡市,2024-2026,58_义马市_2024_2026.csv
2253,常女士,招无经验55岁以下农村做饭阿姨包吃住6K,三门峡市,陕州-陕州区体育中心,5000.0,8000.0,岗位：招无经验55岁以下农村做饭阿姨包吃住6K；标签：包住 / 包吃；薪资：5000-8000元/月,未注明,,58同城,2026-09-24 23:02:24,411281,义马市,三门峡市,2024-2026,58_义马市_2024_2026.csv
2254,qv3uynmru,店员/营业员,三门峡市,三门峡-湖滨,2000.0,2500.0,岗位：店员/营业员；标签：经验不限 / 学历不限；薪资：2000-2500元/月,学历不限,,58同城,2026-09-24 23:02:24,411281,义马市,三门峡市,2024-2026,58_义马市_2024_2026.csv
2255,用户11558,包装纸箱厂/操作工饭补五险加班补助,三门峡市,三门峡-陕州,3000.0,5000.0,岗位：包装纸箱厂/操作工饭补五险加班补助；标签：五险 / 包住 / 交通补助 / 加班补助；薪资：3000-5000元/月,未注明,,58同城,2026-09-24 23:02:24,411281,义马市,三门峡市,2024-2026,58_义马市_2024_2026.csv
2256,刘女士,300天长白班可预支工资汽车普工,三门峡市,三门峡-陕州,5000.0,8500.0,岗位：300天长白班可预支工资汽车普工；标签：包住 / 五险 / 年底双薪 / 房补；薪资：5000-8500元/月,未注明,,58同城,2026-09-24 23:02:24,411281,义马市,三门峡市,2024-2026,58_义马市_2024_2026.csv
2257,冯女士,维尔丹娜内衣店/服装销售/3.5k起,三门峡市,湖滨-三门峡百货大楼,3500.0,5000.0,岗位：维尔丹娜内衣店/服装销售/3.5k起；标签：经验1年以下 / 学历不限；薪资：3500-5000元/月,学历不限,,58同城,2026-09-24 23:02:24,411281,义马市,三门峡市,2024-2026,58_义马市_2024_2026.csv
2258,段女士,居家娱乐聊天主播音频主播,三门峡市,三门峡,3790.0,4890.0,岗位：居家娱乐聊天主播音频主播；标签：经验不限 / 学历不限；薪资：3790-4890元/月,学历不限,,58同城,2026-09-24 23:02:24,411281,义马市,三门峡市,2024-2026,58_义马市_2024_2026.csv
2259,爱看星星的姑娘,销售顾问,三门峡市,陕州-陕县城区,2500.0,6000.0,岗位：销售顾问；标签：经验不限 / 学历不限；薪资：2500-6000元/月,学历不限,,58同城,2026-09-24 23:02:24,411281,义马市,三门峡市,2024-2026,58_义马市_2024_2026.csv
2260,用户75671,新媒体运营,三门峡市,湖滨-三门峡百货大楼,3000.0,4000.0,岗位：新媒体运营；标签：经验不限 / 学历不限；薪资：3000-4000元/月,学历不限,,58同城,2026-09-24 23:02:24,411281,义马市,三门峡市,2024-2026,58_义马市_2024_2026.csv
2261,吴先生,招电工1万起包吃住加奖金需稳定做,三门峡市,三门峡,11000.0,15000.0,岗位：招电工1万起包吃住加奖金需稳定做；标签：五险 / 包住 / 包吃 / 交通补助；薪资：11000-15000元/月,未注明,,58同城,2026-09-24 23:02:24,411281,义马市,三门峡市,2024-2026,58_义马市_2024_2026.csv
2262,秦娟娟,普工,三门峡市,三门峡-陕州,4000.0,5000.0,岗位：普工；标签：五险一金 / 加班补助 / 包住；薪资：4000-5000元/月,未注明,,58同城,2026-09-24 23:02:24,411281,义马市,三门峡市,2024-2026,58_义马市_2024_2026.csv
2263,樱花雨纷飞,仓库跟单员简单电脑操作月薪6000,三门峡市,义马-义马城区,5000.0,8000.0,岗位：仓库跟单员简单电脑操作月薪6000；标签：五险一金 / 包吃 / 包住 / 周末双休；薪资：5000-8000元/月,未注明,,58同城,2026-09-24 23:02:55,411281,义马市,三门峡市,2024-2026,58_义马市_2024_2026.csv
2264,喜欢捏橡皮的何同学,居家审核员早九晚五薪资6000,三门峡市,义马-义马城区,5000.0,8000.0,岗位：居家审核员早九晚五薪资6000；标签：五险一金 / 包吃 / 包住 / 周末双休；薪资：5000-8000元/月,未注明,,58同城,2026-09-24 23:02:55,411281,义马市,三门峡市,2024-2026,58_义马市_2024_2026.csv
2265,DbtBxwm,电商客服工作时间灵活,三门峡市,三门峡-义马,3500.0,6000.0,岗位：电商客服工作时间灵活；标签：经验不限 / 学历不限；薪资：3500-6000元/月,学历不限,,58同城,2026-09-24 23:03:07,411281,义马市,三门峡市,2024-2026,58_义马市_2024_2026.csv
2266,,三门峡管道疏通/清洗·管道疏通/清洗 服务区域：湖滨、陕州、灵宝、义马、渑池...,三门峡市,义马市,,,岗位：三门峡管道疏通/清洗·管道疏通/清洗 服务区域：湖滨、陕州、灵宝、义马、渑池...,未注明,,58同城,2026-09-24 23:05:01,411281,义马市,三门峡市,2024-2026,58_义马市_2024_2026.csv
2267,,万家乐家政·马桶疏通 服务区域：湖滨、陕州、义马、卢氏、开发区,三门峡市,义马市,,,岗位：万家乐家政·马桶疏通 服务区域：湖滨、陕州、义马、卢氏、开发区,未注明,,58同城,2026-09-24 23:05:01,411281,义马市,三门峡市,2024-2026,58_义马市_2024_2026.csv
2268,,三门峡利民家政·马桶疏通 服务区域：湖滨、陕州、灵宝、义马、渑池...,三门峡市,义马市,,,岗位：三门峡利民家政·马桶疏通 服务区域：湖滨、陕州、灵宝、义马、渑池...,未注明,,58同城,2026-09-24 23:05:01,411281,义马市,三门峡市,2024-2026,58_义马市_2024_2026.csv
2269,,西宁胡萝焙商贸·快餐/团膳 服务区域：湖滨、陕州、灵宝、义马、渑池...,三门峡市,义马市,,,岗位：西宁胡萝焙商贸·快餐/团膳 服务区域：湖滨、陕州、灵宝、义马、渑池...,未注明,,58同城,2026-09-24 23:05:01,411281,义马市,三门峡市,2024-2026,58_义马市_2024_2026.csv
2270,,专业保姆月嫂钟点工·保姆/月嫂 服务区域：湖滨、陕州、灵宝、义马、渑池...,三门峡市,义马市,,,岗位：专业保姆月嫂钟点工·保姆/月嫂 服务区域：湖滨、陕州、灵宝、义马、渑池...,未注明,,58同城,2026-09-24 23:05:01,411281,义马市,三门峡市,2024-2026,58_义马市_2024_2026.csv
2271,,章贡区肖肖家小吃店（个体工商户）·外卖 服务区域：湖滨、陕州、灵宝、义马、渑池...,三门峡市,义马市,,,岗位：章贡区肖肖家小吃店（个体工商户）·外卖 服务区域：湖滨、陕州、灵宝、义马、渑池...,未注明,,58同城,2026-09-24 23:05:01,411281,义马市,三门峡市,2024-2026,58_义马市_2024_2026.csv
2272,,章贡区海平食品店（个体工商户）·外卖 服务区域：湖滨、陕州、灵宝、义马、渑池...,三门峡市,义马市,,,岗位：章贡区海平食品店（个体工商户）·外卖 服务区域：湖滨、陕州、灵宝、义马、渑池...,未注明,,58同城,2026-09-24 23:05:01,411281,义马市,三门峡市,2024-2026,58_义马市_2024_2026.csv
2273,,章贡区古明飞餐饮店（个体工商户）·外卖 服务区域：湖滨、陕州、灵宝、义马、渑池...,三门峡市,义马市,,,岗位：章贡区古明飞餐饮店（个体工商户）·外卖 服务区域：湖滨、陕州、灵宝、义马、渑池...,未注明,,58同城,2026-09-24 23:05:01,411281,义马市,三门峡市,2024-2026,58_义马市_2024_2026.csv
2274,,三门峡市湖滨区聚收付网络技术服务中心（个体工商户）·快餐/团膳 服务区域：湖滨、陕州、灵宝、义马、渑池...,三门峡市,义马市,,,岗位：三门峡市湖滨区聚收付网络技术服务中心（个体工商户）·快餐/团膳 服务区域：湖滨、陕州、灵宝、义马、渑池...,未注明,,58同城,2026-09-24 23:05:01,411281,义马市,三门峡市,2024-2026,58_义马市_2024_2026.csv
2275,,三门峡百姓搬家·搬家 服务区域：湖滨、陕州、义马、卢氏、开发区,三门峡市,义马市,,,岗位：三门峡百姓搬家·搬家 服务区域：湖滨、陕州、义马、卢氏、开发区,未注明,,58同城,2026-09-24 23:05:01,411281,义马市,三门峡市,2024-2026,58_义马市_2024_2026.csv
2276,,三门峡家电维修·家电维修 服务区域：湖滨、陕州、灵宝、义马、渑池...,三门峡市,义马市,,,岗位：三门峡家电维修·家电维修 服务区域：湖滨、陕州、灵宝、义马、渑池...,未注明,,58同城,2026-09-24 23:05:01,411281,义马市,三门峡市,2024-2026,58_义马市_2024_2026.csv
2277,,赣州蓉江新区潭东镇格乐食品商行（个体工商户）·外卖 服务区域：湖滨、陕州、灵宝、义马、渑池...,三门峡市,义马市,,,岗位：赣州蓉江新区潭东镇格乐食品商行（个体工商户）·外卖 服务区域：湖滨、陕州、灵宝、义马、渑池...,未注明,,58同城,2026-09-24 23:05:01,411281,义马市,三门峡市,2024-2026,58_义马市_2024_2026.csv
2278,,三门峡防水补漏瓷砖空鼓维·房屋维修/防水 服务区域：湖滨、陕州、灵宝、义马、渑池...,三门峡市,义马市,,,岗位：三门峡防水补漏瓷砖空鼓维·房屋维修/防水 服务区域：湖滨、陕州、灵宝、义马、渑池...,未注明,,58同城,2026-09-24 23:05:01,411281,义马市,三门峡市,2024-2026,58_义马市_2024_2026.csv
2279,,三门峡搬家·搬家 服务区域：湖滨、陕州、灵宝、义马、渑池...,三门峡市,义马市,,,岗位：三门峡搬家·搬家 服务区域：湖滨、陕州、灵宝、义马、渑池...,未注明,,58同城,2026-09-24 23:05:01,411281,义马市,三门峡市,2024-2026,58_义马市_2024_2026.csv
2280,,三门峡货运物流·货运物流 服务区域：湖滨、陕州、灵宝、义马、渑池...,三门峡市,义马市,,,岗位：三门峡货运物流·货运物流 服务区域：湖滨、陕州、灵宝、义马、渑池...,未注明,,58同城,2026-09-24 23:05:01,411281,义马市,三门峡市,2024-2026,58_义马市_2024_2026.csv
2281,,三门峡张记开锁换智能锁·开锁/换锁/修锁 服务区域：湖滨、陕州、义马、卢氏、开发区,三门峡市,义马市,,,岗位：三门峡张记开锁换智能锁·开锁/换锁/修锁 服务区域：湖滨、陕州、义马、卢氏、开发区,未注明,,58同城,2026-09-24 23:05:01,411281,义马市,三门峡市,2024-2026,58_义马市_2024_2026.csv
2282,刘先生,手机质检普工打包300/天包吃住/长白班,三门峡市,灵宝,7000.0,8000.0,岗位：手机质检普工打包300/天包吃住/长白班；标签：五险一金 / 包住 / 包吃；薪资：7000-8000元/月,未注明,,58同城,2026-09-24 23:05:24,411282,灵宝市,三门峡市,2024-2026,58_灵宝市_2024_2026.csv
2283,余先生,电子厂检测月8500包吃住可预知,三门峡市,灵宝,7000.0,8000.0,岗位：电子厂检测月8500包吃住可预知；标签：五险一金；薪资：7000-8000元/月,未注明,,58同城,2026-09-24 23:05:24,411282,灵宝市,三门峡市,2024-2026,58_灵宝市_2024_2026.csv
2284,陈先生,火锅店服务员/包吃包住加... 小程序,三门峡市,灵宝-灵宝城区,2500.0,3600.0,岗位：火锅店服务员/包吃包住加... 小程序；标签：包住 / 包吃 / 加班补助；薪资：2500-3600元/月,未注明,,58同城,2026-09-24 23:05:24,411282,灵宝市,三门峡市,2024-2026,58_灵宝市_2024_2026.csv
2285,用户92218,火锅店服务员,三门峡市,灵宝-灵宝城区,2000.0,3000.0,岗位：火锅店服务员；标签：招2人 / 经验不限 / 学历不限；薪资：2000-3000元/月,学历不限,2.0,58同城,2026-09-24 23:05:24,411282,灵宝市,三门峡市,2024-2026,58_灵宝市_2024_2026.csv
2286,陈先生,餐饮店长经理,三门峡市,灵宝-灵宝城区,5000.0,8000.0,岗位：餐饮店长经理；标签：包住 / 包吃 / 年底双薪 / 加班补助；薪资：5000-8000元/月,未注明,,58同城,2026-09-24 23:05:24,411282,灵宝市,三门峡市,2024-2026,58_灵宝市_2024_2026.csv
2287,王女士,蓝牙耳机厂普工轻松月8500可预支,三门峡市,灵宝,8000.0,8500.0,岗位：蓝牙耳机厂普工轻松月8500可预支；标签：五险一金 / 五险 / 包住 / 包吃；薪资：8000-8500元/月,未注明,,58同城,2026-09-24 23:05:24,411282,灵宝市,三门峡市,2024-2026,58_灵宝市_2024_2026.csv
2288,郑先生,健身教练学徒-包吃住,三门峡市,灵宝,6000.0,12000.0,岗位：健身教练学徒-包吃住；标签：五险 / 包住 / 包吃；薪资：6000-12000元/月,未注明,,58同城,2026-09-24 23:05:24,411282,灵宝市,三门峡市,2024-2026,58_灵宝市_2024_2026.csv
2289,徐女士,饮品店奶茶/饮品师3000起,三门峡市,灵宝-其他,3000.0,4000.0,岗位：饮品店奶茶/饮品师3000起；标签：经验不限 / 学历不限；薪资：3000-4000元/月,学历不限,,58同城,2026-09-24 23:05:24,411282,灵宝市,三门峡市,2024-2026,58_灵宝市_2024_2026.csv
2290,任女士,深呼吸普拉提瑜伽馆/瑜伽普拉提教练工作时,三门峡市,灵宝-灵宝城区,2500.0,4500.0,岗位：深呼吸普拉提瑜伽馆/瑜伽普拉提教练工作时；标签：招2人 / 经验不限 / 学历不限；薪资：2500-4500元/月,学历不限,2.0,58同城,2026-09-24 23:05:24,411282,灵宝市,三门峡市,2024-2026,58_灵宝市_2024_2026.csv
2291,舌尖上的甜味,火锅店传菜员/包吃免费工服,三门峡市,灵宝城区-灵宝市区,2500.0,3000.0,岗位：火锅店传菜员/包吃免费工服；标签：包吃；薪资：2500-3000元/月,未注明,,58同城,2026-09-24 23:05:24,411282,灵宝市,三门峡市,2024-2026,58_灵宝市_2024_2026.csv
2292,李飞,灵宝达峰房产经纪有限公司短视频剪辑2.5,三门峡市,灵宝-灵宝城区,2500.0,4500.0,岗位：灵宝达峰房产经纪有限公司短视频剪辑2.5；标签：经验不限 / 学历大专；薪资：2500-4500元/月,大专,,58同城,2026-09-24 23:05:24,411282,灵宝市,三门峡市,2024-2026,58_灵宝市_2024_2026.csv
2293,豆豆,中餐厅服务员/免费工服包吃,三门峡市,灵宝-灵宝城区,2000.0,2500.0,岗位：中餐厅服务员/免费工服包吃；标签：包吃；薪资：2000-2500元/月,未注明,,58同城,2026-09-24 23:05:24,411282,灵宝市,三门峡市,2024-2026,58_灵宝市_2024_2026.csv
2294,爱游览的覃总,饮品店茶艺师2500起,三门峡市,灵宝-灵宝城区,2500.0,4500.0,岗位：饮品店茶艺师2500起；标签：经验不限 / 学历不限；薪资：2500-4500元/月,学历不限,,58同城,2026-09-24 23:05:24,411282,灵宝市,三门峡市,2024-2026,58_灵宝市_2024_2026.csv
2295,王女士,灵宝市欣硕日用家电经营部促销/导购员3k,三门峡市,灵宝-灵宝城区,3000.0,4500.0,岗位：灵宝市欣硕日用家电经营部促销/导购员3k；标签：经验不限 / 学历高中；薪资：3000-4500元/月,高中,,58同城,2026-09-24 23:05:24,411282,灵宝市,三门峡市,2024-2026,58_灵宝市_2024_2026.csv
2296,玩积木的巧手,河南省森通交通工程有限责任公司普工/操作,三门峡市,其他-其它乡镇,2500.0,4500.0,岗位：河南省森通交通工程有限责任公司普工/操作；标签：招3人 / 经验不限 / 学历不限；薪资：2500-4500元/月,学历不限,3.0,58同城,2026-09-24 23:05:24,411282,灵宝市,三门峡市,2024-2026,58_灵宝市_2024_2026.csv
2297,爱摇摆de杜同学,游戏代练/陪玩,三门峡市,灵宝-灵宝城区,4000.0,4500.0,岗位：游戏代练/陪玩；标签：经验不限 / 学历不限；薪资：4000-4500元/月,学历不限,,58同城,2026-09-24 23:05:24,411282,灵宝市,三门峡市,2024-2026,58_灵宝市_2024_2026.csv
2298,张玉良,测绘/测量,三门峡市,灵宝城区-灵宝市区,5000.0,8000.0,岗位：测绘/测量；标签：交通补助 / 加班补助 / 饭补；薪资：5000-8000元/月,未注明,,58同城,2026-09-24 23:05:24,411282,灵宝市,三门峡市,2024-2026,58_灵宝市_2024_2026.csv
2299,张女士,电工,三门峡市,其他-其它乡镇,,,岗位：电工；标签：经验不限 / 学历不限；薪资：面议,学历不限,,58同城,2026-09-24 23:05:24,411282,灵宝市,三门峡市,2024-2026,58_灵宝市_2024_2026.csv
2300,爱猜想的娟,家具店抖音新媒体运营3k起,三门峡市,灵宝-灵宝城区,3000.0,6000.0,岗位：家具店抖音新媒体运营3k起；标签：经验1-2年 / 学历大专；薪资：3000-6000元/月,大专,,58同城,2026-09-24 23:05:24,411282,灵宝市,三门峡市,2024-2026,58_灵宝市_2024_2026.csv
2301,梦之蓝,托管老师,三门峡市,灵宝,1000.0,2500.0,岗位：托管老师；标签：经验1-2年 / 学历大专；薪资：1000-2500元/月,大专,,58同城,2026-09-24 23:05:24,411282,灵宝市,三门峡市,2024-2026,58_灵宝市_2024_2026.csv
2302,羡慕别人不如做最真的自己,小吃/快餐店服务员工作餐标高年底双薪免费,三门峡市,灵宝-其他,3000.0,3500.0,岗位：小吃/快餐店服务员工作餐标高年底双薪免费；标签：包住 / 包吃 / 年底双薪 / 加班补助；薪资：3000-3500元/月,未注明,,58同城,2026-09-24 23:05:24,411282,灵宝市,三门峡市,2024-2026,58_灵宝市_2024_2026.csv
2303,总想吹泡泡的童,文具店营业员工作时间灵活,三门峡市,灵宝城区-灵宝市区,2000.0,2500.0,岗位：文具店营业员工作时间灵活；标签：招1人 / 经验不限 / 学历高中；薪资：2000-2500元/月,高中,1.0,58同城,2026-09-24 23:05:24,411282,灵宝市,三门峡市,2024-2026,58_灵宝市_2024_2026.csv
2304,用户64826,白酒/新媒体运营大专,三门峡市,灵宝-灵宝城区,3000.0,4500.0,岗位：白酒/新媒体运营大专；标签：包吃；薪资：3000-4500元/月,未注明,,58同城,2026-09-24 23:05:24,411282,灵宝市,三门峡市,2024-2026,58_灵宝市_2024_2026.csv
2305,舌尖上的甜味,火锅店服务员/免费工服包吃,三门峡市,灵宝城区-灵宝市区,2500.0,3000.0,岗位：火锅店服务员/免费工服包吃；标签：包吃；薪资：2500-3000元/月,未注明,,58同城,2026-09-24 23:05:24,411282,灵宝市,三门峡市,2024-2026,58_灵宝市_2024_2026.csv
2306,解女士,电话销售,三门峡市,灵宝城区-灵宝市区,4000.0,6500.0,岗位：电话销售；标签：经验不限 / 学历不限；薪资：4000-6500元/月,学历不限,,58同城,2026-09-24 23:05:24,411282,灵宝市,三门峡市,2024-2026,58_灵宝市_2024_2026.csv
2307,zrost_au3,汽车修理厂/汽车维修2k起,三门峡市,灵宝-其他,2000.0,2500.0,岗位：汽车修理厂/汽车维修2k起；标签：经验不限 / 学历不限；薪资：2000-2500元/月,学历不限,,58同城,2026-09-24 23:05:24,411282,灵宝市,三门峡市,2024-2026,58_灵宝市_2024_2026.csv
2308,大牌辛博士L,小吃店服务员学历经验不限,三门峡市,灵宝-灵宝城区,2500.0,3000.0,岗位：小吃店服务员学历经验不限；标签：饭补；薪资：2500-3000元/月,未注明,,58同城,2026-09-24 23:05:24,411282,灵宝市,三门峡市,2024-2026,58_灵宝市_2024_2026.csv
2309,晚爱,洗车工,三门峡市,灵宝城区-灵宝市区,2000.0,4000.0,岗位：洗车工；标签：经验不限 / 学历不限；薪资：2000-4000元/月,学历不限,,58同城,2026-09-24 23:05:24,411282,灵宝市,三门峡市,2024-2026,58_灵宝市_2024_2026.csv
2310,宋先生,药厂32一小时/日结（铁饭碗）技工,三门峡市,灵宝,8500.0,12000.0,岗位：药厂32一小时/日结（铁饭碗）技工；标签：五险 / 包住 / 包吃；薪资：8500-12000元/月,未注明,,58同城,2026-09-24 23:05:24,411282,灵宝市,三门峡市,2024-2026,58_灵宝市_2024_2026.csv
2311,爱盼望DE包博士,快递员/电联,三门峡市,灵宝-灵宝城区,4000.0,8000.0,岗位：快递员/电联；标签：话补；薪资：4000-8000元/月,未注明,,58同城,2026-09-24 23:05:24,411282,灵宝市,三门峡市,2024-2026,58_灵宝市_2024_2026.csv
2312,沙与沫专柜,灵宝市创冉服装店/新媒体运营/3千起,三门峡市,湖滨-三门峡百货大楼,3000.0,5000.0,岗位：灵宝市创冉服装店/新媒体运营/3千起；标签：经验1-2年 / 学历大专；薪资：3000-5000元/月,大专,,58同城,2026-09-24 23:07:06,411282,灵宝市,三门峡市,2024-2026,58_灵宝市_2024_2026.csv
2313,,西宁胡萝焙商贸·快餐/团膳 服务区域：湖滨、陕州、灵宝、义马、渑池...,三门峡市,灵宝市,,,岗位：西宁胡萝焙商贸·快餐/团膳 服务区域：湖滨、陕州、灵宝、义马、渑池...,未注明,,58同城,2026-09-24 23:07:59,411282,灵宝市,三门峡市,2024-2026,58_灵宝市_2024_2026.csv
2314,,河南利翔建筑工程·建房/翻建改造 服务区域：湖滨、陕州、灵宝、义马、渑池...,三门峡市,灵宝市,,,岗位：河南利翔建筑工程·建房/翻建改造 服务区域：湖滨、陕州、灵宝、义马、渑池...,未注明,,58同城,2026-09-24 23:07:59,411282,灵宝市,三门峡市,2024-2026,58_灵宝市_2024_2026.csv
2315,,专业保姆月嫂钟点工·保姆/月嫂 服务区域：湖滨、陕州、灵宝、义马、渑池...,三门峡市,灵宝市,,,岗位：专业保姆月嫂钟点工·保姆/月嫂 服务区域：湖滨、陕州、灵宝、义马、渑池...,未注明,,58同城,2026-09-24 23:07:59,411282,灵宝市,三门峡市,2024-2026,58_灵宝市_2024_2026.csv
2316,,章贡区肖肖家小吃店（个体工商户）·外卖 服务区域：湖滨、陕州、灵宝、义马、渑池...,三门峡市,灵宝市,,,岗位：章贡区肖肖家小吃店（个体工商户）·外卖 服务区域：湖滨、陕州、灵宝、义马、渑池...,未注明,,58同城,2026-09-24 23:07:59,411282,灵宝市,三门峡市,2024-2026,58_灵宝市_2024_2026.csv
2317,,章贡区海平食品店（个体工商户）·外卖 服务区域：湖滨、陕州、灵宝、义马、渑池...,三门峡市,灵宝市,,,岗位：章贡区海平食品店（个体工商户）·外卖 服务区域：湖滨、陕州、灵宝、义马、渑池...,未注明,,58同城,2026-09-24 23:07:59,411282,灵宝市,三门峡市,2024-2026,58_灵宝市_2024_2026.csv
2318,,章贡区古明飞餐饮店（个体工商户）·外卖 服务区域：湖滨、陕州、灵宝、义马、渑池...,三门峡市,灵宝市,,,岗位：章贡区古明飞餐饮店（个体工商户）·外卖 服务区域：湖滨、陕州、灵宝、义马、渑池...,未注明,,58同城,2026-09-24 23:07:59,411282,灵宝市,三门峡市,2024-2026,58_灵宝市_2024_2026.csv
2319,,三门峡利民家政·管道疏通/清洗 服务区域：湖滨、陕州、灵宝、义马、渑池...,三门峡市,灵宝市,,,岗位：三门峡利民家政·管道疏通/清洗 服务区域：湖滨、陕州、灵宝、义马、渑池...,未注明,,58同城,2026-09-24 23:07:59,411282,灵宝市,三门峡市,2024-2026,58_灵宝市_2024_2026.csv
2320,,三门峡跟拍/摄影师·跟拍/摄影师 服务区域：湖滨、陕州、灵宝、义马、渑池...,三门峡市,灵宝市,,,岗位：三门峡跟拍/摄影师·跟拍/摄影师 服务区域：湖滨、陕州、灵宝、义马、渑池...,未注明,,58同城,2026-09-24 23:07:59,411282,灵宝市,三门峡市,2024-2026,58_灵宝市_2024_2026.csv
2321,,三门峡防水补漏瓷砖空鼓维·房屋维修/防水 服务区域：湖滨、陕州、灵宝、义马、渑池...,三门峡市,灵宝市,,,岗位：三门峡防水补漏瓷砖空鼓维·房屋维修/防水 服务区域：湖滨、陕州、灵宝、义马、渑池...,未注明,,58同城,2026-09-24 23:07:59,411282,灵宝市,三门峡市,2024-2026,58_灵宝市_2024_2026.csv
2322,,三门峡市湖滨区聚收付网络技术服务中心（个体工商户）·快餐/团膳 服务区域：湖滨、陕州、灵宝、义马、渑池...,三门峡市,灵宝市,,,岗位：三门峡市湖滨区聚收付网络技术服务中心（个体工商户）·快餐/团膳 服务区域：湖滨、陕州、灵宝、义马、渑池...,未注明,,58同城,2026-09-24 23:07:59,411282,灵宝市,三门峡市,2024-2026,58_灵宝市_2024_2026.csv
2323,,三门峡家电维修·家电维修 服务区域：湖滨、陕州、灵宝、义马、渑池...,三门峡市,灵宝市,,,岗位：三门峡家电维修·家电维修 服务区域：湖滨、陕州、灵宝、义马、渑池...,未注明,,58同城,2026-09-24 23:07:59,411282,灵宝市,三门峡市,2024-2026,58_灵宝市_2024_2026.csv
2324,,赣州蓉江新区潭东镇格乐食品商行（个体工商户）·外卖 服务区域：湖滨、陕州、灵宝、义马、渑池...,三门峡市,灵宝市,,,岗位：赣州蓉江新区潭东镇格乐食品商行（个体工商户）·外卖 服务区域：湖滨、陕州、灵宝、义马、渑池...,未注明,,58同城,2026-09-24 23:07:59,411282,灵宝市,三门峡市,2024-2026,58_灵宝市_2024_2026.csv
2325,,三门峡搬家·搬家 服务区域：湖滨、陕州、灵宝、义马、渑池...,三门峡市,灵宝市,,,岗位：三门峡搬家·搬家 服务区域：湖滨、陕州、灵宝、义马、渑池...,未注明,,58同城,2026-09-24 23:07:59,411282,灵宝市,三门峡市,2024-2026,58_灵宝市_2024_2026.csv
2326,,三门峡货运物流·货运物流 服务区域：湖滨、陕州、灵宝、义马、渑池...,三门峡市,灵宝市,,,岗位：三门峡货运物流·货运物流 服务区域：湖滨、陕州、灵宝、义马、渑池...,未注明,,58同城,2026-09-24 23:07:59,411282,灵宝市,三门峡市,2024-2026,58_灵宝市_2024_2026.csv
2327,,三门峡管道疏通/清洗·管道疏通/清洗 服务区域：湖滨、陕州、灵宝、义马、渑池...,三门峡市,灵宝市,,,岗位：三门峡管道疏通/清洗·管道疏通/清洗 服务区域：湖滨、陕州、灵宝、义马、渑池...,未注明,,58同城,2026-09-24 23:07:59,411282,灵宝市,三门峡市,2024-2026,58_灵宝市_2024_2026.csv
2328,梅森,销售推广员,南阳市,其他-南召,2000.0,2500.0,岗位：销售推广员；标签：招2人 / 经验不限 / 学历不限；薪资：2000-2500元/月,学历不限,2.0,58同城,2026-09-24 23:08:15,411321,南召县,南阳市,2024-2026,58_南召县_2024_2026.csv
2329,用户43844,客服专员/助理,南阳市,其他-南召,3500.0,5500.0,岗位：客服专员/助理；标签：招6人 / 经验不限 / 学历不限；薪资：3500-5500元/月,学历不限,6.0,58同城,2026-09-24 23:08:15,411321,南召县,南阳市,2024-2026,58_南召县_2024_2026.csv
2330,毛赟,南召县天麒二手车销售有限... 小程序,南阳市,其他-南召,2000.0,10000.0,岗位：南召县天麒二手车销售有限... 小程序；标签：加班补助；薪资：2000-10000元/月,未注明,,58同城,2026-09-24 23:08:15,411321,南召县,南阳市,2024-2026,58_南召县_2024_2026.csv
2331,飘逸潇洒都师傅D,中餐厅厨师/学历经验不限,南阳市,其他-南召,3000.0,5000.0,岗位：中餐厅厨师/学历经验不限；标签：经验不限 / 学历不限；薪资：3000-5000元/月,学历不限,,58同城,2026-09-24 23:08:15,411321,南召县,南阳市,2024-2026,58_南召县_2024_2026.csv
2332,雨中漂荡的回忆,中餐厅炒菜师傅4k起,南阳市,其他-南召,4000.0,4500.0,岗位：中餐厅炒菜师傅4k起；标签：经验3-5年 / 学历不限；薪资：4000-4500元/月,学历不限,,58同城,2026-09-24 23:08:15,411321,南召县,南阳市,2024-2026,58_南召县_2024_2026.csv
2333,nh8suy,电梯维护维修,南阳市,其他-南召,3000.0,6000.0,岗位：电梯维护维修；标签：招3人 / 经验不限 / 学历不限；薪资：3000-6000元/月,学历不限,3.0,58同城,2026-09-24 23:08:15,411321,南召县,南阳市,2024-2026,58_南召县_2024_2026.csv
2334,李先生,南召县汇轩汽车装饰服务店会计/学历经验不,南阳市,其他-南召,3000.0,3500.0,岗位：南召县汇轩汽车装饰服务店会计/学历经验不；标签：经验不限 / 学历不限；薪资：3000-3500元/月,学历不限,,58同城,2026-09-24 23:08:15,411321,南召县,南阳市,2024-2026,58_南召县_2024_2026.csv
2335,不想上班,汽车美容,南阳市,其他-南召,3000.0,4500.0,岗位：汽车美容；标签：经验不限 / 学历不限；薪资：3000-4500元/月,学历不限,,58同城,2026-09-24 23:08:15,411321,南召县,南阳市,2024-2026,58_南召县_2024_2026.csv
2336,爱揣摩de景老板,养生馆美容师3千起,南阳市,其他-南召,3000.0,8000.0,岗位：养生馆美容师3千起；标签：经验3-5年 / 学历不限；薪资：3000-8000元/月,学历不限,,58同城,2026-09-24 23:08:15,411321,南召县,南阳市,2024-2026,58_南召县_2024_2026.csv
2337,招聘专员,销售经理/主管,南阳市,其他-南召,,,岗位：销售经理/主管；标签：经验不限 / 学历不限；薪资：面议,学历不限,,58同城,2026-09-24 23:08:15,411321,南召县,南阳市,2024-2026,58_南召县_2024_2026.csv
2338,爱摸小奶猫的爪爪,汽修连锁店/汽车美容/3000起,南阳市,其他-南召,3000.0,5000.0,岗位：汽修连锁店/汽车美容/3000起；标签：招1人 / 经验3-5年 / 学历不限；薪资：3000-5000元/月,学历不限,1.0,58同城,2026-09-24 23:08:15,411321,南召县,南阳市,2024-2026,58_南召县_2024_2026.csv
2339,贺女士,南召骑手/多劳多得/简单/兼职全职都可,南阳市,其他-南召,4000.0,8000.0,岗位：南召骑手/多劳多得/简单/兼职全职都可；标签：招10人 / 经验不限 / 学历不限；薪资：4000-8000元/月,学历不限,10.0,58同城,2026-09-24 23:08:15,411321,南召县,南阳市,2024-2026,58_南召县_2024_2026.csv
2340,周女士,南召送餐员无需经验/兼职/全职均可,南阳市,其他-南召,4500.0,8500.0,岗位：南召送餐员无需经验/兼职/全职均可；标签：话补 / 加班补助；薪资：4500-8500元/月,未注明,,58同城,2026-09-24 23:08:15,411321,南召县,南阳市,2024-2026,58_南召县_2024_2026.csv
2341,石先生,坐岗岗亭保安8小时可带手机,南阳市,其他-南召,4000.0,5000.0,岗位：坐岗岗亭保安8小时可带手机；标签：五险一金 / 五险 / 包住 / 包吃；薪资：4000-5000元/月,未注明,,58同城,2026-09-24 23:08:15,411321,南召县,南阳市,2024-2026,58_南召县_2024_2026.csv
2342,经营河南战区徐行锋,南召德邦招聘快递员/车补油补/6k-7k,南阳市,其他-南召,6000.0,7000.0,岗位：南召德邦招聘快递员/车补油补/6k-7k；标签：话补；薪资：6000-7000元/月,未注明,,58同城,2026-09-24 23:08:15,411321,南召县,南阳市,2024-2026,58_南召县_2024_2026.csv
2343,陈先生,8小时保安坐岗包吃住,南阳市,其他-南召,4000.0,5000.0,岗位：8小时保安坐岗包吃住；标签：五险一金 / 五险 / 话补 / 房补；薪资：4000-5000元/月,未注明,,58同城,2026-09-24 23:08:15,411321,南召县,南阳市,2024-2026,58_南召县_2024_2026.csv
2344,闫先生,岗亭保安有空调吃住免费,南阳市,南阳,5500.0,6000.0,岗位：岗亭保安有空调吃住免费；标签：包住 / 包吃 / 加班补助；薪资：5500-6000元/月,未注明,,58同城,2026-09-24 23:08:19,411321,南召县,南阳市,2024-2026,58_南召县_2024_2026.csv
2345,魏经理,恒方广场双休话务员 小程序,南阳市,宛城-医圣祠,3500.0,6000.0,岗位：恒方广场双休话务员 小程序；标签：五险一金 / 周末双休；薪资：3500-6000元/月,未注明,,58同城,2026-09-24 23:08:19,411321,南召县,南阳市,2024-2026,58_南召县_2024_2026.csv
2346,婷婷想踩小兴匡威,台球厅娱乐场所店员2000起,南阳市,其他-社旗,2000.0,3000.0,岗位：台球厅娱乐场所店员2000起；标签：经验不限 / 学历不限；薪资：2000-3000元/月,学历不限,,58同城,2026-09-24 23:08:19,411321,南召县,南阳市,2024-2026,58_南召县_2024_2026.csv
2347,万群机械,社旗急聘会计-,南阳市,其他-社旗,3000.0,4500.0,岗位：社旗急聘会计-；标签：包住 / 包吃；薪资：3000-4500元/月,未注明,,58同城,2026-09-24 23:08:19,411321,南召县,南阳市,2024-2026,58_南召县_2024_2026.csv
2348,鲁同学爱滑冰,机电维修工,南阳市,南阳-淅川,3500.0,5500.0,岗位：机电维修工；标签：五险 / 包吃 / 包住 / 饭补；薪资：3500-5500元/月,未注明,,58同城,2026-09-24 23:08:19,411321,南召县,南阳市,2024-2026,58_南召县_2024_2026.csv
2349,原谷原麦南阳区域,信臣路三杰盛世城招聘店员,南阳市,卧龙-卧龙城区,3500.0,4000.0,岗位：信臣路三杰盛世城招聘店员；标签：包吃；薪资：3500-4000元/月,未注明,,58同城,2026-09-24 23:08:19,411321,南召县,南阳市,2024-2026,58_南召县_2024_2026.csv
2350,王先生,小区保安可带手机工作轻松,南阳市,南阳-卧龙,5500.0,6000.0,岗位：小区保安可带手机工作轻松；标签：五险 / 包住 / 包吃 / 加班补助；薪资：5500-6000元/月,未注明,,58同城,2026-09-24 23:08:19,411321,南召县,南阳市,2024-2026,58_南召县_2024_2026.csv
2351,王先生,德又德旗舰店招熬粥师傅,南阳市,卧龙-新华城市广场,3000.0,4500.0,岗位：德又德旗舰店招熬粥师傅；标签：包吃 / 年底双薪 / 加班补助；薪资：3000-4500元/月,未注明,,58同城,2026-09-24 23:08:19,411321,南召县,南阳市,2024-2026,58_南召县_2024_2026.csv
2352,穆立涛,诚聘无人机/学徒工,南阳市,其他-西峡,3000.0,4500.0,岗位：诚聘无人机/学徒工；标签：招1人 / 经验不限 / 学历不限；薪资：3000-4500元/月,学历不限,1.0,58同城,2026-09-24 23:08:19,411321,南召县,南阳市,2024-2026,58_南召县_2024_2026.csv
2353,芦博士想提示,客服专员/助理,南阳市,其他-西峡,2000.0,7000.0,岗位：客服专员/助理；标签：经验不限 / 学历不限；薪资：2000-7000元/月,学历不限,,58同城,2026-09-24 23:08:19,411321,南召县,南阳市,2024-2026,58_南召县_2024_2026.csv
2354,十里不成书,门店店长,南阳市,其他-社旗,4000.0,10000.0,岗位：门店店长；标签：招2人 / 经验不限 / 学历不限；薪资：4000-10000元/月,学历不限,2.0,58同城,2026-09-24 23:08:19,411321,南召县,南阳市,2024-2026,58_南召县_2024_2026.csv
2355,招聘专员,居家采购专员兼职轻松岗位,南阳市,卧龙-卧龙城区,4300.0,5300.0,岗位：居家采购专员兼职轻松岗位；标签：五险一金；薪资：4300-5300元/月,未注明,,58同城,2026-09-24 23:08:19,411321,南召县,南阳市,2024-2026,58_南召县_2024_2026.csv
2356,布丁在摇晃,销售专员周末双休交通补助五险,南阳市,其他-西峡,8000.0,13000.0,岗位：销售专员周末双休交通补助五险；标签：交通补助 / 周末双休 / 五险；薪资：8000-13000元/月,未注明,,58同城,2026-09-24 23:08:19,411321,南召县,南阳市,2024-2026,58_南召县_2024_2026.csv
2357,聂女士,饮品店饮品师2500起,南阳市,其他-西峡,2500.0,3500.0,岗位：饮品店饮品师2500起；标签：经验1-2年 / 学历不限；薪资：2500-3500元/月,学历不限,,58同城,2026-09-24 23:08:19,411321,南召县,南阳市,2024-2026,58_南召县_2024_2026.csv
2358,wuwxa13ro,镇平县鑫运来珠宝店店员/营业员3k起,南阳市,南阳-镇平,3000.0,5000.0,岗位：镇平县鑫运来珠宝店店员/营业员3k起；标签：经验不限 / 学历高中；薪资：3000-5000元/月,高中,,58同城,2026-09-24 23:08:19,411321,南召县,南阳市,2024-2026,58_南召县_2024_2026.csv
2359,毛赟,南召县天麒二手车销售有限公司/二手车销售,南阳市,其他-南召,2000.0,10000.0,岗位：南召县天麒二手车销售有限公司/二手车销售；标签：加班补助；薪资：2000-10000元/月,未注明,,58同城,2026-09-24 23:08:19,411321,南召县,南阳市,2024-2026,58_南召县_2024_2026.csv
2360,于老板要吃肉,汽车销售服务公司内勤包住包吃五险,南阳市,其他-西峡,2500.0,4500.0,岗位：汽车销售服务公司内勤包住包吃五险；标签：五险 / 包住 / 包吃 / 加班补助；薪资：2500-4500元/月,未注明,,58同城,2026-09-24 23:08:19,411321,南召县,南阳市,2024-2026,58_南召县_2024_2026.csv
2361,mint,奶茶/饮品师,南阳市,南阳-方城,2500.0,4000.0,岗位：奶茶/饮品师；标签：经验不限 / 学历不限；薪资：2500-4000元/月,学历不限,,58同城,2026-09-24 23:08:19,411321,南召县,南阳市,2024-2026,58_南召县_2024_2026.csv
2362,招聘专员,运营五险双休兼职坐岗,南阳市,卧龙-卧龙城区,4300.0,5200.0,岗位：运营五险双休兼职坐岗；标签：五险一金；薪资：4300-5200元/月,未注明,,58同城,2026-09-24 23:08:19,411321,南召县,南阳市,2024-2026,58_南召县_2024_2026.csv
2363,小小淼,食品商行店员/营业员2千起,南阳市,南阳-宛城,2000.0,2500.0,岗位：食品商行店员/营业员2千起；标签：经验3-5年 / 学历不限；薪资：2000-2500元/月,学历不限,,58同城,2026-09-24 23:08:19,411321,南召县,南阳市,2024-2026,58_南召县_2024_2026.csv
2364,李女士,超市理货员2000起,南阳市,南阳-卧龙,2000.0,3000.0,岗位：超市理货员2000起；标签：包吃；薪资：2000-3000元/月,未注明,,58同城,2026-09-24 23:08:19,411321,南召县,南阳市,2024-2026,58_南召县_2024_2026.csv
2365,梁先生,社旗急聘工厂招聘喷塑工,南阳市,社旗-社旗城区,5000.0,6500.0,岗位：社旗急聘工厂招聘喷塑工；标签：加班补助；薪资：5000-6500元/月,未注明,,58同城,2026-09-24 23:08:19,411321,南召县,南阳市,2024-2026,58_南召县_2024_2026.csv
2366,陈先生,后厨杂工烧烤学徒,南阳市,宛城-万达坊,2000.0,2500.0,岗位：后厨杂工烧烤学徒；标签：经验不限 / 学历不限；薪资：2000-2500元/月,学历不限,,58同城,2026-09-24 23:08:19,411321,南召县,南阳市,2024-2026,58_南召县_2024_2026.csv
2367,不怕失败的卓老板,服务员,南阳市,其他-桐柏,2500.0,3000.0,岗位：服务员；标签：经验不限 / 学历不限；薪资：2500-3000元/月,学历不限,,58同城,2026-09-24 23:08:19,411321,南召县,南阳市,2024-2026,58_南召县_2024_2026.csv
2368,张女士,社旗县景旗假日酒店前台,南阳市,其他-社旗,2200.0,3000.0,岗位：社旗县景旗假日酒店前台；标签：包吃 / 加班补助；薪资：2200-3000元/月,未注明,,58同城,2026-09-24 23:08:19,411321,南召县,南阳市,2024-2026,58_南召县_2024_2026.csv
2369,康先生,来两个爱玩活泼的前台轻松不累,南阳市,宛城-万达坊,3000.0,4000.0,岗位：来两个爱玩活泼的前台轻松不累；标签：招20人 / 经验不限 / 学历不限；薪资：3000-4000元/月,学历不限,20.0,58同城,2026-09-24 23:08:19,411321,南召县,南阳市,2024-2026,58_南召县_2024_2026.csv
2370,蝴蝶翩翩舞,餐饮收银,南阳市,南阳-内乡,2000.0,3000.0,岗位：餐饮收银；标签：经验不限 / 学历不限；薪资：2000-3000元/月,学历不限,,58同城,2026-09-24 23:08:23,411321,南召县,南阳市,2024-2026,58_南召县_2024_2026.csv
2371,品鸿供应链06,（南召）往返专线C证货运司机,南阳市,南阳-南召,6500.0,9000.0,岗位：（南召）往返专线C证货运司机；标签：交通补助；薪资：6500-9000元/月,未注明,,58同城,2026-09-24 23:08:35,411321,南召县,南阳市,2024-2026,58_南召县_2024_2026.csv
2372,王女士,客源稳定诚聘足疗按摩师,南阳市,南召-南召城区,8000.0,15000.0,岗位：客源稳定诚聘足疗按摩师；标签：包住 / 包吃；薪资：8000-15000元/月,未注明,,58同城,2026-09-24 23:08:35,411321,南召县,南阳市,2024-2026,58_南召县_2024_2026.csv
2373,王女士,家门口的工作按摩师月薪1... 小程序,南阳市,南召-南召城区,10000.0,15000.0,岗位：家门口的工作按摩师月薪1... 小程序；标签：包住 / 包吃 / 房补；薪资：10000-15000元/月,未注明,,58同城,2026-09-24 23:08:35,411321,南召县,南阳市,2024-2026,58_南召县_2024_2026.csv
2374,小时候,网络/在线客服3k起,南阳市,南召-南召城区,3000.0,4000.0,岗位：网络/在线客服3k起；标签：包吃；薪资：3000-4000元/月,未注明,,58同城,2026-09-24 23:08:35,411321,南召县,南阳市,2024-2026,58_南召县_2024_2026.csv
2375,小时候,客服专员/助理,南阳市,南召-南召城区,3500.0,6000.0,岗位：客服专员/助理；标签：经验不限 / 学历不限；薪资：3500-6000元/月,学历不限,,58同城,2026-09-24 23:08:35,411321,南召县,南阳市,2024-2026,58_南召县_2024_2026.csv
2376,王女士,养生保健馆/足疗师包吃包住,南阳市,南召-南召城区,8000.0,15000.0,岗位：养生保健馆/足疗师包吃包住；标签：包住 / 包吃；薪资：8000-15000元/月,未注明,,58同城,2026-09-24 23:08:35,411321,南召县,南阳市,2024-2026,58_南召县_2024_2026.csv
2377,耿先生,诚聘C本司机，固定线路，时间自由,南阳市,南召-南召城区,10000.0,11500.0,岗位：诚聘C本司机，固定线路，时间自由；标签：招20人 / 经验不限 / 学历不限；薪资：10000-11500元/月,学历不限,20.0,58同城,2026-09-24 23:08:35,411321,南召县,南阳市,2024-2026,58_南召县_2024_2026.csv
2378,摇摇晃晃的摇椅客,招聘/重型汽车修理工，师傅。中工，学徒,南阳市,南召-南召城区,2000.0,15000.0,岗位：招聘/重型汽车修理工，师傅。中工，学徒；标签：包住 / 包吃 / 加班补助；薪资：2000-15000元/月,未注明,,58同城,2026-09-24 23:08:35,411321,南召县,南阳市,2024-2026,58_南召县_2024_2026.csv
2379,王永康,汽车美容技师,南阳市,南召-南召城区,2000.0,4000.0,岗位：汽车美容技师；标签：包住 / 包吃 / 年底双薪 / 加班补助；薪资：2000-4000元/月,未注明,,58同城,2026-09-24 23:08:35,411321,南召县,南阳市,2024-2026,58_南召县_2024_2026.csv
2380,今天明天,化工车间主任,南阳市,南阳-南召,10000.0,12000.0,岗位：化工车间主任；标签：招32人 / 经验3-5年 / 学历大专；薪资：10000-12000元/月,大专,32.0,58同城,2026-09-24 23:08:35,411321,南召县,南阳市,2024-2026,58_南召县_2024_2026.csv
2381,招聘主管,南召诚聘业务员保险规划师,南阳市,南召-南召城区,4000.0,8000.0,岗位：南召诚聘业务员保险规划师；标签：招20人 / 经验不限 / 学历高中；薪资：4000-8000元/月,高中,20.0,58同城,2026-09-24 23:08:35,411321,南召县,南阳市,2024-2026,58_南召县_2024_2026.csv
2382,晓哥哥,餐饮中心抖音运营包住包吃,南阳市,南阳-南召,5000.0,20000.0,岗位：餐饮中心抖音运营包住包吃；标签：包住 / 包吃；薪资：5000-20000元/月,未注明,,58同城,2026-09-24 23:08:35,411321,南召县,南阳市,2024-2026,58_南召县_2024_2026.csv
2383,爱揣摩de景老板,美体师,南阳市,南召-南召城区,,,岗位：美体师；标签：经验不限 / 学历不限；薪资：面议,学历不限,,58同城,2026-09-24 23:08:35,411321,南召县,南阳市,2024-2026,58_南召县_2024_2026.csv
2384,不想上班,汽修连锁店汽车维修2500起,南阳市,南召-南召城区,2500.0,6000.0,岗位：汽修连锁店汽车维修2500起；标签：经验3-5年 / 学历不限；薪资：2500-6000元/月,学历不限,,58同城,2026-09-24 23:08:35,411321,南召县,南阳市,2024-2026,58_南召县_2024_2026.csv
2385,王女士,南召美团直招外卖小哥时间自由可短期过渡,南阳市,南阳-南召,5000.0,8000.0,岗位：南召美团直招外卖小哥时间自由可短期过渡；标签：招10人 / 经验不限 / 学历不限；薪资：5000-8000元/月,学历不限,10.0,58同城,2026-09-24 23:08:35,411321,南召县,南阳市,2024-2026,58_南召县_2024_2026.csv
2386,陈女士,酒店保安轻松坐岗包吃住可预支,南阳市,南召-南召城区,4500.0,5000.0,岗位：酒店保安轻松坐岗包吃住可预支；标签：五险一金 / 五险 / 包住 / 包吃；薪资：4500-5000元/月,未注明,,58同城,2026-09-24 23:08:35,411321,南召县,南阳市,2024-2026,58_南召县_2024_2026.csv
2387,张女士,网络/在线客服饭补加班补助年底双薪,南阳市,南召-南召城区,3000.0,6000.0,岗位：网络/在线客服饭补加班补助年底双薪；标签：年底双薪 / 加班补助 / 饭补；薪资：3000-6000元/月,未注明,,58同城,2026-09-24 23:08:35,411321,南召县,南阳市,2024-2026,58_南召县_2024_2026.csv
2388,赵立景,4千-6千直招鸡舍普工,南阳市,南阳-南召,4000.0,6000.0,岗位：4千-6千直招鸡舍普工；标签：包吃 / 包住；薪资：4000-6000元/月,未注明,,58同城,2026-09-24 23:08:35,411321,南召县,南阳市,2024-2026,58_南召县_2024_2026.csv
2389,张罗欣,医院牙科医生3千起,南阳市,南召-南召城区,3000.0,5000.0,岗位：医院牙科医生3千起；标签：经验1-2年 / 学历不限；薪资：3000-5000元/月,学历不限,,58同城,2026-09-24 23:08:35,411321,南召县,南阳市,2024-2026,58_南召县_2024_2026.csv
2390,王女士,家门口的工作按摩师月薪15000起步,南阳市,南召-南召城区,10000.0,15000.0,岗位：家门口的工作按摩师月薪15000起步；标签：包住 / 包吃 / 房补；薪资：10000-15000元/月,未注明,,58同城,2026-09-24 23:10:55,411321,南召县,南阳市,2024-2026,58_南召县_2024_2026.csv
2391,闫先生,岗亭保安有空调吃住免费,南阳市,南阳,5500.0,6000.0,岗位：岗亭保安有空调吃住免费；标签：包住 / 包吃 / 加班补助；薪资：5500-6000元/月,未注明,,58同城,2026-09-24 23:11:58,411322,方城县,南阳市,2024-2026,58_方城县_2024_2026.csv
2392,梅森,销售推广员,南阳市,其他-南召,2000.0,2500.0,岗位：销售推广员；标签：招2人 / 经验不限 / 学历不限；薪资：2000-2500元/月,学历不限,2.0,58同城,2026-09-24 23:11:58,411322,方城县,南阳市,2024-2026,58_方城县_2024_2026.csv
2393,魏经理,恒方广场双休话务员 小程序,南阳市,宛城-医圣祠,3500.0,6000.0,岗位：恒方广场双休话务员 小程序；标签：五险一金 / 周末双休；薪资：3500-6000元/月,未注明,,58同城,2026-09-24 23:11:58,411322,方城县,南阳市,2024-2026,58_方城县_2024_2026.csv
2394,婷婷想踩小兴匡威,台球厅娱乐场所店员2000起,南阳市,其他-社旗,2000.0,3000.0,岗位：台球厅娱乐场所店员2000起；标签：经验不限 / 学历不限；薪资：2000-3000元/月,学历不限,,58同城,2026-09-24 23:11:58,411322,方城县,南阳市,2024-2026,58_方城县_2024_2026.csv
2395,万群机械,社旗急聘会计-,南阳市,其他-社旗,3000.0,4500.0,岗位：社旗急聘会计-；标签：包住 / 包吃；薪资：3000-4500元/月,未注明,,58同城,2026-09-24 23:11:58,411322,方城县,南阳市,2024-2026,58_方城县_2024_2026.csv
2396,鲁同学爱滑冰,机电维修工,南阳市,南阳-淅川,3500.0,5500.0,岗位：机电维修工；标签：五险 / 包吃 / 包住 / 饭补；薪资：3500-5500元/月,未注明,,58同城,2026-09-24 23:11:58,411322,方城县,南阳市,2024-2026,58_方城县_2024_2026.csv
2397,原谷原麦南阳区域,信臣路三杰盛世城招聘店员,南阳市,卧龙-卧龙城区,3500.0,4000.0,岗位：信臣路三杰盛世城招聘店员；标签：包吃；薪资：3500-4000元/月,未注明,,58同城,2026-09-24 23:11:58,411322,方城县,南阳市,2024-2026,58_方城县_2024_2026.csv
2398,王先生,小区保安可带手机工作轻松,南阳市,南阳-卧龙,5500.0,6000.0,岗位：小区保安可带手机工作轻松；标签：五险 / 包住 / 包吃 / 加班补助；薪资：5500-6000元/月,未注明,,58同城,2026-09-24 23:11:58,411322,方城县,南阳市,2024-2026,58_方城县_2024_2026.csv
2399,王先生,德又德旗舰店招熬粥师傅,南阳市,卧龙-新华城市广场,3000.0,4500.0,岗位：德又德旗舰店招熬粥师傅；标签：包吃 / 年底双薪 / 加班补助；薪资：3000-4500元/月,未注明,,58同城,2026-09-24 23:11:58,411322,方城县,南阳市,2024-2026,58_方城县_2024_2026.csv
2400,穆立涛,诚聘无人机/学徒工,南阳市,其他-西峡,3000.0,4500.0,岗位：诚聘无人机/学徒工；标签：招1人 / 经验不限 / 学历不限；薪资：3000-4500元/月,学历不限,1.0,58同城,2026-09-24 23:11:58,411322,方城县,南阳市,2024-2026,58_方城县_2024_2026.csv
2401,芦博士想提示,客服专员/助理,南阳市,其他-西峡,2000.0,7000.0,岗位：客服专员/助理；标签：经验不限 / 学历不限；薪资：2000-7000元/月,学历不限,,58同城,2026-09-24 23:11:58,411322,方城县,南阳市,2024-2026,58_方城县_2024_2026.csv
2402,十里不成书,门店店长,南阳市,其他-社旗,4000.0,10000.0,岗位：门店店长；标签：招2人 / 经验不限 / 学历不限；薪资：4000-10000元/月,学历不限,2.0,58同城,2026-09-24 23:11:58,411322,方城县,南阳市,2024-2026,58_方城县_2024_2026.csv
2403,招聘专员,居家采购专员兼职轻松岗位,南阳市,卧龙-卧龙城区,4300.0,5300.0,岗位：居家采购专员兼职轻松岗位；标签：五险一金；薪资：4300-5300元/月,未注明,,58同城,2026-09-24 23:11:58,411322,方城县,南阳市,2024-2026,58_方城县_2024_2026.csv
2404,布丁在摇晃,销售专员周末双休交通补助五险,南阳市,其他-西峡,8000.0,13000.0,岗位：销售专员周末双休交通补助五险；标签：交通补助 / 周末双休 / 五险；薪资：8000-13000元/月,未注明,,58同城,2026-09-24 23:11:58,411322,方城县,南阳市,2024-2026,58_方城县_2024_2026.csv
2405,聂女士,饮品店饮品师2500起,南阳市,其他-西峡,2500.0,3500.0,岗位：饮品店饮品师2500起；标签：经验1-2年 / 学历不限；薪资：2500-3500元/月,学历不限,,58同城,2026-09-24 23:11:58,411322,方城县,南阳市,2024-2026,58_方城县_2024_2026.csv
2406,用户43844,客服专员/助理,南阳市,其他-南召,3500.0,5500.0,岗位：客服专员/助理；标签：招6人 / 经验不限 / 学历不限；薪资：3500-5500元/月,学历不限,6.0,58同城,2026-09-24 23:11:58,411322,方城县,南阳市,2024-2026,58_方城县_2024_2026.csv
2407,wuwxa13ro,镇平县鑫运来珠宝店店员/营业员3k起,南阳市,南阳-镇平,3000.0,5000.0,岗位：镇平县鑫运来珠宝店店员/营业员3k起；标签：经验不限 / 学历高中；薪资：3000-5000元/月,高中,,58同城,2026-09-24 23:11:58,411322,方城县,南阳市,2024-2026,58_方城县_2024_2026.csv
2408,毛赟,南召县天麒二手车销售有限公司/二手车销售,南阳市,其他-南召,2000.0,10000.0,岗位：南召县天麒二手车销售有限公司/二手车销售；标签：加班补助；薪资：2000-10000元/月,未注明,,58同城,2026-09-24 23:11:58,411322,方城县,南阳市,2024-2026,58_方城县_2024_2026.csv
2409,于老板要吃肉,汽车销售服务公司内勤包住包吃五险,南阳市,其他-西峡,2500.0,4500.0,岗位：汽车销售服务公司内勤包住包吃五险；标签：五险 / 包住 / 包吃 / 加班补助；薪资：2500-4500元/月,未注明,,58同城,2026-09-24 23:11:58,411322,方城县,南阳市,2024-2026,58_方城县_2024_2026.csv
2410,雨中漂荡的回忆,中餐厅炒菜师傅4k起,南阳市,其他-南召,4000.0,4500.0,岗位：中餐厅炒菜师傅4k起；标签：经验3-5年 / 学历不限；薪资：4000-4500元/月,学历不限,,58同城,2026-09-24 23:11:58,411322,方城县,南阳市,2024-2026,58_方城县_2024_2026.csv
2411,飘逸潇洒都师傅D,中餐厅厨师/学历经验不限,南阳市,其他-南召,3000.0,5000.0,岗位：中餐厅厨师/学历经验不限；标签：经验不限 / 学历不限；薪资：3000-5000元/月,学历不限,,58同城,2026-09-24 23:11:58,411322,方城县,南阳市,2024-2026,58_方城县_2024_2026.csv
2412,mint,奶茶/饮品师,南阳市,南阳-方城,2500.0,4000.0,岗位：奶茶/饮品师；标签：经验不限 / 学历不限；薪资：2500-4000元/月,学历不限,,58同城,2026-09-24 23:11:58,411322,方城县,南阳市,2024-2026,58_方城县_2024_2026.csv
2413,招聘专员,运营五险双休兼职坐岗,南阳市,卧龙-卧龙城区,4300.0,5200.0,岗位：运营五险双休兼职坐岗；标签：五险一金；薪资：4300-5200元/月,未注明,,58同城,2026-09-24 23:11:58,411322,方城县,南阳市,2024-2026,58_方城县_2024_2026.csv
2414,小小淼,食品商行店员/营业员2千起,南阳市,南阳-宛城,2000.0,2500.0,岗位：食品商行店员/营业员2千起；标签：经验3-5年 / 学历不限；薪资：2000-2500元/月,学历不限,,58同城,2026-09-24 23:11:58,411322,方城县,南阳市,2024-2026,58_方城县_2024_2026.csv
2415,李女士,超市理货员2000起,南阳市,南阳-卧龙,2000.0,3000.0,岗位：超市理货员2000起；标签：包吃；薪资：2000-3000元/月,未注明,,58同城,2026-09-24 23:11:58,411322,方城县,南阳市,2024-2026,58_方城县_2024_2026.csv
2416,梁先生,社旗急聘工厂招聘喷塑工,南阳市,社旗-社旗城区,5000.0,6500.0,岗位：社旗急聘工厂招聘喷塑工；标签：加班补助；薪资：5000-6500元/月,未注明,,58同城,2026-09-24 23:11:58,411322,方城县,南阳市,2024-2026,58_方城县_2024_2026.csv
2417,陈先生,后厨杂工烧烤学徒,南阳市,宛城-万达坊,2000.0,2500.0,岗位：后厨杂工烧烤学徒；标签：经验不限 / 学历不限；薪资：2000-2500元/月,学历不限,,58同城,2026-09-24 23:11:58,411322,方城县,南阳市,2024-2026,58_方城县_2024_2026.csv
2418,不怕失败的卓老板,服务员,南阳市,其他-桐柏,2500.0,3000.0,岗位：服务员；标签：经验不限 / 学历不限；薪资：2500-3000元/月,学历不限,,58同城,2026-09-24 23:11:58,411322,方城县,南阳市,2024-2026,58_方城县_2024_2026.csv
2419,蝴蝶翩翩舞,餐饮收银,南阳市,南阳-内乡,2000.0,3000.0,岗位：餐饮收银；标签：经验不限 / 学历不限；薪资：2000-3000元/月,学历不限,,58同城,2026-09-24 23:11:58,411322,方城县,南阳市,2024-2026,58_方城县_2024_2026.csv
2420,张女士,社旗县景旗假日酒店前台,南阳市,其他-社旗,2200.0,3000.0,岗位：社旗县景旗假日酒店前台；标签：包吃 / 加班补助；薪资：2200-3000元/月,未注明,,58同城,2026-09-24 23:11:58,411322,方城县,南阳市,2024-2026,58_方城县_2024_2026.csv
2421,最爱穿裙子的囡囡,诚聘电商运营3K起,南阳市,南阳-方城,3000.0,3500.0,岗位：诚聘电商运营3K起；标签：包吃；薪资：3000-3500元/月,未注明,,58同城,2026-09-24 23:12:26,411322,方城县,南阳市,2024-2026,58_方城县_2024_2026.csv
2422,格局舍得,方城县中岳耳具商贸有限公司电商美工3千起,南阳市,南阳-方城,3000.0,4500.0,岗位：方城县中岳耳具商贸有限公司电商美工3千起；标签：经验3-5年 / 学历高中；薪资：3000-4500元/月,高中,,58同城,2026-09-24 23:12:26,411322,方城县,南阳市,2024-2026,58_方城县_2024_2026.csv
2423,董先生,方城SPA按摩师包吃住,南阳市,南阳-方城,10000.0,15000.0,岗位：方城SPA按摩师包吃住；标签：加班补助 / 包住 / 年底双薪 / 包吃；薪资：10000-15000元/月,未注明,,58同城,2026-09-24 23:12:43,411322,方城县,南阳市,2024-2026,58_方城县_2024_2026.csv
2424,解先生,三角洲游戏客服工作时间灵活,南阳市,南阳-方城,3000.0,4000.0,岗位：三角洲游戏客服工作时间灵活；标签：经验1-2年 / 学历不限；薪资：3000-4000元/月,学历不限,,58同城,2026-09-24 23:12:43,411322,方城县,南阳市,2024-2026,58_方城县_2024_2026.csv
2425,白坑气儿,方城急聘电话客服3200起,南阳市,南阳-方城,3500.0,6000.0,岗位：方城急聘电话客服3200起；标签：招5人 / 经验不限 / 学历不限；薪资：3500-6000元/月,学历不限,5.0,58同城,2026-09-24 23:12:48,411322,方城县,南阳市,2024-2026,58_方城县_2024_2026.csv
2426,品鸿供应链06,（方城）往返专线C证货运司机,南阳市,南阳-方城,6500.0,9000.0,岗位：（方城）往返专线C证货运司机；标签：交通补助；薪资：6500-9000元/月,未注明,,58同城,2026-09-24 23:13:04,411322,方城县,南阳市,2024-2026,58_方城县_2024_2026.csv
2427,喜欢踩水坑的吴小弟,招聘铁路安检地勤人员包吃住五险上一休一,南阳市,南阳-方城,5000.0,6000.0,岗位：招聘铁路安检地勤人员包吃住五险上一休一；标签：五险一金 / 加班补助 / 五险 / 包住；薪资：5000-6000元/月,未注明,,58同城,2026-09-24 23:13:04,411322,方城县,南阳市,2024-2026,58_方城县_2024_2026.csv
2428,种多肉的李小妹,装卸/搬运工,南阳市,南阳-方城,3900.0,4000.0,岗位：装卸/搬运工；标签：经验不限 / 学历不限；薪资：3900-4000元/月,学历不限,,58同城,2026-09-24 23:13:24,411322,方城县,南阳市,2024-2026,58_方城县_2024_2026.csv
2429,洒落_柴总,五险诚聘新媒体运营宣发员,南阳市,方城-方城城区,2500.0,4000.0,岗位：五险诚聘新媒体运营宣发员；标签：五险；薪资：2500-4000元/月,未注明,,58同城,2026-09-24 23:13:45,411322,方城县,南阳市,2024-2026,58_方城县_2024_2026.csv
2430,骄阳似火的柯基,诚聘发型师5K起,南阳市,方城-方城城区,5000.0,6000.0,岗位：诚聘发型师5K起；标签：招8人 / 经验不限 / 学历不限；薪资：5000-6000元/月,学历不限,8.0,58同城,2026-09-24 23:14:16,411322,方城县,南阳市,2024-2026,58_方城县_2024_2026.csv
2431,董先生,方城足疗师包吃包住,南阳市,南阳-方城,10000.0,15000.0,岗位：方城足疗师包吃包住；标签：包住 / 包吃 / 年底双薪 / 加班补助；薪资：10000-15000元/月,未注明,,58同城,2026-09-24 23:14:16,411322,方城县,南阳市,2024-2026,58_方城县_2024_2026.csv
2432,笑看人生,方城诚聘足疗技师,南阳市,方城-方城城区,8000.0,15000.0,岗位：方城诚聘足疗技师；标签：招10人 / 经验不限 / 学历不限；薪资：8000-15000元/月,学历不限,10.0,58同城,2026-09-24 23:14:16,411322,方城县,南阳市,2024-2026,58_方城县_2024_2026.csv
2433,董先生,方城急招SPA技师包吃住,南阳市,南阳-方城,10000.0,15000.0,岗位：方城急招SPA技师包吃住；标签：包住 / 包吃 / 年底双薪 / 加班补助；薪资：10000-15000元/月,未注明,,58同城,2026-09-24 23:14:20,411322,方城县,南阳市,2024-2026,58_方城县_2024_2026.csv
2434,有恒心华博士Q,大鑫农产品门市部/发型师包住包吃免费工服,南阳市,南阳-方城,3000.0,4500.0,岗位：大鑫农产品门市部/发型师包住包吃免费工服；标签：包住 / 包吃；薪资：3000-4500元/月,未注明,,58同城,2026-09-24 23:14:20,411322,方城县,南阳市,2024-2026,58_方城县_2024_2026.csv
2435,小木屋暖光,美容师,南阳市,南阳-方城,3000.0,4000.0,岗位：美容师；标签：经验不限 / 学历不限；薪资：3000-4000元/月,学历不限,,58同城,2026-09-24 23:14:20,411322,方城县,南阳市,2024-2026,58_方城县_2024_2026.csv
2436,,恩佳食品销售店·鲜花绿植 服务区域：方城、镇平,南阳市,方城县,,,岗位：恩佳食品销售店·鲜花绿植 服务区域：方城、镇平,未注明,,58同城,2026-09-24 23:14:39,411322,方城县,南阳市,2024-2026,58_方城县_2024_2026.csv
2437,,南康区永瑞餐饮店（个体工商户）·外卖 服务区域：卧龙、宛城、唐河、邓州、方城...,南阳市,方城县,,,岗位：南康区永瑞餐饮店（个体工商户）·外卖 服务区域：卧龙、宛城、唐河、邓州、方城...,未注明,,58同城,2026-09-24 23:14:39,411322,方城县,南阳市,2024-2026,58_方城县_2024_2026.csv
2438,,顺意搬家二十年优选老店铺·全城服务 服务区域：卧龙、宛城、唐河、邓州、方城...,南阳市,方城县,,,岗位：顺意搬家二十年优选老店铺·全城服务 服务区域：卧龙、宛城、唐河、邓州、方城...,未注明,,58同城,2026-09-24 23:14:39,411322,方城县,南阳市,2024-2026,58_方城县_2024_2026.csv
2439,,长通空调电器物资回收·全城服务 服务区域：卧龙、宛城、唐河、方城、镇平...,南阳市,方城县,,,岗位：长通空调电器物资回收·全城服务 服务区域：卧龙、宛城、唐河、方城、镇平...,未注明,,58同城,2026-09-24 23:14:39,411322,方城县,南阳市,2024-2026,58_方城县_2024_2026.csv
2440,,南阳鲜花绿植·鲜花绿植 服务区域：卧龙、宛城、唐河、邓州、方城...,南阳市,方城县,,,岗位：南阳鲜花绿植·鲜花绿植 服务区域：卧龙、宛城、唐河、邓州、方城...,未注明,,58同城,2026-09-24 23:14:39,411322,方城县,南阳市,2024-2026,58_方城县_2024_2026.csv
2441,,信丰县百家福餐饮店（个体工商户）·外卖 服务区域：卧龙、宛城、唐河、邓州、方城...,南阳市,方城县,,,岗位：信丰县百家福餐饮店（个体工商户）·外卖 服务区域：卧龙、宛城、唐河、邓州、方城...,未注明,,58同城,2026-09-24 23:14:39,411322,方城县,南阳市,2024-2026,58_方城县_2024_2026.csv
2442,,章贡区肖肖家小吃店（个体工商户）·外卖 服务区域：卧龙、宛城、唐河、邓州、方城...,南阳市,方城县,,,岗位：章贡区肖肖家小吃店（个体工商户）·外卖 服务区域：卧龙、宛城、唐河、邓州、方城...,未注明,,58同城,2026-09-24 23:14:39,411322,方城县,南阳市,2024-2026,58_方城县_2024_2026.csv
2443,,南阳玖色鹿家政保姆月嫂·全城服务 服务区域：卧龙、宛城、唐河、方城、镇平...,南阳市,方城县,,,岗位：南阳玖色鹿家政保姆月嫂·全城服务 服务区域：卧龙、宛城、唐河、方城、镇平...,未注明,,58同城,2026-09-24 23:14:39,411322,方城县,南阳市,2024-2026,58_方城县_2024_2026.csv
2444,,南阳道路救援·汽车维修保养 服务区域：卧龙、宛城、唐河、邓州、方城...,南阳市,方城县,,,岗位：南阳道路救援·汽车维修保养 服务区域：卧龙、宛城、唐河、邓州、方城...,未注明,,58同城,2026-09-24 23:14:39,411322,方城县,南阳市,2024-2026,58_方城县_2024_2026.csv
2445,,南阳美食·美食 服务区域：卧龙、宛城、唐河、邓州、方城...,南阳市,方城县,,,岗位：南阳美食·美食 服务区域：卧龙、宛城、唐河、邓州、方城...,未注明,,58同城,2026-09-24 23:14:39,411322,方城县,南阳市,2024-2026,58_方城县_2024_2026.csv
2446,,南阳市亮洁家政服务·全城服务 服务区域：卧龙、宛城、唐河、邓州、方城...,南阳市,方城县,,,岗位：南阳市亮洁家政服务·全城服务 服务区域：卧龙、宛城、唐河、邓州、方城...,未注明,,58同城,2026-09-24 23:14:39,411322,方城县,南阳市,2024-2026,58_方城县_2024_2026.csv
2447,,南阳腾达机电工程·电器回收 服务区域：卧龙、宛城、唐河、邓州、方城...,南阳市,方城县,,,岗位：南阳腾达机电工程·电器回收 服务区域：卧龙、宛城、唐河、邓州、方城...,未注明,,58同城,2026-09-24 23:14:43,411322,方城县,南阳市,2024-2026,58_方城县_2024_2026.csv
2448,,南阳好日子居民搬家保洁·全城服务 服务区域：卧龙、宛城、唐河、镇平、方城...,南阳市,方城县,,,岗位：南阳好日子居民搬家保洁·全城服务 服务区域：卧龙、宛城、唐河、镇平、方城...,未注明,,58同城,2026-09-24 23:14:46,411322,方城县,南阳市,2024-2026,58_方城县_2024_2026.csv
2449,,南阳宏豫商贸租车有限公司·全城服务 服务区域：卧龙、宛城、唐河、方城、镇平...,南阳市,方城县,,,岗位：南阳宏豫商贸租车有限公司·全城服务 服务区域：卧龙、宛城、唐河、方城、镇平...,未注明,,58同城,2026-09-24 23:14:46,411322,方城县,南阳市,2024-2026,58_方城县_2024_2026.csv
2450,闫先生,岗亭保安有空调吃住免费,南阳市,南阳,5500.0,6000.0,岗位：岗亭保安有空调吃住免费；标签：包住 / 包吃 / 加班补助；薪资：5500-6000元/月,未注明,,58同城,2026-09-24 23:15:17,411323,西峡县,南阳市,2024-2026,58_西峡县_2024_2026.csv
2451,梅森,销售推广员,南阳市,其他-南召,2000.0,2500.0,岗位：销售推广员；标签：招2人 / 经验不限 / 学历不限；薪资：2000-2500元/月,学历不限,2.0,58同城,2026-09-24 23:15:17,411323,西峡县,南阳市,2024-2026,58_西峡县_2024_2026.csv
2452,魏经理,恒方广场双休话务员 小程序,南阳市,宛城-医圣祠,3500.0,6000.0,岗位：恒方广场双休话务员 小程序；标签：五险一金 / 周末双休；薪资：3500-6000元/月,未注明,,58同城,2026-09-24 23:15:17,411323,西峡县,南阳市,2024-2026,58_西峡县_2024_2026.csv
2453,婷婷想踩小兴匡威,台球厅娱乐场所店员2000起,南阳市,其他-社旗,2000.0,3000.0,岗位：台球厅娱乐场所店员2000起；标签：经验不限 / 学历不限；薪资：2000-3000元/月,学历不限,,58同城,2026-09-24 23:15:17,411323,西峡县,南阳市,2024-2026,58_西峡县_2024_2026.csv
2454,万群机械,社旗急聘会计-,南阳市,其他-社旗,3000.0,4500.0,岗位：社旗急聘会计-；标签：包住 / 包吃；薪资：3000-4500元/月,未注明,,58同城,2026-09-24 23:15:17,411323,西峡县,南阳市,2024-2026,58_西峡县_2024_2026.csv
2455,鲁同学爱滑冰,机电维修工,南阳市,南阳-淅川,3500.0,5500.0,岗位：机电维修工；标签：五险 / 包吃 / 包住 / 饭补；薪资：3500-5500元/月,未注明,,58同城,2026-09-24 23:15:17,411323,西峡县,南阳市,2024-2026,58_西峡县_2024_2026.csv
2456,原谷原麦南阳区域,信臣路三杰盛世城招聘店员,南阳市,卧龙-卧龙城区,3500.0,4000.0,岗位：信臣路三杰盛世城招聘店员；标签：包吃；薪资：3500-4000元/月,未注明,,58同城,2026-09-24 23:15:17,411323,西峡县,南阳市,2024-2026,58_西峡县_2024_2026.csv
2457,王先生,小区保安可带手机工作轻松,南阳市,南阳-卧龙,5500.0,6000.0,岗位：小区保安可带手机工作轻松；标签：五险 / 包住 / 包吃 / 加班补助；薪资：5500-6000元/月,未注明,,58同城,2026-09-24 23:15:17,411323,西峡县,南阳市,2024-2026,58_西峡县_2024_2026.csv
2458,王先生,德又德旗舰店招熬粥师傅,南阳市,卧龙-新华城市广场,3000.0,4500.0,岗位：德又德旗舰店招熬粥师傅；标签：包吃 / 年底双薪 / 加班补助；薪资：3000-4500元/月,未注明,,58同城,2026-09-24 23:15:17,411323,西峡县,南阳市,2024-2026,58_西峡县_2024_2026.csv
2459,穆立涛,诚聘无人机/学徒工,南阳市,其他-西峡,3000.0,4500.0,岗位：诚聘无人机/学徒工；标签：招1人 / 经验不限 / 学历不限；薪资：3000-4500元/月,学历不限,1.0,58同城,2026-09-24 23:15:17,411323,西峡县,南阳市,2024-2026,58_西峡县_2024_2026.csv
2460,芦博士想提示,客服专员/助理,南阳市,其他-西峡,2000.0,7000.0,岗位：客服专员/助理；标签：经验不限 / 学历不限；薪资：2000-7000元/月,学历不限,,58同城,2026-09-24 23:15:17,411323,西峡县,南阳市,2024-2026,58_西峡县_2024_2026.csv
2461,十里不成书,门店店长,南阳市,其他-社旗,4000.0,10000.0,岗位：门店店长；标签：招2人 / 经验不限 / 学历不限；薪资：4000-10000元/月,学历不限,2.0,58同城,2026-09-24 23:15:17,411323,西峡县,南阳市,2024-2026,58_西峡县_2024_2026.csv
2462,招聘专员,居家采购专员兼职轻松岗位,南阳市,卧龙-卧龙城区,4300.0,5300.0,岗位：居家采购专员兼职轻松岗位；标签：五险一金；薪资：4300-5300元/月,未注明,,58同城,2026-09-24 23:15:17,411323,西峡县,南阳市,2024-2026,58_西峡县_2024_2026.csv
2463,布丁在摇晃,销售专员周末双休交通补助五险,南阳市,其他-西峡,8000.0,13000.0,岗位：销售专员周末双休交通补助五险；标签：交通补助 / 周末双休 / 五险；薪资：8000-13000元/月,未注明,,58同城,2026-09-24 23:15:17,411323,西峡县,南阳市,2024-2026,58_西峡县_2024_2026.csv
2464,聂女士,饮品店饮品师2500起,南阳市,其他-西峡,2500.0,3500.0,岗位：饮品店饮品师2500起；标签：经验1-2年 / 学历不限；薪资：2500-3500元/月,学历不限,,58同城,2026-09-24 23:15:17,411323,西峡县,南阳市,2024-2026,58_西峡县_2024_2026.csv
2465,用户43844,客服专员/助理,南阳市,其他-南召,3500.0,5500.0,岗位：客服专员/助理；标签：招6人 / 经验不限 / 学历不限；薪资：3500-5500元/月,学历不限,6.0,58同城,2026-09-24 23:15:17,411323,西峡县,南阳市,2024-2026,58_西峡县_2024_2026.csv
2466,wuwxa13ro,镇平县鑫运来珠宝店店员/营业员3k起,南阳市,南阳-镇平,3000.0,5000.0,岗位：镇平县鑫运来珠宝店店员/营业员3k起；标签：经验不限 / 学历高中；薪资：3000-5000元/月,高中,,58同城,2026-09-24 23:15:17,411323,西峡县,南阳市,2024-2026,58_西峡县_2024_2026.csv
2467,毛赟,南召县天麒二手车销售有限公司/二手车销售,南阳市,其他-南召,2000.0,10000.0,岗位：南召县天麒二手车销售有限公司/二手车销售；标签：加班补助；薪资：2000-10000元/月,未注明,,58同城,2026-09-24 23:15:17,411323,西峡县,南阳市,2024-2026,58_西峡县_2024_2026.csv
2468,于老板要吃肉,汽车销售服务公司内勤包住包吃五险,南阳市,其他-西峡,2500.0,4500.0,岗位：汽车销售服务公司内勤包住包吃五险；标签：五险 / 包住 / 包吃 / 加班补助；薪资：2500-4500元/月,未注明,,58同城,2026-09-24 23:15:17,411323,西峡县,南阳市,2024-2026,58_西峡县_2024_2026.csv
2469,雨中漂荡的回忆,中餐厅炒菜师傅4k起,南阳市,其他-南召,4000.0,4500.0,岗位：中餐厅炒菜师傅4k起；标签：经验3-5年 / 学历不限；薪资：4000-4500元/月,学历不限,,58同城,2026-09-24 23:15:17,411323,西峡县,南阳市,2024-2026,58_西峡县_2024_2026.csv
2470,飘逸潇洒都师傅D,中餐厅厨师/学历经验不限,南阳市,其他-南召,3000.0,5000.0,岗位：中餐厅厨师/学历经验不限；标签：经验不限 / 学历不限；薪资：3000-5000元/月,学历不限,,58同城,2026-09-24 23:15:17,411323,西峡县,南阳市,2024-2026,58_西峡县_2024_2026.csv
2471,mint,奶茶/饮品师,南阳市,南阳-方城,2500.0,4000.0,岗位：奶茶/饮品师；标签：经验不限 / 学历不限；薪资：2500-4000元/月,学历不限,,58同城,2026-09-24 23:15:17,411323,西峡县,南阳市,2024-2026,58_西峡县_2024_2026.csv
2472,招聘专员,运营五险双休兼职坐岗,南阳市,卧龙-卧龙城区,4300.0,5200.0,岗位：运营五险双休兼职坐岗；标签：五险一金；薪资：4300-5200元/月,未注明,,58同城,2026-09-24 23:15:17,411323,西峡县,南阳市,2024-2026,58_西峡县_2024_2026.csv
2473,小小淼,食品商行店员/营业员2千起,南阳市,南阳-宛城,2000.0,2500.0,岗位：食品商行店员/营业员2千起；标签：经验3-5年 / 学历不限；薪资：2000-2500元/月,学历不限,,58同城,2026-09-24 23:15:17,411323,西峡县,南阳市,2024-2026,58_西峡县_2024_2026.csv
2474,李女士,超市理货员2000起,南阳市,南阳-卧龙,2000.0,3000.0,岗位：超市理货员2000起；标签：包吃；薪资：2000-3000元/月,未注明,,58同城,2026-09-24 23:15:17,411323,西峡县,南阳市,2024-2026,58_西峡县_2024_2026.csv
2475,梁先生,社旗急聘工厂招聘喷塑工,南阳市,社旗-社旗城区,5000.0,6500.0,岗位：社旗急聘工厂招聘喷塑工；标签：加班补助；薪资：5000-6500元/月,未注明,,58同城,2026-09-24 23:15:17,411323,西峡县,南阳市,2024-2026,58_西峡县_2024_2026.csv
2476,陈先生,后厨杂工烧烤学徒,南阳市,宛城-万达坊,2000.0,2500.0,岗位：后厨杂工烧烤学徒；标签：经验不限 / 学历不限；薪资：2000-2500元/月,学历不限,,58同城,2026-09-24 23:15:17,411323,西峡县,南阳市,2024-2026,58_西峡县_2024_2026.csv
2477,不怕失败的卓老板,服务员,南阳市,其他-桐柏,2500.0,3000.0,岗位：服务员；标签：经验不限 / 学历不限；薪资：2500-3000元/月,学历不限,,58同城,2026-09-24 23:15:17,411323,西峡县,南阳市,2024-2026,58_西峡县_2024_2026.csv
2478,蝴蝶翩翩舞,餐饮收银,南阳市,南阳-内乡,2000.0,3000.0,岗位：餐饮收银；标签：经验不限 / 学历不限；薪资：2000-3000元/月,学历不限,,58同城,2026-09-24 23:15:17,411323,西峡县,南阳市,2024-2026,58_西峡县_2024_2026.csv
2479,张女士,社旗县景旗假日酒店前台,南阳市,其他-社旗,2200.0,3000.0,岗位：社旗县景旗假日酒店前台；标签：包吃 / 加班补助；薪资：2200-3000元/月,未注明,,58同城,2026-09-24 23:15:17,411323,西峡县,南阳市,2024-2026,58_西峡县_2024_2026.csv
2480,生活,饮品店奶茶/饮品师2500起,南阳市,南阳-西峡,2500.0,3000.0,岗位：饮品店奶茶/饮品师2500起；标签：加班补助；薪资：2500-3000元/月,未注明,,58同城,2026-09-24 23:15:45,411323,西峡县,南阳市,2024-2026,58_西峡县_2024_2026.csv
2481,王先生,CNC/数控操作工,南阳市,南阳-西峡,3000.0,5000.0,岗位：CNC/数控操作工；标签：五险；薪资：3000-5000元/月,未注明,,58同城,2026-09-24 23:15:49,411323,西峡县,南阳市,2024-2026,58_西峡县_2024_2026.csv
2482,杰哥,培训机构钢琴老师2k起,南阳市,西峡-西峡城区,2000.0,8000.0,岗位：培训机构钢琴老师2k起；标签：经验不限 / 学历不限；薪资：2000-8000元/月,学历不限,,58同城,2026-09-24 23:15:49,411323,西峡县,南阳市,2024-2026,58_西峡县_2024_2026.csv
2483,李先生,酒店/店长包住五险包吃,南阳市,西峡-西峡城区,6000.0,7000.0,岗位：酒店/店长包住五险包吃；标签：五险 / 包住 / 包吃；薪资：6000-7000元/月,未注明,,58同城,2026-09-24 23:16:05,411323,西峡县,南阳市,2024-2026,58_西峡县_2024_2026.csv
2484,米苏,西峡本地货运司机,南阳市,其他-西峡,8500.0,9500.0,岗位：西峡本地货运司机；标签：招4人 / 经验不限 / 学历不限；薪资：8500-9500元/月,学历不限,4.0,58同城,2026-09-24 23:16:25,411323,西峡县,南阳市,2024-2026,58_西峡县_2024_2026.csv
2485,焦躁不安de蔺同学,南阳专线仓库直招冷链配送,南阳市,西峡-西峡城区,11000.0,11500.0,岗位：南阳专线仓库直招冷链配送；标签：包住；薪资：11000-11500元/月,未注明,,58同城,2026-09-24 23:16:25,411323,西峡县,南阳市,2024-2026,58_西峡县_2024_2026.csv
2486,招聘专员,数据标注/2500起,南阳市,其他-西峡,2500.0,4000.0,岗位：数据标注/2500起；标签：招10人 / 经验不限 / 学历大专；薪资：2500-4000元/月,大专,10.0,58同城,2026-09-24 23:17:05,411323,西峡县,南阳市,2024-2026,58_西峡县_2024_2026.csv
2487,张涵,理疗师,南阳市,其他-西峡,2500.0,3500.0,岗位：理疗师；标签：经验不限 / 学历不限；薪资：2500-3500元/月,学历不限,,58同城,2026-09-24 23:17:39,411323,西峡县,南阳市,2024-2026,58_西峡县_2024_2026.csv
2488,,恩佳食品销售店·外卖 服务区域：西峡、油田,南阳市,西峡县,,,岗位：恩佳食品销售店·外卖 服务区域：西峡、油田,未注明,,58同城,2026-09-24 23:17:58,411323,西峡县,南阳市,2024-2026,58_西峡县_2024_2026.csv
2489,,宛州食铺·美食 服务区域：社旗、邓州、油田、新野、西峡...,南阳市,西峡县,,,岗位：宛州食铺·美食 服务区域：社旗、邓州、油田、新野、西峡...,未注明,,58同城,2026-09-24 23:17:58,411323,西峡县,南阳市,2024-2026,58_西峡县_2024_2026.csv
2490,闫先生,岗亭保安有空调吃住免费,南阳市,南阳,5500.0,6000.0,岗位：岗亭保安有空调吃住免费；标签：包住 / 包吃 / 加班补助；薪资：5500-6000元/月,未注明,,58同城,2026-09-24 23:18:34,411324,镇平县,南阳市,2024-2026,58_镇平县_2024_2026.csv
2491,梅森,销售推广员,南阳市,其他-南召,2000.0,2500.0,岗位：销售推广员；标签：招2人 / 经验不限 / 学历不限；薪资：2000-2500元/月,学历不限,2.0,58同城,2026-09-24 23:18:34,411324,镇平县,南阳市,2024-2026,58_镇平县_2024_2026.csv
2492,魏经理,恒方广场双休话务员 小程序,南阳市,宛城-医圣祠,3500.0,6000.0,岗位：恒方广场双休话务员 小程序；标签：五险一金 / 周末双休；薪资：3500-6000元/月,未注明,,58同城,2026-09-24 23:18:34,411324,镇平县,南阳市,2024-2026,58_镇平县_2024_2026.csv
2493,婷婷想踩小兴匡威,台球厅娱乐场所店员2000起,南阳市,其他-社旗,2000.0,3000.0,岗位：台球厅娱乐场所店员2000起；标签：经验不限 / 学历不限；薪资：2000-3000元/月,学历不限,,58同城,2026-09-24 23:18:34,411324,镇平县,南阳市,2024-2026,58_镇平县_2024_2026.csv
2494,万群机械,社旗急聘会计-,南阳市,其他-社旗,3000.0,4500.0,岗位：社旗急聘会计-；标签：包住 / 包吃；薪资：3000-4500元/月,未注明,,58同城,2026-09-24 23:18:34,411324,镇平县,南阳市,2024-2026,58_镇平县_2024_2026.csv
2495,鲁同学爱滑冰,机电维修工,南阳市,南阳-淅川,3500.0,5500.0,岗位：机电维修工；标签：五险 / 包吃 / 包住 / 饭补；薪资：3500-5500元/月,未注明,,58同城,2026-09-24 23:18:34,411324,镇平县,南阳市,2024-2026,58_镇平县_2024_2026.csv
2496,原谷原麦南阳区域,信臣路三杰盛世城招聘店员,南阳市,卧龙-卧龙城区,3500.0,4000.0,岗位：信臣路三杰盛世城招聘店员；标签：包吃；薪资：3500-4000元/月,未注明,,58同城,2026-09-24 23:18:34,411324,镇平县,南阳市,2024-2026,58_镇平县_2024_2026.csv
2497,王先生,小区保安可带手机工作轻松,南阳市,南阳-卧龙,5500.0,6000.0,岗位：小区保安可带手机工作轻松；标签：五险 / 包住 / 包吃 / 加班补助；薪资：5500-6000元/月,未注明,,58同城,2026-09-24 23:18:34,411324,镇平县,南阳市,2024-2026,58_镇平县_2024_2026.csv
2498,王先生,德又德旗舰店招熬粥师傅,南阳市,卧龙-新华城市广场,3000.0,4500.0,岗位：德又德旗舰店招熬粥师傅；标签：包吃 / 年底双薪 / 加班补助；薪资：3000-4500元/月,未注明,,58同城,2026-09-24 23:18:34,411324,镇平县,南阳市,2024-2026,58_镇平县_2024_2026.csv
2499,穆立涛,诚聘无人机/学徒工,南阳市,其他-西峡,3000.0,4500.0,岗位：诚聘无人机/学徒工；标签：招1人 / 经验不限 / 学历不限；薪资：3000-4500元/月,学历不限,1.0,58同城,2026-09-24 23:18:34,411324,镇平县,南阳市,2024-2026,58_镇平县_2024_2026.csv
2500,芦博士想提示,客服专员/助理,南阳市,其他-西峡,2000.0,7000.0,岗位：客服专员/助理；标签：经验不限 / 学历不限；薪资：2000-7000元/月,学历不限,,58同城,2026-09-24 23:18:34,411324,镇平县,南阳市,2024-2026,58_镇平县_2024_2026.csv
2501,十里不成书,门店店长,南阳市,其他-社旗,4000.0,10000.0,岗位：门店店长；标签：招2人 / 经验不限 / 学历不限；薪资：4000-10000元/月,学历不限,2.0,58同城,2026-09-24 23:18:34,411324,镇平县,南阳市,2024-2026,58_镇平县_2024_2026.csv
2502,招聘专员,居家采购专员兼职轻松岗位,南阳市,卧龙-卧龙城区,4300.0,5300.0,岗位：居家采购专员兼职轻松岗位；标签：五险一金；薪资：4300-5300元/月,未注明,,58同城,2026-09-24 23:18:34,411324,镇平县,南阳市,2024-2026,58_镇平县_2024_2026.csv
2503,布丁在摇晃,销售专员周末双休交通补助五险,南阳市,其他-西峡,8000.0,13000.0,岗位：销售专员周末双休交通补助五险；标签：交通补助 / 周末双休 / 五险；薪资：8000-13000元/月,未注明,,58同城,2026-09-24 23:18:34,411324,镇平县,南阳市,2024-2026,58_镇平县_2024_2026.csv
2504,聂女士,饮品店饮品师2500起,南阳市,其他-西峡,2500.0,3500.0,岗位：饮品店饮品师2500起；标签：经验1-2年 / 学历不限；薪资：2500-3500元/月,学历不限,,58同城,2026-09-24 23:18:34,411324,镇平县,南阳市,2024-2026,58_镇平县_2024_2026.csv
2505,用户43844,客服专员/助理,南阳市,其他-南召,3500.0,5500.0,岗位：客服专员/助理；标签：招6人 / 经验不限 / 学历不限；薪资：3500-5500元/月,学历不限,6.0,58同城,2026-09-24 23:18:34,411324,镇平县,南阳市,2024-2026,58_镇平县_2024_2026.csv
2506,wuwxa13ro,镇平县鑫运来珠宝店店员/营业员3k起,南阳市,南阳-镇平,3000.0,5000.0,岗位：镇平县鑫运来珠宝店店员/营业员3k起；标签：经验不限 / 学历高中；薪资：3000-5000元/月,高中,,58同城,2026-09-24 23:18:34,411324,镇平县,南阳市,2024-2026,58_镇平县_2024_2026.csv
2507,毛赟,南召县天麒二手车销售有限公司/二手车销售,南阳市,其他-南召,2000.0,10000.0,岗位：南召县天麒二手车销售有限公司/二手车销售；标签：加班补助；薪资：2000-10000元/月,未注明,,58同城,2026-09-24 23:18:34,411324,镇平县,南阳市,2024-2026,58_镇平县_2024_2026.csv
2508,于老板要吃肉,汽车销售服务公司内勤包住包吃五险,南阳市,其他-西峡,2500.0,4500.0,岗位：汽车销售服务公司内勤包住包吃五险；标签：五险 / 包住 / 包吃 / 加班补助；薪资：2500-4500元/月,未注明,,58同城,2026-09-24 23:18:34,411324,镇平县,南阳市,2024-2026,58_镇平县_2024_2026.csv
2509,雨中漂荡的回忆,中餐厅炒菜师傅4k起,南阳市,其他-南召,4000.0,4500.0,岗位：中餐厅炒菜师傅4k起；标签：经验3-5年 / 学历不限；薪资：4000-4500元/月,学历不限,,58同城,2026-09-24 23:18:34,411324,镇平县,南阳市,2024-2026,58_镇平县_2024_2026.csv
2510,飘逸潇洒都师傅D,中餐厅厨师/学历经验不限,南阳市,其他-南召,3000.0,5000.0,岗位：中餐厅厨师/学历经验不限；标签：经验不限 / 学历不限；薪资：3000-5000元/月,学历不限,,58同城,2026-09-24 23:18:34,411324,镇平县,南阳市,2024-2026,58_镇平县_2024_2026.csv
2511,mint,奶茶/饮品师,南阳市,南阳-方城,2500.0,4000.0,岗位：奶茶/饮品师；标签：经验不限 / 学历不限；薪资：2500-4000元/月,学历不限,,58同城,2026-09-24 23:18:34,411324,镇平县,南阳市,2024-2026,58_镇平县_2024_2026.csv
2512,招聘专员,运营五险双休兼职坐岗,南阳市,卧龙-卧龙城区,4300.0,5200.0,岗位：运营五险双休兼职坐岗；标签：五险一金；薪资：4300-5200元/月,未注明,,58同城,2026-09-24 23:18:34,411324,镇平县,南阳市,2024-2026,58_镇平县_2024_2026.csv
2513,小小淼,食品商行店员/营业员2千起,南阳市,南阳-宛城,2000.0,2500.0,岗位：食品商行店员/营业员2千起；标签：经验3-5年 / 学历不限；薪资：2000-2500元/月,学历不限,,58同城,2026-09-24 23:18:34,411324,镇平县,南阳市,2024-2026,58_镇平县_2024_2026.csv
2514,李女士,超市理货员2000起,南阳市,南阳-卧龙,2000.0,3000.0,岗位：超市理货员2000起；标签：包吃；薪资：2000-3000元/月,未注明,,58同城,2026-09-24 23:18:34,411324,镇平县,南阳市,2024-2026,58_镇平县_2024_2026.csv
2515,梁先生,社旗急聘工厂招聘喷塑工,南阳市,社旗-社旗城区,5000.0,6500.0,岗位：社旗急聘工厂招聘喷塑工；标签：加班补助；薪资：5000-6500元/月,未注明,,58同城,2026-09-24 23:18:34,411324,镇平县,南阳市,2024-2026,58_镇平县_2024_2026.csv
2516,陈先生,后厨杂工烧烤学徒,南阳市,宛城-万达坊,2000.0,2500.0,岗位：后厨杂工烧烤学徒；标签：经验不限 / 学历不限；薪资：2000-2500元/月,学历不限,,58同城,2026-09-24 23:18:34,411324,镇平县,南阳市,2024-2026,58_镇平县_2024_2026.csv
2517,不怕失败的卓老板,服务员,南阳市,其他-桐柏,2500.0,3000.0,岗位：服务员；标签：经验不限 / 学历不限；薪资：2500-3000元/月,学历不限,,58同城,2026-09-24 23:18:34,411324,镇平县,南阳市,2024-2026,58_镇平县_2024_2026.csv
2518,蝴蝶翩翩舞,餐饮收银,南阳市,南阳-内乡,2000.0,3000.0,岗位：餐饮收银；标签：经验不限 / 学历不限；薪资：2000-3000元/月,学历不限,,58同城,2026-09-24 23:18:34,411324,镇平县,南阳市,2024-2026,58_镇平县_2024_2026.csv
2519,张女士,社旗县景旗假日酒店前台,南阳市,其他-社旗,2200.0,3000.0,岗位：社旗县景旗假日酒店前台；标签：包吃 / 加班补助；薪资：2200-3000元/月,未注明,,58同城,2026-09-24 23:18:34,411324,镇平县,南阳市,2024-2026,58_镇平县_2024_2026.csv
2520,肖女士,梧桐轩养生保健店/足疗师饭补包住,南阳市,南阳-镇平,3000.0,8000.0,岗位：梧桐轩养生保健店/足疗师饭补包住；标签：包住 / 饭补；薪资：3000-8000元/月,未注明,,58同城,2026-09-24 23:19:21,411324,镇平县,南阳市,2024-2026,58_镇平县_2024_2026.csv
2521,A月亮船,蜜果串冰糖葫芦店店员/营业员2500起,南阳市,南阳-镇平,2500.0,4500.0,岗位：蜜果串冰糖葫芦店店员/营业员2500起；标签：加班补助；薪资：2500-4500元/月,未注明,,58同城,2026-09-24 23:19:21,411324,镇平县,南阳市,2024-2026,58_镇平县_2024_2026.csv
2522,戴帽子的风铃,口腔医生,南阳市,南阳-镇平,5000.0,10000.0,岗位：口腔医生；标签：经验不限 / 学历不限；薪资：5000-10000元/月,学历不限,,58同城,2026-09-24 23:20:12,411324,镇平县,南阳市,2024-2026,58_镇平县_2024_2026.csv
2523,臻悦头等舱美容汤泉,镇平包吃住诚聘运营管理（中高层）,南阳市,南阳-镇平,7000.0,15000.0,岗位：镇平包吃住诚聘运营管理（中高层）；标签：包住 / 包吃；薪资：7000-15000元/月,未注明,,58同城,2026-09-24 23:20:20,411324,镇平县,南阳市,2024-2026,58_镇平县_2024_2026.csv
2524,181******21_sqh,珠宝直播运营 小程序,南阳市,南阳-镇平,13000.0,20000.0,岗位：珠宝直播运营 小程序；标签：招2人 / 经验1年以下 / 学历中专；薪资：13000-20000元/月,中专/中技,2.0,58同城,2026-09-24 23:20:24,411324,镇平县,南阳市,2024-2026,58_镇平县_2024_2026.csv
2525,小雨爱发呆,居家审核员双休不加班月入6000,南阳市,镇平-镇平城区,5000.0,8000.0,岗位：居家审核员双休不加班月入6000；标签：五险一金 / 包吃 / 包住 / 周末双休；薪资：5000-8000元/月,未注明,,58同城,2026-09-24 23:20:24,411324,镇平县,南阳市,2024-2026,58_镇平县_2024_2026.csv
2526,戴帽子的风铃,口腔医生 小程序,南阳市,南阳-镇平,5000.0,10000.0,岗位：口腔医生 小程序；标签：经验不限 / 学历不限；薪资：5000-10000元/月,学历不限,,58同城,2026-09-24 23:20:28,411324,镇平县,南阳市,2024-2026,58_镇平县_2024_2026.csv
2527,招聘专员,急聘镇平头疗师2名,南阳市,南阳-镇平,2500.0,5000.0,岗位：急聘镇平头疗师2名；标签：饭补 / 包吃；薪资：2500-5000元/月,未注明,,58同城,2026-09-24 23:20:51,411324,镇平县,南阳市,2024-2026,58_镇平县_2024_2026.csv
2528,,南阳保洁清洗·保洁清洗 服务区域：镇平,南阳市,镇平县,,,岗位：南阳保洁清洗·保洁清洗 服务区域：镇平,未注明,,58同城,2026-09-24 23:21:14,411324,镇平县,南阳市,2024-2026,58_镇平县_2024_2026.csv
2529,,鹏飞手机电脑回收维修·手机/电脑/数码/办公回收 服务区域：卧龙、宛城、唐河、方城、镇平...,南阳市,镇平县,,,岗位：鹏飞手机电脑回收维修·手机/电脑/数码/办公回收 服务区域：卧龙、宛城、唐河、方城、镇平...,未注明,,58同城,2026-09-24 23:21:14,411324,镇平县,南阳市,2024-2026,58_镇平县_2024_2026.csv
2530,,南阳宏豫商贸租车有限公司·租车 服务区域：卧龙、宛城、唐河、方城、镇平...,南阳市,镇平县,,,岗位：南阳宏豫商贸租车有限公司·租车 服务区域：卧龙、宛城、唐河、方城、镇平...,未注明,,58同城,2026-09-24 23:21:14,411324,镇平县,南阳市,2024-2026,58_镇平县_2024_2026.csv
2531,,南阳市喜气洋洋搬家保洁·搬家 服务区域：卧龙、宛城、油田、镇平、内乡...,南阳市,镇平县,,,岗位：南阳市喜气洋洋搬家保洁·搬家 服务区域：卧龙、宛城、油田、镇平、内乡...,未注明,,58同城,2026-09-24 23:21:14,411324,镇平县,南阳市,2024-2026,58_镇平县_2024_2026.csv
2532,,南阳玖色鹿家政保姆月嫂·保姆/月嫂 服务区域：卧龙、宛城、唐河、方城、镇平...,南阳市,镇平县,,,岗位：南阳玖色鹿家政保姆月嫂·保姆/月嫂 服务区域：卧龙、宛城、唐河、方城、镇平...,未注明,,58同城,2026-09-24 23:21:14,411324,镇平县,南阳市,2024-2026,58_镇平县_2024_2026.csv
2533,,南阳好日子居民搬家保洁·搬家 服务区域：卧龙、宛城、唐河、镇平、方城...,南阳市,镇平县,,,岗位：南阳好日子居民搬家保洁·搬家 服务区域：卧龙、宛城、唐河、镇平、方城...,未注明,,58同城,2026-09-24 23:21:14,411324,镇平县,南阳市,2024-2026,58_镇平县_2024_2026.csv
2534,,南阳万家沙发维修翻新换皮·家具维修 服务区域：卧龙、宛城、唐河、方城、镇平...,南阳市,镇平县,,,岗位：南阳万家沙发维修翻新换皮·家具维修 服务区域：卧龙、宛城、唐河、方城、镇平...,未注明,,58同城,2026-09-24 23:21:14,411324,镇平县,南阳市,2024-2026,58_镇平县_2024_2026.csv
2535,郭女士,直播间主播包住包吃五险,南阳市,南阳-内乡,5000.0,12000.0,岗位：直播间主播包住包吃五险；标签：五险 / 包住 / 包吃；薪资：5000-12000元/月,未注明,,58同城,2026-09-24 23:21:35,411325,内乡县,南阳市,2024-2026,58_内乡县_2024_2026.csv
2536,异世界,牧场养殖打料工/五险一金包住包吃,南阳市,南阳-内乡,3000.0,5000.0,岗位：牧场养殖打料工/五险一金包住包吃；标签：五险一金 / 包住 / 包吃；薪资：3000-5000元/月,未注明,,58同城,2026-09-24 23:21:35,411325,内乡县,南阳市,2024-2026,58_内乡县_2024_2026.csv
2537,异世界,销售专员4k起 小程序,南阳市,南阳-内乡,4000.0,5000.0,岗位：销售专员4k起 小程序；标签：招20人 / 经验1-2年 / 学历高中；薪资：4000-5000元/月,高中,20.0,58同城,2026-09-24 23:21:35,411325,内乡县,南阳市,2024-2026,58_内乡县_2024_2026.csv
2538,别先生,售前客服专员,南阳市,内乡-内乡城区,3000.0,5000.0,岗位：售前客服专员；标签：经验不限 / 学历不限；薪资：3000-5000元/月,学历不限,,58同城,2026-09-24 23:21:35,411325,内乡县,南阳市,2024-2026,58_内乡县_2024_2026.csv
2539,落叶归根记,中餐厅厨师/工作时间灵活,南阳市,南阳-内乡,2100.0,5000.0,岗位：中餐厅厨师/工作时间灵活；标签：包吃；薪资：2100-5000元/月,未注明,,58同城,2026-09-24 23:21:35,411325,内乡县,南阳市,2024-2026,58_内乡县_2024_2026.csv
2540,异世界,铲车司机3k起五险一金包吃住,南阳市,南阳-内乡,3000.0,5000.0,岗位：铲车司机3k起五险一金包吃住；标签：五险一金 / 包住 / 包吃；薪资：3000-5000元/月,未注明,,58同城,2026-09-24 23:21:35,411325,内乡县,南阳市,2024-2026,58_内乡县_2024_2026.csv
2541,悄悄藏零食的偷吃鬼,AI学习机销售专员4千起,南阳市,内乡-内乡城区,4000.0,8000.0,岗位：AI学习机销售专员4千起；标签：经验1-2年 / 学历不限；薪资：4000-8000元/月,学历不限,,58同城,2026-09-24 23:21:35,411325,内乡县,南阳市,2024-2026,58_内乡县_2024_2026.csv
2542,用户97112,区域销售,南阳市,南阳-内乡,3000.0,10000.0,岗位：区域销售；标签：经验不限 / 学历不限；薪资：3000-10000元/月,学历不限,,58同城,2026-09-24 23:21:35,411325,内乡县,南阳市,2024-2026,58_内乡县_2024_2026.csv
2543,用户48388,服务员,南阳市,内乡-内乡城区,2500.0,3000.0,岗位：服务员；标签：经验不限 / 学历不限；薪资：2500-3000元/月,学历不限,,58同城,2026-09-24 23:21:35,411325,内乡县,南阳市,2024-2026,58_内乡县_2024_2026.csv
2544,用户97112,内乡县区域销售工作时间灵活,南阳市,南阳-内乡,3000.0,8000.0,岗位：内乡县区域销售工作时间灵活；标签：经验不限 / 学历不限；薪资：3000-8000元/月,学历不限,,58同城,2026-09-24 23:21:35,411325,内乡县,南阳市,2024-2026,58_内乡县_2024_2026.csv
2545,悄悄藏零食的偷吃鬼,合伙人/8000起,南阳市,内乡-内乡城区,8000.0,8500.0,岗位：合伙人/8000起；标签：招2人 / 经验不限 / 学历不限；薪资：8000-8500元/月,学历不限,2.0,58同城,2026-09-24 23:21:35,411325,内乡县,南阳市,2024-2026,58_内乡县_2024_2026.csv
2546,哼歌走路,食堂厨师,南阳市,南阳-内乡,2000.0,2500.0,岗位：食堂厨师；标签：经验不限 / 学历不限；薪资：2000-2500元/月,学历不限,,58同城,2026-09-24 23:21:35,411325,内乡县,南阳市,2024-2026,58_内乡县_2024_2026.csv
2547,蝴蝶翩翩舞,餐饮收银,南阳市,南阳-内乡,2000.0,3000.0,岗位：餐饮收银；标签：经验不限 / 学历不限；薪资：2000-3000元/月,学历不限,,58同城,2026-09-24 23:21:35,411325,内乡县,南阳市,2024-2026,58_内乡县_2024_2026.csv
2548,河南宛佑堂,内乡县大成西路诚聘灸疗师,南阳市,南阳-内乡,3000.0,6000.0,岗位：内乡县大成西路诚聘灸疗师；标签：招2人 / 经验不限 / 学历不限；薪资：3000-6000元/月,学历不限,2.0,58同城,2026-09-24 23:21:35,411325,内乡县,南阳市,2024-2026,58_内乡县_2024_2026.csv
2549,高先生,四代住宅豪宅置业顾问,南阳市,内乡-内乡城区,3500.0,10000.0,岗位：四代住宅豪宅置业顾问；标签：经验不限 / 学历不限；薪资：3500-10000元/月,学历不限,,58同城,2026-09-24 23:21:35,411325,内乡县,南阳市,2024-2026,58_内乡县_2024_2026.csv
2550,招聘主管,内乡诚聘业务员保险规划师,南阳市,内乡-内乡城区,4000.0,8000.0,岗位：内乡诚聘业务员保险规划师；标签：招20人 / 经验不限 / 学历高中；薪资：4000-8000元/月,高中,20.0,58同城,2026-09-24 23:21:35,411325,内乡县,南阳市,2024-2026,58_内乡县_2024_2026.csv
2551,云朵里的星星,验光配镜师,南阳市,内乡-内乡城区,2500.0,4500.0,岗位：验光配镜师；标签：经验不限 / 学历不限；薪资：2500-4500元/月,学历不限,,58同城,2026-09-24 23:21:35,411325,内乡县,南阳市,2024-2026,58_内乡县_2024_2026.csv
2552,高先生,河南昌宏房地产开发有限公司/房产销售/3,南阳市,内乡-内乡城区,3500.0,10000.0,岗位：河南昌宏房地产开发有限公司/房产销售/3；标签：经验不限 / 学历不限；薪资：3500-10000元/月,学历不限,,58同城,2026-09-24 23:21:35,411325,内乡县,南阳市,2024-2026,58_内乡县_2024_2026.csv
2553,南阳市众诚安防工程有限公司,众诚安防/IT技术支持/学历不限,南阳市,南阳-内乡,4000.0,5000.0,岗位：众诚安防/IT技术支持/学历不限；标签：经验1-2年 / 学历不限；薪资：4000-5000元/月,学历不限,,58同城,2026-09-24 23:21:35,411325,内乡县,南阳市,2024-2026,58_内乡县_2024_2026.csv
2554,瑞泰石材,瑞泰石材/抖音运营包住包吃,南阳市,南阳-内乡,3000.0,3500.0,岗位：瑞泰石材/抖音运营包住包吃；标签：包住 / 包吃；薪资：3000-3500元/月,未注明,,58同城,2026-09-24 23:21:35,411325,内乡县,南阳市,2024-2026,58_内乡县_2024_2026.csv
2555,潮沙龙店长阿威专业接发烫染,潮沙龙发廊/烫染技师/2千起,南阳市,南阳-内乡,2000.0,2500.0,岗位：潮沙龙发廊/烫染技师/2千起；标签：经验不限 / 学历不限；薪资：2000-2500元/月,学历不限,,58同城,2026-09-24 23:21:35,411325,内乡县,南阳市,2024-2026,58_内乡县_2024_2026.csv
2556,徐攀,网络咨询服务中心/区域销售/5千起,南阳市,内乡-内乡城区,10000.0,20000.0,岗位：网络咨询服务中心/区域销售/5千起；标签：招1人 / 经验不限 / 学历不限；薪资：10000-20000元/月,学历不限,1.0,58同城,2026-09-24 23:21:35,411325,内乡县,南阳市,2024-2026,58_内乡县_2024_2026.csv
2557,爱把袜子叠成小方块,外贸跟单员包吃住五险福利完善,南阳市,内乡-内乡城区,5000.0,8000.0,岗位：外贸跟单员包吃住五险福利完善；标签：五险一金 / 包吃 / 包住 / 周末双休；薪资：5000-8000元/月,未注明,,58同城,2026-09-24 23:21:35,411325,内乡县,南阳市,2024-2026,58_内乡县_2024_2026.csv
2558,翌芙莱成就自信女神,邓州市颜公子美容店/美容师/4千起,南阳市,内乡-内乡城区,4000.0,6000.0,岗位：邓州市颜公子美容店/美容师/4千起；标签：招2人 / 经验1-2年 / 学历不限；薪资：4000-6000元/月,学历不限,2.0,58同城,2026-09-24 23:21:35,411325,内乡县,南阳市,2024-2026,58_内乡县_2024_2026.csv
2559,小鹿跳跳糖,销售经理/主管,南阳市,南阳-内乡,4000.0,15000.0,岗位：销售经理/主管；标签：招1人 / 经验1-2年 / 学历高中；薪资：4000-15000元/月,高中,1.0,58同城,2026-09-24 23:21:35,411325,内乡县,南阳市,2024-2026,58_内乡县_2024_2026.csv
2560,喜欢闻花香的徐小妹,给老板开商务司机包住宿,南阳市,内乡-内乡城区,7900.0,8000.0,岗位：给老板开商务司机包住宿；标签：五险一金 / 包住 / 包吃 / 年底双薪；薪资：7900-8000元/月,未注明,,58同城,2026-09-24 23:21:35,411325,内乡县,南阳市,2024-2026,58_内乡县_2024_2026.csv
2561,张先生,急招健身教练无经验可培养,南阳市,南阳-内乡,6000.0,12000.0,岗位：急招健身教练无经验可培养；标签：包住 / 五险；薪资：6000-12000元/月,未注明,,58同城,2026-09-24 23:21:35,411325,内乡县,南阳市,2024-2026,58_内乡县_2024_2026.csv
2562,陈先生,商场大厅坐岗保安月薪5K,南阳市,南阳-内乡,4500.0,5000.0,岗位：商场大厅坐岗保安月薪5K；标签：五险 / 包住 / 包吃 / 加班补助；薪资：4500-5000元/月,未注明,,58同城,2026-09-24 23:21:35,411325,内乡县,南阳市,2024-2026,58_内乡县_2024_2026.csv
2563,爱指引de强老板,内乡16年老店招聘美容师,南阳市,南阳-内乡,3000.0,8000.0,岗位：内乡16年老店招聘美容师；标签：包住 / 包吃 / 加班补助；薪资：3000-8000元/月,未注明,,58同城,2026-09-24 23:21:35,411325,内乡县,南阳市,2024-2026,58_内乡县_2024_2026.csv
2564,张女士,电子厂普工/组装工30名，恒温车间,南阳市,内乡-内乡城区,6500.0,8500.0,岗位：电子厂普工/组装工30名，恒温车间；标签：五险一金 / 五险 / 包住 / 包吃；薪资：6500-8500元/月,未注明,,58同城,2026-09-24 23:21:35,411325,内乡县,南阳市,2024-2026,58_内乡县_2024_2026.csv
2565,闫先生,岗亭保安有空调吃住免费,南阳市,南阳,5500.0,6000.0,岗位：岗亭保安有空调吃住免费；标签：包住 / 包吃 / 加班补助；薪资：5500-6000元/月,未注明,,58同城,2026-09-24 23:21:39,411325,内乡县,南阳市,2024-2026,58_内乡县_2024_2026.csv
2566,梅森,销售推广员,南阳市,其他-南召,2000.0,2500.0,岗位：销售推广员；标签：招2人 / 经验不限 / 学历不限；薪资：2000-2500元/月,学历不限,2.0,58同城,2026-09-24 23:21:39,411325,内乡县,南阳市,2024-2026,58_内乡县_2024_2026.csv
2567,魏经理,恒方广场双休话务员 小程序,南阳市,宛城-医圣祠,3500.0,6000.0,岗位：恒方广场双休话务员 小程序；标签：五险一金 / 周末双休；薪资：3500-6000元/月,未注明,,58同城,2026-09-24 23:21:39,411325,内乡县,南阳市,2024-2026,58_内乡县_2024_2026.csv
2568,婷婷想踩小兴匡威,台球厅娱乐场所店员2000起,南阳市,其他-社旗,2000.0,3000.0,岗位：台球厅娱乐场所店员2000起；标签：经验不限 / 学历不限；薪资：2000-3000元/月,学历不限,,58同城,2026-09-24 23:21:39,411325,内乡县,南阳市,2024-2026,58_内乡县_2024_2026.csv
2569,万群机械,社旗急聘会计-,南阳市,其他-社旗,3000.0,4500.0,岗位：社旗急聘会计-；标签：包住 / 包吃；薪资：3000-4500元/月,未注明,,58同城,2026-09-24 23:21:39,411325,内乡县,南阳市,2024-2026,58_内乡县_2024_2026.csv
2570,鲁同学爱滑冰,机电维修工,南阳市,南阳-淅川,3500.0,5500.0,岗位：机电维修工；标签：五险 / 包吃 / 包住 / 饭补；薪资：3500-5500元/月,未注明,,58同城,2026-09-24 23:21:39,411325,内乡县,南阳市,2024-2026,58_内乡县_2024_2026.csv
2571,原谷原麦南阳区域,信臣路三杰盛世城招聘店员,南阳市,卧龙-卧龙城区,3500.0,4000.0,岗位：信臣路三杰盛世城招聘店员；标签：包吃；薪资：3500-4000元/月,未注明,,58同城,2026-09-24 23:21:39,411325,内乡县,南阳市,2024-2026,58_内乡县_2024_2026.csv
2572,王先生,小区保安可带手机工作轻松,南阳市,南阳-卧龙,5500.0,6000.0,岗位：小区保安可带手机工作轻松；标签：五险 / 包住 / 包吃 / 加班补助；薪资：5500-6000元/月,未注明,,58同城,2026-09-24 23:21:39,411325,内乡县,南阳市,2024-2026,58_内乡县_2024_2026.csv
2573,王先生,德又德旗舰店招熬粥师傅,南阳市,卧龙-新华城市广场,3000.0,4500.0,岗位：德又德旗舰店招熬粥师傅；标签：包吃 / 年底双薪 / 加班补助；薪资：3000-4500元/月,未注明,,58同城,2026-09-24 23:21:39,411325,内乡县,南阳市,2024-2026,58_内乡县_2024_2026.csv
2574,穆立涛,诚聘无人机/学徒工,南阳市,其他-西峡,3000.0,4500.0,岗位：诚聘无人机/学徒工；标签：招1人 / 经验不限 / 学历不限；薪资：3000-4500元/月,学历不限,1.0,58同城,2026-09-24 23:21:39,411325,内乡县,南阳市,2024-2026,58_内乡县_2024_2026.csv
2575,芦博士想提示,客服专员/助理,南阳市,其他-西峡,2000.0,7000.0,岗位：客服专员/助理；标签：经验不限 / 学历不限；薪资：2000-7000元/月,学历不限,,58同城,2026-09-24 23:21:39,411325,内乡县,南阳市,2024-2026,58_内乡县_2024_2026.csv
2576,十里不成书,门店店长,南阳市,其他-社旗,4000.0,10000.0,岗位：门店店长；标签：招2人 / 经验不限 / 学历不限；薪资：4000-10000元/月,学历不限,2.0,58同城,2026-09-24 23:21:39,411325,内乡县,南阳市,2024-2026,58_内乡县_2024_2026.csv
2577,招聘专员,居家采购专员兼职轻松岗位,南阳市,卧龙-卧龙城区,4300.0,5300.0,岗位：居家采购专员兼职轻松岗位；标签：五险一金；薪资：4300-5300元/月,未注明,,58同城,2026-09-24 23:21:39,411325,内乡县,南阳市,2024-2026,58_内乡县_2024_2026.csv
2578,布丁在摇晃,销售专员周末双休交通补助五险,南阳市,其他-西峡,8000.0,13000.0,岗位：销售专员周末双休交通补助五险；标签：交通补助 / 周末双休 / 五险；薪资：8000-13000元/月,未注明,,58同城,2026-09-24 23:21:39,411325,内乡县,南阳市,2024-2026,58_内乡县_2024_2026.csv
2579,聂女士,饮品店饮品师2500起,南阳市,其他-西峡,2500.0,3500.0,岗位：饮品店饮品师2500起；标签：经验1-2年 / 学历不限；薪资：2500-3500元/月,学历不限,,58同城,2026-09-24 23:21:39,411325,内乡县,南阳市,2024-2026,58_内乡县_2024_2026.csv
2580,用户43844,客服专员/助理,南阳市,其他-南召,3500.0,5500.0,岗位：客服专员/助理；标签：招6人 / 经验不限 / 学历不限；薪资：3500-5500元/月,学历不限,6.0,58同城,2026-09-24 23:21:39,411325,内乡县,南阳市,2024-2026,58_内乡县_2024_2026.csv
2581,wuwxa13ro,镇平县鑫运来珠宝店店员/营业员3k起,南阳市,南阳-镇平,3000.0,5000.0,岗位：镇平县鑫运来珠宝店店员/营业员3k起；标签：经验不限 / 学历高中；薪资：3000-5000元/月,高中,,58同城,2026-09-24 23:21:39,411325,内乡县,南阳市,2024-2026,58_内乡县_2024_2026.csv
2582,毛赟,南召县天麒二手车销售有限公司/二手车销售,南阳市,其他-南召,2000.0,10000.0,岗位：南召县天麒二手车销售有限公司/二手车销售；标签：加班补助；薪资：2000-10000元/月,未注明,,58同城,2026-09-24 23:21:39,411325,内乡县,南阳市,2024-2026,58_内乡县_2024_2026.csv
2583,于老板要吃肉,汽车销售服务公司内勤包住包吃五险,南阳市,其他-西峡,2500.0,4500.0,岗位：汽车销售服务公司内勤包住包吃五险；标签：五险 / 包住 / 包吃 / 加班补助；薪资：2500-4500元/月,未注明,,58同城,2026-09-24 23:21:39,411325,内乡县,南阳市,2024-2026,58_内乡县_2024_2026.csv
2584,雨中漂荡的回忆,中餐厅炒菜师傅4k起,南阳市,其他-南召,4000.0,4500.0,岗位：中餐厅炒菜师傅4k起；标签：经验3-5年 / 学历不限；薪资：4000-4500元/月,学历不限,,58同城,2026-09-24 23:21:39,411325,内乡县,南阳市,2024-2026,58_内乡县_2024_2026.csv
2585,飘逸潇洒都师傅D,中餐厅厨师/学历经验不限,南阳市,其他-南召,3000.0,5000.0,岗位：中餐厅厨师/学历经验不限；标签：经验不限 / 学历不限；薪资：3000-5000元/月,学历不限,,58同城,2026-09-24 23:21:39,411325,内乡县,南阳市,2024-2026,58_内乡县_2024_2026.csv
2586,mint,奶茶/饮品师,南阳市,南阳-方城,2500.0,4000.0,岗位：奶茶/饮品师；标签：经验不限 / 学历不限；薪资：2500-4000元/月,学历不限,,58同城,2026-09-24 23:21:39,411325,内乡县,南阳市,2024-2026,58_内乡县_2024_2026.csv
2587,招聘专员,运营五险双休兼职坐岗,南阳市,卧龙-卧龙城区,4300.0,5200.0,岗位：运营五险双休兼职坐岗；标签：五险一金；薪资：4300-5200元/月,未注明,,58同城,2026-09-24 23:21:39,411325,内乡县,南阳市,2024-2026,58_内乡县_2024_2026.csv
2588,小小淼,食品商行店员/营业员2千起,南阳市,南阳-宛城,2000.0,2500.0,岗位：食品商行店员/营业员2千起；标签：经验3-5年 / 学历不限；薪资：2000-2500元/月,学历不限,,58同城,2026-09-24 23:21:39,411325,内乡县,南阳市,2024-2026,58_内乡县_2024_2026.csv
2589,李女士,超市理货员2000起,南阳市,南阳-卧龙,2000.0,3000.0,岗位：超市理货员2000起；标签：包吃；薪资：2000-3000元/月,未注明,,58同城,2026-09-24 23:21:39,411325,内乡县,南阳市,2024-2026,58_内乡县_2024_2026.csv
2590,梁先生,社旗急聘工厂招聘喷塑工,南阳市,社旗-社旗城区,5000.0,6500.0,岗位：社旗急聘工厂招聘喷塑工；标签：加班补助；薪资：5000-6500元/月,未注明,,58同城,2026-09-24 23:21:39,411325,内乡县,南阳市,2024-2026,58_内乡县_2024_2026.csv
2591,陈先生,后厨杂工烧烤学徒,南阳市,宛城-万达坊,2000.0,2500.0,岗位：后厨杂工烧烤学徒；标签：经验不限 / 学历不限；薪资：2000-2500元/月,学历不限,,58同城,2026-09-24 23:21:39,411325,内乡县,南阳市,2024-2026,58_内乡县_2024_2026.csv
2592,不怕失败的卓老板,服务员,南阳市,其他-桐柏,2500.0,3000.0,岗位：服务员；标签：经验不限 / 学历不限；薪资：2500-3000元/月,学历不限,,58同城,2026-09-24 23:21:39,411325,内乡县,南阳市,2024-2026,58_内乡县_2024_2026.csv
2593,张女士,社旗县景旗假日酒店前台,南阳市,其他-社旗,2200.0,3000.0,岗位：社旗县景旗假日酒店前台；标签：包吃 / 加班补助；薪资：2200-3000元/月,未注明,,58同城,2026-09-24 23:21:39,411325,内乡县,南阳市,2024-2026,58_内乡县_2024_2026.csv
2594,经营河南战区徐行锋,内乡德邦招聘快递员/车补油补/8k-9k,南阳市,南阳-内乡,7000.0,8000.0,岗位：内乡德邦招聘快递员/车补油补/8k-9k；标签：话补 / 饭补 / 交通补助；薪资：7000-8000元/月,未注明,,58同城,2026-09-24 23:23:07,411325,内乡县,南阳市,2024-2026,58_内乡县_2024_2026.csv
2595,,恩佳食品销售店·外卖 服务区域：内乡、淅川,南阳市,内乡县,,,岗位：恩佳食品销售店·外卖 服务区域：内乡、淅川,未注明,,58同城,2026-09-24 23:24:16,411325,内乡县,南阳市,2024-2026,58_内乡县_2024_2026.csv
2596,,南阳市喜气洋洋搬家保洁·搬家 服务区域：卧龙、宛城、油田、镇平、内乡...,南阳市,内乡县,,,岗位：南阳市喜气洋洋搬家保洁·搬家 服务区域：卧龙、宛城、油田、镇平、内乡...,未注明,,58同城,2026-09-24 23:24:16,411325,内乡县,南阳市,2024-2026,58_内乡县_2024_2026.csv
2597,鲁同学爱滑冰,南阳浩帆车辆部件有限公司包装工五险饭补,南阳市,南阳-淅川,3000.0,6000.0,岗位：南阳浩帆车辆部件有限公司包装工五险饭补；标签：五险 / 饭补；薪资：3000-6000元/月,未注明,,58同城,2026-09-24 23:24:35,411326,淅川县,南阳市,2024-2026,58_淅川县_2024_2026.csv
2598,鲁同学爱滑冰,冲压操作工,南阳市,南阳-淅川,4000.0,6500.0,岗位：冲压操作工；标签：五险 / 饭补；薪资：4000-6500元/月,未注明,,58同城,2026-09-24 23:24:35,411326,淅川县,南阳市,2024-2026,58_淅川县_2024_2026.csv
2599,鲁同学爱滑冰,机电维修工 小程序,南阳市,南阳-淅川,3500.0,5500.0,岗位：机电维修工 小程序；标签：五险 / 包吃 / 包住 / 饭补；薪资：3500-5500元/月,未注明,,58同城,2026-09-24 23:24:35,411326,淅川县,南阳市,2024-2026,58_淅川县_2024_2026.csv
2600,海先生,网络/在线客服,南阳市,南阳-淅川,2000.0,8000.0,岗位：网络/在线客服；标签：经验不限 / 学历不限；薪资：2000-8000元/月,学历不限,,58同城,2026-09-24 23:24:35,411326,淅川县,南阳市,2024-2026,58_淅川县_2024_2026.csv
2601,余先生,物业水电维修2500起,南阳市,南阳-淅川,2500.0,3000.0,岗位：物业水电维修2500起；标签：话补；薪资：2500-3000元/月,未注明,,58同城,2026-09-24 23:24:35,411326,淅川县,南阳市,2024-2026,58_淅川县_2024_2026.csv
2602,人事经理,数控车床师傅6000起-有经验,南阳市,淅川-淅川城区,6000.0,10000.0,岗位：数控车床师傅6000起-有经验；标签：包吃 / 加班补助 / 饭补；薪资：6000-10000元/月,未注明,,58同城,2026-09-24 23:24:35,411326,淅川县,南阳市,2024-2026,58_淅川县_2024_2026.csv
2603,谭长庚,临床医学专业医生五险包住餐补,南阳市,南阳-淅川,3000.0,6000.0,岗位：临床医学专业医生五险包住餐补；标签：五险 / 包住 / 饭补；薪资：3000-6000元/月,未注明,,58同城,2026-09-24 23:24:35,411326,淅川县,南阳市,2024-2026,58_淅川县_2024_2026.csv
2604,淅川暖气热水刘姐,视频剪辑/拍摄,南阳市,南阳-淅川,2000.0,4000.0,岗位：视频剪辑/拍摄；标签：招1人 / 经验不限 / 学历不限；薪资：2000-4000元/月,学历不限,1.0,58同城,2026-09-24 23:24:35,411326,淅川县,南阳市,2024-2026,58_淅川县_2024_2026.csv
2605,谭长庚,影像医学专业医生五险包住餐补,南阳市,南阳-淅川,3000.0,6000.0,岗位：影像医学专业医生五险包住餐补；标签：五险 / 包住 / 饭补；薪资：3000-6000元/月,未注明,,58同城,2026-09-24 23:24:35,411326,淅川县,南阳市,2024-2026,58_淅川县_2024_2026.csv
2606,用户16433,人工智能训练师,南阳市,南阳-淅川,2000.0,5000.0,岗位：人工智能训练师；标签：包住；薪资：2000-5000元/月,未注明,,58同城,2026-09-24 23:24:35,411326,淅川县,南阳市,2024-2026,58_淅川县_2024_2026.csv
2607,谭长庚,中医骨伤专业医生五险包住餐补,南阳市,南阳-淅川,3000.0,6000.0,岗位：中医骨伤专业医生五险包住餐补；标签：包住 / 五险 / 饭补；薪资：3000-6000元/月,未注明,,58同城,2026-09-24 23:24:35,411326,淅川县,南阳市,2024-2026,58_淅川县_2024_2026.csv
2608,张先生,规模化畜牧诚聘饲养技术员包吃住年底双薪,南阳市,南阳-淅川,3000.0,6000.0,岗位：规模化畜牧诚聘饲养技术员包吃住年底双薪；标签：招7人 / 经验不限 / 学历不限；薪资：3000-6000元/月,学历不限,7.0,58同城,2026-09-24 23:24:35,411326,淅川县,南阳市,2024-2026,58_淅川县_2024_2026.csv
2609,谭长庚,淅川中医专业医生五险包住餐补,南阳市,南阳-淅川,3000.0,6000.0,岗位：淅川中医专业医生五险包住餐补；标签：五险 / 包住 / 饭补；薪资：3000-6000元/月,未注明,,58同城,2026-09-24 23:24:35,411326,淅川县,南阳市,2024-2026,58_淅川县_2024_2026.csv
2610,王先生,外勤会计/2500起,南阳市,淅川-淅川城区,2500.0,3500.0,岗位：外勤会计/2500起；标签：招3人 / 经验不限 / 学历不限；薪资：2500-3500元/月,学历不限,3.0,58同城,2026-09-24 23:24:35,411326,淅川县,南阳市,2024-2026,58_淅川县_2024_2026.csv
2611,人事经理,加工中心师傅6k起-有经验,南阳市,淅川-淅川城区,6000.0,10000.0,岗位：加工中心师傅6k起-有经验；标签：包吃 / 加班补助；薪资：6000-10000元/月,未注明,,58同城,2026-09-24 23:24:35,411326,淅川县,南阳市,2024-2026,58_淅川县_2024_2026.csv
2612,人事经理,五金冲压模具师傅,南阳市,淅川-淅川城区,6000.0,15000.0,岗位：五金冲压模具师傅；标签：包住 / 包吃 / 加班补助 / 房补；薪资：6000-15000元/月,未注明,,58同城,2026-09-24 23:24:35,411326,淅川县,南阳市,2024-2026,58_淅川县_2024_2026.csv
2613,闫恩玲,琰琰亮甲服务部售后支持五险,南阳市,淅川-淅川城区,3000.0,4500.0,岗位：琰琰亮甲服务部售后支持五险；标签：五险；薪资：3000-4500元/月,未注明,,58同城,2026-09-24 23:24:35,411326,淅川县,南阳市,2024-2026,58_淅川县_2024_2026.csv
2614,青苔爬上墙,中餐厅餐厅主管免费工服包吃,南阳市,南阳-淅川,3500.0,5000.0,岗位：中餐厅餐厅主管免费工服包吃；标签：包吃；薪资：3500-5000元/月,未注明,,58同城,2026-09-24 23:24:35,411326,淅川县,南阳市,2024-2026,58_淅川县_2024_2026.csv
2615,招聘专员,主办会计五险周末双休,南阳市,淅川-淅川城区,3000.0,8000.0,岗位：主办会计五险周末双休；标签：周末双休 / 五险；薪资：3000-8000元/月,未注明,,58同城,2026-09-24 23:24:35,411326,淅川县,南阳市,2024-2026,58_淅川县_2024_2026.csv
2616,吕女士,保安包吃住，6千不收费,南阳市,淅川-淅川城区,4500.0,6500.0,岗位：保安包吃住，6千不收费；标签：五险 / 包住 / 年底双薪 / 加班补助；薪资：4500-6500元/月,未注明,,58同城,2026-09-24 23:24:35,411326,淅川县,南阳市,2024-2026,58_淅川县_2024_2026.csv
2617,杨先生,工价高0费用入职坐班白班可选普工,南阳市,淅川-淅川城区,4500.0,7000.0,岗位：工价高0费用入职坐班白班可选普工；标签：五险一金 / 五险 / 包住 / 包吃；薪资：4500-7000元/月,未注明,,58同城,2026-09-24 23:24:35,411326,淅川县,南阳市,2024-2026,58_淅川县_2024_2026.csv
2618,贺女士,淅川美团配送员/离家近工作简单/短期也行,南阳市,南阳-淅川,4000.0,8000.0,岗位：淅川美团配送员/离家近工作简单/短期也行；标签：招16人 / 经验不限 / 学历不限；薪资：4000-8000元/月,学历不限,16.0,58同城,2026-09-24 23:24:35,411326,淅川县,南阳市,2024-2026,58_淅川县_2024_2026.csv
2619,鲁同学爱滑冰,五险包吃住诚聘线切割师傅,南阳市,南阳-淅川,4000.0,7000.0,岗位：五险包吃住诚聘线切割师傅；标签：五险 / 包住 / 包吃 / 交通补助；薪资：4000-7000元/月,未注明,,58同城,2026-09-24 23:24:35,411326,淅川县,南阳市,2024-2026,58_淅川县_2024_2026.csv
2620,招聘专员,法务顾问/学历本科,南阳市,淅川-淅川城区,2500.0,4500.0,岗位：法务顾问/学历本科；标签：经验3-5年 / 学历本科；薪资：2500-4500元/月,本科,,58同城,2026-09-24 23:24:35,411326,淅川县,南阳市,2024-2026,58_淅川县_2024_2026.csv
2621,纤弱的何师傅,小吃店餐饮前台包吃包住免费工服,南阳市,南阳-淅川,2500.0,4500.0,岗位：小吃店餐饮前台包吃包住免费工服；标签：包住 / 包吃；薪资：2500-4500元/月,未注明,,58同城,2026-09-24 23:24:35,411326,淅川县,南阳市,2024-2026,58_淅川县_2024_2026.csv
2622,鲁同学爱滑冰,五险齿轮数控机床工,南阳市,南阳-淅川,4000.0,8500.0,岗位：五险齿轮数控机床工；标签：五险 / 包住 / 包吃 / 交通补助；薪资：4000-8500元/月,未注明,,58同城,2026-09-24 23:24:35,411326,淅川县,南阳市,2024-2026,58_淅川县_2024_2026.csv
2623,人事经理,冲压操作工包吃,南阳市,淅川-淅川城区,4000.0,7000.0,岗位：冲压操作工包吃；标签：包吃 / 加班补助；薪资：4000-7000元/月,未注明,,58同城,2026-09-24 23:24:35,411326,淅川县,南阳市,2024-2026,58_淅川县_2024_2026.csv
2624,人事经理,架模技工4k起,南阳市,淅川-淅川城区,4000.0,7000.0,岗位：架模技工4k起；标签：招4人 / 经验1-2年 / 学历不限；薪资：4000-7000元/月,学历不限,4.0,58同城,2026-09-24 23:24:35,411326,淅川县,南阳市,2024-2026,58_淅川县_2024_2026.csv
2625,鲁同学爱滑冰,招车间操作工冲压凸焊吹/注塑硫化数控车等,南阳市,南阳-淅川,4000.0,8500.0,岗位：招车间操作工冲压凸焊吹/注塑硫化数控车等；标签：五险 / 包住 / 包吃 / 交通补助；薪资：4000-8500元/月,未注明,,58同城,2026-09-24 23:24:35,411326,淅川县,南阳市,2024-2026,58_淅川县_2024_2026.csv
2626,武女士,写字楼安保坐岗5千包吃住,南阳市,南阳-淅川,4500.0,5000.0,岗位：写字楼安保坐岗5千包吃住；标签：五险一金 / 五险 / 包住 / 房补；薪资：4500-5000元/月,未注明,,58同城,2026-09-24 23:24:35,411326,淅川县,南阳市,2024-2026,58_淅川县_2024_2026.csv
2627,闫先生,岗亭保安有空调吃住免费,南阳市,南阳,5500.0,6000.0,岗位：岗亭保安有空调吃住免费；标签：包住 / 包吃 / 加班补助；薪资：5500-6000元/月,未注明,,58同城,2026-09-24 23:24:39,411326,淅川县,南阳市,2024-2026,58_淅川县_2024_2026.csv
2628,梅森,销售推广员,南阳市,其他-南召,2000.0,2500.0,岗位：销售推广员；标签：招2人 / 经验不限 / 学历不限；薪资：2000-2500元/月,学历不限,2.0,58同城,2026-09-24 23:24:39,411326,淅川县,南阳市,2024-2026,58_淅川县_2024_2026.csv
2629,魏经理,恒方广场双休话务员 小程序,南阳市,宛城-医圣祠,3500.0,6000.0,岗位：恒方广场双休话务员 小程序；标签：五险一金 / 周末双休；薪资：3500-6000元/月,未注明,,58同城,2026-09-24 23:24:39,411326,淅川县,南阳市,2024-2026,58_淅川县_2024_2026.csv
2630,婷婷想踩小兴匡威,台球厅娱乐场所店员2000起,南阳市,其他-社旗,2000.0,3000.0,岗位：台球厅娱乐场所店员2000起；标签：经验不限 / 学历不限；薪资：2000-3000元/月,学历不限,,58同城,2026-09-24 23:24:39,411326,淅川县,南阳市,2024-2026,58_淅川县_2024_2026.csv
2631,万群机械,社旗急聘会计-,南阳市,其他-社旗,3000.0,4500.0,岗位：社旗急聘会计-；标签：包住 / 包吃；薪资：3000-4500元/月,未注明,,58同城,2026-09-24 23:24:39,411326,淅川县,南阳市,2024-2026,58_淅川县_2024_2026.csv
2632,鲁同学爱滑冰,机电维修工,南阳市,南阳-淅川,3500.0,5500.0,岗位：机电维修工；标签：五险 / 包吃 / 包住 / 饭补；薪资：3500-5500元/月,未注明,,58同城,2026-09-24 23:24:39,411326,淅川县,南阳市,2024-2026,58_淅川县_2024_2026.csv
2633,原谷原麦南阳区域,信臣路三杰盛世城招聘店员,南阳市,卧龙-卧龙城区,3500.0,4000.0,岗位：信臣路三杰盛世城招聘店员；标签：包吃；薪资：3500-4000元/月,未注明,,58同城,2026-09-24 23:24:39,411326,淅川县,南阳市,2024-2026,58_淅川县_2024_2026.csv
2634,王先生,小区保安可带手机工作轻松,南阳市,南阳-卧龙,5500.0,6000.0,岗位：小区保安可带手机工作轻松；标签：五险 / 包住 / 包吃 / 加班补助；薪资：5500-6000元/月,未注明,,58同城,2026-09-24 23:24:39,411326,淅川县,南阳市,2024-2026,58_淅川县_2024_2026.csv
2635,王先生,德又德旗舰店招熬粥师傅,南阳市,卧龙-新华城市广场,3000.0,4500.0,岗位：德又德旗舰店招熬粥师傅；标签：包吃 / 年底双薪 / 加班补助；薪资：3000-4500元/月,未注明,,58同城,2026-09-24 23:24:39,411326,淅川县,南阳市,2024-2026,58_淅川县_2024_2026.csv
2636,穆立涛,诚聘无人机/学徒工,南阳市,其他-西峡,3000.0,4500.0,岗位：诚聘无人机/学徒工；标签：招1人 / 经验不限 / 学历不限；薪资：3000-4500元/月,学历不限,1.0,58同城,2026-09-24 23:24:39,411326,淅川县,南阳市,2024-2026,58_淅川县_2024_2026.csv
2637,芦博士想提示,客服专员/助理,南阳市,其他-西峡,2000.0,7000.0,岗位：客服专员/助理；标签：经验不限 / 学历不限；薪资：2000-7000元/月,学历不限,,58同城,2026-09-24 23:24:39,411326,淅川县,南阳市,2024-2026,58_淅川县_2024_2026.csv
2638,十里不成书,门店店长,南阳市,其他-社旗,4000.0,10000.0,岗位：门店店长；标签：招2人 / 经验不限 / 学历不限；薪资：4000-10000元/月,学历不限,2.0,58同城,2026-09-24 23:24:39,411326,淅川县,南阳市,2024-2026,58_淅川县_2024_2026.csv
2639,招聘专员,居家采购专员兼职轻松岗位,南阳市,卧龙-卧龙城区,4300.0,5300.0,岗位：居家采购专员兼职轻松岗位；标签：五险一金；薪资：4300-5300元/月,未注明,,58同城,2026-09-24 23:24:39,411326,淅川县,南阳市,2024-2026,58_淅川县_2024_2026.csv
2640,布丁在摇晃,销售专员周末双休交通补助五险,南阳市,其他-西峡,8000.0,13000.0,岗位：销售专员周末双休交通补助五险；标签：交通补助 / 周末双休 / 五险；薪资：8000-13000元/月,未注明,,58同城,2026-09-24 23:24:39,411326,淅川县,南阳市,2024-2026,58_淅川县_2024_2026.csv
2641,聂女士,饮品店饮品师2500起,南阳市,其他-西峡,2500.0,3500.0,岗位：饮品店饮品师2500起；标签：经验1-2年 / 学历不限；薪资：2500-3500元/月,学历不限,,58同城,2026-09-24 23:24:39,411326,淅川县,南阳市,2024-2026,58_淅川县_2024_2026.csv
2642,用户43844,客服专员/助理,南阳市,其他-南召,3500.0,5500.0,岗位：客服专员/助理；标签：招6人 / 经验不限 / 学历不限；薪资：3500-5500元/月,学历不限,6.0,58同城,2026-09-24 23:24:39,411326,淅川县,南阳市,2024-2026,58_淅川县_2024_2026.csv
2643,wuwxa13ro,镇平县鑫运来珠宝店店员/营业员3k起,南阳市,南阳-镇平,3000.0,5000.0,岗位：镇平县鑫运来珠宝店店员/营业员3k起；标签：经验不限 / 学历高中；薪资：3000-5000元/月,高中,,58同城,2026-09-24 23:24:39,411326,淅川县,南阳市,2024-2026,58_淅川县_2024_2026.csv
2644,毛赟,南召县天麒二手车销售有限公司/二手车销售,南阳市,其他-南召,2000.0,10000.0,岗位：南召县天麒二手车销售有限公司/二手车销售；标签：加班补助；薪资：2000-10000元/月,未注明,,58同城,2026-09-24 23:24:39,411326,淅川县,南阳市,2024-2026,58_淅川县_2024_2026.csv
2645,于老板要吃肉,汽车销售服务公司内勤包住包吃五险,南阳市,其他-西峡,2500.0,4500.0,岗位：汽车销售服务公司内勤包住包吃五险；标签：五险 / 包住 / 包吃 / 加班补助；薪资：2500-4500元/月,未注明,,58同城,2026-09-24 23:24:39,411326,淅川县,南阳市,2024-2026,58_淅川县_2024_2026.csv
2646,雨中漂荡的回忆,中餐厅炒菜师傅4k起,南阳市,其他-南召,4000.0,4500.0,岗位：中餐厅炒菜师傅4k起；标签：经验3-5年 / 学历不限；薪资：4000-4500元/月,学历不限,,58同城,2026-09-24 23:24:39,411326,淅川县,南阳市,2024-2026,58_淅川县_2024_2026.csv
2647,飘逸潇洒都师傅D,中餐厅厨师/学历经验不限,南阳市,其他-南召,3000.0,5000.0,岗位：中餐厅厨师/学历经验不限；标签：经验不限 / 学历不限；薪资：3000-5000元/月,学历不限,,58同城,2026-09-24 23:24:39,411326,淅川县,南阳市,2024-2026,58_淅川县_2024_2026.csv
2648,mint,奶茶/饮品师,南阳市,南阳-方城,2500.0,4000.0,岗位：奶茶/饮品师；标签：经验不限 / 学历不限；薪资：2500-4000元/月,学历不限,,58同城,2026-09-24 23:24:39,411326,淅川县,南阳市,2024-2026,58_淅川县_2024_2026.csv
2649,招聘专员,运营五险双休兼职坐岗,南阳市,卧龙-卧龙城区,4300.0,5200.0,岗位：运营五险双休兼职坐岗；标签：五险一金；薪资：4300-5200元/月,未注明,,58同城,2026-09-24 23:24:39,411326,淅川县,南阳市,2024-2026,58_淅川县_2024_2026.csv
2650,小小淼,食品商行店员/营业员2千起,南阳市,南阳-宛城,2000.0,2500.0,岗位：食品商行店员/营业员2千起；标签：经验3-5年 / 学历不限；薪资：2000-2500元/月,学历不限,,58同城,2026-09-24 23:24:39,411326,淅川县,南阳市,2024-2026,58_淅川县_2024_2026.csv
2651,李女士,超市理货员2000起,南阳市,南阳-卧龙,2000.0,3000.0,岗位：超市理货员2000起；标签：包吃；薪资：2000-3000元/月,未注明,,58同城,2026-09-24 23:24:39,411326,淅川县,南阳市,2024-2026,58_淅川县_2024_2026.csv
2652,梁先生,社旗急聘工厂招聘喷塑工,南阳市,社旗-社旗城区,5000.0,6500.0,岗位：社旗急聘工厂招聘喷塑工；标签：加班补助；薪资：5000-6500元/月,未注明,,58同城,2026-09-24 23:24:39,411326,淅川县,南阳市,2024-2026,58_淅川县_2024_2026.csv
2653,陈先生,后厨杂工烧烤学徒,南阳市,宛城-万达坊,2000.0,2500.0,岗位：后厨杂工烧烤学徒；标签：经验不限 / 学历不限；薪资：2000-2500元/月,学历不限,,58同城,2026-09-24 23:24:39,411326,淅川县,南阳市,2024-2026,58_淅川县_2024_2026.csv
2654,不怕失败的卓老板,服务员,南阳市,其他-桐柏,2500.0,3000.0,岗位：服务员；标签：经验不限 / 学历不限；薪资：2500-3000元/月,学历不限,,58同城,2026-09-24 23:24:39,411326,淅川县,南阳市,2024-2026,58_淅川县_2024_2026.csv
2655,张女士,社旗县景旗假日酒店前台,南阳市,其他-社旗,2200.0,3000.0,岗位：社旗县景旗假日酒店前台；标签：包吃 / 加班补助；薪资：2200-3000元/月,未注明,,58同城,2026-09-24 23:24:39,411326,淅川县,南阳市,2024-2026,58_淅川县_2024_2026.csv
2656,蝴蝶翩翩舞,餐饮收银,南阳市,南阳-内乡,2000.0,3000.0,岗位：餐饮收银；标签：经验不限 / 学历不限；薪资：2000-3000元/月,学历不限,,58同城,2026-09-24 23:24:39,411326,淅川县,南阳市,2024-2026,58_淅川县_2024_2026.csv
2657,,恩佳食品销售店·外卖 服务区域：淅川、桐柏,南阳市,淅川县,,,岗位：恩佳食品销售店·外卖 服务区域：淅川、桐柏,未注明,,58同城,2026-09-24 23:27:17,411326,淅川县,南阳市,2024-2026,58_淅川县_2024_2026.csv
2658,,南阳家装服务·家装服务 服务区域：淅川,南阳市,淅川县,,,岗位：南阳家装服务·家装服务 服务区域：淅川,未注明,,58同城,2026-09-24 23:27:17,411326,淅川县,南阳市,2024-2026,58_淅川县_2024_2026.csv
2659,,恩佳食品销售店·外卖 服务区域：内乡、淅川,南阳市,淅川县,,,岗位：恩佳食品销售店·外卖 服务区域：内乡、淅川,未注明,,58同城,2026-09-24 23:27:17,411326,淅川县,南阳市,2024-2026,58_淅川县_2024_2026.csv
2660,万群机械,社旗急聘行政人事,南阳市,其他-社旗,3000.0,4500.0,岗位：社旗急聘行政人事；标签：招5人 / 经验3-5年 / 学历大专；薪资：3000-4500元/月,大专,5.0,58同城,2026-09-24 23:27:34,411327,社旗县,南阳市,2024-2026,58_社旗县_2024_2026.csv
2661,婷婷想踩小兴匡威,台球厅娱乐场所店员2000起,南阳市,其他-社旗,2000.0,3000.0,岗位：台球厅娱乐场所店员2000起；标签：经验不限 / 学历不限；薪资：2000-3000元/月,学历不限,,58同城,2026-09-24 23:27:34,411327,社旗县,南阳市,2024-2026,58_社旗县_2024_2026.csv
2662,星月酒馆社旗店,酒吧酒馆服务员2500起 小程序,南阳市,其他-社旗,3000.0,4000.0,岗位：酒吧酒馆服务员2500起 小程序；标签：招2人 / 经验不限 / 学历不限；薪资：3000-4000元/月,学历不限,2.0,58同城,2026-09-24 23:27:34,411327,社旗县,南阳市,2024-2026,58_社旗县_2024_2026.csv
2663,万群机械,社旗-装配工,南阳市,其他-社旗,4500.0,8000.0,岗位：社旗-装配工；标签：包住 / 包吃；薪资：4500-8000元/月,未注明,,58同城,2026-09-24 23:27:34,411327,社旗县,南阳市,2024-2026,58_社旗县_2024_2026.csv
2664,万群机械,社旗急聘会计-,南阳市,其他-社旗,3000.0,4500.0,岗位：社旗急聘会计-；标签：包住 / 包吃；薪资：3000-4500元/月,未注明,,58同城,2026-09-24 23:27:34,411327,社旗县,南阳市,2024-2026,58_社旗县_2024_2026.csv
2665,万群机械,激光切割工4000起,南阳市,其他-社旗,4000.0,6000.0,岗位：激光切割工4000起；标签：招5人 / 经验1-2年 / 学历高中；薪资：4000-6000元/月,高中,5.0,58同城,2026-09-24 23:27:34,411327,社旗县,南阳市,2024-2026,58_社旗县_2024_2026.csv
2666,十里不成书,门店店长,南阳市,其他-社旗,4000.0,10000.0,岗位：门店店长；标签：招2人 / 经验不限 / 学历不限；薪资：4000-10000元/月,学历不限,2.0,58同城,2026-09-24 23:27:34,411327,社旗县,南阳市,2024-2026,58_社旗县_2024_2026.csv
2667,万群机械,社旗-急聘车间主管-,南阳市,其他-社旗,6000.0,10000.0,岗位：社旗-急聘车间主管-；标签：包吃 / 包住；薪资：6000-10000元/月,未注明,,58同城,2026-09-24 23:27:34,411327,社旗县,南阳市,2024-2026,58_社旗县_2024_2026.csv
2668,张女士,社旗县景旗假日酒店前台,南阳市,其他-社旗,2200.0,3000.0,岗位：社旗县景旗假日酒店前台；标签：包吃 / 加班补助；薪资：2200-3000元/月,未注明,,58同城,2026-09-24 23:27:34,411327,社旗县,南阳市,2024-2026,58_社旗县_2024_2026.csv
2669,追着彩虹的小小,讲解员/工作时间灵活,南阳市,其他-社旗,3000.0,12000.0,岗位：讲解员/工作时间灵活；标签：经验不限 / 学历不限；薪资：3000-12000元/月,学历不限,,58同城,2026-09-24 23:27:34,411327,社旗县,南阳市,2024-2026,58_社旗县_2024_2026.csv
2670,程先生,再生资源公司融资加班补助包吃五险一金,南阳市,其他-社旗,4500.0,5000.0,岗位：再生资源公司融资加班补助包吃五险一金；标签：五险一金 / 包住 / 包吃 / 加班补助；薪资：4500-5000元/月,未注明,,58同城,2026-09-24 23:27:34,411327,社旗县,南阳市,2024-2026,58_社旗县_2024_2026.csv
2671,王栋,汽车洗车工,南阳市,其他-社旗,2500.0,3500.0,岗位：汽车洗车工；标签：经验不限 / 学历不限；薪资：2500-3500元/月,学历不限,,58同城,2026-09-24 23:27:34,411327,社旗县,南阳市,2024-2026,58_社旗县_2024_2026.csv
2672,刘先生,社旗途虎养车-前台将接待客户经理-社保,南阳市,其他-社旗,3000.0,6000.0,岗位：社旗途虎养车-前台将接待客户经理-社保；标签：招4人 / 经验1-2年 / 学历不限；薪资：3000-6000元/月,学历不限,4.0,58同城,2026-09-24 23:27:34,411327,社旗县,南阳市,2024-2026,58_社旗县_2024_2026.csv
2673,万群机械,万群机械车间主任6k起,南阳市,其他-社旗,6000.0,10000.0,岗位：万群机械车间主任6k起；标签：招1人 / 经验3-5年 / 学历高中；薪资：6000-10000元/月,高中,1.0,58同城,2026-09-24 23:27:34,411327,社旗县,南阳市,2024-2026,58_社旗县_2024_2026.csv
2674,王女士,长白班耳机包装质检300/天新人奖金3千,南阳市,其他-社旗,7500.0,8000.0,岗位：长白班耳机包装质检300/天新人奖金3千；标签：五险一金 / 包住 / 包吃；薪资：7500-8000元/月,未注明,,58同城,2026-09-24 23:27:34,411327,社旗县,南阳市,2024-2026,58_社旗县_2024_2026.csv
2675,2mpenj,中餐厅/中餐厨师3500起,南阳市,其他-社旗,3500.0,4500.0,岗位：中餐厅/中餐厨师3500起；标签：招3人 / 经验1年以下 / 学历不限；薪资：3500-4500元/月,学历不限,3.0,58同城,2026-09-24 23:27:34,411327,社旗县,南阳市,2024-2026,58_社旗县_2024_2026.csv
2676,杨先生,汤阴县任固蜂涵百货店销售专员包住,南阳市,其他-社旗,5000.0,10000.0,岗位：汤阴县任固蜂涵百货店销售专员包住；标签：包住；薪资：5000-10000元/月,未注明,,58同城,2026-09-24 23:27:34,411327,社旗县,南阳市,2024-2026,58_社旗县_2024_2026.csv
2677,刘先生,社旗途虎养车-前台/客户经理3000起,南阳市,其他-社旗,3000.0,6000.0,岗位：社旗途虎养车-前台/客户经理3000起；标签：包住 / 包吃；薪资：3000-6000元/月,未注明,,58同城,2026-09-24 23:27:34,411327,社旗县,南阳市,2024-2026,58_社旗县_2024_2026.csv
2678,种多肉的园园,美容师,南阳市,其他-社旗,3000.0,5000.0,岗位：美容师；标签：经验不限 / 学历不限；薪资：3000-5000元/月,学历不限,,58同城,2026-09-24 23:27:34,411327,社旗县,南阳市,2024-2026,58_社旗县_2024_2026.csv
2679,胡女士,修车达人缺你不可速来加盟,南阳市,其他-社旗,8600.0,13900.0,岗位：修车达人缺你不可速来加盟；标签：五险一金 / 包吃 / 包住 / 年底双薪；薪资：8600-13900元/月,未注明,,58同城,2026-09-24 23:27:34,411327,社旗县,南阳市,2024-2026,58_社旗县_2024_2026.csv
2680,2mpenj,中餐厅传菜员/服务员加班补助包吃免费工服,南阳市,其他-社旗,2500.0,3500.0,岗位：中餐厅传菜员/服务员加班补助包吃免费工服；标签：包吃 / 加班补助；薪资：2500-3500元/月,未注明,,58同城,2026-09-24 23:27:34,411327,社旗县,南阳市,2024-2026,58_社旗县_2024_2026.csv
2681,爱思考的苏老板,修理厂汽车维修包住包吃,南阳市,其他-社旗,3000.0,4500.0,岗位：修理厂汽车维修包住包吃；标签：包住 / 包吃；薪资：3000-4500元/月,未注明,,58同城,2026-09-24 23:27:34,411327,社旗县,南阳市,2024-2026,58_社旗县_2024_2026.csv
2682,刘先生,社旗途虎养车汽车维修大工/中工6000起,南阳市,其他-社旗,6000.0,13000.0,岗位：社旗途虎养车汽车维修大工/中工6000起；标签：包住 / 包吃；薪资：6000-13000元/月,未注明,,58同城,2026-09-24 23:27:34,411327,社旗县,南阳市,2024-2026,58_社旗县_2024_2026.csv
2683,招聘专员,游戏推广,南阳市,其他-社旗,,,岗位：游戏推广；标签：经验不限 / 学历不限；薪资：面议,学历不限,,58同城,2026-09-24 23:27:34,411327,社旗县,南阳市,2024-2026,58_社旗县_2024_2026.csv
2684,爱指引de强老板,社旗招聘美容师无经验亦可,南阳市,其他-社旗,3000.0,8000.0,岗位：社旗招聘美容师无经验亦可；标签：包吃；薪资：3000-8000元/月,未注明,,58同城,2026-09-24 23:27:34,411327,社旗县,南阳市,2024-2026,58_社旗县_2024_2026.csv
2685,刘先生,社旗途虎养车-洗车工3000起,南阳市,其他-社旗,3000.0,6000.0,岗位：社旗途虎养车-洗车工3000起；标签：包住 / 包吃；薪资：3000-6000元/月,未注明,,58同城,2026-09-24 23:27:34,411327,社旗县,南阳市,2024-2026,58_社旗县_2024_2026.csv
2686,刘女士,空调坐岗保安轻松,南阳市,其他-社旗,4500.0,5000.0,岗位：空调坐岗保安轻松；标签：五险一金 / 五险 / 包住 / 包吃；薪资：4500-5000元/月,未注明,,58同城,2026-09-24 23:27:34,411327,社旗县,南阳市,2024-2026,58_社旗县_2024_2026.csv
2687,刘女士,修车达人缺你不可速来加盟,南阳市,其他-社旗,8600.0,13900.0,岗位：修车达人缺你不可速来加盟；标签：五险一金 / 包吃 / 包住 / 年底双薪；薪资：8600-13900元/月,未注明,,58同城,2026-09-24 23:27:34,411327,社旗县,南阳市,2024-2026,58_社旗县_2024_2026.csv
2688,白先生,修车达人缺你不可速来加盟,南阳市,其他-社旗,8600.0,13900.0,岗位：修车达人缺你不可速来加盟；标签：五险一金 / 包吃 / 包住 / 年底双薪；薪资：8600-13900元/月,未注明,,58同城,2026-09-24 23:27:34,411327,社旗县,南阳市,2024-2026,58_社旗县_2024_2026.csv
2689,闫先生,岗亭保安有空调吃住免费,南阳市,南阳,5500.0,6000.0,岗位：岗亭保安有空调吃住免费；标签：包住 / 包吃 / 加班补助；薪资：5500-6000元/月,未注明,,58同城,2026-09-24 23:27:45,411327,社旗县,南阳市,2024-2026,58_社旗县_2024_2026.csv
2690,梅森,销售推广员,南阳市,其他-南召,2000.0,2500.0,岗位：销售推广员；标签：招2人 / 经验不限 / 学历不限；薪资：2000-2500元/月,学历不限,2.0,58同城,2026-09-24 23:27:45,411327,社旗县,南阳市,2024-2026,58_社旗县_2024_2026.csv
2691,魏经理,恒方广场双休话务员 小程序,南阳市,宛城-医圣祠,3500.0,6000.0,岗位：恒方广场双休话务员 小程序；标签：五险一金 / 周末双休；薪资：3500-6000元/月,未注明,,58同城,2026-09-24 23:27:45,411327,社旗县,南阳市,2024-2026,58_社旗县_2024_2026.csv
2692,鲁同学爱滑冰,机电维修工,南阳市,南阳-淅川,3500.0,5500.0,岗位：机电维修工；标签：五险 / 包吃 / 包住 / 饭补；薪资：3500-5500元/月,未注明,,58同城,2026-09-24 23:27:45,411327,社旗县,南阳市,2024-2026,58_社旗县_2024_2026.csv
2693,原谷原麦南阳区域,信臣路三杰盛世城招聘店员,南阳市,卧龙-卧龙城区,3500.0,4000.0,岗位：信臣路三杰盛世城招聘店员；标签：包吃；薪资：3500-4000元/月,未注明,,58同城,2026-09-24 23:27:45,411327,社旗县,南阳市,2024-2026,58_社旗县_2024_2026.csv
2694,王先生,小区保安可带手机工作轻松,南阳市,南阳-卧龙,5500.0,6000.0,岗位：小区保安可带手机工作轻松；标签：五险 / 包住 / 包吃 / 加班补助；薪资：5500-6000元/月,未注明,,58同城,2026-09-24 23:27:45,411327,社旗县,南阳市,2024-2026,58_社旗县_2024_2026.csv
2695,王先生,德又德旗舰店招熬粥师傅,南阳市,卧龙-新华城市广场,3000.0,4500.0,岗位：德又德旗舰店招熬粥师傅；标签：包吃 / 年底双薪 / 加班补助；薪资：3000-4500元/月,未注明,,58同城,2026-09-24 23:27:45,411327,社旗县,南阳市,2024-2026,58_社旗县_2024_2026.csv
2696,穆立涛,诚聘无人机/学徒工,南阳市,其他-西峡,3000.0,4500.0,岗位：诚聘无人机/学徒工；标签：招1人 / 经验不限 / 学历不限；薪资：3000-4500元/月,学历不限,1.0,58同城,2026-09-24 23:27:45,411327,社旗县,南阳市,2024-2026,58_社旗县_2024_2026.csv
2697,芦博士想提示,客服专员/助理,南阳市,其他-西峡,2000.0,7000.0,岗位：客服专员/助理；标签：经验不限 / 学历不限；薪资：2000-7000元/月,学历不限,,58同城,2026-09-24 23:27:45,411327,社旗县,南阳市,2024-2026,58_社旗县_2024_2026.csv
2698,招聘专员,居家采购专员兼职轻松岗位,南阳市,卧龙-卧龙城区,4300.0,5300.0,岗位：居家采购专员兼职轻松岗位；标签：五险一金；薪资：4300-5300元/月,未注明,,58同城,2026-09-24 23:27:45,411327,社旗县,南阳市,2024-2026,58_社旗县_2024_2026.csv
2699,布丁在摇晃,销售专员周末双休交通补助五险,南阳市,其他-西峡,8000.0,13000.0,岗位：销售专员周末双休交通补助五险；标签：交通补助 / 周末双休 / 五险；薪资：8000-13000元/月,未注明,,58同城,2026-09-24 23:27:45,411327,社旗县,南阳市,2024-2026,58_社旗县_2024_2026.csv
2700,聂女士,饮品店饮品师2500起,南阳市,其他-西峡,2500.0,3500.0,岗位：饮品店饮品师2500起；标签：经验1-2年 / 学历不限；薪资：2500-3500元/月,学历不限,,58同城,2026-09-24 23:27:45,411327,社旗县,南阳市,2024-2026,58_社旗县_2024_2026.csv
2701,用户43844,客服专员/助理,南阳市,其他-南召,3500.0,5500.0,岗位：客服专员/助理；标签：招6人 / 经验不限 / 学历不限；薪资：3500-5500元/月,学历不限,6.0,58同城,2026-09-24 23:27:45,411327,社旗县,南阳市,2024-2026,58_社旗县_2024_2026.csv
2702,wuwxa13ro,镇平县鑫运来珠宝店店员/营业员3k起,南阳市,南阳-镇平,3000.0,5000.0,岗位：镇平县鑫运来珠宝店店员/营业员3k起；标签：经验不限 / 学历高中；薪资：3000-5000元/月,高中,,58同城,2026-09-24 23:27:45,411327,社旗县,南阳市,2024-2026,58_社旗县_2024_2026.csv
2703,毛赟,南召县天麒二手车销售有限公司/二手车销售,南阳市,其他-南召,2000.0,10000.0,岗位：南召县天麒二手车销售有限公司/二手车销售；标签：加班补助；薪资：2000-10000元/月,未注明,,58同城,2026-09-24 23:27:45,411327,社旗县,南阳市,2024-2026,58_社旗县_2024_2026.csv
2704,于老板要吃肉,汽车销售服务公司内勤包住包吃五险,南阳市,其他-西峡,2500.0,4500.0,岗位：汽车销售服务公司内勤包住包吃五险；标签：五险 / 包住 / 包吃 / 加班补助；薪资：2500-4500元/月,未注明,,58同城,2026-09-24 23:27:45,411327,社旗县,南阳市,2024-2026,58_社旗县_2024_2026.csv
2705,雨中漂荡的回忆,中餐厅炒菜师傅4k起,南阳市,其他-南召,4000.0,4500.0,岗位：中餐厅炒菜师傅4k起；标签：经验3-5年 / 学历不限；薪资：4000-4500元/月,学历不限,,58同城,2026-09-24 23:27:45,411327,社旗县,南阳市,2024-2026,58_社旗县_2024_2026.csv
2706,飘逸潇洒都师傅D,中餐厅厨师/学历经验不限,南阳市,其他-南召,3000.0,5000.0,岗位：中餐厅厨师/学历经验不限；标签：经验不限 / 学历不限；薪资：3000-5000元/月,学历不限,,58同城,2026-09-24 23:27:45,411327,社旗县,南阳市,2024-2026,58_社旗县_2024_2026.csv
2707,mint,奶茶/饮品师,南阳市,南阳-方城,2500.0,4000.0,岗位：奶茶/饮品师；标签：经验不限 / 学历不限；薪资：2500-4000元/月,学历不限,,58同城,2026-09-24 23:27:45,411327,社旗县,南阳市,2024-2026,58_社旗县_2024_2026.csv
2708,招聘专员,运营五险双休兼职坐岗,南阳市,卧龙-卧龙城区,4300.0,5200.0,岗位：运营五险双休兼职坐岗；标签：五险一金；薪资：4300-5200元/月,未注明,,58同城,2026-09-24 23:27:45,411327,社旗县,南阳市,2024-2026,58_社旗县_2024_2026.csv
2709,小小淼,食品商行店员/营业员2千起,南阳市,南阳-宛城,2000.0,2500.0,岗位：食品商行店员/营业员2千起；标签：经验3-5年 / 学历不限；薪资：2000-2500元/月,学历不限,,58同城,2026-09-24 23:27:45,411327,社旗县,南阳市,2024-2026,58_社旗县_2024_2026.csv
2710,李女士,超市理货员2000起,南阳市,南阳-卧龙,2000.0,3000.0,岗位：超市理货员2000起；标签：包吃；薪资：2000-3000元/月,未注明,,58同城,2026-09-24 23:27:45,411327,社旗县,南阳市,2024-2026,58_社旗县_2024_2026.csv
2711,梁先生,社旗急聘工厂招聘喷塑工,南阳市,社旗-社旗城区,5000.0,6500.0,岗位：社旗急聘工厂招聘喷塑工；标签：加班补助；薪资：5000-6500元/月,未注明,,58同城,2026-09-24 23:27:45,411327,社旗县,南阳市,2024-2026,58_社旗县_2024_2026.csv
2712,陈先生,后厨杂工烧烤学徒,南阳市,宛城-万达坊,2000.0,2500.0,岗位：后厨杂工烧烤学徒；标签：经验不限 / 学历不限；薪资：2000-2500元/月,学历不限,,58同城,2026-09-24 23:27:45,411327,社旗县,南阳市,2024-2026,58_社旗县_2024_2026.csv
2713,不怕失败的卓老板,服务员,南阳市,其他-桐柏,2500.0,3000.0,岗位：服务员；标签：经验不限 / 学历不限；薪资：2500-3000元/月,学历不限,,58同城,2026-09-24 23:27:45,411327,社旗县,南阳市,2024-2026,58_社旗县_2024_2026.csv
2714,蝴蝶翩翩舞,餐饮收银,南阳市,南阳-内乡,2000.0,3000.0,岗位：餐饮收银；标签：经验不限 / 学历不限；薪资：2000-3000元/月,学历不限,,58同城,2026-09-24 23:27:45,411327,社旗县,南阳市,2024-2026,58_社旗县_2024_2026.csv
2715,品鸿供应链06,（社旗）往返专线C证货运司机,南阳市,南阳-社旗,6000.0,9000.0,岗位：（社旗）往返专线C证货运司机；标签：交通补助；薪资：6000-9000元/月,未注明,,58同城,2026-09-24 23:27:54,411327,社旗县,南阳市,2024-2026,58_社旗县_2024_2026.csv
2716,穿拖鞋溜达的咚咚,收银员,南阳市,社旗-社旗城区,2000.0,2500.0,岗位：收银员；标签：招3人 / 经验不限 / 学历不限；薪资：2000-2500元/月,学历不限,3.0,58同城,2026-09-24 23:27:54,411327,社旗县,南阳市,2024-2026,58_社旗县_2024_2026.csv
2717,胡女士,诚聘C本司机 小程序,南阳市,社旗-社旗城区,10000.0,11500.0,岗位：诚聘C本司机 小程序；标签：招20人 / 经验不限 / 学历不限；薪资：10000-11500元/月,学历不限,20.0,58同城,2026-09-24 23:27:54,411327,社旗县,南阳市,2024-2026,58_社旗县_2024_2026.csv
2718,折叠桌,社旗急聘直播运营,南阳市,社旗-社旗城区,3000.0,6000.0,岗位：社旗急聘直播运营；标签：饭补；薪资：3000-6000元/月,未注明,,58同城,2026-09-24 23:27:54,411327,社旗县,南阳市,2024-2026,58_社旗县_2024_2026.csv
2719,折叠桌,社旗急聘电商运营,南阳市,社旗-社旗城区,4000.0,6000.0,岗位：社旗急聘电商运营；标签：招3人 / 经验3-5年 / 学历高中；薪资：4000-6000元/月,高中,3.0,58同城,2026-09-24 23:27:54,411327,社旗县,南阳市,2024-2026,58_社旗县_2024_2026.csv
2720,想写诗的笔尖,仓库管理会电脑月六千,南阳市,社旗-社旗城区,5000.0,8000.0,岗位：仓库管理会电脑月六千；标签：五险一金 / 包吃 / 包住 / 周末双休；薪资：5000-8000元/月,未注明,,58同城,2026-09-24 23:27:54,411327,社旗县,南阳市,2024-2026,58_社旗县_2024_2026.csv
2721,品鸿供应链01,（社旗）往返专线C证货运司机,南阳市,南阳-社旗,5500.0,6200.0,岗位：（社旗）往返专线C证货运司机；标签：交通补助；薪资：5500-6200元/月,未注明,,58同城,2026-09-24 23:27:54,411327,社旗县,南阳市,2024-2026,58_社旗县_2024_2026.csv
2722,趙明彤,服装店员/店员3000起,南阳市,社旗-社旗城区,3000.0,5000.0,岗位：服装店员/店员3000起；标签：招5人 / 经验不限 / 学历不限；薪资：3000-5000元/月,学历不限,5.0,58同城,2026-09-24 23:27:54,411327,社旗县,南阳市,2024-2026,58_社旗县_2024_2026.csv
2723,赵先生,社旗县小米之家门店店长,南阳市,社旗-社旗城区,4000.0,6000.0,岗位：社旗县小米之家门店店长；标签：五险一金 / 饭补；薪资：4000-6000元/月,未注明,,58同城,2026-09-24 23:27:54,411327,社旗县,南阳市,2024-2026,58_社旗县_2024_2026.csv
2724,趙明彤,服装店员/营业员4k起,南阳市,社旗-社旗城区,4000.0,5000.0,岗位：服装店员/营业员4k起；标签：招1人 / 经验1-2年 / 学历不限；薪资：4000-5000元/月,学历不限,1.0,58同城,2026-09-24 23:27:54,411327,社旗县,南阳市,2024-2026,58_社旗县_2024_2026.csv
2725,折叠桌,急聘/财务会计,南阳市,社旗-社旗城区,3000.0,4000.0,岗位：急聘/财务会计；标签：招3人 / 经验3-5年 / 学历高中；薪资：3000-4000元/月,高中,3.0,58同城,2026-09-24 23:27:54,411327,社旗县,南阳市,2024-2026,58_社旗县_2024_2026.csv
2726,李先生,社旗县大先生男生美容美发店/美发前台/3,南阳市,社旗-社旗城区,3000.0,5000.0,岗位：社旗县大先生男生美容美发店/美发前台/3；标签：经验不限 / 学历不限；薪资：3000-5000元/月,学历不限,,58同城,2026-09-24 23:27:54,411327,社旗县,南阳市,2024-2026,58_社旗县_2024_2026.csv
2727,收集云朵的梦梦,小吃店服务员学历不限,南阳市,社旗-社旗城区,2000.0,3000.0,岗位：小吃店服务员学历不限；标签：包吃；薪资：2000-3000元/月,未注明,,58同城,2026-09-24 23:27:54,411327,社旗县,南阳市,2024-2026,58_社旗县_2024_2026.csv
2728,张女士,农牧公司园艺师/园艺勤杂工包吃包住,南阳市,南阳-社旗,2500.0,4000.0,岗位：农牧公司园艺师/园艺勤杂工包吃包住；标签：包住 / 包吃；薪资：2500-4000元/月,未注明,,58同城,2026-09-24 23:27:54,411327,社旗县,南阳市,2024-2026,58_社旗县_2024_2026.csv
2729,追着云朵跑的风,配送公司货运司机8k起,南阳市,社旗-社旗城区,8000.0,11000.0,岗位：配送公司货运司机8k起；标签：招10人 / 经验不限 / 学历不限；薪资：8000-11000元/月,学历不限,10.0,58同城,2026-09-24 23:27:54,411327,社旗县,南阳市,2024-2026,58_社旗县_2024_2026.csv
2730,爱倾听de梅师傅,急招双休产品培训经理,南阳市,社旗-社旗城区,3000.0,10000.0,岗位：急招双休产品培训经理；标签：周末双休；薪资：3000-10000元/月,未注明,,58同城,2026-09-24 23:27:54,411327,社旗县,南阳市,2024-2026,58_社旗县_2024_2026.csv
2731,李博,农业技术员/五险交通补助饭补,南阳市,南阳-社旗,4000.0,10000.0,岗位：农业技术员/五险交通补助饭补；标签：五险 / 包住 / 包吃 / 交通补助；薪资：4000-10000元/月,未注明,,58同城,2026-09-24 23:27:54,411327,社旗县,南阳市,2024-2026,58_社旗县_2024_2026.csv
2732,耿先生,急招C1本司机,南阳市,社旗-社旗城区,10000.0,11500.0,岗位：急招C1本司机；标签：招20人 / 经验不限 / 学历不限；薪资：10000-11500元/月,学历不限,20.0,58同城,2026-09-24 23:27:54,411327,社旗县,南阳市,2024-2026,58_社旗县_2024_2026.csv
2733,爱听故事的悠悠,文员电商入职五险一金,南阳市,南阳-社旗,5000.0,7000.0,岗位：文员电商入职五险一金；标签：五险一金 / 包吃 / 包住 / 年底双薪；薪资：5000-7000元/月,未注明,,58同城,2026-09-24 23:27:54,411327,社旗县,南阳市,2024-2026,58_社旗县_2024_2026.csv
2734,任女士,8小时坐岗保安可带朋友,南阳市,社旗-社旗城区,4500.0,5000.0,岗位：8小时坐岗保安可带朋友；标签：五险一金 / 五险 / 包住 / 包吃；薪资：4500-5000元/月,未注明,,58同城,2026-09-24 23:27:54,411327,社旗县,南阳市,2024-2026,58_社旗县_2024_2026.csv
2735,用户79468,修理厂汽车维修包吃包住,南阳市,南阳-社旗,3000.0,7000.0,岗位：修理厂汽车维修包吃包住；标签：包住 / 包吃；薪资：3000-7000元/月,未注明,,58同城,2026-09-24 23:27:54,411327,社旗县,南阳市,2024-2026,58_社旗县_2024_2026.csv
2736,想写诗的笔尖,仓库管理会电脑月六千 小程序,南阳市,社旗-社旗城区,5000.0,8000.0,岗位：仓库管理会电脑月六千 小程序；标签：五险一金 / 包吃 / 包住 / 周末双休；薪资：5000-8000元/月,未注明,,58同城,2026-09-24 23:29:21,411327,社旗县,南阳市,2024-2026,58_社旗县_2024_2026.csv
2737,,恩佳食品销售店·外卖 服务区域：社旗、镇平,南阳市,社旗县,,,岗位：恩佳食品销售店·外卖 服务区域：社旗、镇平,未注明,,58同城,2026-09-24 23:30:34,411327,社旗县,南阳市,2024-2026,58_社旗县_2024_2026.csv
2738,,宛州食铺·美食 服务区域：社旗、邓州、油田、新野、西峡...,南阳市,社旗县,,,岗位：宛州食铺·美食 服务区域：社旗、邓州、油田、新野、西峡...,未注明,,58同城,2026-09-24 23:30:34,411327,社旗县,南阳市,2024-2026,58_社旗县_2024_2026.csv
2739,王先生,招清闲坐岗保安就近安排,南阳市,南阳-唐河,5000.0,6000.0,岗位：招清闲坐岗保安就近安排；标签：五险 / 包住 / 包吃；薪资：5000-6000元/月,未注明,,58同城,2026-09-24 23:30:50,411328,唐河县,南阳市,2024-2026,58_唐河县_2024_2026.csv
2740,用户60311,网络/聊天客服,南阳市,南阳-唐河,3000.0,8000.0,岗位：网络/聊天客服；标签：招10人 / 经验不限 / 学历不限；薪资：3000-8000元/月,学历不限,10.0,58同城,2026-09-24 23:30:50,411328,唐河县,南阳市,2024-2026,58_唐河县_2024_2026.csv
2741,阴先生,舞台演员/包住房补饭补 小程序,南阳市,南阳-唐河,4000.0,8000.0,岗位：舞台演员/包住房补饭补 小程序；标签：包住 / 年底双薪 / 周末双休 / 加班补助；薪资：4000-8000元/月,未注明,,58同城,2026-09-24 23:30:50,411328,唐河县,南阳市,2024-2026,58_唐河县_2024_2026.csv
2742,用户80563,菲斯曼地暖器材店视频剪辑2800起,南阳市,南阳-唐河,3000.0,6000.0,岗位：菲斯曼地暖器材店视频剪辑2800起；标签：经验不限 / 学历不限；薪资：3000-6000元/月,学历不限,,58同城,2026-09-24 23:30:50,411328,唐河县,南阳市,2024-2026,58_唐河县_2024_2026.csv
2743,小桥流水的倒影,火锅店服务员2500起,南阳市,南阳-唐河,2000.0,3500.0,岗位：火锅店服务员2500起；标签：招1人 / 经验不限 / 学历不限；薪资：2000-3500元/月,学历不限,1.0,58同城,2026-09-24 23:30:50,411328,唐河县,南阳市,2024-2026,58_唐河县_2024_2026.csv
2744,荣弘家具有限公司,唐河家具店营业员4千起,南阳市,南阳-唐河,4000.0,6000.0,岗位：唐河家具店营业员4千起；标签：招4人 / 经验1-2年 / 学历不限；薪资：4000-6000元/月,学历不限,4.0,58同城,2026-09-24 23:30:50,411328,唐河县,南阳市,2024-2026,58_唐河县_2024_2026.csv
2745,蔡先生,诊所小儿推拿师学历不限,南阳市,南阳-唐河,2500.0,4500.0,岗位：诊所小儿推拿师学历不限；标签：经验3-5年 / 学历不限；薪资：2500-4500元/月,学历不限,,58同城,2026-09-24 23:30:50,411328,唐河县,南阳市,2024-2026,58_唐河县_2024_2026.csv
2746,招聘专员,汽车销售部/汽车销售3千起,南阳市,南阳-唐河,3000.0,5000.0,岗位：汽车销售部/汽车销售3千起；标签：经验不限 / 学历不限；薪资：3000-5000元/月,学历不限,,58同城,2026-09-24 23:30:50,411328,唐河县,南阳市,2024-2026,58_唐河县_2024_2026.csv
2747,用户81725,美体师3000起,南阳市,南阳-唐河,3000.0,8000.0,岗位：美体师3000起；标签：招1人 / 经验1-2年 / 学历不限；薪资：3000-8000元/月,学历不限,1.0,58同城,2026-09-24 23:30:50,411328,唐河县,南阳市,2024-2026,58_唐河县_2024_2026.csv
2748,用户94593,餐厅餐饮收银/免费工服包吃,南阳市,南阳-唐河,2500.0,4500.0,岗位：餐厅餐饮收银/免费工服包吃；标签：包吃；薪资：2500-4500元/月,未注明,,58同城,2026-09-24 23:30:50,411328,唐河县,南阳市,2024-2026,58_唐河县_2024_2026.csv
2749,陈海群,缝纫工包住包吃,南阳市,南阳-唐河,2500.0,4500.0,岗位：缝纫工包住包吃；标签：包住 / 包吃；薪资：2500-4500元/月,未注明,,58同城,2026-09-24 23:30:50,411328,唐河县,南阳市,2024-2026,58_唐河县_2024_2026.csv
2750,非常壮观_温老板,餐厅收银员/前台收银员工作时间灵活,南阳市,南阳-唐河,2500.0,3000.0,岗位：餐厅收银员/前台收银员工作时间灵活；标签：包吃；薪资：2500-3000元/月,未注明,,58同城,2026-09-24 23:30:50,411328,唐河县,南阳市,2024-2026,58_唐河县_2024_2026.csv
2751,欢喜,餐厅驻唱歌手3千起,南阳市,南阳-唐河,3000.0,5000.0,岗位：餐厅驻唱歌手3千起；标签：包吃；薪资：3000-5000元/月,未注明,,58同城,2026-09-24 23:30:50,411328,唐河县,南阳市,2024-2026,58_唐河县_2024_2026.csv
2752,高先生,督导/巡店4000起,南阳市,唐河-唐河城区,4000.0,6000.0,岗位：督导/巡店4000起；标签：招1人 / 经验不限 / 学历不限；薪资：4000-6000元/月,学历不限,1.0,58同城,2026-09-24 23:30:50,411328,唐河县,南阳市,2024-2026,58_唐河县_2024_2026.csv
2753,大白,南阳房宛士建设科技有限公司/销售专员/3,南阳市,唐河-唐河城区,3500.0,7500.0,岗位：南阳房宛士建设科技有限公司/销售专员/3；标签：交通补助；薪资：3500-7500元/月,未注明,,58同城,2026-09-24 23:30:50,411328,唐河县,南阳市,2024-2026,58_唐河县_2024_2026.csv
2754,58用户,唐河县汇炬财税服务有限公司财务专员周末双,南阳市,南阳-唐河,2500.0,4500.0,岗位：唐河县汇炬财税服务有限公司财务专员周末双；标签：周末双休 / 加班补助；薪资：2500-4500元/月,未注明,,58同城,2026-09-24 23:30:50,411328,唐河县,南阳市,2024-2026,58_唐河县_2024_2026.csv
2755,萤火虫亮晶晶,美容师,南阳市,南阳-唐河,4000.0,6000.0,岗位：美容师；标签：经验不限 / 学历不限；薪资：4000-6000元/月,学历不限,,58同城,2026-09-24 23:30:50,411328,唐河县,南阳市,2024-2026,58_唐河县_2024_2026.csv
2756,W,南阳助福农业科技有限公司/成本会计包住包,南阳市,南阳-唐河,3500.0,5000.0,岗位：南阳助福农业科技有限公司/成本会计包住包；标签：包住 / 包吃；薪资：3500-5000元/月,未注明,,58同城,2026-09-24 23:30:50,411328,唐河县,南阳市,2024-2026,58_唐河县_2024_2026.csv
2757,入戏太深6079,餐饮店店员2400起,南阳市,唐河-唐河城区,2400.0,2600.0,岗位：餐饮店店员2400起；标签：包吃；薪资：2400-2600元/月,未注明,,58同城,2026-09-24 23:30:50,411328,唐河县,南阳市,2024-2026,58_唐河县_2024_2026.csv
2758,李经理,汽车洗车美容工,南阳市,唐河-唐河城区,3000.0,6000.0,岗位：汽车洗车美容工；标签：包住 / 包吃；薪资：3000-6000元/月,未注明,,58同城,2026-09-24 23:30:50,411328,唐河县,南阳市,2024-2026,58_唐河县_2024_2026.csv
2759,招聘专员,甜品/烘焙店蛋糕/裱花师学历经验不限,南阳市,唐河-唐河城区,2000.0,3000.0,岗位：甜品/烘焙店蛋糕/裱花师学历经验不限；标签：招1人 / 经验不限 / 学历不限；薪资：2000-3000元/月,学历不限,1.0,58同城,2026-09-24 23:30:50,411328,唐河县,南阳市,2024-2026,58_唐河县_2024_2026.csv
2760,周女士,8小时保安，坐岗无压力,南阳市,南阳-唐河,4500.0,5000.0,岗位：8小时保安，坐岗无压力；标签：五险 / 包住 / 包吃 / 年底双薪；薪资：4500-5000元/月,未注明,,58同城,2026-09-24 23:30:50,411328,唐河县,南阳市,2024-2026,58_唐河县_2024_2026.csv
2761,趁早,电话销售,南阳市,南阳-唐河,4000.0,5000.0,岗位：电话销售；标签：经验不限 / 学历不限；薪资：4000-5000元/月,学历不限,,58同城,2026-09-24 23:30:50,411328,唐河县,南阳市,2024-2026,58_唐河县_2024_2026.csv
2762,潘女士,纸盒厂普工300/天日结全坐班0费用入职,南阳市,南阳-唐河,8000.0,8500.0,岗位：纸盒厂普工300/天日结全坐班0费用入职；标签：五险一金 / 包吃 / 话补 / 房补；薪资：8000-8500元/月,未注明,,58同城,2026-09-24 23:30:50,411328,唐河县,南阳市,2024-2026,58_唐河县_2024_2026.csv
2763,陈先生,小区保安巡逻坐岗包吃住,南阳市,唐河-唐河城区,4500.0,5000.0,岗位：小区保安巡逻坐岗包吃住；标签：五险 / 包住 / 包吃 / 加班补助；薪资：4500-5000元/月,未注明,,58同城,2026-09-24 23:30:50,411328,唐河县,南阳市,2024-2026,58_唐河县_2024_2026.csv
2764,乔乔,美甲师,南阳市,唐河-唐河城区,3000.0,6000.0,岗位：美甲师；标签：包住 / 饭补；薪资：3000-6000元/月,未注明,,58同城,2026-09-24 23:30:50,411328,唐河县,南阳市,2024-2026,58_唐河县_2024_2026.csv
2765,祝女士,玩具厂普工坐班为主日结290元直接入职,南阳市,唐河-唐河城区,8000.0,8500.0,岗位：玩具厂普工坐班为主日结290元直接入职；标签：五险一金 / 房补 / 五险 / 包住；薪资：8000-8500元/月,未注明,,58同城,2026-09-24 23:30:50,411328,唐河县,南阳市,2024-2026,58_唐河县_2024_2026.csv
2766,MrBeard,5000直聘保安管吃住五险一金不压工资,南阳市,南阳-唐河,4500.0,5000.0,岗位：5000直聘保安管吃住五险一金不压工资；标签：五险一金 / 包住 / 包吃 / 年底双薪；薪资：4500-5000元/月,未注明,,58同城,2026-09-24 23:30:50,411328,唐河县,南阳市,2024-2026,58_唐河县_2024_2026.csv
2767,商总爱游泳,诚聘唐河城区副食送货C证司机,南阳市,南阳-唐河,4500.0,6000.0,岗位：诚聘唐河城区副食送货C证司机；标签：招2人 / 经验不限 / 学历高中；薪资：4500-6000元/月,高中,2.0,58同城,2026-09-24 23:30:50,411328,唐河县,南阳市,2024-2026,58_唐河县_2024_2026.csv
2768,用户17560,唐河诚聘后厨包住包吃,南阳市,南阳-唐河,2500.0,3000.0,岗位：唐河诚聘后厨包住包吃；标签：包住 / 包吃；薪资：2500-3000元/月,未注明,,58同城,2026-09-24 23:30:50,411328,唐河县,南阳市,2024-2026,58_唐河县_2024_2026.csv
2769,闫先生,岗亭保安有空调吃住免费,南阳市,南阳,5500.0,6000.0,岗位：岗亭保安有空调吃住免费；标签：包住 / 包吃 / 加班补助；薪资：5500-6000元/月,未注明,,58同城,2026-09-24 23:30:54,411328,唐河县,南阳市,2024-2026,58_唐河县_2024_2026.csv
2770,梅森,销售推广员,南阳市,其他-南召,2000.0,2500.0,岗位：销售推广员；标签：招2人 / 经验不限 / 学历不限；薪资：2000-2500元/月,学历不限,2.0,58同城,2026-09-24 23:30:54,411328,唐河县,南阳市,2024-2026,58_唐河县_2024_2026.csv
2771,魏经理,恒方广场双休话务员 小程序,南阳市,宛城-医圣祠,3500.0,6000.0,岗位：恒方广场双休话务员 小程序；标签：五险一金 / 周末双休；薪资：3500-6000元/月,未注明,,58同城,2026-09-24 23:30:54,411328,唐河县,南阳市,2024-2026,58_唐河县_2024_2026.csv
2772,婷婷想踩小兴匡威,台球厅娱乐场所店员2000起,南阳市,其他-社旗,2000.0,3000.0,岗位：台球厅娱乐场所店员2000起；标签：经验不限 / 学历不限；薪资：2000-3000元/月,学历不限,,58同城,2026-09-24 23:30:54,411328,唐河县,南阳市,2024-2026,58_唐河县_2024_2026.csv
2773,万群机械,社旗急聘会计-,南阳市,其他-社旗,3000.0,4500.0,岗位：社旗急聘会计-；标签：包住 / 包吃；薪资：3000-4500元/月,未注明,,58同城,2026-09-24 23:30:54,411328,唐河县,南阳市,2024-2026,58_唐河县_2024_2026.csv
2774,鲁同学爱滑冰,机电维修工,南阳市,南阳-淅川,3500.0,5500.0,岗位：机电维修工；标签：五险 / 包吃 / 包住 / 饭补；薪资：3500-5500元/月,未注明,,58同城,2026-09-24 23:30:54,411328,唐河县,南阳市,2024-2026,58_唐河县_2024_2026.csv
2775,原谷原麦南阳区域,信臣路三杰盛世城招聘店员,南阳市,卧龙-卧龙城区,3500.0,4000.0,岗位：信臣路三杰盛世城招聘店员；标签：包吃；薪资：3500-4000元/月,未注明,,58同城,2026-09-24 23:30:54,411328,唐河县,南阳市,2024-2026,58_唐河县_2024_2026.csv
2776,王先生,小区保安可带手机工作轻松,南阳市,南阳-卧龙,5500.0,6000.0,岗位：小区保安可带手机工作轻松；标签：五险 / 包住 / 包吃 / 加班补助；薪资：5500-6000元/月,未注明,,58同城,2026-09-24 23:30:54,411328,唐河县,南阳市,2024-2026,58_唐河县_2024_2026.csv
2777,王先生,德又德旗舰店招熬粥师傅,南阳市,卧龙-新华城市广场,3000.0,4500.0,岗位：德又德旗舰店招熬粥师傅；标签：包吃 / 年底双薪 / 加班补助；薪资：3000-4500元/月,未注明,,58同城,2026-09-24 23:30:54,411328,唐河县,南阳市,2024-2026,58_唐河县_2024_2026.csv
2778,穆立涛,诚聘无人机/学徒工,南阳市,其他-西峡,3000.0,4500.0,岗位：诚聘无人机/学徒工；标签：招1人 / 经验不限 / 学历不限；薪资：3000-4500元/月,学历不限,1.0,58同城,2026-09-24 23:30:54,411328,唐河县,南阳市,2024-2026,58_唐河县_2024_2026.csv
2779,芦博士想提示,客服专员/助理,南阳市,其他-西峡,2000.0,7000.0,岗位：客服专员/助理；标签：经验不限 / 学历不限；薪资：2000-7000元/月,学历不限,,58同城,2026-09-24 23:30:54,411328,唐河县,南阳市,2024-2026,58_唐河县_2024_2026.csv
2780,十里不成书,门店店长,南阳市,其他-社旗,4000.0,10000.0,岗位：门店店长；标签：招2人 / 经验不限 / 学历不限；薪资：4000-10000元/月,学历不限,2.0,58同城,2026-09-24 23:30:54,411328,唐河县,南阳市,2024-2026,58_唐河县_2024_2026.csv
2781,招聘专员,居家采购专员兼职轻松岗位,南阳市,卧龙-卧龙城区,4300.0,5300.0,岗位：居家采购专员兼职轻松岗位；标签：五险一金；薪资：4300-5300元/月,未注明,,58同城,2026-09-24 23:30:54,411328,唐河县,南阳市,2024-2026,58_唐河县_2024_2026.csv
2782,布丁在摇晃,销售专员周末双休交通补助五险,南阳市,其他-西峡,8000.0,13000.0,岗位：销售专员周末双休交通补助五险；标签：交通补助 / 周末双休 / 五险；薪资：8000-13000元/月,未注明,,58同城,2026-09-24 23:30:54,411328,唐河县,南阳市,2024-2026,58_唐河县_2024_2026.csv
2783,聂女士,饮品店饮品师2500起,南阳市,其他-西峡,2500.0,3500.0,岗位：饮品店饮品师2500起；标签：经验1-2年 / 学历不限；薪资：2500-3500元/月,学历不限,,58同城,2026-09-24 23:30:54,411328,唐河县,南阳市,2024-2026,58_唐河县_2024_2026.csv
2784,用户43844,客服专员/助理,南阳市,其他-南召,3500.0,5500.0,岗位：客服专员/助理；标签：招6人 / 经验不限 / 学历不限；薪资：3500-5500元/月,学历不限,6.0,58同城,2026-09-24 23:30:54,411328,唐河县,南阳市,2024-2026,58_唐河县_2024_2026.csv
2785,wuwxa13ro,镇平县鑫运来珠宝店店员/营业员3k起,南阳市,南阳-镇平,3000.0,5000.0,岗位：镇平县鑫运来珠宝店店员/营业员3k起；标签：经验不限 / 学历高中；薪资：3000-5000元/月,高中,,58同城,2026-09-24 23:30:54,411328,唐河县,南阳市,2024-2026,58_唐河县_2024_2026.csv
2786,毛赟,南召县天麒二手车销售有限公司/二手车销售,南阳市,其他-南召,2000.0,10000.0,岗位：南召县天麒二手车销售有限公司/二手车销售；标签：加班补助；薪资：2000-10000元/月,未注明,,58同城,2026-09-24 23:30:54,411328,唐河县,南阳市,2024-2026,58_唐河县_2024_2026.csv
2787,于老板要吃肉,汽车销售服务公司内勤包住包吃五险,南阳市,其他-西峡,2500.0,4500.0,岗位：汽车销售服务公司内勤包住包吃五险；标签：五险 / 包住 / 包吃 / 加班补助；薪资：2500-4500元/月,未注明,,58同城,2026-09-24 23:30:54,411328,唐河县,南阳市,2024-2026,58_唐河县_2024_2026.csv
2788,雨中漂荡的回忆,中餐厅炒菜师傅4k起,南阳市,其他-南召,4000.0,4500.0,岗位：中餐厅炒菜师傅4k起；标签：经验3-5年 / 学历不限；薪资：4000-4500元/月,学历不限,,58同城,2026-09-24 23:30:54,411328,唐河县,南阳市,2024-2026,58_唐河县_2024_2026.csv
2789,飘逸潇洒都师傅D,中餐厅厨师/学历经验不限,南阳市,其他-南召,3000.0,5000.0,岗位：中餐厅厨师/学历经验不限；标签：经验不限 / 学历不限；薪资：3000-5000元/月,学历不限,,58同城,2026-09-24 23:30:54,411328,唐河县,南阳市,2024-2026,58_唐河县_2024_2026.csv
2790,mint,奶茶/饮品师,南阳市,南阳-方城,2500.0,4000.0,岗位：奶茶/饮品师；标签：经验不限 / 学历不限；薪资：2500-4000元/月,学历不限,,58同城,2026-09-24 23:30:54,411328,唐河县,南阳市,2024-2026,58_唐河县_2024_2026.csv
2791,招聘专员,运营五险双休兼职坐岗,南阳市,卧龙-卧龙城区,4300.0,5200.0,岗位：运营五险双休兼职坐岗；标签：五险一金；薪资：4300-5200元/月,未注明,,58同城,2026-09-24 23:30:54,411328,唐河县,南阳市,2024-2026,58_唐河县_2024_2026.csv
2792,小小淼,食品商行店员/营业员2千起,南阳市,南阳-宛城,2000.0,2500.0,岗位：食品商行店员/营业员2千起；标签：经验3-5年 / 学历不限；薪资：2000-2500元/月,学历不限,,58同城,2026-09-24 23:30:54,411328,唐河县,南阳市,2024-2026,58_唐河县_2024_2026.csv
2793,李女士,超市理货员2000起,南阳市,南阳-卧龙,2000.0,3000.0,岗位：超市理货员2000起；标签：包吃；薪资：2000-3000元/月,未注明,,58同城,2026-09-24 23:30:54,411328,唐河县,南阳市,2024-2026,58_唐河县_2024_2026.csv
2794,梁先生,社旗急聘工厂招聘喷塑工,南阳市,社旗-社旗城区,5000.0,6500.0,岗位：社旗急聘工厂招聘喷塑工；标签：加班补助；薪资：5000-6500元/月,未注明,,58同城,2026-09-24 23:30:54,411328,唐河县,南阳市,2024-2026,58_唐河县_2024_2026.csv
2795,陈先生,后厨杂工烧烤学徒,南阳市,宛城-万达坊,2000.0,2500.0,岗位：后厨杂工烧烤学徒；标签：经验不限 / 学历不限；薪资：2000-2500元/月,学历不限,,58同城,2026-09-24 23:30:54,411328,唐河县,南阳市,2024-2026,58_唐河县_2024_2026.csv
2796,不怕失败的卓老板,服务员,南阳市,其他-桐柏,2500.0,3000.0,岗位：服务员；标签：经验不限 / 学历不限；薪资：2500-3000元/月,学历不限,,58同城,2026-09-24 23:30:54,411328,唐河县,南阳市,2024-2026,58_唐河县_2024_2026.csv
2797,张女士,社旗县景旗假日酒店前台,南阳市,其他-社旗,2200.0,3000.0,岗位：社旗县景旗假日酒店前台；标签：包吃 / 加班补助；薪资：2200-3000元/月,未注明,,58同城,2026-09-24 23:30:54,411328,唐河县,南阳市,2024-2026,58_唐河县_2024_2026.csv
2798,蝴蝶翩翩舞,餐饮收银,南阳市,南阳-内乡,2000.0,3000.0,岗位：餐饮收银；标签：经验不限 / 学历不限；薪资：2000-3000元/月,学历不限,,58同城,2026-09-24 23:30:54,411328,唐河县,南阳市,2024-2026,58_唐河县_2024_2026.csv
2799,用户60311,网络/聊天客服 小程序,南阳市,南阳-唐河,3000.0,8000.0,岗位：网络/聊天客服 小程序；标签：招10人 / 经验不限 / 学历不限；薪资：3000-8000元/月,学历不限,10.0,58同城,2026-09-24 23:31:41,411328,唐河县,南阳市,2024-2026,58_唐河县_2024_2026.csv
2800,胡女士,诚聘货运司机短途往返,南阳市,南阳-唐河,10000.0,11500.0,岗位：诚聘货运司机短途往返；标签：招20人 / 经验不限 / 学历不限；薪资：10000-11500元/月,学历不限,20.0,58同城,2026-09-24 23:32:02,411328,唐河县,南阳市,2024-2026,58_唐河县_2024_2026.csv
2801,追着云朵跑的风,配送公司货运司机无需装卸8k起,南阳市,南阳-唐河,8000.0,10000.0,岗位：配送公司货运司机无需装卸8k起；标签：招10人 / 经验不限 / 学历不限；薪资：8000-10000元/月,学历不限,10.0,58同城,2026-09-24 23:32:02,411328,唐河县,南阳市,2024-2026,58_唐河县_2024_2026.csv
2802,商总爱游泳,诚聘唐河本地c证送货司机,南阳市,南阳-唐河,4500.0,5000.0,岗位：诚聘唐河本地c证送货司机；标签：招3人 / 经验不限 / 学历高中；薪资：4500-5000元/月,高中,3.0,58同城,2026-09-24 23:32:06,411328,唐河县,南阳市,2024-2026,58_唐河县_2024_2026.csv
2803,人事部,仓储台账文员资料整理/五险双休,南阳市,唐河-唐河城区,7000.0,9000.0,岗位：仓储台账文员资料整理/五险双休；标签：五险一金 / 包吃 / 包住 / 周末双休；薪资：7000-9000元/月,未注明,,58同城,2026-09-24 23:32:26,411328,唐河县,南阳市,2024-2026,58_唐河县_2024_2026.csv
2804,,南阳宏豫商贸租车有限公司·租车 服务区域：卧龙、宛城、唐河、方城、镇平...,南阳市,唐河县,,,岗位：南阳宏豫商贸租车有限公司·租车 服务区域：卧龙、宛城、唐河、方城、镇平...,未注明,,58同城,2026-09-24 23:33:36,411328,唐河县,南阳市,2024-2026,58_唐河县_2024_2026.csv
2805,,恩佳食品销售店·外卖 服务区域：宛城、唐河,南阳市,唐河县,,,岗位：恩佳食品销售店·外卖 服务区域：宛城、唐河,未注明,,58同城,2026-09-24 23:33:36,411328,唐河县,南阳市,2024-2026,58_唐河县_2024_2026.csv
2806,,信丰县百家福餐饮店（个体工商户）·外卖 服务区域：卧龙、宛城、唐河、邓州、方城...,南阳市,唐河县,,,岗位：信丰县百家福餐饮店（个体工商户）·外卖 服务区域：卧龙、宛城、唐河、邓州、方城...,未注明,,58同城,2026-09-24 23:33:36,411328,唐河县,南阳市,2024-2026,58_唐河县_2024_2026.csv
2807,,章贡区肖肖家小吃店（个体工商户）·外卖 服务区域：卧龙、宛城、唐河、邓州、方城...,南阳市,唐河县,,,岗位：章贡区肖肖家小吃店（个体工商户）·外卖 服务区域：卧龙、宛城、唐河、邓州、方城...,未注明,,58同城,2026-09-24 23:33:36,411328,唐河县,南阳市,2024-2026,58_唐河县_2024_2026.csv
2808,,南阳玖色鹿家政保姆月嫂·保姆/月嫂 服务区域：卧龙、宛城、唐河、方城、镇平...,南阳市,唐河县,,,岗位：南阳玖色鹿家政保姆月嫂·保姆/月嫂 服务区域：卧龙、宛城、唐河、方城、镇平...,未注明,,58同城,2026-09-24 23:33:36,411328,唐河县,南阳市,2024-2026,58_唐河县_2024_2026.csv
2809,,南阳道路救援·汽车维修保养 服务区域：卧龙、宛城、唐河、邓州、方城...,南阳市,唐河县,,,岗位：南阳道路救援·汽车维修保养 服务区域：卧龙、宛城、唐河、邓州、方城...,未注明,,58同城,2026-09-24 23:33:36,411328,唐河县,南阳市,2024-2026,58_唐河县_2024_2026.csv
2810,,南阳美食·美食 服务区域：卧龙、宛城、唐河、邓州、方城...,南阳市,唐河县,,,岗位：南阳美食·美食 服务区域：卧龙、宛城、唐河、邓州、方城...,未注明,,58同城,2026-09-24 23:33:36,411328,唐河县,南阳市,2024-2026,58_唐河县_2024_2026.csv
2811,,南阳市亮洁家政服务·保洁清洗 服务区域：卧龙、宛城、唐河、邓州、方城...,南阳市,唐河县,,,岗位：南阳市亮洁家政服务·保洁清洗 服务区域：卧龙、宛城、唐河、邓州、方城...,未注明,,58同城,2026-09-24 23:33:36,411328,唐河县,南阳市,2024-2026,58_唐河县_2024_2026.csv
2812,,南阳好日子居民搬家保洁·搬家 服务区域：卧龙、宛城、唐河、镇平、方城...,南阳市,唐河县,,,岗位：南阳好日子居民搬家保洁·搬家 服务区域：卧龙、宛城、唐河、镇平、方城...,未注明,,58同城,2026-09-24 23:33:36,411328,唐河县,南阳市,2024-2026,58_唐河县_2024_2026.csv
2813,,南阳租车·租车 服务区域：社旗、唐河,南阳市,唐河县,,,岗位：南阳租车·租车 服务区域：社旗、唐河,未注明,,58同城,2026-09-24 23:33:36,411328,唐河县,南阳市,2024-2026,58_唐河县_2024_2026.csv
2814,,章贡区华购福食品店（个体工商户）·外卖 服务区域：卧龙、宛城、唐河、邓州、方城...,南阳市,唐河县,,,岗位：章贡区华购福食品店（个体工商户）·外卖 服务区域：卧龙、宛城、唐河、邓州、方城...,未注明,,58同城,2026-09-24 23:33:36,411328,唐河县,南阳市,2024-2026,58_唐河县_2024_2026.csv
2815,,蓉江新区恩宝饮品店（个体工商户）·外卖 服务区域：卧龙、宛城、唐河、邓州、方城...,南阳市,唐河县,,,岗位：蓉江新区恩宝饮品店（个体工商户）·外卖 服务区域：卧龙、宛城、唐河、邓州、方城...,未注明,,58同城,2026-09-24 23:33:36,411328,唐河县,南阳市,2024-2026,58_唐河县_2024_2026.csv
2816,,东海县平明镇康达百货商店·美食 服务区域：卧龙、宛城、唐河、邓州、方城...,南阳市,唐河县,,,岗位：东海县平明镇康达百货商店·美食 服务区域：卧龙、宛城、唐河、邓州、方城...,未注明,,58同城,2026-09-24 23:33:36,411328,唐河县,南阳市,2024-2026,58_唐河县_2024_2026.csv
2817,,南阳众邦办公设备服务部·办公设备维修 服务区域：卧龙、宛城、唐河、邓州、方城...,南阳市,唐河县,,,岗位：南阳众邦办公设备服务部·办公设备维修 服务区域：卧龙、宛城、唐河、邓州、方城...,未注明,,58同城,2026-09-24 23:33:36,411328,唐河县,南阳市,2024-2026,58_唐河县_2024_2026.csv
2818,,章贡区海平食品店（个体工商户）·外卖 服务区域：卧龙、宛城、唐河、邓州、方城...,南阳市,唐河县,,,岗位：章贡区海平食品店（个体工商户）·外卖 服务区域：卧龙、宛城、唐河、邓州、方城...,未注明,,58同城,2026-09-24 23:33:36,411328,唐河县,南阳市,2024-2026,58_唐河县_2024_2026.csv
2819,,南阳市宛城区鸣哥餐饮店（个体工商户）·美食 服务区域：卧龙、宛城、唐河、邓州、方城...,南阳市,唐河县,,,岗位：南阳市宛城区鸣哥餐饮店（个体工商户）·美食 服务区域：卧龙、宛城、唐河、邓州、方城...,未注明,,58同城,2026-09-24 23:33:36,411328,唐河县,南阳市,2024-2026,58_唐河县_2024_2026.csv
2820,,南阳上门修门修窗修锁换锁·房门 服务区域：卧龙、油田、唐河、宛城,南阳市,唐河县,,,岗位：南阳上门修门修窗修锁换锁·房门 服务区域：卧龙、油田、唐河、宛城,未注明,,58同城,2026-09-24 23:33:36,411328,唐河县,南阳市,2024-2026,58_唐河县_2024_2026.csv
2821,胡女士,急招汽车维修工包食宿福利好,南阳市,新野-其他,8600.0,13900.0,岗位：急招汽车维修工包食宿福利好；标签：五险一金 / 包吃 / 包住 / 年底双薪；薪资：8600-13900元/月,未注明,,58同城,2026-09-24 23:33:45,411329,新野县,南阳市,2024-2026,58_新野县_2024_2026.csv
2822,刘女士,急招汽车维修工包食宿福利... 小程序,南阳市,新野-其他,8600.0,13900.0,岗位：急招汽车维修工包食宿福利... 小程序；标签：五险一金 / 包吃 / 包住 / 年底双薪；薪资：8600-13900元/月,未注明,,58同城,2026-09-24 23:33:45,411329,新野县,南阳市,2024-2026,58_新野县_2024_2026.csv
2823,刘女士,急招汽车维修工包食宿福利好,南阳市,新野-其他,8600.0,13900.0,岗位：急招汽车维修工包食宿福利好；标签：五险一金 / 包吃 / 包住 / 年底双薪；薪资：8600-13900元/月,未注明,,58同城,2026-09-24 23:33:45,411329,新野县,南阳市,2024-2026,58_新野县_2024_2026.csv
2824,白先生,急招汽车维修工包食宿福利好,南阳市,新野-其他,8600.0,13900.0,岗位：急招汽车维修工包食宿福利好；标签：五险一金 / 包吃 / 包住 / 年底双薪；薪资：8600-13900元/月,未注明,,58同城,2026-09-24 23:33:45,411329,新野县,南阳市,2024-2026,58_新野县_2024_2026.csv
2825,爱拥护DE萧师傅,南阳厂区直招万元冷链司机,南阳市,新野-其他,5500.0,9500.0,岗位：南阳厂区直招万元冷链司机；标签：包住；薪资：5500-9500元/月,未注明,,58同城,2026-09-24 23:33:45,411329,新野县,南阳市,2024-2026,58_新野县_2024_2026.csv
2826,郑女士,1万包吃住招健身教练学徒,南阳市,南阳-新野,6500.0,13000.0,岗位：1万包吃住招健身教练学徒；标签：包住 / 五险一金 / 包吃；薪资：6500-13000元/月,未注明,,58同城,2026-09-24 23:33:45,411329,新野县,南阳市,2024-2026,58_新野县_2024_2026.csv
2827,胡女士,急招汽车维修工包食宿福利... 小程序,南阳市,新野-其他,8600.0,13900.0,岗位：急招汽车维修工包食宿福利... 小程序；标签：五险一金 / 包吃 / 包住 / 年底双薪；薪资：8600-13900元/月,未注明,,58同城,2026-09-24 23:33:45,411329,新野县,南阳市,2024-2026,58_新野县_2024_2026.csv
2828,阳光很好,计算机教师/IT培训讲师/周末双休,南阳市,新野,4000.0,6500.0,岗位：计算机教师/IT培训讲师/周末双休；标签：包住 / 周末双休 / 饭补；薪资：4000-6500元/月,未注明,,58同城,2026-09-24 23:33:45,411329,新野县,南阳市,2024-2026,58_新野县_2024_2026.csv
2829,冰川,房地产行业安全员,南阳市,新野-其他,4000.0,5000.0,岗位：房地产行业安全员；标签：五险 / 饭补；薪资：4000-5000元/月,未注明,,58同城,2026-09-24 23:33:45,411329,新野县,南阳市,2024-2026,58_新野县_2024_2026.csv
2830,李先生,鼠标质检员350一天长白班不过安检,南阳市,新野,7000.0,8500.0,岗位：鼠标质检员350一天长白班不过安检；标签：五险一金 / 五险 / 饭补 / 加班补助；薪资：7000-8500元/月,未注明,,58同城,2026-09-24 23:33:45,411329,新野县,南阳市,2024-2026,58_新野县_2024_2026.csv
2831,孟女士,电子厂质检员恒温车间坐班包吃住五险一金,南阳市,新野,7000.0,7500.0,岗位：电子厂质检员恒温车间坐班包吃住五险一金；标签：五险一金 / 五险 / 包住 / 包吃；薪资：7000-7500元/月,未注明,,58同城,2026-09-24 23:33:45,411329,新野县,南阳市,2024-2026,58_新野县_2024_2026.csv
2832,郑先生,电子厂质量管理员包吃住300一天活轻松,南阳市,新野,7000.0,8000.0,岗位：电子厂质量管理员包吃住300一天活轻松；标签：五险一金 / 包住 / 包吃 / 交通补助；薪资：7000-8000元/月,未注明,,58同城,2026-09-24 23:33:45,411329,新野县,南阳市,2024-2026,58_新野县_2024_2026.csv
2833,朱女士,小厂质量检测员包吃住可预支300/天,南阳市,新野,7500.0,8000.0,岗位：小厂质量检测员包吃住可预支300/天；标签：五险一金 / 包住 / 包吃 / 交通补助；薪资：7500-8000元/月,未注明,,58同城,2026-09-24 23:33:45,411329,新野县,南阳市,2024-2026,58_新野县_2024_2026.csv
2834,郭先生,ai机器人质检30/时伙食好活不累,南阳市,新野,7500.0,8000.0,岗位：ai机器人质检30/时伙食好活不累；标签：五险一金 / 加班补助 / 饭补 / 五险；薪资：7500-8000元/月,未注明,,58同城,2026-09-24 23:33:45,411329,新野县,南阳市,2024-2026,58_新野县_2024_2026.csv
2835,党总想突破,班车司机,南阳市,新野,5500.0,6000.0,岗位：班车司机；标签：五险一金 / 包住 / 年底双薪 / 周末双休；薪资：5500-6000元/月,未注明,,58同城,2026-09-24 23:33:45,411329,新野县,南阳市,2024-2026,58_新野县_2024_2026.csv
2836,亏欠怀念,修理厂轮胎工包吃五险包住,南阳市,新野,5000.0,6000.0,岗位：修理厂轮胎工包吃五险包住；标签：五险 / 包住 / 包吃；薪资：5000-6000元/月,未注明,,58同城,2026-09-24 23:33:45,411329,新野县,南阳市,2024-2026,58_新野县_2024_2026.csv
2837,代运营大旺云链0405,急招汽车维修工包食宿福利好,南阳市,新野-其他,8600.0,13900.0,岗位：急招汽车维修工包食宿福利好；标签：五险一金 / 包吃 / 包住 / 年底双薪；薪资：8600-13900元/月,未注明,,58同城,2026-09-24 23:33:45,411329,新野县,南阳市,2024-2026,58_新野县_2024_2026.csv
2838,邢女士,急招汽车维修工包食宿福利好,南阳市,新野-其他,8600.0,13900.0,岗位：急招汽车维修工包食宿福利好；标签：五险一金 / 包吃 / 包住 / 年底双薪；薪资：8600-13900元/月,未注明,,58同城,2026-09-24 23:33:57,411329,新野县,南阳市,2024-2026,58_新野县_2024_2026.csv
2839,闫先生,岗亭保安有空调吃住免费,南阳市,南阳,5500.0,6000.0,岗位：岗亭保安有空调吃住免费；标签：包住 / 包吃 / 加班补助；薪资：5500-6000元/月,未注明,,58同城,2026-09-25 00:38:37,411330,桐柏县,南阳市,2024-2026,58_桐柏县_2024_2026.csv
2840,魏经理,恒方广场双休话务员,南阳市,宛城-医圣祠,3500.0,6000.0,岗位：恒方广场双休话务员；标签：五险一金 / 周末双休；薪资：3500-6000元/月,未注明,,58同城,2026-09-25 00:38:37,411330,桐柏县,南阳市,2024-2026,58_桐柏县_2024_2026.csv
2841,梅森,销售推广员 小程序,南阳市,其他-南召,2000.0,2500.0,岗位：销售推广员 小程序；标签：招2人 / 经验不限 / 学历不限；薪资：2000-2500元/月,学历不限,2.0,58同城,2026-09-25 00:38:37,411330,桐柏县,南阳市,2024-2026,58_桐柏县_2024_2026.csv
2842,婷婷想踩小兴匡威,台球厅娱乐场所店员2000起,南阳市,其他-社旗,2000.0,3000.0,岗位：台球厅娱乐场所店员2000起；标签：经验不限 / 学历不限；薪资：2000-3000元/月,学历不限,,58同城,2026-09-25 00:38:37,411330,桐柏县,南阳市,2024-2026,58_桐柏县_2024_2026.csv
2843,原谷原麦南阳区域,信臣路三杰盛世城招聘店员,南阳市,卧龙-卧龙城区,3500.0,4000.0,岗位：信臣路三杰盛世城招聘店员；标签：包吃；薪资：3500-4000元/月,未注明,,58同城,2026-09-25 00:38:37,411330,桐柏县,南阳市,2024-2026,58_桐柏县_2024_2026.csv
2844,万群机械,社旗急聘会计-,南阳市,其他-社旗,3000.0,4500.0,岗位：社旗急聘会计-；标签：包住 / 包吃；薪资：3000-4500元/月,未注明,,58同城,2026-09-25 00:38:37,411330,桐柏县,南阳市,2024-2026,58_桐柏县_2024_2026.csv
2845,鲁同学爱滑冰,机电维修工,南阳市,南阳-淅川,3500.0,5500.0,岗位：机电维修工；标签：五险 / 包吃 / 包住 / 饭补；薪资：3500-5500元/月,未注明,,58同城,2026-09-25 00:38:37,411330,桐柏县,南阳市,2024-2026,58_桐柏县_2024_2026.csv
2846,王先生,小区保安可带手机工作轻松,南阳市,南阳-卧龙,5500.0,6000.0,岗位：小区保安可带手机工作轻松；标签：五险 / 包住 / 包吃 / 加班补助；薪资：5500-6000元/月,未注明,,58同城,2026-09-25 00:38:37,411330,桐柏县,南阳市,2024-2026,58_桐柏县_2024_2026.csv
2847,王先生,德又德旗舰店招熬粥师傅,南阳市,卧龙-新华城市广场,3000.0,4500.0,岗位：德又德旗舰店招熬粥师傅；标签：包吃 / 年底双薪 / 加班补助；薪资：3000-4500元/月,未注明,,58同城,2026-09-25 00:38:37,411330,桐柏县,南阳市,2024-2026,58_桐柏县_2024_2026.csv
2848,穆立涛,诚聘无人机/学徒工,南阳市,其他-西峡,3000.0,4500.0,岗位：诚聘无人机/学徒工；标签：招1人 / 经验不限 / 学历不限；薪资：3000-4500元/月,学历不限,1.0,58同城,2026-09-25 00:38:37,411330,桐柏县,南阳市,2024-2026,58_桐柏县_2024_2026.csv
2849,芦博士想提示,客服专员/助理,南阳市,其他-西峡,2000.0,7000.0,岗位：客服专员/助理；标签：经验不限 / 学历不限；薪资：2000-7000元/月,学历不限,,58同城,2026-09-25 00:38:37,411330,桐柏县,南阳市,2024-2026,58_桐柏县_2024_2026.csv
2850,十里不成书,门店店长,南阳市,其他-社旗,4000.0,10000.0,岗位：门店店长；标签：招2人 / 经验不限 / 学历不限；薪资：4000-10000元/月,学历不限,2.0,58同城,2026-09-25 00:38:37,411330,桐柏县,南阳市,2024-2026,58_桐柏县_2024_2026.csv
2851,蝴蝶翩翩舞,餐饮收银,南阳市,南阳-内乡,2000.0,3000.0,岗位：餐饮收银；标签：经验不限 / 学历不限；薪资：2000-3000元/月,学历不限,,58同城,2026-09-25 00:38:37,411330,桐柏县,南阳市,2024-2026,58_桐柏县_2024_2026.csv
2852,布丁在摇晃,销售专员周末双休交通补助五险,南阳市,其他-西峡,8000.0,13000.0,岗位：销售专员周末双休交通补助五险；标签：交通补助 / 周末双休 / 五险；薪资：8000-13000元/月,未注明,,58同城,2026-09-25 00:38:37,411330,桐柏县,南阳市,2024-2026,58_桐柏县_2024_2026.csv
2853,look,店员/营业员学历经验不限,南阳市,卧龙-摩根吾悦,2000.0,4500.0,岗位：店员/营业员学历经验不限；标签：经验不限 / 学历不限；薪资：2000-4500元/月,学历不限,,58同城,2026-09-25 00:38:37,411330,桐柏县,南阳市,2024-2026,58_桐柏县_2024_2026.csv
2854,用户43844,客服专员/助理,南阳市,其他-南召,3500.0,5500.0,岗位：客服专员/助理；标签：招6人 / 经验不限 / 学历不限；薪资：3500-5500元/月,学历不限,6.0,58同城,2026-09-25 00:38:37,411330,桐柏县,南阳市,2024-2026,58_桐柏县_2024_2026.csv
2855,招聘专员,居家采购专员兼职轻松岗位,南阳市,卧龙-卧龙城区,4300.0,5300.0,岗位：居家采购专员兼职轻松岗位；标签：五险一金；薪资：4300-5300元/月,未注明,,58同城,2026-09-25 00:38:37,411330,桐柏县,南阳市,2024-2026,58_桐柏县_2024_2026.csv
2856,wuwxa13ro,镇平县鑫运来珠宝店店员/营业员3k起,南阳市,南阳-镇平,3000.0,5000.0,岗位：镇平县鑫运来珠宝店店员/营业员3k起；标签：经验不限 / 学历高中；薪资：3000-5000元/月,高中,,58同城,2026-09-25 00:38:37,411330,桐柏县,南阳市,2024-2026,58_桐柏县_2024_2026.csv
2857,于老板要吃肉,汽车销售服务公司内勤包住包吃五险,南阳市,其他-西峡,2500.0,4500.0,岗位：汽车销售服务公司内勤包住包吃五险；标签：五险 / 包住 / 包吃 / 加班补助；薪资：2500-4500元/月,未注明,,58同城,2026-09-25 00:38:37,411330,桐柏县,南阳市,2024-2026,58_桐柏县_2024_2026.csv
2858,聂女士,饮品店饮品师2500起,南阳市,其他-西峡,2500.0,3500.0,岗位：饮品店饮品师2500起；标签：经验1-2年 / 学历不限；薪资：2500-3500元/月,学历不限,,58同城,2026-09-25 00:38:37,411330,桐柏县,南阳市,2024-2026,58_桐柏县_2024_2026.csv
2859,毛赟,南召县天麒二手车销售有限公司/二手车销售,南阳市,其他-南召,2000.0,10000.0,岗位：南召县天麒二手车销售有限公司/二手车销售；标签：加班补助；薪资：2000-10000元/月,未注明,,58同城,2026-09-25 00:38:37,411330,桐柏县,南阳市,2024-2026,58_桐柏县_2024_2026.csv
2860,雨中漂荡的回忆,中餐厅炒菜师傅4k起,南阳市,其他-南召,4000.0,4500.0,岗位：中餐厅炒菜师傅4k起；标签：经验3-5年 / 学历不限；薪资：4000-4500元/月,学历不限,,58同城,2026-09-25 00:38:37,411330,桐柏县,南阳市,2024-2026,58_桐柏县_2024_2026.csv
2861,飘逸潇洒都师傅D,中餐厅厨师/学历经验不限,南阳市,其他-南召,3000.0,5000.0,岗位：中餐厅厨师/学历经验不限；标签：经验不限 / 学历不限；薪资：3000-5000元/月,学历不限,,58同城,2026-09-25 00:38:37,411330,桐柏县,南阳市,2024-2026,58_桐柏县_2024_2026.csv
2862,李女士,超市理货员2000起,南阳市,南阳-卧龙,2000.0,3000.0,岗位：超市理货员2000起；标签：包吃；薪资：2000-3000元/月,未注明,,58同城,2026-09-25 00:38:37,411330,桐柏县,南阳市,2024-2026,58_桐柏县_2024_2026.csv
2863,mint,奶茶/饮品师,南阳市,南阳-方城,2500.0,4000.0,岗位：奶茶/饮品师；标签：经验不限 / 学历不限；薪资：2500-4000元/月,学历不限,,58同城,2026-09-25 00:38:37,411330,桐柏县,南阳市,2024-2026,58_桐柏县_2024_2026.csv
2864,梁先生,社旗急聘工厂招聘喷塑工,南阳市,社旗-社旗城区,5000.0,6500.0,岗位：社旗急聘工厂招聘喷塑工；标签：加班补助；薪资：5000-6500元/月,未注明,,58同城,2026-09-25 00:38:37,411330,桐柏县,南阳市,2024-2026,58_桐柏县_2024_2026.csv
2865,招聘专员,运营五险双休兼职坐岗,南阳市,卧龙-卧龙城区,4300.0,5200.0,岗位：运营五险双休兼职坐岗；标签：五险一金；薪资：4300-5200元/月,未注明,,58同城,2026-09-25 00:38:37,411330,桐柏县,南阳市,2024-2026,58_桐柏县_2024_2026.csv
2866,陈先生,后厨杂工烧烤学徒,南阳市,宛城-万达坊,2000.0,2500.0,岗位：后厨杂工烧烤学徒；标签：经验不限 / 学历不限；薪资：2000-2500元/月,学历不限,,58同城,2026-09-25 00:38:37,411330,桐柏县,南阳市,2024-2026,58_桐柏县_2024_2026.csv
2867,不怕失败的卓老板,服务员,南阳市,其他-桐柏,2500.0,3000.0,岗位：服务员；标签：经验不限 / 学历不限；薪资：2500-3000元/月,学历不限,,58同城,2026-09-25 00:38:37,411330,桐柏县,南阳市,2024-2026,58_桐柏县_2024_2026.csv
2868,小小淼,食品商行店员/营业员2千起,南阳市,南阳-宛城,2000.0,2500.0,岗位：食品商行店员/营业员2千起；标签：经验3-5年 / 学历不限；薪资：2000-2500元/月,学历不限,,58同城,2026-09-25 00:38:37,411330,桐柏县,南阳市,2024-2026,58_桐柏县_2024_2026.csv
2869,陈改,外贸专员周末双休话补,南阳市,桐柏-桐柏城区,3000.0,10000.0,岗位：外贸专员周末双休话补；标签：话补 / 周末双休；薪资：3000-10000元/月,未注明,,58同城,2026-09-25 00:39:41,411330,桐柏县,南阳市,2024-2026,58_桐柏县_2024_2026.csv
2870,用户18450,门店店长 小程序,南阳市,其他-桐柏,6000.0,12000.0,岗位：门店店长 小程序；标签：招1人 / 经验3-5年 / 学历高中；薪资：6000-12000元/月,高中,1.0,58同城,2026-09-25 00:39:49,411330,桐柏县,南阳市,2024-2026,58_桐柏县_2024_2026.csv
2871,柠檬遇见糖,药店执业药师五险一金,南阳市,桐柏-桐柏城区,5500.0,6000.0,岗位：药店执业药师五险一金；标签：五险一金；薪资：5500-6000元/月,未注明,,58同城,2026-09-25 00:39:49,411330,桐柏县,南阳市,2024-2026,58_桐柏县_2024_2026.csv
2872,品鸿供应链06,（桐柏）往返专线C证货运司机,南阳市,南阳-桐柏,6000.0,9000.0,岗位：（桐柏）往返专线C证货运司机；标签：交通补助；薪资：6000-9000元/月,未注明,,58同城,2026-09-25 00:40:05,411330,桐柏县,南阳市,2024-2026,58_桐柏县_2024_2026.csv
2873,陈女士,公司直招c1小车司机包吃住周结,南阳市,邓州-其他,9500.0,9600.0,岗位：公司直招c1小车司机包吃住周结；标签：包住 / 包吃 / 交通补助 / 饭补；薪资：9500-9600元/月,未注明,,58同城,2026-09-25 00:41:59,411381,邓州市,南阳市,2024-2026,58_邓州市_2024_2026.csv
2874,海尔电器,安装工/安装师傅工作时间灵活,南阳市,邓州-其他,3000.0,5000.0,岗位：安装工/安装师傅工作时间灵活；标签：招3人 / 经验不限 / 学历高中；薪资：3000-5000元/月,高中,3.0,58同城,2026-09-25 00:41:59,411381,邓州市,南阳市,2024-2026,58_邓州市_2024_2026.csv
2875,武女士,无需经验室内小区保安 小程序,南阳市,邓州-邓州城区,4500.0,5000.0,岗位：无需经验室内小区保安 小程序；标签：五险一金 / 加班补助 / 饭补 / 五险；薪资：4500-5000元/月,未注明,,58同城,2026-09-25 00:41:59,411381,邓州市,南阳市,2024-2026,58_邓州市_2024_2026.csv
2876,桔子,美发店烫染技师/美发助理/发型师,南阳市,其他-邓州其他,2000.0,5000.0,岗位：美发店烫染技师/美发助理/发型师；标签：包住 / 包吃 / 年底双薪 / 加班补助；薪资：2000-5000元/月,未注明,,58同城,2026-09-25 00:41:59,411381,邓州市,南阳市,2024-2026,58_邓州市_2024_2026.csv
2877,刘建明,托育老师,南阳市,邓州-邓州城区,2000.0,4500.0,岗位：托育老师；标签：包住 / 包吃 / 周末双休 / 加班补助；薪资：2000-4500元/月,未注明,,58同城,2026-09-25 00:41:59,411381,邓州市,南阳市,2024-2026,58_邓州市_2024_2026.csv
2878,美画轻奢美甲美睫邓州店,招聘美甲美睫师，有意向请打电话投简历,南阳市,邓州-邓州城区,6000.0,11000.0,岗位：招聘美甲美睫师，有意向请打电话投简历；标签：招5人 / 经验1-2年 / 学历不限；薪资：6000-11000元/月,学历不限,5.0,58同城,2026-09-25 00:41:59,411381,邓州市,南阳市,2024-2026,58_邓州市_2024_2026.csv
2879,郑女士,邓州市尚库服装店长/6千起,南阳市,邓州-邓州城区,6000.0,8000.0,岗位：邓州市尚库服装店长/6千起；标签：经验3-5年 / 学历不限；薪资：6000-8000元/月,学历不限,,58同城,2026-09-25 00:41:59,411381,邓州市,南阳市,2024-2026,58_邓州市_2024_2026.csv
2880,葛女士,美甲师,南阳市,邓州-邓州城区,2500.0,5000.0,岗位：美甲师；标签：招3人 / 经验不限 / 学历不限；薪资：2500-5000元/月,学历不限,3.0,58同城,2026-09-25 00:41:59,411381,邓州市,南阳市,2024-2026,58_邓州市_2024_2026.csv
2881,冀同学想思念,晓平兰州拉面馆/早餐厨师/2500起,南阳市,邓州,2500.0,4500.0,岗位：晓平兰州拉面馆/早餐厨师/2500起；标签：招1人 / 经验3-5年 / 学历不限；薪资：2500-4500元/月,学历不限,1.0,58同城,2026-09-25 00:41:59,411381,邓州市,南阳市,2024-2026,58_邓州市_2024_2026.csv
2882,文先生,重汽维修底盘大师傅中工学徒多名,南阳市,其他-邓州其他,2000.0,8000.0,岗位：重汽维修底盘大师傅中工学徒多名；标签：包住 / 包吃 / 加班补助；薪资：2000-8000元/月,未注明,,58同城,2026-09-25 00:41:59,411381,邓州市,南阳市,2024-2026,58_邓州市_2024_2026.csv
2883,薛,俄语老师,南阳市,邓州-邓州城区,4000.0,6000.0,岗位：俄语老师；标签：招4人 / 经验不限 / 学历本科；薪资：4000-6000元/月,本科,4.0,58同城,2026-09-25 00:41:59,411381,邓州市,南阳市,2024-2026,58_邓州市_2024_2026.csv
2884,周先生,邓州市龙堰乡卫生院/超声科医生/3千起,南阳市,其他-邓州其他,3000.0,5000.0,岗位：邓州市龙堰乡卫生院/超声科医生/3千起；标签：招1人 / 经验8-10年 / 学历中专；薪资：3000-5000元/月,中专/中技,1.0,58同城,2026-09-25 00:41:59,411381,邓州市,南阳市,2024-2026,58_邓州市_2024_2026.csv
2885,招聘专员,乡墅工程师,南阳市,其他-邓州其他,3000.0,5000.0,岗位：乡墅工程师；标签：包吃；薪资：3000-5000元/月,未注明,,58同城,2026-09-25 00:41:59,411381,邓州市,南阳市,2024-2026,58_邓州市_2024_2026.csv
2886,刘建明,早教托育老师（主班）,南阳市,邓州城区-邓州市区,2500.0,4000.0,岗位：早教托育老师（主班）；标签：包住 / 包吃 / 周末双休 / 加班补助；薪资：2500-4000元/月,未注明,,58同城,2026-09-25 00:41:59,411381,邓州市,南阳市,2024-2026,58_邓州市_2024_2026.csv
2887,qzuser,五六柒餐饮店/后厨/2500起,南阳市,邓州-邓州城区,2500.0,3500.0,岗位：五六柒餐饮店/后厨/2500起；标签：经验不限 / 学历不限；薪资：2500-3500元/月,学历不限,,58同城,2026-09-25 00:41:59,411381,邓州市,南阳市,2024-2026,58_邓州市_2024_2026.csv
2888,马女士,公司配车招邓州肥料C1不装卸司机,南阳市,南阳-邓州,6000.0,8000.0,岗位：公司配车招邓州肥料C1不装卸司机；标签：五险 / 包住；薪资：6000-8000元/月,未注明,,58同城,2026-09-25 00:41:59,411381,邓州市,南阳市,2024-2026,58_邓州市_2024_2026.csv
2889,王女士,可预支坐岗保安包吃住5K,南阳市,邓州-邓州城区,5000.0,5500.0,岗位：可预支坐岗保安包吃住5K；标签：五险 / 包住 / 包吃；薪资：5000-5500元/月,未注明,,58同城,2026-09-25 00:41:59,411381,邓州市,南阳市,2024-2026,58_邓州市_2024_2026.csv
2890,郭女士,门岗保安有空调5K包吃住,南阳市,邓州-其他,5000.0,6000.0,岗位：门岗保安有空调5K包吃住；标签：五险一金 / 五险 / 包住 / 包吃；薪资：5000-6000元/月,未注明,,58同城,2026-09-25 00:41:59,411381,邓州市,南阳市,2024-2026,58_邓州市_2024_2026.csv
2891,黄女士,电子厂印刷月8500包食宿可预支,南阳市,邓州,8000.0,8500.0,岗位：电子厂印刷月8500包食宿可预支；标签：五险一金 / 包住 / 包吃 / 加班补助；薪资：8000-8500元/月,未注明,,58同城,2026-09-25 00:41:59,411381,邓州市,南阳市,2024-2026,58_邓州市_2024_2026.csv
2892,杨先生,手机厂印刷工300一天包食宿可预支,南阳市,邓州,8000.0,8500.0,岗位：手机厂印刷工300一天包食宿可预支；标签：五险一金 / 五险 / 包住 / 包吃；薪资：8000-8500元/月,未注明,,58同城,2026-09-25 00:41:59,411381,邓州市,南阳市,2024-2026,58_邓州市_2024_2026.csv
2893,爱吹泡泡的孙同学,诚聘铁路安检地勤五险一金上一休一包吃住,南阳市,邓州,5500.0,6000.0,岗位：诚聘铁路安检地勤五险一金上一休一包吃住；标签：五险一金 / 交通补助 / 加班补助 / 饭补；薪资：5500-6000元/月,未注明,,58同城,2026-09-25 00:41:59,411381,邓州市,南阳市,2024-2026,58_邓州市_2024_2026.csv
2894,侯先生,小车司机,南阳市,邓州,6500.0,7000.0,岗位：小车司机；标签：加班补助 / 五险一金 / 五险 / 饭补；薪资：6500-7000元/月,未注明,,58同城,2026-09-25 00:41:59,411381,邓州市,南阳市,2024-2026,58_邓州市_2024_2026.csv
2895,张女士,急/300一天口红厂印刷/长白班,南阳市,邓州,7500.0,8000.0,岗位：急/300一天口红厂印刷/长白班；标签：五险一金 / 五险 / 包住 / 年底双薪；薪资：7500-8000元/月,未注明,,58同城,2026-09-25 00:41:59,411381,邓州市,南阳市,2024-2026,58_邓州市_2024_2026.csv
2896,王先生,帮公司开车周结,南阳市,邓州,5500.0,6000.0,岗位：帮公司开车周结；标签：五险一金 / 交通补助 / 包住 / 加班补助；薪资：5500-6000元/月,未注明,,58同城,2026-09-25 00:41:59,411381,邓州市,南阳市,2024-2026,58_邓州市_2024_2026.csv
2897,王先生,给老板招专职司机接送,南阳市,邓州-邓州城区,5900.0,6000.0,岗位：给老板招专职司机接送；标签：包住 / 交通补助 / 加班补助 / 饭补；薪资：5900-6000元/月,未注明,,58同城,2026-09-25 00:41:59,411381,邓州市,南阳市,2024-2026,58_邓州市_2024_2026.csv
2898,王经理,共享单车调度员,南阳市,邓州-邓州城区,4000.0,8000.0,岗位：共享单车调度员；标签：加班补助；薪资：4000-8000元/月,未注明,,58同城,2026-09-25 00:41:59,411381,邓州市,南阳市,2024-2026,58_邓州市_2024_2026.csv
2899,在风里转圈圈,招商,南阳市,邓州-邓州城区,6000.0,30000.0,岗位：招商；标签：招5人 / 经验不限 / 学历不限；薪资：6000-30000元/月,学历不限,5.0,58同城,2026-09-25 00:41:59,411381,邓州市,南阳市,2024-2026,58_邓州市_2024_2026.csv
2900,孙女士,聘小学初中英语老师及助教（双休提供住宿）,南阳市,邓州城区-邓州市区,3000.0,6000.0,岗位：聘小学初中英语老师及助教（双休提供住宿）；标签：招5人 / 经验不限 / 学历本科；薪资：3000-6000元/月,本科,5.0,58同城,2026-09-25 00:41:59,411381,邓州市,南阳市,2024-2026,58_邓州市_2024_2026.csv
2901,经营河南战区徐行锋,邓州德邦招快递员三轮四轮车油补7k-8k,南阳市,南阳,7000.0,8000.0,岗位：邓州德邦招快递员三轮四轮车油补7k-8k；标签：话补 / 饭补 / 交通补助；薪资：7000-8000元/月,未注明,,58同城,2026-09-25 00:43:39,411381,邓州市,南阳市,2024-2026,58_邓州市_2024_2026.csv
2902,,宛州食铺·美食 服务区域：社旗、邓州、油田、新野、西峡...,南阳市,邓州市,,,岗位：宛州食铺·美食 服务区域：社旗、邓州、油田、新野、西峡...,未注明,,58同城,2026-09-25 00:44:48,411381,邓州市,南阳市,2024-2026,58_邓州市_2024_2026.csv
2903,,南阳市卧龙区极达快运物流部·快递 服务区域：卧龙、宛城、唐河、邓州、方城...,南阳市,邓州市,,,岗位：南阳市卧龙区极达快运物流部·快递 服务区域：卧龙、宛城、唐河、邓州、方城...,未注明,,58同城,2026-09-25 00:44:48,411381,邓州市,南阳市,2024-2026,58_邓州市_2024_2026.csv
2904,,南阳云朵电子·网络布线/维护 服务区域：卧龙、宛城、唐河、邓州、方城...,南阳市,邓州市,,,岗位：南阳云朵电子·网络布线/维护 服务区域：卧龙、宛城、唐河、邓州、方城...,未注明,,58同城,2026-09-25 00:44:48,411381,邓州市,南阳市,2024-2026,58_邓州市_2024_2026.csv
2905,,宋丹丹旧货回收·家具/电器/酒店设备回收 服务区域：卧龙、宛城、唐河、邓州、方城...,南阳市,邓州市,,,岗位：宋丹丹旧货回收·家具/电器/酒店设备回收 服务区域：卧龙、宛城、唐河、邓州、方城...,未注明,,58同城,2026-09-25 00:44:48,411381,邓州市,南阳市,2024-2026,58_邓州市_2024_2026.csv
2906,,南阳快递·快递 服务区域：卧龙、宛城、唐河、邓州、方城...,南阳市,邓州市,,,岗位：南阳快递·快递 服务区域：卧龙、宛城、唐河、邓州、方城...,未注明,,58同城,2026-09-25 00:44:48,411381,邓州市,南阳市,2024-2026,58_邓州市_2024_2026.csv
2907,,信丰县百家福餐饮店（个体工商户）·外卖 服务区域：卧龙、宛城、唐河、邓州、方城...,南阳市,邓州市,,,岗位：信丰县百家福餐饮店（个体工商户）·外卖 服务区域：卧龙、宛城、唐河、邓州、方城...,未注明,,58同城,2026-09-25 00:44:48,411381,邓州市,南阳市,2024-2026,58_邓州市_2024_2026.csv
2908,,章贡区肖肖家小吃店（个体工商户）·外卖 服务区域：卧龙、宛城、唐河、邓州、方城...,南阳市,邓州市,,,岗位：章贡区肖肖家小吃店（个体工商户）·外卖 服务区域：卧龙、宛城、唐河、邓州、方城...,未注明,,58同城,2026-09-25 00:44:48,411381,邓州市,南阳市,2024-2026,58_邓州市_2024_2026.csv
2909,,赣州蓉江新区潭东镇格乐食品商行（个体工商户）·外卖 服务区域：卧龙、宛城、唐河、邓州、方城...,南阳市,邓州市,,,岗位：赣州蓉江新区潭东镇格乐食品商行（个体工商户）·外卖 服务区域：卧龙、宛城、唐河、邓州、方城...,未注明,,58同城,2026-09-25 00:44:48,411381,邓州市,南阳市,2024-2026,58_邓州市_2024_2026.csv
2910,,南阳腾达机电工程·电器回收 服务区域：卧龙、宛城、唐河、邓州、方城...,南阳市,邓州市,,,岗位：南阳腾达机电工程·电器回收 服务区域：卧龙、宛城、唐河、邓州、方城...,未注明,,58同城,2026-09-25 00:44:48,411381,邓州市,南阳市,2024-2026,58_邓州市_2024_2026.csv
2911,,南阳道路救援·汽车维修保养 服务区域：卧龙、宛城、唐河、邓州、方城...,南阳市,邓州市,,,岗位：南阳道路救援·汽车维修保养 服务区域：卧龙、宛城、唐河、邓州、方城...,未注明,,58同城,2026-09-25 00:44:48,411381,邓州市,南阳市,2024-2026,58_邓州市_2024_2026.csv
2912,,章贡区海平食品店（个体工商户）·快餐/团膳 服务区域：卧龙、宛城、唐河、邓州、方城...,南阳市,邓州市,,,岗位：章贡区海平食品店（个体工商户）·快餐/团膳 服务区域：卧龙、宛城、唐河、邓州、方城...,未注明,,58同城,2026-09-25 00:44:48,411381,邓州市,南阳市,2024-2026,58_邓州市_2024_2026.csv
2913,,章贡区华购福食品店（个体工商户）·美食 服务区域：卧龙、宛城、唐河、邓州、方城...,南阳市,邓州市,,,岗位：章贡区华购福食品店（个体工商户）·美食 服务区域：卧龙、宛城、唐河、邓州、方城...,未注明,,58同城,2026-09-25 00:44:48,411381,邓州市,南阳市,2024-2026,58_邓州市_2024_2026.csv
2914,,南阳美食·美食 服务区域：卧龙、宛城、唐河、邓州、方城...,南阳市,邓州市,,,岗位：南阳美食·美食 服务区域：卧龙、宛城、唐河、邓州、方城...,未注明,,58同城,2026-09-25 00:44:48,411381,邓州市,南阳市,2024-2026,58_邓州市_2024_2026.csv
2915,,天外天道路救援·汽车维修保养 服务区域：卧龙、宛城、唐河、邓州、方城...,南阳市,邓州市,,,岗位：天外天道路救援·汽车维修保养 服务区域：卧龙、宛城、唐河、邓州、方城...,未注明,,58同城,2026-09-25 00:44:48,411381,邓州市,南阳市,2024-2026,58_邓州市_2024_2026.csv
2916,,南阳市亮洁家政服务·保洁清洗 服务区域：卧龙、宛城、唐河、邓州、方城...,南阳市,邓州市,,,岗位：南阳市亮洁家政服务·保洁清洗 服务区域：卧龙、宛城、唐河、邓州、方城...,未注明,,58同城,2026-09-25 00:44:48,411381,邓州市,南阳市,2024-2026,58_邓州市_2024_2026.csv
2917,,南阳美观装饰工程有限公司·公装服务 服务区域：卧龙、宛城、唐河、邓州、方城...,南阳市,邓州市,,,岗位：南阳美观装饰工程有限公司·公装服务 服务区域：卧龙、宛城、唐河、邓州、方城...,未注明,,58同城,2026-09-25 00:44:48,411381,邓州市,南阳市,2024-2026,58_邓州市_2024_2026.csv
2918,郭艳飞,食品厂食堂厨师长,商丘市,商丘-民权,4500.0,6000.0,岗位：食品厂食堂厨师长；标签：五险 / 包住 / 包吃；薪资：4500-6000元/月,未注明,,58同城,2026-09-25 00:45:06,411421,民权县,商丘市,2024-2026,58_民权县_2024_2026.csv
2919,MeliLi,服务员2600起,商丘市,民权-中央城市广场,2000.0,2800.0,岗位：服务员2600起；标签：包吃；薪资：2000-2800元/月,未注明,,58同城,2026-09-25 00:45:06,411421,民权县,商丘市,2024-2026,58_民权县_2024_2026.csv
2920,摸毛茸茸的暖暖,店员/营业员 小程序,商丘市,民权-庄周大道,2500.0,4500.0,岗位：店员/营业员 小程序；标签：经验不限 / 学历不限；薪资：2500-4500元/月,学历不限,,58同城,2026-09-25 00:45:06,411421,民权县,商丘市,2024-2026,58_民权县_2024_2026.csv
2921,冯先生,中餐厅服务员/包吃加班补助,商丘市,民权-庄周大道,2800.0,3000.0,岗位：中餐厅服务员/包吃加班补助；标签：包吃 / 加班补助；薪资：2800-3000元/月,未注明,,58同城,2026-09-25 00:45:06,411421,民权县,商丘市,2024-2026,58_民权县_2024_2026.csv
2922,相伴0,包吃诚聘机械设计,商丘市,民权-庄周大道,4000.0,6000.0,岗位：包吃诚聘机械设计；标签：包吃；薪资：4000-6000元/月,未注明,,58同城,2026-09-25 00:45:06,411421,民权县,商丘市,2024-2026,58_民权县_2024_2026.csv
2923,解老板想念叨,民权招汽修店汽车喷漆工,商丘市,民权-中央城市广场,2000.0,6000.0,岗位：民权招汽修店汽车喷漆工；标签：招1人 / 经验不限 / 学历不限；薪资：2000-6000元/月,学历不限,1.0,58同城,2026-09-25 00:45:06,411421,民权县,商丘市,2024-2026,58_民权县_2024_2026.csv
2924,追光的我,烧烤厨师,商丘市,民权-庄周大道,2500.0,4500.0,岗位：烧烤厨师；标签：经验不限 / 学历不限；薪资：2500-4500元/月,学历不限,,58同城,2026-09-25 00:45:06,411421,民权县,商丘市,2024-2026,58_民权县_2024_2026.csv
2925,解老板想念叨,民权汽修店汽车喷漆工,商丘市,民权-中央城市广场,2000.0,6000.0,岗位：民权汽修店汽车喷漆工；标签：招1人 / 经验不限 / 学历不限；薪资：2000-6000元/月,学历不限,1.0,58同城,2026-09-25 00:45:06,411421,民权县,商丘市,2024-2026,58_民权县_2024_2026.csv
2926,米米,收银员,商丘市,商丘-民权,2000.0,3500.0,岗位：收银员；标签：经验不限 / 学历不限；薪资：2000-3500元/月,学历不限,,58同城,2026-09-25 00:45:06,411421,民权县,商丘市,2024-2026,58_民权县_2024_2026.csv
2927,韩书记,销售内勤,商丘市,商丘-民权,3500.0,5500.0,岗位：销售内勤；标签：包住 / 包吃 / 话补；薪资：3500-5500元/月,未注明,,58同城,2026-09-25 00:45:06,411421,民权县,商丘市,2024-2026,58_民权县_2024_2026.csv
2928,蹦跳的毛球球,游戏弹幕2500起,商丘市,商丘-民权,2500.0,4500.0,岗位：游戏弹幕2500起；标签：经验不限 / 学历不限；薪资：2500-4500元/月,学历不限,,58同城,2026-09-25 00:45:06,411421,民权县,商丘市,2024-2026,58_民权县_2024_2026.csv
2929,爱帮忙的齐总,招汽车喷漆,商丘市,商丘-民权,4500.0,5000.0,岗位：招汽车喷漆；标签：招1人 / 经验1-2年 / 学历不限；薪资：4500-5000元/月,学历不限,1.0,58同城,2026-09-25 00:45:06,411421,民权县,商丘市,2024-2026,58_民权县_2024_2026.csv
2930,李先生,小吃店服务员/免费工服饭补,商丘市,商丘-民权,2500.0,3500.0,岗位：小吃店服务员/免费工服饭补；标签：饭补；薪资：2500-3500元/月,未注明,,58同城,2026-09-25 00:45:06,411421,民权县,商丘市,2024-2026,58_民权县_2024_2026.csv
2931,晁女士,收银员,商丘市,民权-中央城市广场,3000.0,4000.0,岗位：收银员；标签：经验1-2年 / 学历不限；薪资：3000-4000元/月,学历不限,,58同城,2026-09-25 00:45:06,411421,民权县,商丘市,2024-2026,58_民权县_2024_2026.csv
2932,金硕,牛肉切肉师傅/厨师/学历不限,商丘市,商丘-民权,6000.0,6500.0,岗位：牛肉切肉师傅/厨师/学历不限；标签：经验6-7年 / 学历不限；薪资：6000-6500元/月,学历不限,,58同城,2026-09-25 00:45:06,411421,民权县,商丘市,2024-2026,58_民权县_2024_2026.csv
2933,求职,无锡天领精密制冷科技有限公司/税务/25,商丘市,商丘-民权,2500.0,4500.0,岗位：无锡天领精密制冷科技有限公司/税务/25；标签：周末双休；薪资：2500-4500元/月,未注明,,58同城,2026-09-25 00:45:06,411421,民权县,商丘市,2024-2026,58_民权县_2024_2026.csv
2934,草莓卷卷,安装工,商丘市,商丘-民权,2500.0,4500.0,岗位：安装工；标签：经验不限 / 学历不限；薪资：2500-4500元/月,学历不限,,58同城,2026-09-25 00:45:06,411421,民权县,商丘市,2024-2026,58_民权县_2024_2026.csv
2935,用户31996,汽修店汽车喷漆5000起,商丘市,商丘-民权,5000.0,5500.0,岗位：汽修店汽车喷漆5000起；标签：招1人 / 经验3-5年 / 学历不限；薪资：5000-5500元/月,学历不限,1.0,58同城,2026-09-25 00:45:06,411421,民权县,商丘市,2024-2026,58_民权县_2024_2026.csv
2936,蹦跳的毛球球,直播场控,商丘市,商丘-民权,2500.0,4500.0,岗位：直播场控；标签：经验不限 / 学历不限；薪资：2500-4500元/月,学历不限,,58同城,2026-09-25 00:45:06,411421,民权县,商丘市,2024-2026,58_民权县_2024_2026.csv
2937,浪漫情缘,服务员,商丘市,商丘-民权,2000.0,4500.0,岗位：服务员；标签：经验不限 / 学历不限；薪资：2000-4500元/月,学历不限,,58同城,2026-09-25 00:45:06,411421,民权县,商丘市,2024-2026,58_民权县_2024_2026.csv
2938,招聘专员,机汇设备维修店手机维修招学徒工资具体面议,商丘市,商丘-民权,1000.0,2000.0,岗位：机汇设备维修店手机维修招学徒工资具体面议；标签：包吃；薪资：1000-2000元/月,未注明,,58同城,2026-09-25 00:45:06,411421,民权县,商丘市,2024-2026,58_民权县_2024_2026.csv
2939,招聘专员,超市门店店长2500起,商丘市,商丘-民权,2500.0,4500.0,岗位：超市门店店长2500起；标签：经验3-5年 / 学历中专；薪资：2500-4500元/月,中专/中技,,58同城,2026-09-25 00:45:06,411421,民权县,商丘市,2024-2026,58_民权县_2024_2026.csv
2940,米米,商场促销/导购员2200起,商丘市,商丘-民权,2500.0,4500.0,岗位：商场促销/导购员2200起；标签：经验1-2年 / 学历不限；薪资：2500-4500元/月,学历不限,,58同城,2026-09-25 00:45:06,411421,民权县,商丘市,2024-2026,58_民权县_2024_2026.csv
2941,杨英,瑜伽馆瑜伽教练2千起,商丘市,商丘-民权,2000.0,10500.0,岗位：瑜伽馆瑜伽教练2千起；标签：经验3-5年 / 学历不限；薪资：2000-10500元/月,学历不限,,58同城,2026-09-25 00:45:06,411421,民权县,商丘市,2024-2026,58_民权县_2024_2026.csv
2942,金硕,火锅店砧板师傅,商丘市,商丘-民权,4000.0,4500.0,岗位：火锅店砧板师傅；标签：经验3-5年 / 学历不限；薪资：4000-4500元/月,学历不限,,58同城,2026-09-25 00:45:06,411421,民权县,商丘市,2024-2026,58_民权县_2024_2026.csv
2943,冯女士,文化传媒公司美术老师交通补助话补加班补助,商丘市,商丘-民权,2500.0,4500.0,岗位：文化传媒公司美术老师交通补助话补加班补助；标签：交通补助 / 加班补助 / 话补；薪资：2500-4500元/月,未注明,,58同城,2026-09-25 00:45:06,411421,民权县,商丘市,2024-2026,58_民权县_2024_2026.csv
2944,位超礼,质量主管,商丘市,民权-庄周大道,4000.0,4500.0,岗位：质量主管；标签：饭补 / 加班补助；薪资：4000-4500元/月,未注明,,58同城,2026-09-25 00:45:06,411421,民权县,商丘市,2024-2026,58_民权县_2024_2026.csv
2945,位超礼,车间主任,商丘市,民权-庄周大道,4500.0,5000.0,岗位：车间主任；标签：饭补 / 加班补助；薪资：4500-5000元/月,未注明,,58同城,2026-09-25 00:45:06,411421,民权县,商丘市,2024-2026,58_民权县_2024_2026.csv
2946,爱吹泡泡的圆圆,招六十五以下大龄工干农活包吃住日结,商丘市,商丘-民权,5500.0,7000.0,岗位：招六十五以下大龄工干农活包吃住日结；标签：包住 / 包吃；薪资：5500-7000元/月,未注明,,58同城,2026-09-25 00:45:06,411421,民权县,商丘市,2024-2026,58_民权县_2024_2026.csv
2947,付先生,月薪9千招健身教练助教,商丘市,商丘-民权,6000.0,12000.0,岗位：月薪9千招健身教练助教；标签：包住 / 包吃 / 五险；薪资：6000-12000元/月,未注明,,58同城,2026-09-25 00:45:06,411421,民权县,商丘市,2024-2026,58_民权县_2024_2026.csv
2948,周高峰,印刷公司技工,商丘市,商丘-睢阳,4500.0,7500.0,岗位：印刷公司技工；标签：包住 / 包吃 / 加班补助 / 饭补；薪资：4500-7500元/月,未注明,,58同城,2026-09-25 00:45:10,411421,民权县,商丘市,2024-2026,58_民权县_2024_2026.csv
2949,喂小鱼的悠悠,店员/营业员,商丘市,虞城-江南购物,3000.0,3500.0,岗位：店员/营业员；标签：招1人 / 经验不限 / 学历不限；薪资：3000-3500元/月,学历不限,1.0,58同城,2026-09-25 00:45:10,411421,民权县,商丘市,2024-2026,58_民权县_2024_2026.csv
2950,衣果名店沐知雪R昱帛贝儿R,服装店员/营业员（中午管... 小程序,商丘市,商丘-梁园,3500.0,4000.0,岗位：服装店员/营业员（中午管... 小程序；标签：包吃；薪资：3500-4000元/月,未注明,,58同城,2026-09-25 00:45:10,411421,民权县,商丘市,2024-2026,58_民权县_2024_2026.csv
2951,今龙不锈钢门业,门窗厂普工/操作工4k起,商丘市,商丘-梁园,4000.0,5000.0,岗位：门窗厂普工/操作工4k起；标签：经验不限 / 学历不限；薪资：4000-5000元/月,学历不限,,58同城,2026-09-25 00:45:10,411421,民权县,商丘市,2024-2026,58_民权县_2024_2026.csv
2952,看云的刘同学,急聘铁路地勤上一休一免费食宿五险一金,商丘市,商丘,5000.0,6000.0,岗位：急聘铁路地勤上一休一免费食宿五险一金；标签：五险一金 / 五险 / 包住 / 包吃；薪资：5000-6000元/月,未注明,,58同城,2026-09-25 00:45:10,411421,民权县,商丘市,2024-2026,58_民权县_2024_2026.csv
2953,李先生,颐韵保健服务部店员/营业员包吃包住,商丘市,梁园-凯旋商城,5500.0,6000.0,岗位：颐韵保健服务部店员/营业员包吃包住；标签：包住 / 包吃；薪资：5500-6000元/月,未注明,,58同城,2026-09-25 00:45:10,411421,民权县,商丘市,2024-2026,58_民权县_2024_2026.csv
2954,陈曦,急急急缺助理洗头工,商丘市,梁园-凯旋商城,2000.0,4000.0,岗位：急急急缺助理洗头工；标签：包住 / 包吃；薪资：2000-4000元/月,未注明,,58同城,2026-09-25 00:45:10,411421,民权县,商丘市,2024-2026,58_民权县_2024_2026.csv
2955,王宇,缝纫机工,商丘市,商丘-睢阳,2500.0,5000.0,岗位：缝纫机工；标签：年底双薪 / 饭补；薪资：2500-5000元/月,未注明,,58同城,2026-09-25 00:45:10,411421,民权县,商丘市,2024-2026,58_民权县_2024_2026.csv
2956,秦习斌先生,店员/营业员,商丘市,睢阳-华夏游乐园,2500.0,4500.0,岗位：店员/营业员；标签：经验不限 / 学历不限；薪资：2500-4500元/月,学历不限,,58同城,2026-09-25 00:45:10,411421,民权县,商丘市,2024-2026,58_民权县_2024_2026.csv
2957,李先生,颐韵保健服务部店员/包吃包住,商丘市,梁园-凯旋商城,2500.0,4500.0,岗位：颐韵保健服务部店员/包吃包住；标签：包住 / 包吃；薪资：2500-4500元/月,未注明,,58同城,2026-09-25 00:45:10,411421,民权县,商丘市,2024-2026,58_民权县_2024_2026.csv
2958,茉然,中餐厅后厨2000起,商丘市,商丘-柘城,2000.0,4000.0,岗位：中餐厅后厨2000起；标签：包吃；薪资：2000-4000元/月,未注明,,58同城,2026-09-25 00:45:10,411421,民权县,商丘市,2024-2026,58_民权县_2024_2026.csv
2959,做我自己,其他职位,商丘市,商丘-梁园,3000.0,5000.0,岗位：其他职位；标签：经验不限 / 学历不限；薪资：3000-5000元/月,学历不限,,58同城,2026-09-25 00:45:10,411421,民权县,商丘市,2024-2026,58_民权县_2024_2026.csv
2960,袁经理,后厨/帮厨3500起,商丘市,梁园-高铁商城,3500.0,3800.0,岗位：后厨/帮厨3500起；标签：招3人 / 经验不限 / 学历不限；薪资：3500-3800元/月,学历不限,3.0,58同城,2026-09-25 00:45:10,411421,民权县,商丘市,2024-2026,58_民权县_2024_2026.csv
2961,田先生,4000以上招聘平面设计,商丘市,商丘周边-其他,2500.0,5000.0,岗位：4000以上招聘平面设计；标签：包吃 / 加班补助 / 饭补；薪资：2500-5000元/月,未注明,,58同城,2026-09-25 00:45:10,411421,民权县,商丘市,2024-2026,58_民权县_2024_2026.csv
2962,爱叫喊de毛同学,机械厂焊工/五险一金包住加班补助,商丘市,商丘-睢阳,10000.0,11500.0,岗位：机械厂焊工/五险一金包住加班补助；标签：五险一金 / 包住 / 包吃 / 加班补助；薪资：10000-11500元/月,未注明,,58同城,2026-09-25 00:45:10,411421,民权县,商丘市,2024-2026,58_民权县_2024_2026.csv
2963,Coisini,饮品店服务员/打酒师2500起,商丘市,宁陵-人民路,2500.0,4500.0,岗位：饮品店服务员/打酒师2500起；标签：经验不限 / 学历不限；薪资：2500-4500元/月,学历不限,,58同城,2026-09-25 00:45:10,411421,民权县,商丘市,2024-2026,58_民权县_2024_2026.csv
2964,用户94185,餐饮店店员/营业员3000起,商丘市,商丘-睢阳,3000.0,3500.0,岗位：餐饮店店员/营业员3000起；标签：招1人 / 经验不限 / 学历不限；薪资：3000-3500元/月,学历不限,1.0,58同城,2026-09-25 00:45:10,411421,民权县,商丘市,2024-2026,58_民权县_2024_2026.csv
2965,君悦,餐饮收银,商丘市,商丘-虞城,3000.0,4500.0,岗位：餐饮收银；标签：经验不限 / 学历不限；薪资：3000-4500元/月,学历不限,,58同城,2026-09-25 00:45:10,411421,民权县,商丘市,2024-2026,58_民权县_2024_2026.csv
2966,悄悄写日记的笔尖,销售顾问,商丘市,商丘-虞城,3000.0,5000.0,岗位：销售顾问；标签：经验不限 / 学历不限；薪资：3000-5000元/月,学历不限,,58同城,2026-09-25 00:45:10,411421,民权县,商丘市,2024-2026,58_民权县_2024_2026.csv
2967,卢先生,商丘簇辰商贸有限公司新媒体运营3千起,商丘市,商丘-虞城,3000.0,4500.0,岗位：商丘簇辰商贸有限公司新媒体运营3千起；标签：房补；薪资：3000-4500元/月,未注明,,58同城,2026-09-25 00:45:10,411421,民权县,商丘市,2024-2026,58_民权县_2024_2026.csv
2968,蒙叔九千岁,商丘森荣服装激光切割操作工18-35岁,商丘市,商丘周边-其他,3000.0,5000.0,岗位：商丘森荣服装激光切割操作工18-35岁；标签：招3人 / 经验1年以下 / 学历不限；薪资：3000-5000元/月,学历不限,3.0,58同城,2026-09-25 00:45:10,411421,民权县,商丘市,2024-2026,58_民权县_2024_2026.csv
2969,Q,食品/饮料店员/营业员学历经验不限,商丘市,睢阳-万达广场,2500.0,5000.0,岗位：食品/饮料店员/营业员学历经验不限；标签：经验不限 / 学历不限；薪资：2500-5000元/月,学历不限,,58同城,2026-09-25 00:45:10,411421,民权县,商丘市,2024-2026,58_民权县_2024_2026.csv
2970,用户94185,熟食店店员/营业员3000起,商丘市,商丘-睢阳,3000.0,4500.0,岗位：熟食店店员/营业员3000起；标签：经验不限 / 学历不限；薪资：3000-4500元/月,学历不限,,58同城,2026-09-25 00:45:10,411421,民权县,商丘市,2024-2026,58_民权县_2024_2026.csv
2971,摸毛茸茸的暖暖,店员/营业员,商丘市,民权-庄周大道,2500.0,4500.0,岗位：店员/营业员；标签：经验不限 / 学历不限；薪资：2500-4500元/月,学历不限,,58同城,2026-09-25 00:45:10,411421,民权县,商丘市,2024-2026,58_民权县_2024_2026.csv
2972,孙东艳,民权县急招服装/促销/导购员,商丘市,商丘周边-其他,3000.0,4500.0,岗位：民权县急招服装/促销/导购员；标签：招2人 / 经验不限 / 学历不限；薪资：3000-4500元/月,学历不限,2.0,58同城,2026-09-25 00:45:10,411421,民权县,商丘市,2024-2026,58_民权县_2024_2026.csv
2973,王先生,文案策划待遇好,商丘市,商丘-睢阳,3000.0,7000.0,岗位：文案策划待遇好；标签：经验1-2年 / 学历不限；薪资：3000-7000元/月,学历不限,,58同城,2026-09-25 00:45:10,411421,民权县,商丘市,2024-2026,58_民权县_2024_2026.csv
2974,卓进生,督导/巡店,商丘市,商丘周边-其他,,,岗位：督导/巡店；标签：经验不限 / 学历不限；薪资：面议,学历不限,,58同城,2026-09-25 00:45:10,411421,民权县,商丘市,2024-2026,58_民权县_2024_2026.csv
2975,赵女士,美甲师,商丘市,夏邑-孔祖大道,2500.0,4500.0,岗位：美甲师；标签：经验不限 / 学历不限；薪资：2500-4500元/月,学历不限,,58同城,2026-09-25 00:45:10,411421,民权县,商丘市,2024-2026,58_民权县_2024_2026.csv
2976,汪女士,店员/营业员,商丘市,商丘-睢阳,2800.0,3500.0,岗位：店员/营业员；标签：包吃；薪资：2800-3500元/月,未注明,,58同城,2026-09-25 00:45:10,411421,民权县,商丘市,2024-2026,58_民权县_2024_2026.csv
2977,用户7152,康复治疗师,商丘市,商丘周边-其他,,,岗位：康复治疗师；标签：五险一金 / 包吃；薪资：面议,未注明,,58同城,2026-09-25 00:45:10,411421,民权县,商丘市,2024-2026,58_民权县_2024_2026.csv
2978,吃糖的糖果,居家审核员五险齐全待遇优,商丘市,民权-江山尚品,5000.0,8000.0,岗位：居家审核员五险齐全待遇优；标签：五险一金 / 包吃 / 包住 / 周末双休；薪资：5000-8000元/月,未注明,,58同城,2026-09-25 00:45:47,411421,民权县,商丘市,2024-2026,58_民权县_2024_2026.csv
2979,手机不离手H7,诚聘铁路安检地勤免费食宿五险一金上一休一,商丘市,商丘-民权,5500.0,6000.0,岗位：诚聘铁路安检地勤免费食宿五险一金上一休一；标签：五险一金 / 包住 / 包吃 / 年底双薪；薪资：5500-6000元/月,未注明,,58同城,2026-09-25 00:46:20,411421,民权县,商丘市,2024-2026,58_民权县_2024_2026.csv
2980,高先生,招聘铁路安检地勤上一休一免费食宿五险一金,商丘市,商丘-民权,5500.0,6000.0,岗位：招聘铁路安检地勤上一休一免费食宿五险一金；标签：五险一金 / 包住 / 包吃 / 年底双薪；薪资：5500-6000元/月,未注明,,58同城,2026-09-25 00:46:20,411421,民权县,商丘市,2024-2026,58_民权县_2024_2026.csv
2981,春天脚步轻又轻,民权急招2名货运司机，当天可两趟往返,商丘市,商丘-民权,8000.0,11000.0,岗位：民权急招2名货运司机，当天可两趟往返；标签：交通补助 / 加班补助 / 五险；薪资：8000-11000元/月,未注明,,58同城,2026-09-25 00:46:20,411421,民权县,商丘市,2024-2026,58_民权县_2024_2026.csv
2982,薄荷糖粒,民权C1货运司机包货源一趟一结日均400,商丘市,商丘-民权,8000.0,11000.0,岗位：民权C1货运司机包货源一趟一结日均400；标签：交通补助 / 加班补助；薪资：8000-11000元/月,未注明,,58同城,2026-09-25 00:46:23,411421,民权县,商丘市,2024-2026,58_民权县_2024_2026.csv
2983,田女士,公司急招小车司机,商丘市,商丘-民权,8500.0,9000.0,岗位：公司急招小车司机；标签：五险 / 交通补助 / 房补；薪资：8500-9000元/月,未注明,,58同城,2026-09-25 00:46:23,411421,民权县,商丘市,2024-2026,58_民权县_2024_2026.csv
2984,爱绘图de辛师傅,货运公司招聘C本货运司机一趟一结账,商丘市,商丘-民权,6500.0,8000.0,岗位：货运公司招聘C本货运司机一趟一结账；标签：招6人 / 经验不限 / 学历不限；薪资：6500-8000元/月,学历不限,6.0,58同城,2026-09-25 00:46:23,411421,民权县,商丘市,2024-2026,58_民权县_2024_2026.csv
2985,捏橡皮泥的小星,居家审核简单会电脑260一天,商丘市,民权-江山尚品,5000.0,8000.0,岗位：居家审核简单会电脑260一天；标签：五险一金 / 包吃 / 包住 / 周末双休；薪资：5000-8000元/月,未注明,,58同城,2026-09-25 00:46:45,411421,民权县,商丘市,2024-2026,58_民权县_2024_2026.csv
2986,李先生,美域美容美发店/美发助理/学徒包吃包住,商丘市,商丘-民权,2000.0,3000.0,岗位：美域美容美发店/美发助理/学徒包吃包住；标签：包住 / 包吃；薪资：2000-3000元/月,未注明,,58同城,2026-09-25 00:47:27,411421,民权县,商丘市,2024-2026,58_民权县_2024_2026.csv
2987,,恩佳食品销售店·外卖 服务区域：民权、夏邑,商丘市,民权县,,,岗位：恩佳食品销售店·外卖 服务区域：民权、夏邑,未注明,,58同城,2026-09-25 00:47:51,411421,民权县,商丘市,2024-2026,58_民权县_2024_2026.csv
2988,陈女士,睢县招司机配送肥料不装卸周边城市,商丘市,睢县,6000.0,8000.0,岗位：睢县招司机配送肥料不装卸周边城市；标签：包住；薪资：6000-8000元/月,未注明,,58同城,2026-09-25 00:48:08,411422,睢县,商丘市,2024-2026,58_睢县_2024_2026.csv
2989,品鸿供应链06,（睢县）往返专线C证货运司机,商丘市,睢县-其他,6500.0,7900.0,岗位：（睢县）往返专线C证货运司机；标签：交通补助；薪资：6500-7900元/月,未注明,,58同城,2026-09-25 00:48:08,411422,睢县,商丘市,2024-2026,58_睢县_2024_2026.csv
2990,爱穿花裙的孙小妹,睢县直招农副产品送货司机... 小程序,商丘市,商丘-睢县,6000.0,8000.0,岗位：睢县直招农副产品送货司机... 小程序；标签：包住 / 饭补；薪资：6000-8000元/月,未注明,,58同城,2026-09-25 00:48:08,411422,睢县,商丘市,2024-2026,58_睢县_2024_2026.csv
2991,李先生,物业保安可预支包吃住,商丘市,睢县,4500.0,5000.0,岗位：物业保安可预支包吃住；标签：五险一金 / 包吃 / 包住 / 年底双薪；薪资：4500-5000元/月,未注明,,58同城,2026-09-25 00:48:08,411422,睢县,商丘市,2024-2026,58_睢县_2024_2026.csv
2992,姜女士,急招学校坐岗保安包吃住上五险人走帐清长白,商丘市,睢县,4500.0,5000.0,岗位：急招学校坐岗保安包吃住上五险人走帐清长白；标签：五险一金 / 包吃 / 包住 / 年底双薪；薪资：4500-5000元/月,未注明,,58同城,2026-09-25 00:48:08,411422,睢县,商丘市,2024-2026,58_睢县_2024_2026.csv
2993,王先生,急招保安待遇优厚包吃住工作轻松稳定环境好,商丘市,睢县,4500.0,5000.0,岗位：急招保安待遇优厚包吃住工作轻松稳定环境好；标签：五险一金 / 包吃 / 包住 / 年底双薪；薪资：4500-5000元/月,未注明,,58同城,2026-09-25 00:48:08,411422,睢县,商丘市,2024-2026,58_睢县_2024_2026.csv
2994,李女士,物业小区坐岗保安/包吃住0费用入职,商丘市,睢县-城区,4500.0,5000.0,岗位：物业小区坐岗保安/包吃住0费用入职；标签：五险一金 / 五险 / 包住 / 包吃；薪资：4500-5000元/月,未注明,,58同城,2026-09-25 00:48:08,411422,睢县,商丘市,2024-2026,58_睢县_2024_2026.csv
2995,爱收藏de许老板,急招销售专员,商丘市,睢县-其他,6000.0,10000.0,岗位：急招销售专员；标签：招10人 / 经验不限 / 学历不限；薪资：6000-10000元/月,学历不限,10.0,58同城,2026-09-25 00:48:08,411422,睢县,商丘市,2024-2026,58_睢县_2024_2026.csv
2996,爱收藏de许老板,销售专员,商丘市,睢县-其他,6000.0,10000.0,岗位：销售专员；标签：招10人 / 经验不限 / 学历不限；薪资：6000-10000元/月,学历不限,10.0,58同城,2026-09-25 00:48:08,411422,睢县,商丘市,2024-2026,58_睢县_2024_2026.csv
2997,吴高光,家电安装,商丘市,其他-睢县其他,6500.0,8000.0,岗位：家电安装；标签：包吃 / 交通补助 / 饭补 / 话补；薪资：6500-8000元/月,未注明,,58同城,2026-09-25 00:48:08,411422,睢县,商丘市,2024-2026,58_睢县_2024_2026.csv
2998,闫先生,超市收银员理货员3000起,商丘市,睢县-其他,3000.0,4000.0,岗位：超市收银员理货员3000起；标签：加班补助；薪资：3000-4000元/月,未注明,,58同城,2026-09-25 00:48:08,411422,睢县,商丘市,2024-2026,58_睢县_2024_2026.csv
2999,AAA后街女孩热典潮鞋馆,店员/店长,商丘市,睢县-城区,3500.0,6000.0,岗位：店员/店长；标签：招10人 / 经验不限 / 学历不限；薪资：3500-6000元/月,学历不限,10.0,58同城,2026-09-25 00:48:08,411422,睢县,商丘市,2024-2026,58_睢县_2024_2026.csv
3000,海之缘,餐饮业会计/周末双休包住,商丘市,睢县-其他,3000.0,5500.0,岗位：餐饮业会计/周末双休包住；标签：包住 / 周末双休；薪资：3000-5500元/月,未注明,,58同城,2026-09-25 00:48:08,411422,睢县,商丘市,2024-2026,58_睢县_2024_2026.csv
3001,襟怀坦荡的宗同学,销售顾问,商丘市,城区-睢县人民医院,3000.0,4500.0,岗位：销售顾问；标签：招2人 / 经验1年以下 / 学历中专；薪资：3000-4500元/月,中专/中技,2.0,58同城,2026-09-25 00:48:08,411422,睢县,商丘市,2024-2026,58_睢县_2024_2026.csv
3002,刘华北,河南澳居美家居有限公司/新媒体运营包住交,商丘市,睢县,3000.0,5000.0,岗位：河南澳居美家居有限公司/新媒体运营包住交；标签：饭补 / 话补 / 交通补助 / 周末双休；薪资：3000-5000元/月,未注明,,58同城,2026-09-25 00:48:08,411422,睢县,商丘市,2024-2026,58_睢县_2024_2026.csv
3003,用户34141,睢县一鸣新型材料有限公司业务员4500起,商丘市,睢县-其他,4500.0,8000.0,岗位：睢县一鸣新型材料有限公司业务员4500起；标签：经验1-2年 / 学历不限；薪资：4500-8000元/月,学历不限,,58同城,2026-09-25 00:48:08,411422,睢县,商丘市,2024-2026,58_睢县_2024_2026.csv
3004,爱跳皮筋的跳跳,打混泥土，需要震动棒手泥瓦工工作时间灵活,商丘市,睢县-其他,6000.0,9000.0,岗位：打混泥土，需要震动棒手泥瓦工工作时间灵活；标签：招1人 / 经验3-5年 / 学历不限；薪资：6000-9000元/月,学历不限,1.0,58同城,2026-09-25 00:48:08,411422,睢县,商丘市,2024-2026,58_睢县_2024_2026.csv
3005,大河传媒,店员/营业员学历经验不限,商丘市,城区-睢县人民医院,2500.0,3000.0,岗位：店员/营业员学历经验不限；标签：加班补助；薪资：2500-3000元/月,未注明,,58同城,2026-09-25 00:48:08,411422,睢县,商丘市,2024-2026,58_睢县_2024_2026.csv
3006,王先生,汽车美容店汽车美容包住饭补包吃,商丘市,睢县-其他,3000.0,4500.0,岗位：汽车美容店汽车美容包住饭补包吃；标签：包住 / 包吃 / 饭补；薪资：3000-4500元/月,未注明,,58同城,2026-09-25 00:48:08,411422,睢县,商丘市,2024-2026,58_睢县_2024_2026.csv
3007,人变心不变,睢县飞丝特形象烫染店/发型师/3千起,商丘市,睢县-其他,3000.0,7000.0,岗位：睢县飞丝特形象烫染店/发型师/3千起；标签：经验不限 / 学历不限；薪资：3000-7000元/月,学历不限,,58同城,2026-09-25 00:48:08,411422,睢县,商丘市,2024-2026,58_睢县_2024_2026.csv
3008,邢,销售顾问,商丘市,城区-睢县城区,3000.0,4500.0,岗位：销售顾问；标签：经验不限 / 学历不限；薪资：3000-4500元/月,学历不限,,58同城,2026-09-25 00:48:08,411422,睢县,商丘市,2024-2026,58_睢县_2024_2026.csv
3009,林杉杉,京东大件配送家电,商丘市,睢县-城区,4000.0,8000.0,岗位：京东大件配送家电；标签：经验不限 / 学历不限；薪资：4000-8000元/月,学历不限,,58同城,2026-09-25 00:48:08,411422,睢县,商丘市,2024-2026,58_睢县_2024_2026.csv
3010,宋先生,玩具厂检验日结300一天短期工包吃住,商丘市,睢县-城区,7500.0,8000.0,岗位：玩具厂检验日结300一天短期工包吃住；标签：五险一金 / 五险 / 包住 / 包吃；薪资：7500-8000元/月,未注明,,58同城,2026-09-25 00:48:08,411422,睢县,商丘市,2024-2026,58_睢县_2024_2026.csv
3011,李女士,给公司开小车司机包住宿,商丘市,睢县,5500.0,6000.0,岗位：给公司开小车司机包住宿；标签：包住 / 加班补助 / 房补；薪资：5500-6000元/月,未注明,,58同城,2026-09-25 00:48:08,411422,睢县,商丘市,2024-2026,58_睢县_2024_2026.csv
3012,黄女士,给公司老板开车，小车司机，包住宿,商丘市,睢县,5500.0,6000.0,岗位：给公司老板开车，小车司机，包住宿；标签：房补 / 饭补 / 加班补助；薪资：5500-6000元/月,未注明,,58同城,2026-09-25 00:48:08,411422,睢县,商丘市,2024-2026,58_睢县_2024_2026.csv
3013,我愿给你一份安定楠,油漆工,商丘市,睢县,5000.0,8000.0,岗位：油漆工；标签：经验不限 / 学历不限；薪资：5000-8000元/月,学历不限,,58同城,2026-09-25 00:48:08,411422,睢县,商丘市,2024-2026,58_睢县_2024_2026.csv
3014,谢先生,小吃店砧板厨师4000起,商丘市,睢县-城区,5000.0,6000.0,岗位：小吃店砧板厨师4000起；标签：招1人 / 经验1-2年 / 学历不限；薪资：5000-6000元/月,学历不限,1.0,58同城,2026-09-25 00:48:08,411422,睢县,商丘市,2024-2026,58_睢县_2024_2026.csv
3015,爱清洗的冀博士,房地产销售总监8k起,商丘市,睢县-城区,8000.0,11000.0,岗位：房地产销售总监8k起；标签：经验6-7年 / 学历大专；薪资：8000-11000元/月,大专,,58同城,2026-09-25 00:48:08,411422,睢县,商丘市,2024-2026,58_睢县_2024_2026.csv
3016,金貂建材,睢县急招渠道经理（店长）底薪加提成,商丘市,睢县,6000.0,12000.0,岗位：睢县急招渠道经理（店长）底薪加提成；标签：招4人 / 经验1年以下 / 学历不限；薪资：6000-12000元/月,学历不限,4.0,58同城,2026-09-25 00:48:08,411422,睢县,商丘市,2024-2026,58_睢县_2024_2026.csv
3017,金貂建材,睢县万顺风厨卫门市部渠道经理（店长）,商丘市,睢县,3000.0,5000.0,岗位：睢县万顺风厨卫门市部渠道经理（店长）；标签：招3人 / 经验1年以下 / 学历不限；薪资：3000-5000元/月,学历不限,3.0,58同城,2026-09-25 00:48:08,411422,睢县,商丘市,2024-2026,58_睢县_2024_2026.csv
3018,最爱吃糖的小甜,服务员,商丘市,商丘-宁陵,2500.0,3000.0,岗位：服务员；标签：经验不限 / 学历不限；薪资：2500-3000元/月,学历不限,,58同城,2026-09-25 00:51:14,411423,宁陵县,商丘市,2024-2026,58_宁陵县_2024_2026.csv
3019,王亚坤,视频剪辑/短视频拍摄/短视频运营,商丘市,商丘-宁陵,3000.0,6000.0,岗位：视频剪辑/短视频拍摄/短视频运营；标签：经验1-2年 / 学历大专；薪资：3000-6000元/月,大专,,58同城,2026-09-25 00:51:14,411423,宁陵县,商丘市,2024-2026,58_宁陵县_2024_2026.csv
3020,Coisini,饮品店服务员/打酒师25... 小程序,商丘市,宁陵-人民路,2500.0,4500.0,岗位：饮品店服务员/打酒师25... 小程序；标签：经验不限 / 学历不限；薪资：2500-4500元/月,学历不限,,58同城,2026-09-25 00:51:14,411423,宁陵县,商丘市,2024-2026,58_宁陵县_2024_2026.csv
3021,徐先生,货运司机-食材拉货到门店8千,商丘市,商丘-宁陵,8000.0,8100.0,岗位：货运司机-食材拉货到门店8千；标签：年底双薪 / 交通补助；薪资：8000-8100元/月,未注明,,58同城,2026-09-25 00:51:14,411423,宁陵县,商丘市,2024-2026,58_宁陵县_2024_2026.csv
3022,滚,餐厅餐饮收银2000起,商丘市,商丘-宁陵,2000.0,2500.0,岗位：餐厅餐饮收银2000起；标签：招1人 / 经验不限 / 学历不限；薪资：2000-2500元/月,学历不限,1.0,58同城,2026-09-25 00:51:14,411423,宁陵县,商丘市,2024-2026,58_宁陵县_2024_2026.csv
3023,娄先生,餐厅餐饮收银2500起,商丘市,商丘-宁陵,2500.0,4500.0,岗位：餐厅餐饮收银2500起；标签：经验1年以下 / 学历不限；薪资：2500-4500元/月,学历不限,,58同城,2026-09-25 00:51:14,411423,宁陵县,商丘市,2024-2026,58_宁陵县_2024_2026.csv
3024,用户59257,食品/抖音运营包住包吃,商丘市,宁陵-人民路,8000.0,8500.0,岗位：食品/抖音运营包住包吃；标签：包住 / 包吃；薪资：8000-8500元/月,未注明,,58同城,2026-09-25 00:51:14,411423,宁陵县,商丘市,2024-2026,58_宁陵县_2024_2026.csv
3025,杨善文,火锅店传菜员2000起,商丘市,商丘-宁陵,2000.0,3500.0,岗位：火锅店传菜员2000起；标签：招2人 / 经验不限 / 学历不限；薪资：2000-3500元/月,学历不限,2.0,58同城,2026-09-25 00:51:14,411423,宁陵县,商丘市,2024-2026,58_宁陵县_2024_2026.csv
3026,各女士,日结260耳机小零件组装贴标签可带手机,商丘市,商丘-宁陵,5500.0,7500.0,岗位：日结260耳机小零件组装贴标签可带手机；标签：包住 / 包吃 / 加班补助；薪资：5500-7500元/月,未注明,,58同城,2026-09-25 00:51:14,411423,宁陵县,商丘市,2024-2026,58_宁陵县_2024_2026.csv
3027,哼歌跳舞的悠悠,工程技术员5千起,商丘市,商丘-宁陵,5000.0,8000.0,岗位：工程技术员5千起；标签：招4人 / 经验1-2年 / 学历不限；薪资：5000-8000元/月,学历不限,4.0,58同城,2026-09-25 00:51:14,411423,宁陵县,商丘市,2024-2026,58_宁陵县_2024_2026.csv
3028,用户97663,宁陵县火锅店服务员3000起,商丘市,商丘-宁陵,3000.0,4000.0,岗位：宁陵县火锅店服务员3000起；标签：招2人 / 经验不限 / 学历不限；薪资：3000-4000元/月,学历不限,2.0,58同城,2026-09-25 00:51:14,411423,宁陵县,商丘市,2024-2026,58_宁陵县_2024_2026.csv
3029,招聘专员,豫然文化传媒经纪人周末双休年底双薪,商丘市,商丘-宁陵,3000.0,5000.0,岗位：豫然文化传媒经纪人周末双休年底双薪；标签：年底双薪 / 周末双休；薪资：3000-5000元/月,未注明,,58同城,2026-09-25 00:51:14,411423,宁陵县,商丘市,2024-2026,58_宁陵县_2024_2026.csv
3030,用户97663,宁陵急招火锅店服务员,商丘市,商丘-宁陵,3000.0,4000.0,岗位：宁陵急招火锅店服务员；标签：招3人 / 经验不限 / 学历不限；薪资：3000-4000元/月,学历不限,3.0,58同城,2026-09-25 00:51:14,411423,宁陵县,商丘市,2024-2026,58_宁陵县_2024_2026.csv
3031,芮先生,玩具厂包装工300一天包吃住坐班,商丘市,商丘-宁陵,8000.0,8500.0,岗位：玩具厂包装工300一天包吃住坐班；标签：五险一金 / 交通补助 / 五险 / 加班补助；薪资：8000-8500元/月,未注明,,58同城,2026-09-25 00:51:14,411423,宁陵县,商丘市,2024-2026,58_宁陵县_2024_2026.csv
3032,58用户,薇薇安服装销售店/服装销售3千起,商丘市,宁陵-人民路,3000.0,5500.0,岗位：薇薇安服装销售店/服装销售3千起；标签：饭补；薪资：3000-5500元/月,未注明,,58同城,2026-09-25 00:51:14,411423,宁陵县,商丘市,2024-2026,58_宁陵县_2024_2026.csv
3033,3,甜品/烘焙店蛋糕/裱花师加班补助年底双薪,商丘市,商丘-宁陵,3500.0,4000.0,岗位：甜品/烘焙店蛋糕/裱花师加班补助年底双薪；标签：年底双薪 / 加班补助；薪资：3500-4000元/月,未注明,,58同城,2026-09-25 00:51:14,411423,宁陵县,商丘市,2024-2026,58_宁陵县_2024_2026.csv
3034,招聘专员,餐饮店店员/营业员学历经验不限,商丘市,商丘-宁陵,2000.0,3000.0,岗位：餐饮店店员/营业员学历经验不限；标签：招1人 / 经验不限 / 学历不限；薪资：2000-3000元/月,学历不限,1.0,58同城,2026-09-25 00:51:14,411423,宁陵县,商丘市,2024-2026,58_宁陵县_2024_2026.csv
3035,任女士,c本司机,商丘市,商丘-宁陵,6500.0,8000.0,岗位：c本司机；标签：招8人 / 经验1-2年 / 学历不限；薪资：6500-8000元/月,学历不限,8.0,58同城,2026-09-25 00:51:14,411423,宁陵县,商丘市,2024-2026,58_宁陵县_2024_2026.csv
3036,O以德为先冷师傅,呗享科技/车辆运营/2000起,商丘市,商丘-宁陵,2000.0,2500.0,岗位：呗享科技/车辆运营/2000起；标签：经验不限 / 学历不限；薪资：2000-2500元/月,学历不限,,58同城,2026-09-25 00:51:14,411423,宁陵县,商丘市,2024-2026,58_宁陵县_2024_2026.csv
3037,安途运输,商丘出发省内外跑不装卸货运司机,商丘市,商丘-宁陵,6500.0,8000.0,岗位：商丘出发省内外跑不装卸货运司机；标签：招10人 / 经验不限 / 学历不限；薪资：6500-8000元/月,学历不限,10.0,58同城,2026-09-25 00:51:14,411423,宁陵县,商丘市,2024-2026,58_宁陵县_2024_2026.csv
3038,王先生,商丘本地仓招冷藏车司机,商丘市,商丘-宁陵,5500.0,8000.0,岗位：商丘本地仓招冷藏车司机；标签：包住；薪资：5500-8000元/月,未注明,,58同城,2026-09-25 00:51:14,411423,宁陵县,商丘市,2024-2026,58_宁陵县_2024_2026.csv
3039,咕噜咕噜喝水的阿泡,川湘菜厨师,商丘市,商丘-宁陵,8000.0,10000.0,岗位：川湘菜厨师；标签：经验不限 / 学历不限；薪资：8000-10000元/月,学历不限,,58同城,2026-09-25 00:51:14,411423,宁陵县,商丘市,2024-2026,58_宁陵县_2024_2026.csv
3040,爱洗澡de江同学,宁陵冷链物流司机11k起,商丘市,宁陵-人民路,11000.0,11500.0,岗位：宁陵冷链物流司机11k起；标签：招2人 / 经验不限 / 学历不限；薪资：11000-11500元/月,学历不限,2.0,58同城,2026-09-25 00:51:14,411423,宁陵县,商丘市,2024-2026,58_宁陵县_2024_2026.csv
3041,雨后青苔,锂电池工厂销售总监,商丘市,商丘-宁陵,10000.0,30000.0,岗位：锂电池工厂销售总监；标签：招1人 / 经验不限 / 学历不限；薪资：10000-30000元/月,学历不限,1.0,58同城,2026-09-25 00:51:14,411423,宁陵县,商丘市,2024-2026,58_宁陵县_2024_2026.csv
3042,刘彬,室内设计师,商丘市,宁陵-人民路,4000.0,5000.0,岗位：室内设计师；标签：招3人 / 经验不限 / 学历大专；薪资：4000-5000元/月,大专,3.0,58同城,2026-09-25 00:51:14,411423,宁陵县,商丘市,2024-2026,58_宁陵县_2024_2026.csv
3043,张先生,急招健身教练无经验可培养,商丘市,商丘-宁陵,6000.0,12000.0,岗位：急招健身教练无经验可培养；标签：五险 / 包住；薪资：6000-12000元/月,未注明,,58同城,2026-09-25 00:51:14,411423,宁陵县,商丘市,2024-2026,58_宁陵县_2024_2026.csv
3044,刘彬,设计师家装,商丘市,宁陵-人民路,3000.0,4000.0,岗位：设计师家装；标签：招3人 / 经验不限 / 学历大专；薪资：3000-4000元/月,大专,3.0,58同城,2026-09-25 00:51:14,411423,宁陵县,商丘市,2024-2026,58_宁陵县_2024_2026.csv
3045,王先生,蓝牙耳机包质检装贴标253坐班长白班,商丘市,商丘-宁陵,6500.0,7500.0,岗位：蓝牙耳机包质检装贴标253坐班长白班；标签：五险一金 / 包住 / 包吃 / 加班补助；薪资：6500-7500元/月,未注明,,58同城,2026-09-25 00:51:14,411423,宁陵县,商丘市,2024-2026,58_宁陵县_2024_2026.csv
3046,爱绘图de辛师傅,货运公司招聘C本货运司机不装不卸,商丘市,商丘-宁陵,6500.0,8000.0,岗位：货运公司招聘C本货运司机不装不卸；标签：招5人 / 经验不限 / 学历不限；薪资：6500-8000元/月,学历不限,5.0,58同城,2026-09-25 00:51:14,411423,宁陵县,商丘市,2024-2026,58_宁陵县_2024_2026.csv
3047,倪总想收藏,商丘新捷商贸有限公司普工/操作工包住,商丘市,商丘-宁陵,5000.0,8000.0,岗位：商丘新捷商贸有限公司普工/操作工包住；标签：包住；薪资：5000-8000元/月,未注明,,58同城,2026-09-25 00:51:14,411423,宁陵县,商丘市,2024-2026,58_宁陵县_2024_2026.csv
3048,周高峰,印刷公司技工,商丘市,商丘-睢阳,4500.0,7500.0,岗位：印刷公司技工；标签：包住 / 包吃 / 加班补助 / 饭补；薪资：4500-7500元/月,未注明,,58同城,2026-09-25 00:51:17,411423,宁陵县,商丘市,2024-2026,58_宁陵县_2024_2026.csv
3049,喂小鱼的悠悠,店员/营业员,商丘市,虞城-江南购物,3000.0,3500.0,岗位：店员/营业员；标签：招1人 / 经验不限 / 学历不限；薪资：3000-3500元/月,学历不限,1.0,58同城,2026-09-25 00:51:17,411423,宁陵县,商丘市,2024-2026,58_宁陵县_2024_2026.csv
3050,衣果名店沐知雪R昱帛贝儿R,服装店员/营业员（中午管... 小程序,商丘市,商丘-梁园,3500.0,4000.0,岗位：服装店员/营业员（中午管... 小程序；标签：包吃；薪资：3500-4000元/月,未注明,,58同城,2026-09-25 00:51:17,411423,宁陵县,商丘市,2024-2026,58_宁陵县_2024_2026.csv
3051,今龙不锈钢门业,门窗厂普工/操作工4k起,商丘市,商丘-梁园,4000.0,5000.0,岗位：门窗厂普工/操作工4k起；标签：经验不限 / 学历不限；薪资：4000-5000元/月,学历不限,,58同城,2026-09-25 00:51:17,411423,宁陵县,商丘市,2024-2026,58_宁陵县_2024_2026.csv
3052,看云的刘同学,急聘铁路地勤上一休一免费食宿五险一金,商丘市,商丘,5000.0,6000.0,岗位：急聘铁路地勤上一休一免费食宿五险一金；标签：五险一金 / 五险 / 包住 / 包吃；薪资：5000-6000元/月,未注明,,58同城,2026-09-25 00:51:17,411423,宁陵县,商丘市,2024-2026,58_宁陵县_2024_2026.csv
3053,李先生,颐韵保健服务部店员/营业员包吃包住,商丘市,梁园-凯旋商城,5500.0,6000.0,岗位：颐韵保健服务部店员/营业员包吃包住；标签：包住 / 包吃；薪资：5500-6000元/月,未注明,,58同城,2026-09-25 00:51:17,411423,宁陵县,商丘市,2024-2026,58_宁陵县_2024_2026.csv
3054,陈曦,急急急缺助理洗头工,商丘市,梁园-凯旋商城,2000.0,4000.0,岗位：急急急缺助理洗头工；标签：包住 / 包吃；薪资：2000-4000元/月,未注明,,58同城,2026-09-25 00:51:17,411423,宁陵县,商丘市,2024-2026,58_宁陵县_2024_2026.csv
3055,王宇,缝纫机工,商丘市,商丘-睢阳,2500.0,5000.0,岗位：缝纫机工；标签：年底双薪 / 饭补；薪资：2500-5000元/月,未注明,,58同城,2026-09-25 00:51:17,411423,宁陵县,商丘市,2024-2026,58_宁陵县_2024_2026.csv
3056,秦习斌先生,店员/营业员,商丘市,睢阳-华夏游乐园,2500.0,4500.0,岗位：店员/营业员；标签：经验不限 / 学历不限；薪资：2500-4500元/月,学历不限,,58同城,2026-09-25 00:51:17,411423,宁陵县,商丘市,2024-2026,58_宁陵县_2024_2026.csv
3057,李先生,颐韵保健服务部店员/包吃包住,商丘市,梁园-凯旋商城,2500.0,4500.0,岗位：颐韵保健服务部店员/包吃包住；标签：包住 / 包吃；薪资：2500-4500元/月,未注明,,58同城,2026-09-25 00:51:17,411423,宁陵县,商丘市,2024-2026,58_宁陵县_2024_2026.csv
3058,茉然,中餐厅后厨2000起,商丘市,商丘-柘城,2000.0,4000.0,岗位：中餐厅后厨2000起；标签：包吃；薪资：2000-4000元/月,未注明,,58同城,2026-09-25 00:51:17,411423,宁陵县,商丘市,2024-2026,58_宁陵县_2024_2026.csv
3059,做我自己,其他职位,商丘市,商丘-梁园,3000.0,5000.0,岗位：其他职位；标签：经验不限 / 学历不限；薪资：3000-5000元/月,学历不限,,58同城,2026-09-25 00:51:17,411423,宁陵县,商丘市,2024-2026,58_宁陵县_2024_2026.csv
3060,袁经理,后厨/帮厨3500起,商丘市,梁园-高铁商城,3500.0,3800.0,岗位：后厨/帮厨3500起；标签：招3人 / 经验不限 / 学历不限；薪资：3500-3800元/月,学历不限,3.0,58同城,2026-09-25 00:51:17,411423,宁陵县,商丘市,2024-2026,58_宁陵县_2024_2026.csv
3061,田先生,4000以上招聘平面设计,商丘市,商丘周边-其他,2500.0,5000.0,岗位：4000以上招聘平面设计；标签：包吃 / 加班补助 / 饭补；薪资：2500-5000元/月,未注明,,58同城,2026-09-25 00:51:17,411423,宁陵县,商丘市,2024-2026,58_宁陵县_2024_2026.csv
3062,爱叫喊de毛同学,机械厂焊工/五险一金包住加班补助,商丘市,商丘-睢阳,10000.0,11500.0,岗位：机械厂焊工/五险一金包住加班补助；标签：五险一金 / 包住 / 包吃 / 加班补助；薪资：10000-11500元/月,未注明,,58同城,2026-09-25 00:51:17,411423,宁陵县,商丘市,2024-2026,58_宁陵县_2024_2026.csv
3063,Coisini,饮品店服务员/打酒师2500起,商丘市,宁陵-人民路,2500.0,4500.0,岗位：饮品店服务员/打酒师2500起；标签：经验不限 / 学历不限；薪资：2500-4500元/月,学历不限,,58同城,2026-09-25 00:51:17,411423,宁陵县,商丘市,2024-2026,58_宁陵县_2024_2026.csv
3064,用户94185,餐饮店店员/营业员3000起,商丘市,商丘-睢阳,3000.0,3500.0,岗位：餐饮店店员/营业员3000起；标签：招1人 / 经验不限 / 学历不限；薪资：3000-3500元/月,学历不限,1.0,58同城,2026-09-25 00:51:17,411423,宁陵县,商丘市,2024-2026,58_宁陵县_2024_2026.csv
3065,君悦,餐饮收银,商丘市,商丘-虞城,3000.0,4500.0,岗位：餐饮收银；标签：经验不限 / 学历不限；薪资：3000-4500元/月,学历不限,,58同城,2026-09-25 00:51:17,411423,宁陵县,商丘市,2024-2026,58_宁陵县_2024_2026.csv
3066,悄悄写日记的笔尖,销售顾问,商丘市,商丘-虞城,3000.0,5000.0,岗位：销售顾问；标签：经验不限 / 学历不限；薪资：3000-5000元/月,学历不限,,58同城,2026-09-25 00:51:17,411423,宁陵县,商丘市,2024-2026,58_宁陵县_2024_2026.csv
3067,卢先生,商丘簇辰商贸有限公司新媒体运营3千起,商丘市,商丘-虞城,3000.0,4500.0,岗位：商丘簇辰商贸有限公司新媒体运营3千起；标签：房补；薪资：3000-4500元/月,未注明,,58同城,2026-09-25 00:51:17,411423,宁陵县,商丘市,2024-2026,58_宁陵县_2024_2026.csv
3068,蒙叔九千岁,商丘森荣服装激光切割操作工18-35岁,商丘市,商丘周边-其他,3000.0,5000.0,岗位：商丘森荣服装激光切割操作工18-35岁；标签：招3人 / 经验1年以下 / 学历不限；薪资：3000-5000元/月,学历不限,3.0,58同城,2026-09-25 00:51:17,411423,宁陵县,商丘市,2024-2026,58_宁陵县_2024_2026.csv
3069,摸毛茸茸的暖暖,店员/营业员,商丘市,民权-庄周大道,2500.0,4500.0,岗位：店员/营业员；标签：经验不限 / 学历不限；薪资：2500-4500元/月,学历不限,,58同城,2026-09-25 00:51:17,411423,宁陵县,商丘市,2024-2026,58_宁陵县_2024_2026.csv
3070,Q,食品/饮料店员/营业员学历经验不限,商丘市,睢阳-万达广场,2500.0,5000.0,岗位：食品/饮料店员/营业员学历经验不限；标签：经验不限 / 学历不限；薪资：2500-5000元/月,学历不限,,58同城,2026-09-25 00:51:17,411423,宁陵县,商丘市,2024-2026,58_宁陵县_2024_2026.csv
3071,用户94185,熟食店店员/营业员3000起,商丘市,商丘-睢阳,3000.0,4500.0,岗位：熟食店店员/营业员3000起；标签：经验不限 / 学历不限；薪资：3000-4500元/月,学历不限,,58同城,2026-09-25 00:51:17,411423,宁陵县,商丘市,2024-2026,58_宁陵县_2024_2026.csv
3072,孙东艳,民权县急招服装/促销/导购员,商丘市,商丘周边-其他,3000.0,4500.0,岗位：民权县急招服装/促销/导购员；标签：招2人 / 经验不限 / 学历不限；薪资：3000-4500元/月,学历不限,2.0,58同城,2026-09-25 00:51:17,411423,宁陵县,商丘市,2024-2026,58_宁陵县_2024_2026.csv
3073,王先生,文案策划待遇好,商丘市,商丘-睢阳,3000.0,7000.0,岗位：文案策划待遇好；标签：经验1-2年 / 学历不限；薪资：3000-7000元/月,学历不限,,58同城,2026-09-25 00:51:17,411423,宁陵县,商丘市,2024-2026,58_宁陵县_2024_2026.csv
3074,汪女士,店员/营业员,商丘市,商丘-睢阳,2800.0,3500.0,岗位：店员/营业员；标签：包吃；薪资：2800-3500元/月,未注明,,58同城,2026-09-25 00:51:17,411423,宁陵县,商丘市,2024-2026,58_宁陵县_2024_2026.csv
3075,卓进生,督导/巡店,商丘市,商丘周边-其他,,,岗位：督导/巡店；标签：经验不限 / 学历不限；薪资：面议,学历不限,,58同城,2026-09-25 00:51:17,411423,宁陵县,商丘市,2024-2026,58_宁陵县_2024_2026.csv
3076,赵女士,美甲师,商丘市,夏邑-孔祖大道,2500.0,4500.0,岗位：美甲师；标签：经验不限 / 学历不限；薪资：2500-4500元/月,学历不限,,58同城,2026-09-25 00:51:17,411423,宁陵县,商丘市,2024-2026,58_宁陵县_2024_2026.csv
3077,用户7152,康复治疗师,商丘市,商丘周边-其他,,,岗位：康复治疗师；标签：五险一金 / 包吃；薪资：面议,未注明,,58同城,2026-09-25 00:51:17,411423,宁陵县,商丘市,2024-2026,58_宁陵县_2024_2026.csv
3078,兰女士,宁陵货运司机,商丘市,商丘-宁陵,7000.0,11500.0,岗位：宁陵货运司机；标签：招3人 / 经验不限 / 学历不限；薪资：7000-11500元/月,学历不限,3.0,58同城,2026-09-25 00:52:25,411423,宁陵县,商丘市,2024-2026,58_宁陵县_2024_2026.csv
3079,花田散步,商丘宁陵冷链物流司机11k起,商丘市,商丘-睢阳,11000.0,11500.0,岗位：商丘宁陵冷链物流司机11k起；标签：招5人 / 经验不限 / 学历不限；薪资：11000-11500元/月,学历不限,5.0,58同城,2026-09-25 00:52:25,411423,宁陵县,商丘市,2024-2026,58_宁陵县_2024_2026.csv
3080,爱洗澡de江同学,宁陵冷链物流司机11k起 小程序,商丘市,宁陵-人民路,11000.0,11500.0,岗位：宁陵冷链物流司机11k起 小程序；标签：招2人 / 经验不限 / 学历不限；薪资：11000-11500元/月,学历不限,2.0,58同城,2026-09-25 00:52:30,411423,宁陵县,商丘市,2024-2026,58_宁陵县_2024_2026.csv
3081,孟女士,宁陵急招货运司机，工资月结不拖欠,商丘市,商丘-宁陵,5000.0,8000.0,岗位：宁陵急招货运司机，工资月结不拖欠；标签：招11人 / 经验不限 / 学历不限；薪资：5000-8000元/月,学历不限,11.0,58同城,2026-09-25 00:52:34,411423,宁陵县,商丘市,2024-2026,58_宁陵县_2024_2026.csv
3082,能言善道de祝总,柘城招聘注塑工（包吃住）,商丘市,商丘-柘城,5000.0,8500.0,岗位：柘城招聘注塑工（包吃住）；标签：招2人 / 经验3-5年 / 学历不限；薪资：5000-8500元/月,学历不限,2.0,58同城,2026-09-25 00:54:16,411424,柘城县,商丘市,2024-2026,58_柘城县_2024_2026.csv
3083,总在哼歌的旋律控,仓库管理月入6000双休交五险,商丘市,柘城-百汇万洋商贸城,5000.0,8000.0,岗位：仓库管理月入6000双休交五险；标签：五险一金 / 包吃 / 包住 / 周末双休；薪资：5000-8000元/月,未注明,,58同城,2026-09-25 00:54:16,411424,柘城县,商丘市,2024-2026,58_柘城县_2024_2026.csv
3084,能言善道de祝总,鑫豫环包装注塑师傅包吃住 小程序,商丘市,商丘-柘城,5000.0,8500.0,岗位：鑫豫环包装注塑师傅包吃住 小程序；标签：包住 / 包吃；薪资：5000-8500元/月,未注明,,58同城,2026-09-25 00:54:16,411424,柘城县,商丘市,2024-2026,58_柘城县_2024_2026.csv
3085,品鸿供应链01,（柘城）往返专线C证货运司机,商丘市,商丘-柘城,6500.0,8000.0,岗位：（柘城）往返专线C证货运司机；标签：交通补助；薪资：6500-8000元/月,未注明,,58同城,2026-09-25 00:54:16,411424,柘城县,商丘市,2024-2026,58_柘城县_2024_2026.csv
3086,杨永超,汽车销售顾问3000-8000起,商丘市,柘城-百汇万洋商贸城,3000.0,8000.0,岗位：汽车销售顾问3000-8000起；标签：包吃；薪资：3000-8000元/月,未注明,,58同城,2026-09-25 00:54:16,411424,柘城县,商丘市,2024-2026,58_柘城县_2024_2026.csv
3087,茉然,中餐厅后厨2000起,商丘市,商丘-柘城,2000.0,4000.0,岗位：中餐厅后厨2000起；标签：包吃；薪资：2000-4000元/月,未注明,,58同城,2026-09-25 00:54:16,411424,柘城县,商丘市,2024-2026,58_柘城县_2024_2026.csv
3088,赵先生,筑诚别墅建筑工程公司/销售专员/2000,商丘市,商丘-柘城,2000.0,10000.0,岗位：筑诚别墅建筑工程公司/销售专员/2000；标签：包吃；薪资：2000-10000元/月,未注明,,58同城,2026-09-25 00:54:16,411424,柘城县,商丘市,2024-2026,58_柘城县_2024_2026.csv
3089,步行街中段路西婕希贝尔,服饰商店/服装销售4千起,商丘市,商丘-柘城,4000.0,7000.0,岗位：服饰商店/服装销售4千起；标签：经验不限 / 学历不限；薪资：4000-7000元/月,学历不限,,58同城,2026-09-25 00:54:16,411424,柘城县,商丘市,2024-2026,58_柘城县_2024_2026.csv
3090,郑先生,耳机厂包装工260一天/可日结/人走账清,商丘市,商丘-柘城,7000.0,8000.0,岗位：耳机厂包装工260一天/可日结/人走账清；标签：包住 / 包吃 / 周末双休；薪资：7000-8000元/月,未注明,,58同城,2026-09-25 00:54:16,411424,柘城县,商丘市,2024-2026,58_柘城县_2024_2026.csv
3091,433gxw,电商运营/3千起,商丘市,柘城-百汇万洋商贸城,3000.0,4500.0,岗位：电商运营/3千起；标签：经验不限 / 学历不限；薪资：3000-4500元/月,学历不限,,58同城,2026-09-25 00:54:16,411424,柘城县,商丘市,2024-2026,58_柘城县_2024_2026.csv
3092,王先生,店员/营业员,商丘市,柘城-黄山路,4000.0,5500.0,岗位：店员/营业员；标签：加班补助 / 饭补；薪资：4000-5500元/月,未注明,,58同城,2026-09-25 00:54:16,411424,柘城县,商丘市,2024-2026,58_柘城县_2024_2026.csv
3093,张雅珺,柘城县析营饮品店奶茶/饮品师3千起,商丘市,商丘-柘城,3000.0,3500.0,岗位：柘城县析营饮品店奶茶/饮品师3千起；标签：经验不限 / 学历不限；薪资：3000-3500元/月,学历不限,,58同城,2026-09-25 00:54:16,411424,柘城县,商丘市,2024-2026,58_柘城县_2024_2026.csv
3094,紧张DE柯同学,商丘市鑫环包装有限公司注塑工学历不限,商丘市,商丘-柘城,5000.0,8000.0,岗位：商丘市鑫环包装有限公司注塑工学历不限；标签：经验6-7年 / 学历不限；薪资：5000-8000元/月,学历不限,,58同城,2026-09-25 00:54:16,411424,柘城县,商丘市,2024-2026,58_柘城县_2024_2026.csv
3095,数着泡泡的梦,奶茶店员工,商丘市,商丘-柘城,2000.0,2500.0,岗位：奶茶店员工；标签：加班补助；薪资：2000-2500元/月,未注明,,58同城,2026-09-25 00:54:16,411424,柘城县,商丘市,2024-2026,58_柘城县_2024_2026.csv
3096,11y4nmn19,国农种业科技/短视频剪辑/2500起,商丘市,商丘-柘城,2500.0,4500.0,岗位：国农种业科技/短视频剪辑/2500起；标签：经验1-2年 / 学历不限；薪资：2500-4500元/月,学历不限,,58同城,2026-09-25 00:54:16,411424,柘城县,商丘市,2024-2026,58_柘城县_2024_2026.csv
3097,淡定de戚老板,木材厂木工/工作时间灵活,商丘市,商丘-柘城,8000.0,10000.0,岗位：木材厂木工/工作时间灵活；标签：经验1年以下 / 学历不限；薪资：8000-10000元/月,学历不限,,58同城,2026-09-25 00:54:16,411424,柘城县,商丘市,2024-2026,58_柘城县_2024_2026.csv
3098,王先生,医生助理,商丘市,商丘-柘城,2000.0,5000.0,岗位：医生助理；标签：年底双薪 / 房补；薪资：2000-5000元/月,未注明,,58同城,2026-09-25 00:54:16,411424,柘城县,商丘市,2024-2026,58_柘城县_2024_2026.csv
3099,李杀酒店管理,洗浴汤泉主管,商丘市,商丘-柘城,4000.0,6000.0,岗位：洗浴汤泉主管；标签：包吃 / 加班补助；薪资：4000-6000元/月,未注明,,58同城,2026-09-25 00:54:16,411424,柘城县,商丘市,2024-2026,58_柘城县_2024_2026.csv
3100,keyvin,物业水电工2500起,商丘市,商丘-柘城,2500.0,4500.0,岗位：物业水电工2500起；标签：招1人 / 经验不限 / 学历高中；薪资：2500-4500元/月,高中,1.0,58同城,2026-09-25 00:54:16,411424,柘城县,商丘市,2024-2026,58_柘城县_2024_2026.csv
3101,孤零零的僧帽水母,武馆武术教练饭补包住,商丘市,商丘-柘城,3000.0,5000.0,岗位：武馆武术教练饭补包住；标签：包住 / 饭补；薪资：3000-5000元/月,未注明,,58同城,2026-09-25 00:54:16,411424,柘城县,商丘市,2024-2026,58_柘城县_2024_2026.csv
3102,翻看云朵的朵朵,自媒体运营工作时间灵活,商丘市,商丘-柘城,2000.0,4500.0,岗位：自媒体运营工作时间灵活；标签：招1人 / 经验不限 / 学历不限；薪资：2000-4500元/月,学历不限,1.0,58同城,2026-09-25 00:54:16,411424,柘城县,商丘市,2024-2026,58_柘城县_2024_2026.csv
3103,郑先生,数据线贴标/240一天/可日结/人走账清,商丘市,商丘-柘城,6500.0,8000.0,岗位：数据线贴标/240一天/可日结/人走账清；标签：包住 / 包吃 / 加班补助；薪资：6500-8000元/月,未注明,,58同城,2026-09-25 00:54:16,411424,柘城县,商丘市,2024-2026,58_柘城县_2024_2026.csv
3104,穿彩虹鞋的嘟嘟,家具厂家居/家具设计3k起,商丘市,商丘-柘城,5000.0,10000.0,岗位：家具厂家居/家具设计3k起；标签：经验1-2年 / 学历不限；薪资：5000-10000元/月,学历不限,,58同城,2026-09-25 00:54:16,411424,柘城县,商丘市,2024-2026,58_柘城县_2024_2026.csv
3105,申女士,新产线28/H简单手工活可预支普工,商丘市,柘城-黄山路,5500.0,7000.0,岗位：新产线28/H简单手工活可预支普工；标签：五险 / 包吃 / 包住；薪资：5500-7000元/月,未注明,,58同城,2026-09-25 00:54:16,411424,柘城县,商丘市,2024-2026,58_柘城县_2024_2026.csv
3106,高女士,直招铁路乘务地勤五险一金免费食宿带薪年假,商丘市,商丘-柘城,5000.0,6000.0,岗位：直招铁路乘务地勤五险一金免费食宿带薪年假；标签：五险一金 / 加班补助 / 包住 / 饭补；薪资：5000-6000元/月,未注明,,58同城,2026-09-25 00:54:16,411424,柘城县,商丘市,2024-2026,58_柘城县_2024_2026.csv
3107,杨女士,组装工可日结240一天好上手包吃住,商丘市,商丘-柘城,5500.0,7500.0,岗位：组装工可日结240一天好上手包吃住；标签：五险一金 / 包住 / 包吃；薪资：5500-7500元/月,未注明,,58同城,2026-09-25 00:54:16,411424,柘城县,商丘市,2024-2026,58_柘城县_2024_2026.csv
3108,李女士,急招健身教练新手-包教会,商丘市,商丘-柘城,6000.0,12000.0,岗位：急招健身教练新手-包教会；标签：五险一金 / 包住 / 包吃；薪资：6000-12000元/月,未注明,,58同城,2026-09-25 00:54:16,411424,柘城县,商丘市,2024-2026,58_柘城县_2024_2026.csv
3109,梁女士,门店文员客服5000起宝妈优先,商丘市,商丘-柘城,3000.0,7500.0,岗位：门店文员客服5000起宝妈优先；标签：招10人 / 经验不限 / 学历不限；薪资：3000-7500元/月,学历不限,10.0,58同城,2026-09-25 00:54:16,411424,柘城县,商丘市,2024-2026,58_柘城县_2024_2026.csv
3110,周飞宁,卡诺电气招聘电工,商丘市,商丘-柘城,5000.0,7000.0,岗位：卡诺电气招聘电工；标签：招5人 / 经验不限 / 学历大专；薪资：5000-7000元/月,大专,5.0,58同城,2026-09-25 00:54:16,411424,柘城县,商丘市,2024-2026,58_柘城县_2024_2026.csv
3111,悄悄种花的阿阳,柘城C1司机送百货不装卸无押金,商丘市,商丘-柘城,6000.0,8000.0,岗位：柘城C1司机送百货不装卸无押金；标签：招10人 / 经验不限 / 学历不限；薪资：6000-8000元/月,学历不限,10.0,58同城,2026-09-25 00:54:16,411424,柘城县,商丘市,2024-2026,58_柘城县_2024_2026.csv
3112,周高峰,印刷公司技工,商丘市,商丘-睢阳,4500.0,7500.0,岗位：印刷公司技工；标签：包住 / 包吃 / 加班补助 / 饭补；薪资：4500-7500元/月,未注明,,58同城,2026-09-25 00:54:20,411424,柘城县,商丘市,2024-2026,58_柘城县_2024_2026.csv
3113,喂小鱼的悠悠,店员/营业员,商丘市,虞城-江南购物,3000.0,3500.0,岗位：店员/营业员；标签：招1人 / 经验不限 / 学历不限；薪资：3000-3500元/月,学历不限,1.0,58同城,2026-09-25 00:54:20,411424,柘城县,商丘市,2024-2026,58_柘城县_2024_2026.csv
3114,衣果名店沐知雪R昱帛贝儿R,服装店员/营业员（中午管... 小程序,商丘市,商丘-梁园,3500.0,4000.0,岗位：服装店员/营业员（中午管... 小程序；标签：包吃；薪资：3500-4000元/月,未注明,,58同城,2026-09-25 00:54:20,411424,柘城县,商丘市,2024-2026,58_柘城县_2024_2026.csv
3115,今龙不锈钢门业,门窗厂普工/操作工4k起,商丘市,商丘-梁园,4000.0,5000.0,岗位：门窗厂普工/操作工4k起；标签：经验不限 / 学历不限；薪资：4000-5000元/月,学历不限,,58同城,2026-09-25 00:54:20,411424,柘城县,商丘市,2024-2026,58_柘城县_2024_2026.csv
3116,看云的刘同学,急聘铁路地勤上一休一免费食宿五险一金,商丘市,商丘,5000.0,6000.0,岗位：急聘铁路地勤上一休一免费食宿五险一金；标签：五险一金 / 五险 / 包住 / 包吃；薪资：5000-6000元/月,未注明,,58同城,2026-09-25 00:54:20,411424,柘城县,商丘市,2024-2026,58_柘城县_2024_2026.csv
3117,李先生,颐韵保健服务部店员/营业员包吃包住,商丘市,梁园-凯旋商城,5500.0,6000.0,岗位：颐韵保健服务部店员/营业员包吃包住；标签：包住 / 包吃；薪资：5500-6000元/月,未注明,,58同城,2026-09-25 00:54:20,411424,柘城县,商丘市,2024-2026,58_柘城县_2024_2026.csv
3118,陈曦,急急急缺助理洗头工,商丘市,梁园-凯旋商城,2000.0,4000.0,岗位：急急急缺助理洗头工；标签：包住 / 包吃；薪资：2000-4000元/月,未注明,,58同城,2026-09-25 00:54:20,411424,柘城县,商丘市,2024-2026,58_柘城县_2024_2026.csv
3119,王宇,缝纫机工,商丘市,商丘-睢阳,2500.0,5000.0,岗位：缝纫机工；标签：年底双薪 / 饭补；薪资：2500-5000元/月,未注明,,58同城,2026-09-25 00:54:20,411424,柘城县,商丘市,2024-2026,58_柘城县_2024_2026.csv
3120,秦习斌先生,店员/营业员,商丘市,睢阳-华夏游乐园,2500.0,4500.0,岗位：店员/营业员；标签：经验不限 / 学历不限；薪资：2500-4500元/月,学历不限,,58同城,2026-09-25 00:54:20,411424,柘城县,商丘市,2024-2026,58_柘城县_2024_2026.csv
3121,李先生,颐韵保健服务部店员/包吃包住,商丘市,梁园-凯旋商城,2500.0,4500.0,岗位：颐韵保健服务部店员/包吃包住；标签：包住 / 包吃；薪资：2500-4500元/月,未注明,,58同城,2026-09-25 00:54:20,411424,柘城县,商丘市,2024-2026,58_柘城县_2024_2026.csv
3122,做我自己,其他职位,商丘市,商丘-梁园,3000.0,5000.0,岗位：其他职位；标签：经验不限 / 学历不限；薪资：3000-5000元/月,学历不限,,58同城,2026-09-25 00:54:20,411424,柘城县,商丘市,2024-2026,58_柘城县_2024_2026.csv
3123,袁经理,后厨/帮厨3500起,商丘市,梁园-高铁商城,3500.0,3800.0,岗位：后厨/帮厨3500起；标签：招3人 / 经验不限 / 学历不限；薪资：3500-3800元/月,学历不限,3.0,58同城,2026-09-25 00:54:20,411424,柘城县,商丘市,2024-2026,58_柘城县_2024_2026.csv
3124,田先生,4000以上招聘平面设计,商丘市,商丘周边-其他,2500.0,5000.0,岗位：4000以上招聘平面设计；标签：包吃 / 加班补助 / 饭补；薪资：2500-5000元/月,未注明,,58同城,2026-09-25 00:54:20,411424,柘城县,商丘市,2024-2026,58_柘城县_2024_2026.csv
3125,爱叫喊de毛同学,机械厂焊工/五险一金包住加班补助,商丘市,商丘-睢阳,10000.0,11500.0,岗位：机械厂焊工/五险一金包住加班补助；标签：五险一金 / 包住 / 包吃 / 加班补助；薪资：10000-11500元/月,未注明,,58同城,2026-09-25 00:54:20,411424,柘城县,商丘市,2024-2026,58_柘城县_2024_2026.csv
3126,Coisini,饮品店服务员/打酒师2500起,商丘市,宁陵-人民路,2500.0,4500.0,岗位：饮品店服务员/打酒师2500起；标签：经验不限 / 学历不限；薪资：2500-4500元/月,学历不限,,58同城,2026-09-25 00:54:20,411424,柘城县,商丘市,2024-2026,58_柘城县_2024_2026.csv
3127,用户94185,餐饮店店员/营业员3000起,商丘市,商丘-睢阳,3000.0,3500.0,岗位：餐饮店店员/营业员3000起；标签：招1人 / 经验不限 / 学历不限；薪资：3000-3500元/月,学历不限,1.0,58同城,2026-09-25 00:54:20,411424,柘城县,商丘市,2024-2026,58_柘城县_2024_2026.csv
3128,君悦,餐饮收银,商丘市,商丘-虞城,3000.0,4500.0,岗位：餐饮收银；标签：经验不限 / 学历不限；薪资：3000-4500元/月,学历不限,,58同城,2026-09-25 00:54:20,411424,柘城县,商丘市,2024-2026,58_柘城县_2024_2026.csv
3129,悄悄写日记的笔尖,销售顾问,商丘市,商丘-虞城,3000.0,5000.0,岗位：销售顾问；标签：经验不限 / 学历不限；薪资：3000-5000元/月,学历不限,,58同城,2026-09-25 00:54:20,411424,柘城县,商丘市,2024-2026,58_柘城县_2024_2026.csv
3130,卢先生,商丘簇辰商贸有限公司新媒体运营3千起,商丘市,商丘-虞城,3000.0,4500.0,岗位：商丘簇辰商贸有限公司新媒体运营3千起；标签：房补；薪资：3000-4500元/月,未注明,,58同城,2026-09-25 00:54:20,411424,柘城县,商丘市,2024-2026,58_柘城县_2024_2026.csv
3131,蒙叔九千岁,商丘森荣服装激光切割操作工18-35岁,商丘市,商丘周边-其他,3000.0,5000.0,岗位：商丘森荣服装激光切割操作工18-35岁；标签：招3人 / 经验1年以下 / 学历不限；薪资：3000-5000元/月,学历不限,3.0,58同城,2026-09-25 00:54:20,411424,柘城县,商丘市,2024-2026,58_柘城县_2024_2026.csv
3132,摸毛茸茸的暖暖,店员/营业员,商丘市,民权-庄周大道,2500.0,4500.0,岗位：店员/营业员；标签：经验不限 / 学历不限；薪资：2500-4500元/月,学历不限,,58同城,2026-09-25 00:54:20,411424,柘城县,商丘市,2024-2026,58_柘城县_2024_2026.csv
3133,Q,食品/饮料店员/营业员学历经验不限,商丘市,睢阳-万达广场,2500.0,5000.0,岗位：食品/饮料店员/营业员学历经验不限；标签：经验不限 / 学历不限；薪资：2500-5000元/月,学历不限,,58同城,2026-09-25 00:54:20,411424,柘城县,商丘市,2024-2026,58_柘城县_2024_2026.csv
3134,用户94185,熟食店店员/营业员3000起,商丘市,商丘-睢阳,3000.0,4500.0,岗位：熟食店店员/营业员3000起；标签：经验不限 / 学历不限；薪资：3000-4500元/月,学历不限,,58同城,2026-09-25 00:54:20,411424,柘城县,商丘市,2024-2026,58_柘城县_2024_2026.csv
3135,孙东艳,民权县急招服装/促销/导购员,商丘市,商丘周边-其他,3000.0,4500.0,岗位：民权县急招服装/促销/导购员；标签：招2人 / 经验不限 / 学历不限；薪资：3000-4500元/月,学历不限,2.0,58同城,2026-09-25 00:54:20,411424,柘城县,商丘市,2024-2026,58_柘城县_2024_2026.csv
3136,王先生,文案策划待遇好,商丘市,商丘-睢阳,3000.0,7000.0,岗位：文案策划待遇好；标签：经验1-2年 / 学历不限；薪资：3000-7000元/月,学历不限,,58同城,2026-09-25 00:54:20,411424,柘城县,商丘市,2024-2026,58_柘城县_2024_2026.csv
3137,汪女士,店员/营业员,商丘市,商丘-睢阳,2800.0,3500.0,岗位：店员/营业员；标签：包吃；薪资：2800-3500元/月,未注明,,58同城,2026-09-25 00:54:20,411424,柘城县,商丘市,2024-2026,58_柘城县_2024_2026.csv
3138,卓进生,督导/巡店,商丘市,商丘周边-其他,,,岗位：督导/巡店；标签：经验不限 / 学历不限；薪资：面议,学历不限,,58同城,2026-09-25 00:54:20,411424,柘城县,商丘市,2024-2026,58_柘城县_2024_2026.csv
3139,赵女士,美甲师,商丘市,夏邑-孔祖大道,2500.0,4500.0,岗位：美甲师；标签：经验不限 / 学历不限；薪资：2500-4500元/月,学历不限,,58同城,2026-09-25 00:54:20,411424,柘城县,商丘市,2024-2026,58_柘城县_2024_2026.csv
3140,用户7152,康复治疗师,商丘市,商丘周边-其他,,,岗位：康复治疗师；标签：五险一金 / 包吃；薪资：面议,未注明,,58同城,2026-09-25 00:54:20,411424,柘城县,商丘市,2024-2026,58_柘城县_2024_2026.csv
3141,刘女士,服装，搭配师,商丘市,商丘-柘城,4000.0,8000.0,岗位：服装，搭配师；标签：招2人 / 经验1-2年 / 学历不限；薪资：4000-8000元/月,学历不限,2.0,58同城,2026-09-25 00:55:14,411424,柘城县,商丘市,2024-2026,58_柘城县_2024_2026.csv
3142,,运祥货运·货运物流 服务区域：睢阳、梁园、永城、虞城、柘城...,商丘市,柘城县,,,岗位：运祥货运·货运物流 服务区域：睢阳、梁园、永城、虞城、柘城...,未注明,,58同城,2026-09-25 00:56:59,411424,柘城县,商丘市,2024-2026,58_柘城县_2024_2026.csv
3143,,龙睿网络·网站建设/推广 服务区域：睢阳、梁园、虞城、柘城、夏邑...,商丘市,柘城县,,,岗位：龙睿网络·网站建设/推广 服务区域：睢阳、梁园、虞城、柘城、夏邑...,未注明,,58同城,2026-09-25 00:56:59,411424,柘城县,商丘市,2024-2026,58_柘城县_2024_2026.csv
3144,,章贡区海平食品店（个体工商户）·外卖 服务区域：睢阳、梁园、永城、虞城、柘城...,商丘市,柘城县,,,岗位：章贡区海平食品店（个体工商户）·外卖 服务区域：睢阳、梁园、永城、虞城、柘城...,未注明,,58同城,2026-09-25 00:56:59,411424,柘城县,商丘市,2024-2026,58_柘城县_2024_2026.csv
3145,,商丘爱月宝月嫂服务·全城服务 服务区域：睢阳、梁园、永城、虞城、柘城...,商丘市,柘城县,,,岗位：商丘爱月宝月嫂服务·全城服务 服务区域：睢阳、梁园、永城、虞城、柘城...,未注明,,58同城,2026-09-25 00:56:59,411424,柘城县,商丘市,2024-2026,58_柘城县_2024_2026.csv
3146,,商丘财讯达企业服务·工商注册 服务区域：睢阳、梁园、永城、虞城、柘城...,商丘市,柘城县,,,岗位：商丘财讯达企业服务·工商注册 服务区域：睢阳、梁园、永城、虞城、柘城...,未注明,,58同城,2026-09-25 00:56:59,411424,柘城县,商丘市,2024-2026,58_柘城县_2024_2026.csv
3147,,章贡区古明飞餐饮店（个体工商户）·外卖 服务区域：睢阳、梁园、永城、虞城、柘城...,商丘市,柘城县,,,岗位：章贡区古明飞餐饮店（个体工商户）·外卖 服务区域：睢阳、梁园、永城、虞城、柘城...,未注明,,58同城,2026-09-25 00:56:59,411424,柘城县,商丘市,2024-2026,58_柘城县_2024_2026.csv
3148,,商丘租车·租车 服务区域：睢阳、梁园、永城、虞城、柘城...,商丘市,柘城县,,,岗位：商丘租车·租车 服务区域：睢阳、梁园、永城、虞城、柘城...,未注明,,58同城,2026-09-25 00:56:59,411424,柘城县,商丘市,2024-2026,58_柘城县_2024_2026.csv
3149,,南康区永瑞餐饮店（个体工商户）·外卖 服务区域：睢阳、梁园、永城、虞城、柘城...,商丘市,柘城县,,,岗位：南康区永瑞餐饮店（个体工商户）·外卖 服务区域：睢阳、梁园、永城、虞城、柘城...,未注明,,58同城,2026-09-25 00:56:59,411424,柘城县,商丘市,2024-2026,58_柘城县_2024_2026.csv
3150,,焦作利安信·租车 服务区域：睢阳、梁园、永城、虞城、柘城...,商丘市,柘城县,,,岗位：焦作利安信·租车 服务区域：睢阳、梁园、永城、虞城、柘城...,未注明,,58同城,2026-09-25 00:56:59,411424,柘城县,商丘市,2024-2026,58_柘城县_2024_2026.csv
3151,,商丘美食·美食 服务区域：睢阳、梁园、永城、虞城、柘城...,商丘市,柘城县,,,岗位：商丘美食·美食 服务区域：睢阳、梁园、永城、虞城、柘城...,未注明,,58同城,2026-09-25 00:56:59,411424,柘城县,商丘市,2024-2026,58_柘城县_2024_2026.csv
3152,,商丘宏图空调回收搬家·空调回收 服务区域：睢阳、梁园、虞城、柘城、夏邑...,商丘市,柘城县,,,岗位：商丘宏图空调回收搬家·空调回收 服务区域：睢阳、梁园、虞城、柘城、夏邑...,未注明,,58同城,2026-09-25 00:56:59,411424,柘城县,商丘市,2024-2026,58_柘城县_2024_2026.csv
3153,,家具维修安装服务·家具维修 服务区域：睢阳、梁园、永城、虞城、柘城...,商丘市,柘城县,,,岗位：家具维修安装服务·家具维修 服务区域：睢阳、梁园、永城、虞城、柘城...,未注明,,58同城,2026-09-25 00:56:59,411424,柘城县,商丘市,2024-2026,58_柘城县_2024_2026.csv
3154,周高峰,印刷公司技工,商丘市,商丘-睢阳,4500.0,7500.0,岗位：印刷公司技工；标签：包住 / 包吃 / 加班补助 / 饭补；薪资：4500-7500元/月,未注明,,58同城,2026-09-25 00:57:16,411425,虞城县,商丘市,2024-2026,58_虞城县_2024_2026.csv
3155,喂小鱼的悠悠,店员/营业员,商丘市,虞城-江南购物,3000.0,3500.0,岗位：店员/营业员；标签：招1人 / 经验不限 / 学历不限；薪资：3000-3500元/月,学历不限,1.0,58同城,2026-09-25 00:57:16,411425,虞城县,商丘市,2024-2026,58_虞城县_2024_2026.csv
3156,衣果名店沐知雪R昱帛贝儿R,服装店员/营业员（中午管... 小程序,商丘市,商丘-梁园,3500.0,4000.0,岗位：服装店员/营业员（中午管... 小程序；标签：包吃；薪资：3500-4000元/月,未注明,,58同城,2026-09-25 00:57:16,411425,虞城县,商丘市,2024-2026,58_虞城县_2024_2026.csv
3157,今龙不锈钢门业,门窗厂普工/操作工4k起,商丘市,商丘-梁园,4000.0,5000.0,岗位：门窗厂普工/操作工4k起；标签：经验不限 / 学历不限；薪资：4000-5000元/月,学历不限,,58同城,2026-09-25 00:57:16,411425,虞城县,商丘市,2024-2026,58_虞城县_2024_2026.csv
3158,看云的刘同学,急聘铁路地勤上一休一免费食宿五险一金,商丘市,商丘,5000.0,6000.0,岗位：急聘铁路地勤上一休一免费食宿五险一金；标签：五险一金 / 五险 / 包住 / 包吃；薪资：5000-6000元/月,未注明,,58同城,2026-09-25 00:57:16,411425,虞城县,商丘市,2024-2026,58_虞城县_2024_2026.csv
3159,李先生,颐韵保健服务部店员/营业员包吃包住,商丘市,梁园-凯旋商城,5500.0,6000.0,岗位：颐韵保健服务部店员/营业员包吃包住；标签：包住 / 包吃；薪资：5500-6000元/月,未注明,,58同城,2026-09-25 00:57:16,411425,虞城县,商丘市,2024-2026,58_虞城县_2024_2026.csv
3160,陈曦,急急急缺助理洗头工,商丘市,梁园-凯旋商城,2000.0,4000.0,岗位：急急急缺助理洗头工；标签：包住 / 包吃；薪资：2000-4000元/月,未注明,,58同城,2026-09-25 00:57:16,411425,虞城县,商丘市,2024-2026,58_虞城县_2024_2026.csv
3161,秦习斌先生,店员/营业员,商丘市,睢阳-华夏游乐园,2500.0,4500.0,岗位：店员/营业员；标签：经验不限 / 学历不限；薪资：2500-4500元/月,学历不限,,58同城,2026-09-25 00:57:16,411425,虞城县,商丘市,2024-2026,58_虞城县_2024_2026.csv
3162,王宇,缝纫机工,商丘市,商丘-睢阳,2500.0,5000.0,岗位：缝纫机工；标签：年底双薪 / 饭补；薪资：2500-5000元/月,未注明,,58同城,2026-09-25 00:57:16,411425,虞城县,商丘市,2024-2026,58_虞城县_2024_2026.csv
3163,李先生,颐韵保健服务部店员/包吃包住,商丘市,梁园-凯旋商城,2500.0,4500.0,岗位：颐韵保健服务部店员/包吃包住；标签：包住 / 包吃；薪资：2500-4500元/月,未注明,,58同城,2026-09-25 00:57:16,411425,虞城县,商丘市,2024-2026,58_虞城县_2024_2026.csv
3164,茉然,中餐厅后厨2000起,商丘市,商丘-柘城,2000.0,4000.0,岗位：中餐厅后厨2000起；标签：包吃；薪资：2000-4000元/月,未注明,,58同城,2026-09-25 00:57:16,411425,虞城县,商丘市,2024-2026,58_虞城县_2024_2026.csv
3165,做我自己,其他职位,商丘市,商丘-梁园,3000.0,5000.0,岗位：其他职位；标签：经验不限 / 学历不限；薪资：3000-5000元/月,学历不限,,58同城,2026-09-25 00:57:16,411425,虞城县,商丘市,2024-2026,58_虞城县_2024_2026.csv
3166,袁经理,后厨/帮厨3500起,商丘市,梁园-高铁商城,3500.0,3800.0,岗位：后厨/帮厨3500起；标签：招3人 / 经验不限 / 学历不限；薪资：3500-3800元/月,学历不限,3.0,58同城,2026-09-25 00:57:16,411425,虞城县,商丘市,2024-2026,58_虞城县_2024_2026.csv
3167,田先生,4000以上招聘平面设计,商丘市,商丘周边-其他,2500.0,5000.0,岗位：4000以上招聘平面设计；标签：包吃 / 加班补助 / 饭补；薪资：2500-5000元/月,未注明,,58同城,2026-09-25 00:57:16,411425,虞城县,商丘市,2024-2026,58_虞城县_2024_2026.csv
3168,Coisini,饮品店服务员/打酒师2500起,商丘市,宁陵-人民路,2500.0,4500.0,岗位：饮品店服务员/打酒师2500起；标签：经验不限 / 学历不限；薪资：2500-4500元/月,学历不限,,58同城,2026-09-25 00:57:16,411425,虞城县,商丘市,2024-2026,58_虞城县_2024_2026.csv
3169,爱叫喊de毛同学,机械厂焊工/五险一金包住加班补助,商丘市,商丘-睢阳,10000.0,11500.0,岗位：机械厂焊工/五险一金包住加班补助；标签：五险一金 / 包住 / 包吃 / 加班补助；薪资：10000-11500元/月,未注明,,58同城,2026-09-25 00:57:16,411425,虞城县,商丘市,2024-2026,58_虞城县_2024_2026.csv
3170,蒙叔九千岁,商丘森荣服装激光切割操作工18-35岁,商丘市,商丘周边-其他,3000.0,5000.0,岗位：商丘森荣服装激光切割操作工18-35岁；标签：招3人 / 经验1年以下 / 学历不限；薪资：3000-5000元/月,学历不限,3.0,58同城,2026-09-25 00:57:16,411425,虞城县,商丘市,2024-2026,58_虞城县_2024_2026.csv
3171,摸毛茸茸的暖暖,店员/营业员,商丘市,民权-庄周大道,2500.0,4500.0,岗位：店员/营业员；标签：经验不限 / 学历不限；薪资：2500-4500元/月,学历不限,,58同城,2026-09-25 00:57:16,411425,虞城县,商丘市,2024-2026,58_虞城县_2024_2026.csv
3172,君悦,餐饮收银,商丘市,商丘-虞城,3000.0,4500.0,岗位：餐饮收银；标签：经验不限 / 学历不限；薪资：3000-4500元/月,学历不限,,58同城,2026-09-25 00:57:16,411425,虞城县,商丘市,2024-2026,58_虞城县_2024_2026.csv
3173,悄悄写日记的笔尖,销售顾问,商丘市,商丘-虞城,3000.0,5000.0,岗位：销售顾问；标签：经验不限 / 学历不限；薪资：3000-5000元/月,学历不限,,58同城,2026-09-25 00:57:16,411425,虞城县,商丘市,2024-2026,58_虞城县_2024_2026.csv
3174,用户94185,餐饮店店员/营业员3000起,商丘市,商丘-睢阳,3000.0,3500.0,岗位：餐饮店店员/营业员3000起；标签：招1人 / 经验不限 / 学历不限；薪资：3000-3500元/月,学历不限,1.0,58同城,2026-09-25 00:57:16,411425,虞城县,商丘市,2024-2026,58_虞城县_2024_2026.csv
3175,卢先生,商丘簇辰商贸有限公司新媒体运营3千起,商丘市,商丘-虞城,3000.0,4500.0,岗位：商丘簇辰商贸有限公司新媒体运营3千起；标签：房补；薪资：3000-4500元/月,未注明,,58同城,2026-09-25 00:57:16,411425,虞城县,商丘市,2024-2026,58_虞城县_2024_2026.csv
3176,Q,食品/饮料店员/营业员学历经验不限,商丘市,睢阳-万达广场,2500.0,5000.0,岗位：食品/饮料店员/营业员学历经验不限；标签：经验不限 / 学历不限；薪资：2500-5000元/月,学历不限,,58同城,2026-09-25 00:57:16,411425,虞城县,商丘市,2024-2026,58_虞城县_2024_2026.csv
3177,用户94185,熟食店店员/营业员3000起,商丘市,商丘-睢阳,3000.0,4500.0,岗位：熟食店店员/营业员3000起；标签：经验不限 / 学历不限；薪资：3000-4500元/月,学历不限,,58同城,2026-09-25 00:57:16,411425,虞城县,商丘市,2024-2026,58_虞城县_2024_2026.csv
3178,孙东艳,民权县急招服装/促销/导购员,商丘市,商丘周边-其他,3000.0,4500.0,岗位：民权县急招服装/促销/导购员；标签：招2人 / 经验不限 / 学历不限；薪资：3000-4500元/月,学历不限,2.0,58同城,2026-09-25 00:57:16,411425,虞城县,商丘市,2024-2026,58_虞城县_2024_2026.csv
3179,汪女士,店员/营业员,商丘市,商丘-睢阳,2800.0,3500.0,岗位：店员/营业员；标签：包吃；薪资：2800-3500元/月,未注明,,58同城,2026-09-25 00:57:16,411425,虞城县,商丘市,2024-2026,58_虞城县_2024_2026.csv
3180,王先生,文案策划待遇好,商丘市,商丘-睢阳,3000.0,7000.0,岗位：文案策划待遇好；标签：经验1-2年 / 学历不限；薪资：3000-7000元/月,学历不限,,58同城,2026-09-25 00:57:16,411425,虞城县,商丘市,2024-2026,58_虞城县_2024_2026.csv
3181,卓进生,督导/巡店,商丘市,商丘周边-其他,,,岗位：督导/巡店；标签：经验不限 / 学历不限；薪资：面议,学历不限,,58同城,2026-09-25 00:57:16,411425,虞城县,商丘市,2024-2026,58_虞城县_2024_2026.csv
3182,赵女士,美甲师,商丘市,夏邑-孔祖大道,2500.0,4500.0,岗位：美甲师；标签：经验不限 / 学历不限；薪资：2500-4500元/月,学历不限,,58同城,2026-09-25 00:57:16,411425,虞城县,商丘市,2024-2026,58_虞城县_2024_2026.csv
3183,用户7152,康复治疗师,商丘市,商丘周边-其他,,,岗位：康复治疗师；标签：五险一金 / 包吃；薪资：面议,未注明,,58同城,2026-09-25 00:57:16,411425,虞城县,商丘市,2024-2026,58_虞城县_2024_2026.csv
3184,闻花香的人,驼肉商贸有限公司/运营助理工作时间灵活,商丘市,商丘-虞城,3000.0,10000.0,岗位：驼肉商贸有限公司/运营助理工作时间灵活；标签：经验不限 / 学历不限；薪资：3000-10000元/月,学历不限,,58同城,2026-09-25 00:58:18,411425,虞城县,商丘市,2024-2026,58_虞城县_2024_2026.csv
3185,爱啃小饼干的豆豆,虞城县小脑斧服装工作室游戏运营3千起,商丘市,商丘-虞城,3000.0,10000.0,岗位：虞城县小脑斧服装工作室游戏运营3千起；标签：经验不限 / 学历不限；薪资：3000-10000元/月,学历不限,,58同城,2026-09-25 00:58:18,411425,虞城县,商丘市,2024-2026,58_虞城县_2024_2026.csv
3186,张先生,蓝天幼儿园早教/幼教2.5k起,商丘市,虞城-江南购物,2500.0,4500.0,岗位：蓝天幼儿园早教/幼教2.5k起；标签：周末双休；薪资：2500-4500元/月,未注明,,58同城,2026-09-25 00:58:18,411425,虞城县,商丘市,2024-2026,58_虞城县_2024_2026.csv
3187,粑粑上的牙印,网店运营包住包吃年底双薪,商丘市,商丘-虞城,3500.0,15000.0,岗位：网店运营包住包吃年底双薪；标签：包住 / 包吃 / 年底双薪；薪资：3500-15000元/月,未注明,,58同城,2026-09-25 00:58:18,411425,虞城县,商丘市,2024-2026,58_虞城县_2024_2026.csv
3188,卢先生,运营/高提成,商丘市,商丘-虞城,8000.0,12000.0,岗位：运营/高提成；标签：饭补；薪资：8000-12000元/月,未注明,,58同城,2026-09-25 00:58:26,411425,虞城县,商丘市,2024-2026,58_虞城县_2024_2026.csv
3189,石先生,商丘市兴驰表面处理有限公司/打磨工,商丘市,商丘-虞城,4000.0,8000.0,岗位：商丘市兴驰表面处理有限公司/打磨工；标签：招10人 / 经验1年以下 / 学历不限；薪资：4000-8000元/月,学历不限,10.0,58同城,2026-09-25 00:58:30,411425,虞城县,商丘市,2024-2026,58_虞城县_2024_2026.csv
3190,广式烧腊,烧腊师傅（不会可教）,商丘市,虞城-新华时代广场,5000.0,8000.0,岗位：烧腊师傅（不会可教）；标签：包吃；薪资：5000-8000元/月,未注明,,58同城,2026-09-25 00:58:30,411425,虞城县,商丘市,2024-2026,58_虞城县_2024_2026.csv
3191,经理,虞城久长医院骨科医师 小程序,商丘市,商丘,,,岗位：虞城久长医院骨科医师 小程序；标签：招3人 / 经验不限 / 学历不限；薪资：面议,学历不限,3.0,58同城,2026-09-25 00:58:34,411425,虞城县,商丘市,2024-2026,58_虞城县_2024_2026.csv
3192,AAAAAAA,虞城县车众汽车配件店/汽车零配件销售学历,商丘市,虞城-江南购物,3000.0,3500.0,岗位：虞城县车众汽车配件店/汽车零配件销售学历；标签：包吃；薪资：3000-3500元/月,未注明,,58同城,2026-09-25 00:58:34,411425,虞城县,商丘市,2024-2026,58_虞城县_2024_2026.csv
3193,灵通的鸢尾,南关冷饮批发部店员/营业员,商丘市,商丘-虞城,2500.0,4000.0,岗位：南关冷饮批发部店员/营业员；标签：经验1-2年 / 学历不限；薪资：2500-4000元/月,学历不限,,58同城,2026-09-25 00:58:39,411425,虞城县,商丘市,2024-2026,58_虞城县_2024_2026.csv
3194,152******59_njw,店员/营业员,商丘市,商丘-虞城,2000.0,2500.0,岗位：店员/营业员；标签：经验不限 / 学历不限；薪资：2000-2500元/月,学历不限,,58同城,2026-09-25 00:58:39,411425,虞城县,商丘市,2024-2026,58_虞城县_2024_2026.csv
3195,飘渺,餐厅餐饮收银2500起,商丘市,虞城-江南购物,2500.0,4500.0,岗位：餐厅餐饮收银2500起；标签：经验不限 / 学历不限；薪资：2500-4500元/月,学历不限,,58同城,2026-09-25 00:58:39,411425,虞城县,商丘市,2024-2026,58_虞城县_2024_2026.csv
3196,傅先生,有经验的电商运营,商丘市,商丘-虞城,3000.0,10000.0,岗位：有经验的电商运营；标签：经验3-5年 / 学历高中；薪资：3000-10000元/月,高中,,58同城,2026-09-25 00:58:48,411425,虞城县,商丘市,2024-2026,58_虞城县_2024_2026.csv
3197,卢先生,淘宝拼多多京东运营,商丘市,商丘-虞城,3000.0,6000.0,岗位：淘宝拼多多京东运营；标签：饭补；薪资：3000-6000元/月,未注明,,58同城,2026-09-25 00:58:48,411425,虞城县,商丘市,2024-2026,58_虞城县_2024_2026.csv
3198,兰女士,C本司机6500起不装卸,商丘市,商丘-虞城,6500.0,8500.0,岗位：C本司机6500起不装卸；标签：招3人 / 经验不限 / 学历不限；薪资：6500-8500元/月,学历不限,3.0,58同城,2026-09-25 00:58:59,411425,虞城县,商丘市,2024-2026,58_虞城县_2024_2026.csv
3199,贾先生,小件快递分拣230/天装卸搬运，活好干,商丘市,商丘-虞城,6000.0,6500.0,岗位：小件快递分拣230/天装卸搬运，活好干；标签：包住 / 包吃；薪资：6000-6500元/月,未注明,,58同城,2026-09-25 00:59:22,411425,虞城县,商丘市,2024-2026,58_虞城县_2024_2026.csv
3200,李女士,小件分拣装卸220一天免费吃住,商丘市,商丘-虞城,5500.0,7000.0,岗位：小件分拣装卸220一天免费吃住；标签：包住 / 包吃；薪资：5500-7000元/月,未注明,,58同城,2026-09-25 00:59:26,411425,虞城县,商丘市,2024-2026,58_虞城县_2024_2026.csv
3201,关先生,220元/天招分拣装卸包吃住，活轻松,商丘市,商丘-虞城,6000.0,6500.0,岗位：220元/天招分拣装卸包吃住，活轻松；标签：五险一金 / 包住 / 包吃 / 年底双薪；薪资：6000-6500元/月,未注明,,58同城,2026-09-25 00:59:26,411425,虞城县,商丘市,2024-2026,58_虞城县_2024_2026.csv
3202,豆女士,小件分拣装卸220/一天包吃住,商丘市,商丘-虞城,5500.0,6500.0,岗位：小件分拣装卸220/一天包吃住；标签：包住 / 包吃；薪资：5500-6500元/月,未注明,,58同城,2026-09-25 00:59:26,411425,虞城县,商丘市,2024-2026,58_虞城县_2024_2026.csv
3203,岳先生,月薪6000急招理货、分拣、装卸、包吃住,商丘市,商丘-虞城,5000.0,6500.0,岗位：月薪6000急招理货、分拣、装卸、包吃住；标签：五险 / 包住 / 包吃 / 年底双薪；薪资：5000-6500元/月,未注明,,58同城,2026-09-25 00:59:26,411425,虞城县,商丘市,2024-2026,58_虞城县_2024_2026.csv
3204,吴女士,漓江大道快递仓库分拣220一天包吃住,商丘市,商丘-虞城,3000.0,5000.0,岗位：漓江大道快递仓库分拣220一天包吃住；标签：招100人 / 经验不限 / 学历不限；薪资：3000-5000元/月,学历不限,100.0,58同城,2026-09-25 00:59:26,411425,虞城县,商丘市,2024-2026,58_虞城县_2024_2026.csv
3205,陈女士,小件分拣月6000加管吃管住男女不限,商丘市,商丘-虞城,5500.0,6000.0,岗位：小件分拣月6000加管吃管住男女不限；标签：包住 / 包吃；薪资：5500-6000元/月,未注明,,58同城,2026-09-25 00:59:26,411425,虞城县,商丘市,2024-2026,58_虞城县_2024_2026.csv
3206,祝女士,装卸分拣220/天包吃包住活轻松,商丘市,商丘-虞城,6000.0,6500.0,岗位：装卸分拣220/天包吃包住活轻松；标签：包住 / 包吃 / 五险；薪资：6000-6500元/月,未注明,,58同城,2026-09-25 00:59:26,411425,虞城县,商丘市,2024-2026,58_虞城县_2024_2026.csv
3207,喜欢跳舞的小钱,月薪6000直招装卸工、分拣员（包吃住）,商丘市,商丘-虞城,5500.0,6500.0,岗位：月薪6000直招装卸工、分拣员（包吃住）；标签：招20人 / 经验不限 / 学历不限；薪资：5500-6500元/月,学历不限,20.0,58同城,2026-09-25 00:59:26,411425,虞城县,商丘市,2024-2026,58_虞城县_2024_2026.csv
3208,曹先生,月薪6900急招小件分拣、装卸车、包吃住,商丘市,虞城-江南购物,5500.0,6500.0,岗位：月薪6900急招小件分拣、装卸车、包吃住；标签：五险 / 包住 / 包吃 / 年底双薪；薪资：5500-6500元/月,未注明,,58同城,2026-09-25 00:59:26,411425,虞城县,商丘市,2024-2026,58_虞城县_2024_2026.csv
3209,丁女士,小件分拣装卸220一天管吃住,商丘市,商丘-虞城,5000.0,7000.0,岗位：小件分拣装卸220一天管吃住；标签：包住 / 包吃；薪资：5000-7000元/月,未注明,,58同城,2026-09-25 00:59:26,411425,虞城县,商丘市,2024-2026,58_虞城县_2024_2026.csv
3210,张女士,小件快递分拣装卸，包吃包住，月薪6000,商丘市,商丘-虞城,5500.0,6500.0,岗位：小件快递分拣装卸，包吃包住，月薪6000；标签：包住 / 包吃 / 五险 / 年底双薪；薪资：5500-6500元/月,未注明,,58同城,2026-09-25 00:59:26,411425,虞城县,商丘市,2024-2026,58_虞城县_2024_2026.csv
3211,王先生,220元/天招快递分拣工，管吃住-可兼职,商丘市,商丘-虞城,5500.0,6500.0,岗位：220元/天招快递分拣工，管吃住-可兼职；标签：包住 / 包吃 / 五险 / 年底双薪；薪资：5500-6500元/月,未注明,,58同城,2026-09-25 00:59:26,411425,虞城县,商丘市,2024-2026,58_虞城县_2024_2026.csv
3212,卢先生,运营助理,商丘市,商丘-虞城,2500.0,4500.0,岗位：运营助理；标签：招2人 / 经验不限 / 学历不限；薪资：2500-4500元/月,学历不限,2.0,58同城,2026-09-25 00:59:43,411425,虞城县,商丘市,2024-2026,58_虞城县_2024_2026.csv
3213,卢先生,淘宝运营,商丘市,商丘-虞城,4500.0,7500.0,岗位：淘宝运营；标签：包住 / 包吃 / 年底双薪 / 周末双休；薪资：4500-7500元/月,未注明,,58同城,2026-09-25 00:59:43,411425,虞城县,商丘市,2024-2026,58_虞城县_2024_2026.csv
3214,W另类涂师傅,美容师,商丘市,虞城-江南购物,2000.0,4000.0,岗位：美容师；标签：经验不限 / 学历不限；薪资：2000-4000元/月,学历不限,,58同城,2026-09-25 01:00:09,411425,虞城县,商丘市,2024-2026,58_虞城县_2024_2026.csv
3215,W另类涂师傅,养生保健店美体师包吃免费工服,商丘市,虞城-江南购物,2000.0,4500.0,岗位：养生保健店美体师包吃免费工服；标签：包吃；薪资：2000-4500元/月,未注明,,58同城,2026-09-25 01:00:09,411425,虞城县,商丘市,2024-2026,58_虞城县_2024_2026.csv
3216,,商丘保洁清洗·保洁清洗 服务区域：虞城、柘城,商丘市,虞城县,,,岗位：商丘保洁清洗·保洁清洗 服务区域：虞城、柘城,未注明,,58同城,2026-09-25 01:00:33,411425,虞城县,商丘市,2024-2026,58_虞城县_2024_2026.csv
3217,,惠吖吖·保洁清洗 服务区域：睢阳、梁园、永城、虞城、柘城...,商丘市,虞城县,,,岗位：惠吖吖·保洁清洗 服务区域：睢阳、梁园、永城、虞城、柘城...,未注明,,58同城,2026-09-25 01:00:33,411425,虞城县,商丘市,2024-2026,58_虞城县_2024_2026.csv
3218,,章贡区海平食品店（个体工商户）·外卖 服务区域：睢阳、梁园、永城、虞城、柘城...,商丘市,虞城县,,,岗位：章贡区海平食品店（个体工商户）·外卖 服务区域：睢阳、梁园、永城、虞城、柘城...,未注明,,58同城,2026-09-25 01:00:33,411425,虞城县,商丘市,2024-2026,58_虞城县_2024_2026.csv
3219,,商丘爱月宝月嫂服务·全城服务 服务区域：睢阳、梁园、永城、虞城、柘城...,商丘市,虞城县,,,岗位：商丘爱月宝月嫂服务·全城服务 服务区域：睢阳、梁园、永城、虞城、柘城...,未注明,,58同城,2026-09-25 01:00:33,411425,虞城县,商丘市,2024-2026,58_虞城县_2024_2026.csv
3220,,商丘财讯达企业服务·工商注册 服务区域：睢阳、梁园、永城、虞城、柘城...,商丘市,虞城县,,,岗位：商丘财讯达企业服务·工商注册 服务区域：睢阳、梁园、永城、虞城、柘城...,未注明,,58同城,2026-09-25 01:00:33,411425,虞城县,商丘市,2024-2026,58_虞城县_2024_2026.csv
3221,,商丘保洁清洗·保洁清洗 服务区域：睢阳、梁园、永城、虞城、柘城...,商丘市,虞城县,,,岗位：商丘保洁清洗·保洁清洗 服务区域：睢阳、梁园、永城、虞城、柘城...,未注明,,58同城,2026-09-25 01:00:33,411425,虞城县,商丘市,2024-2026,58_虞城县_2024_2026.csv
3222,,章贡区古明飞餐饮店（个体工商户）·外卖 服务区域：睢阳、梁园、永城、虞城、柘城...,商丘市,虞城县,,,岗位：章贡区古明飞餐饮店（个体工商户）·外卖 服务区域：睢阳、梁园、永城、虞城、柘城...,未注明,,58同城,2026-09-25 01:00:33,411425,虞城县,商丘市,2024-2026,58_虞城县_2024_2026.csv
3223,,南康区永瑞餐饮店（个体工商户）·外卖 服务区域：睢阳、梁园、永城、虞城、柘城...,商丘市,虞城县,,,岗位：南康区永瑞餐饮店（个体工商户）·外卖 服务区域：睢阳、梁园、永城、虞城、柘城...,未注明,,58同城,2026-09-25 01:00:33,411425,虞城县,商丘市,2024-2026,58_虞城县_2024_2026.csv
3224,,商丘美食·美食 服务区域：睢阳、梁园、永城、虞城、柘城...,商丘市,虞城县,,,岗位：商丘美食·美食 服务区域：睢阳、梁园、永城、虞城、柘城...,未注明,,58同城,2026-09-25 01:00:33,411425,虞城县,商丘市,2024-2026,58_虞城县_2024_2026.csv
3225,,商丘宏图空调回收搬家·空调回收 服务区域：睢阳、梁园、虞城、柘城、夏邑...,商丘市,虞城县,,,岗位：商丘宏图空调回收搬家·空调回收 服务区域：睢阳、梁园、虞城、柘城、夏邑...,未注明,,58同城,2026-09-25 01:00:33,411425,虞城县,商丘市,2024-2026,58_虞城县_2024_2026.csv
3226,,家具维修安装服务·家具维修 服务区域：睢阳、梁园、永城、虞城、柘城...,商丘市,虞城县,,,岗位：家具维修安装服务·家具维修 服务区域：睢阳、梁园、永城、虞城、柘城...,未注明,,58同城,2026-09-25 01:00:33,411425,虞城县,商丘市,2024-2026,58_虞城县_2024_2026.csv
3227,,商丘康贝儿家政服务·全城服务 服务区域：睢阳、梁园、永城、虞城、柘城...,商丘市,虞城县,,,岗位：商丘康贝儿家政服务·全城服务 服务区域：睢阳、梁园、永城、虞城、柘城...,未注明,,58同城,2026-09-25 01:00:33,411425,虞城县,商丘市,2024-2026,58_虞城县_2024_2026.csv
3228,疯子,小吃/快餐店后厨3000起,商丘市,商丘-夏邑,3000.0,4500.0,岗位：小吃/快餐店后厨3000起；标签：包吃；薪资：3000-4500元/月,未注明,,58同城,2026-09-25 01:00:51,411426,夏邑县,商丘市,2024-2026,58_夏邑县_2024_2026.csv
3229,李经理,优秀导购员,商丘市,夏邑-孔祖大道,5000.0,8000.0,岗位：优秀导购员；标签：经验3-5年 / 学历不限；薪资：5000-8000元/月,学历不限,,58同城,2026-09-25 01:00:51,411426,夏邑县,商丘市,2024-2026,58_夏邑县_2024_2026.csv
3230,刘女士,小吃店后厨/免费工服包吃 小程序,商丘市,商丘-夏邑,3000.0,4000.0,岗位：小吃店后厨/免费工服包吃 小程序；标签：包吃；薪资：3000-4000元/月,未注明,,58同城,2026-09-25 01:00:51,411426,夏邑县,商丘市,2024-2026,58_夏邑县_2024_2026.csv
3231,偷偷看月亮的星星,服务员,商丘市,夏邑-夏邑汽车客运总站,1500.0,2000.0,岗位：服务员；标签：经验不限 / 学历不限；薪资：1500-2000元/月,学历不限,,58同城,2026-09-25 01:00:51,411426,夏邑县,商丘市,2024-2026,58_夏邑县_2024_2026.csv
3232,崔女士,服装店店员/营业员3千起,商丘市,商丘-夏邑,3000.0,5000.0,岗位：服装店店员/营业员3千起；标签：招2人 / 经验不限 / 学历不限；薪资：3000-5000元/月,学历不限,2.0,58同城,2026-09-25 01:00:51,411426,夏邑县,商丘市,2024-2026,58_夏邑县_2024_2026.csv
3233,郭先生,小红书抖音运营,商丘市,夏邑-孔祖大道,5000.0,7000.0,岗位：小红书抖音运营；标签：经验不限 / 学历高中；薪资：5000-7000元/月,高中,,58同城,2026-09-25 01:00:51,411426,夏邑县,商丘市,2024-2026,58_夏邑县_2024_2026.csv
3234,夏邑福迪盛世华联超市,超市理货员2500起,商丘市,夏邑-孔祖大道,2500.0,3000.0,岗位：超市理货员2500起；标签：加班补助；薪资：2500-3000元/月,未注明,,58同城,2026-09-25 01:00:51,411426,夏邑县,商丘市,2024-2026,58_夏邑县_2024_2026.csv
3235,招聘专员,明德置业/记账会计包吃五险周末双休,商丘市,商丘-夏邑,4000.0,7000.0,岗位：明德置业/记账会计包吃五险周末双休；标签：五险 / 包吃 / 周末双休；薪资：4000-7000元/月,未注明,,58同城,2026-09-25 01:00:51,411426,夏邑县,商丘市,2024-2026,58_夏邑县_2024_2026.csv
3236,爱爬山的舒博士,服务员,商丘市,商丘-夏邑,3000.0,4000.0,岗位：服务员；标签：经验不限 / 学历不限；薪资：3000-4000元/月,学历不限,,58同城,2026-09-25 01:00:51,411426,夏邑县,商丘市,2024-2026,58_夏邑县_2024_2026.csv
3237,赵女士,美甲师,商丘市,夏邑-孔祖大道,2500.0,4500.0,岗位：美甲师；标签：经验不限 / 学历不限；薪资：2500-4500元/月,学历不限,,58同城,2026-09-25 01:00:51,411426,夏邑县,商丘市,2024-2026,58_夏邑县_2024_2026.csv
3238,招聘专员,夏邑县明德置业有限公司/记账会计五险包吃,商丘市,商丘-夏邑,4000.0,7000.0,岗位：夏邑县明德置业有限公司/记账会计五险包吃；标签：五险 / 包吃 / 周末双休；薪资：4000-7000元/月,未注明,,58同城,2026-09-25 01:00:51,411426,夏邑县,商丘市,2024-2026,58_夏邑县_2024_2026.csv
3239,夏邑福迪盛世华联超市,超市收银/2500起,商丘市,夏邑-孔祖大道,2500.0,3000.0,岗位：超市收银/2500起；标签：加班补助；薪资：2500-3000元/月,未注明,,58同城,2026-09-25 01:00:51,411426,夏邑县,商丘市,2024-2026,58_夏邑县_2024_2026.csv
3240,草莓掉进奶茶,招仓库货运司机/五险/不装卸,商丘市,商丘-夏邑,6500.0,8000.0,岗位：招仓库货运司机/五险/不装卸；标签：五险；薪资：6500-8000元/月,未注明,,58同城,2026-09-25 01:00:51,411426,夏邑县,商丘市,2024-2026,58_夏邑县_2024_2026.csv
3241,何先生,JJ斗地主/游戏代练,商丘市,商丘-夏邑,4500.0,10000.0,岗位：JJ斗地主/游戏代练；标签：加班补助；薪资：4500-10000元/月,未注明,,58同城,2026-09-25 01:00:51,411426,夏邑县,商丘市,2024-2026,58_夏邑县_2024_2026.csv
3242,夏邑福迪盛世华联超市,超市生鲜加工/猪肉分割师/5000起,商丘市,夏邑-孔祖大道,5000.0,6000.0,岗位：超市生鲜加工/猪肉分割师/5000起；标签：加班补助；薪资：5000-6000元/月,未注明,,58同城,2026-09-25 01:00:51,411426,夏邑县,商丘市,2024-2026,58_夏邑县_2024_2026.csv
3243,D心慰屠老板,夏邑县顺亿家装饰部/木工/包住交通补助,商丘市,商丘-夏邑,4000.0,6000.0,岗位：夏邑县顺亿家装饰部/木工/包住交通补助；标签：包住 / 交通补助；薪资：4000-6000元/月,未注明,,58同城,2026-09-25 01:00:51,411426,夏邑县,商丘市,2024-2026,58_夏邑县_2024_2026.csv
3244,无忧,小吃/快餐店服务员2500起,商丘市,夏邑-夏邑汽车客运总站,2500.0,4000.0,岗位：小吃/快餐店服务员2500起；标签：招1人 / 经验1年以下 / 学历不限；薪资：2500-4000元/月,学历不限,1.0,58同城,2026-09-25 01:00:51,411426,夏邑县,商丘市,2024-2026,58_夏邑县_2024_2026.csv
3245,招聘专员,店长,商丘市,夏邑-孔祖大道,4000.0,5000.0,岗位：店长；标签：招1人 / 经验不限 / 学历不限；薪资：4000-5000元/月,学历不限,1.0,58同城,2026-09-25 01:00:51,411426,夏邑县,商丘市,2024-2026,58_夏邑县_2024_2026.csv
3246,梦总会碎,火锅店服务员/免费工服包吃包住,商丘市,商丘-夏邑,2000.0,4000.0,岗位：火锅店服务员/免费工服包吃包住；标签：包住 / 包吃；薪资：2000-4000元/月,未注明,,58同城,2026-09-25 01:00:51,411426,夏邑县,商丘市,2024-2026,58_夏邑县_2024_2026.csv
3247,阳光,甜品/烘焙店蛋糕/裱花师加班补助饭补,商丘市,商丘-夏邑,3500.0,5000.0,岗位：甜品/烘焙店蛋糕/裱花师加班补助饭补；标签：加班补助 / 饭补；薪资：3500-5000元/月,未注明,,58同城,2026-09-25 01:00:51,411426,夏邑县,商丘市,2024-2026,58_夏邑县_2024_2026.csv
3248,小憩时的阳光,中餐厅厨师6k起,商丘市,商丘-夏邑,6000.0,10000.0,岗位：中餐厅厨师6k起；标签：包吃；薪资：6000-10000元/月,未注明,,58同城,2026-09-25 01:00:51,411426,夏邑县,商丘市,2024-2026,58_夏邑县_2024_2026.csv
3249,霍先生,电动牙刷贴标签一天260包吃包住,商丘市,商丘-夏邑,6500.0,7500.0,岗位：电动牙刷贴标签一天260包吃包住；标签：包吃 / 包住 / 加班补助；薪资：6500-7500元/月,未注明,,58同城,2026-09-25 01:00:51,411426,夏邑县,商丘市,2024-2026,58_夏邑县_2024_2026.csv
3250,慧,课程顾问,商丘市,商丘-夏邑,2000.0,5000.0,岗位：课程顾问；标签：经验不限 / 学历高中；薪资：2000-5000元/月,高中,,58同城,2026-09-25 01:00:51,411426,夏邑县,商丘市,2024-2026,58_夏邑县_2024_2026.csv
3251,李先生,电脑贴标签260一天包吃包住,商丘市,商丘-夏邑,6500.0,7500.0,岗位：电脑贴标签260一天包吃包住；标签：包住 / 包吃 / 加班补助；薪资：6500-7500元/月,未注明,,58同城,2026-09-25 01:00:51,411426,夏邑县,商丘市,2024-2026,58_夏邑县_2024_2026.csv
3252,木易,超市生鲜主管,商丘市,夏邑-孔祖大道,3500.0,5000.0,岗位：超市生鲜主管；标签：招2人 / 经验不限 / 学历不限；薪资：3500-5000元/月,学历不限,2.0,58同城,2026-09-25 01:00:51,411426,夏邑县,商丘市,2024-2026,58_夏邑县_2024_2026.csv
3253,张先生,八千招健身教练不会可培训,商丘市,商丘-夏邑,6500.0,13000.0,岗位：八千招健身教练不会可培训；标签：包住 / 五险 / 包吃；薪资：6500-13000元/月,未注明,,58同城,2026-09-25 01:00:51,411426,夏邑县,商丘市,2024-2026,58_夏邑县_2024_2026.csv
3254,李先生,鼠标贴标签260一天包吃包住,商丘市,商丘-夏邑,6500.0,7500.0,岗位：鼠标贴标签260一天包吃包住；标签：包吃 / 包住 / 加班补助；薪资：6500-7500元/月,未注明,,58同城,2026-09-25 01:00:51,411426,夏邑县,商丘市,2024-2026,58_夏邑县_2024_2026.csv
3255,爱种多肉花,数据线贴标签包吃包住260一天,商丘市,商丘-夏邑,6500.0,7500.0,岗位：数据线贴标签包吃包住260一天；标签：包住 / 包吃 / 加班补助；薪资：6500-7500元/月,未注明,,58同城,2026-09-25 01:00:51,411426,夏邑县,商丘市,2024-2026,58_夏邑县_2024_2026.csv
3256,常先生,传菜员包吃,商丘市,商丘-夏邑,2800.0,3000.0,岗位：传菜员包吃；标签：招1人 / 经验不限 / 学历不限；薪资：2800-3000元/月,学历不限,1.0,58同城,2026-09-25 01:00:51,411426,夏邑县,商丘市,2024-2026,58_夏邑县_2024_2026.csv
3257,常先生,夏邑县急招服务员包吃,商丘市,商丘-夏邑,3500.0,5000.0,岗位：夏邑县急招服务员包吃；标签：包吃；薪资：3500-5000元/月,未注明,,58同城,2026-09-25 01:00:51,411426,夏邑县,商丘市,2024-2026,58_夏邑县_2024_2026.csv
3258,周高峰,印刷公司技工,商丘市,商丘-睢阳,4500.0,7500.0,岗位：印刷公司技工；标签：包住 / 包吃 / 加班补助 / 饭补；薪资：4500-7500元/月,未注明,,58同城,2026-09-25 01:01:04,411426,夏邑县,商丘市,2024-2026,58_夏邑县_2024_2026.csv
3259,喂小鱼的悠悠,店员/营业员,商丘市,虞城-江南购物,3000.0,3500.0,岗位：店员/营业员；标签：招1人 / 经验不限 / 学历不限；薪资：3000-3500元/月,学历不限,1.0,58同城,2026-09-25 01:01:04,411426,夏邑县,商丘市,2024-2026,58_夏邑县_2024_2026.csv
3260,衣果名店沐知雪R昱帛贝儿R,服装店员/营业员（中午管... 小程序,商丘市,商丘-梁园,3500.0,4000.0,岗位：服装店员/营业员（中午管... 小程序；标签：包吃；薪资：3500-4000元/月,未注明,,58同城,2026-09-25 01:01:04,411426,夏邑县,商丘市,2024-2026,58_夏邑县_2024_2026.csv
3261,今龙不锈钢门业,门窗厂普工/操作工4k起,商丘市,商丘-梁园,4000.0,5000.0,岗位：门窗厂普工/操作工4k起；标签：经验不限 / 学历不限；薪资：4000-5000元/月,学历不限,,58同城,2026-09-25 01:01:04,411426,夏邑县,商丘市,2024-2026,58_夏邑县_2024_2026.csv
3262,看云的刘同学,急聘铁路地勤上一休一免费食宿五险一金,商丘市,商丘,5000.0,6000.0,岗位：急聘铁路地勤上一休一免费食宿五险一金；标签：五险一金 / 五险 / 包住 / 包吃；薪资：5000-6000元/月,未注明,,58同城,2026-09-25 01:01:04,411426,夏邑县,商丘市,2024-2026,58_夏邑县_2024_2026.csv
3263,李先生,颐韵保健服务部店员/营业员包吃包住,商丘市,梁园-凯旋商城,5500.0,6000.0,岗位：颐韵保健服务部店员/营业员包吃包住；标签：包住 / 包吃；薪资：5500-6000元/月,未注明,,58同城,2026-09-25 01:01:04,411426,夏邑县,商丘市,2024-2026,58_夏邑县_2024_2026.csv
3264,王宇,缝纫机工,商丘市,商丘-睢阳,2500.0,5000.0,岗位：缝纫机工；标签：年底双薪 / 饭补；薪资：2500-5000元/月,未注明,,58同城,2026-09-25 01:01:04,411426,夏邑县,商丘市,2024-2026,58_夏邑县_2024_2026.csv
3265,秦习斌先生,店员/营业员,商丘市,睢阳-华夏游乐园,2500.0,4500.0,岗位：店员/营业员；标签：经验不限 / 学历不限；薪资：2500-4500元/月,学历不限,,58同城,2026-09-25 01:01:04,411426,夏邑县,商丘市,2024-2026,58_夏邑县_2024_2026.csv
3266,李先生,颐韵保健服务部店员/包吃包住,商丘市,梁园-凯旋商城,2500.0,4500.0,岗位：颐韵保健服务部店员/包吃包住；标签：包住 / 包吃；薪资：2500-4500元/月,未注明,,58同城,2026-09-25 01:01:04,411426,夏邑县,商丘市,2024-2026,58_夏邑县_2024_2026.csv
3267,陈曦,急急急缺助理洗头工,商丘市,梁园-凯旋商城,2000.0,4000.0,岗位：急急急缺助理洗头工；标签：包住 / 包吃；薪资：2000-4000元/月,未注明,,58同城,2026-09-25 01:01:04,411426,夏邑县,商丘市,2024-2026,58_夏邑县_2024_2026.csv
3268,茉然,中餐厅后厨2000起,商丘市,商丘-柘城,2000.0,4000.0,岗位：中餐厅后厨2000起；标签：包吃；薪资：2000-4000元/月,未注明,,58同城,2026-09-25 01:01:04,411426,夏邑县,商丘市,2024-2026,58_夏邑县_2024_2026.csv
3269,做我自己,其他职位,商丘市,商丘-梁园,3000.0,5000.0,岗位：其他职位；标签：经验不限 / 学历不限；薪资：3000-5000元/月,学历不限,,58同城,2026-09-25 01:01:04,411426,夏邑县,商丘市,2024-2026,58_夏邑县_2024_2026.csv
3270,袁经理,后厨/帮厨3500起,商丘市,梁园-高铁商城,3500.0,3800.0,岗位：后厨/帮厨3500起；标签：招3人 / 经验不限 / 学历不限；薪资：3500-3800元/月,学历不限,3.0,58同城,2026-09-25 01:01:04,411426,夏邑县,商丘市,2024-2026,58_夏邑县_2024_2026.csv
3271,田先生,4000以上招聘平面设计,商丘市,商丘周边-其他,2500.0,5000.0,岗位：4000以上招聘平面设计；标签：包吃 / 加班补助 / 饭补；薪资：2500-5000元/月,未注明,,58同城,2026-09-25 01:01:04,411426,夏邑县,商丘市,2024-2026,58_夏邑县_2024_2026.csv
3272,爱叫喊de毛同学,机械厂焊工/五险一金包住加班补助,商丘市,商丘-睢阳,10000.0,11500.0,岗位：机械厂焊工/五险一金包住加班补助；标签：五险一金 / 包住 / 包吃 / 加班补助；薪资：10000-11500元/月,未注明,,58同城,2026-09-25 01:01:04,411426,夏邑县,商丘市,2024-2026,58_夏邑县_2024_2026.csv
3273,Coisini,饮品店服务员/打酒师2500起,商丘市,宁陵-人民路,2500.0,4500.0,岗位：饮品店服务员/打酒师2500起；标签：经验不限 / 学历不限；薪资：2500-4500元/月,学历不限,,58同城,2026-09-25 01:01:04,411426,夏邑县,商丘市,2024-2026,58_夏邑县_2024_2026.csv
3274,用户94185,餐饮店店员/营业员3000起,商丘市,商丘-睢阳,3000.0,3500.0,岗位：餐饮店店员/营业员3000起；标签：招1人 / 经验不限 / 学历不限；薪资：3000-3500元/月,学历不限,1.0,58同城,2026-09-25 01:01:04,411426,夏邑县,商丘市,2024-2026,58_夏邑县_2024_2026.csv
3275,悄悄写日记的笔尖,销售顾问,商丘市,商丘-虞城,3000.0,5000.0,岗位：销售顾问；标签：经验不限 / 学历不限；薪资：3000-5000元/月,学历不限,,58同城,2026-09-25 01:01:04,411426,夏邑县,商丘市,2024-2026,58_夏邑县_2024_2026.csv
3276,君悦,餐饮收银,商丘市,商丘-虞城,3000.0,4500.0,岗位：餐饮收银；标签：经验不限 / 学历不限；薪资：3000-4500元/月,学历不限,,58同城,2026-09-25 01:01:04,411426,夏邑县,商丘市,2024-2026,58_夏邑县_2024_2026.csv
3277,卢先生,商丘簇辰商贸有限公司新媒体运营3千起,商丘市,商丘-虞城,3000.0,4500.0,岗位：商丘簇辰商贸有限公司新媒体运营3千起；标签：房补；薪资：3000-4500元/月,未注明,,58同城,2026-09-25 01:01:04,411426,夏邑县,商丘市,2024-2026,58_夏邑县_2024_2026.csv
3278,蒙叔九千岁,商丘森荣服装激光切割操作工18-35岁,商丘市,商丘周边-其他,3000.0,5000.0,岗位：商丘森荣服装激光切割操作工18-35岁；标签：招3人 / 经验1年以下 / 学历不限；薪资：3000-5000元/月,学历不限,3.0,58同城,2026-09-25 01:01:04,411426,夏邑县,商丘市,2024-2026,58_夏邑县_2024_2026.csv
3279,摸毛茸茸的暖暖,店员/营业员,商丘市,民权-庄周大道,2500.0,4500.0,岗位：店员/营业员；标签：经验不限 / 学历不限；薪资：2500-4500元/月,学历不限,,58同城,2026-09-25 01:01:04,411426,夏邑县,商丘市,2024-2026,58_夏邑县_2024_2026.csv
3280,Q,食品/饮料店员/营业员学历经验不限,商丘市,睢阳-万达广场,2500.0,5000.0,岗位：食品/饮料店员/营业员学历经验不限；标签：经验不限 / 学历不限；薪资：2500-5000元/月,学历不限,,58同城,2026-09-25 01:01:04,411426,夏邑县,商丘市,2024-2026,58_夏邑县_2024_2026.csv
3281,用户94185,熟食店店员/营业员3000起,商丘市,商丘-睢阳,3000.0,4500.0,岗位：熟食店店员/营业员3000起；标签：经验不限 / 学历不限；薪资：3000-4500元/月,学历不限,,58同城,2026-09-25 01:01:04,411426,夏邑县,商丘市,2024-2026,58_夏邑县_2024_2026.csv
3282,孙东艳,民权县急招服装/促销/导购员,商丘市,商丘周边-其他,3000.0,4500.0,岗位：民权县急招服装/促销/导购员；标签：招2人 / 经验不限 / 学历不限；薪资：3000-4500元/月,学历不限,2.0,58同城,2026-09-25 01:01:04,411426,夏邑县,商丘市,2024-2026,58_夏邑县_2024_2026.csv
3283,王先生,文案策划待遇好,商丘市,商丘-睢阳,3000.0,7000.0,岗位：文案策划待遇好；标签：经验1-2年 / 学历不限；薪资：3000-7000元/月,学历不限,,58同城,2026-09-25 01:01:04,411426,夏邑县,商丘市,2024-2026,58_夏邑县_2024_2026.csv
3284,汪女士,店员/营业员,商丘市,商丘-睢阳,2800.0,3500.0,岗位：店员/营业员；标签：包吃；薪资：2800-3500元/月,未注明,,58同城,2026-09-25 01:01:04,411426,夏邑县,商丘市,2024-2026,58_夏邑县_2024_2026.csv
3285,卓进生,督导/巡店,商丘市,商丘周边-其他,,,岗位：督导/巡店；标签：经验不限 / 学历不限；薪资：面议,学历不限,,58同城,2026-09-25 01:01:04,411426,夏邑县,商丘市,2024-2026,58_夏邑县_2024_2026.csv
3286,用户7152,康复治疗师,商丘市,商丘周边-其他,,,岗位：康复治疗师；标签：五险一金 / 包吃；薪资：面议,未注明,,58同城,2026-09-25 01:01:04,411426,夏邑县,商丘市,2024-2026,58_夏邑县_2024_2026.csv
3287,招聘专员,管道验收员,商丘市,商丘-夏邑,3000.0,5000.0,岗位：管道验收员；标签：经验不限 / 学历不限；薪资：3000-5000元/月,学历不限,,58同城,2026-09-25 01:01:36,411426,夏邑县,商丘市,2024-2026,58_夏邑县_2024_2026.csv
3288,用户36701,美发助理/学徒,商丘市,商丘-夏邑,800.0,5000.0,岗位：美发助理/学徒；标签：经验不限 / 学历不限；薪资：800-5000元/月,学历不限,,58同城,2026-09-25 01:03:19,411426,夏邑县,商丘市,2024-2026,58_夏邑县_2024_2026.csv
3289,_,发型师以及美发助理学徒,商丘市,夏邑-孔祖大道,2500.0,5000.0,岗位：发型师以及美发助理学徒；标签：招1人 / 经验不限 / 学历不限；薪资：2500-5000元/月,学历不限,1.0,58同城,2026-09-25 01:03:19,411426,夏邑县,商丘市,2024-2026,58_夏邑县_2024_2026.csv
3290,,夏邑县大飞家电维修铺·保洁清洗 服务区域：夏邑,商丘市,夏邑县,,,岗位：夏邑县大飞家电维修铺·保洁清洗 服务区域：夏邑,未注明,,58同城,2026-09-25 01:03:39,411426,夏邑县,商丘市,2024-2026,58_夏邑县_2024_2026.csv
3291,,迁喜搬家·搬家 服务区域：睢阳、梁园、夏邑,商丘市,夏邑县,,,岗位：迁喜搬家·搬家 服务区域：睢阳、梁园、夏邑,未注明,,58同城,2026-09-25 01:03:39,411426,夏邑县,商丘市,2024-2026,58_夏邑县_2024_2026.csv
3292,,商丘宏图空调回收搬家·空调回收 服务区域：睢阳、梁园、虞城、柘城、夏邑...,商丘市,夏邑县,,,岗位：商丘宏图空调回收搬家·空调回收 服务区域：睢阳、梁园、虞城、柘城、夏邑...,未注明,,58同城,2026-09-25 01:03:39,411426,夏邑县,商丘市,2024-2026,58_夏邑县_2024_2026.csv
3293,李先生,物业保安可预支包吃住,商丘市,永城,4500.0,5000.0,岗位：物业保安可预支包吃住；标签：五险一金 / 包吃 / 包住 / 年底双薪；薪资：4500-5000元/月,未注明,,58同城,2026-09-25 01:03:56,411481,永城市,商丘市,2024-2026,58_永城市_2024_2026.csv
3294,王先生,急招保安待遇优厚包吃住工作轻松稳定环境好,商丘市,永城,4500.0,5000.0,岗位：急招保安待遇优厚包吃住工作轻松稳定环境好；标签：五险一金 / 包吃 / 包住 / 年底双薪；薪资：4500-5000元/月,未注明,,58同城,2026-09-25 01:03:56,411481,永城市,商丘市,2024-2026,58_永城市_2024_2026.csv
3295,姜女士,急招学校坐岗保安包吃住上... 小程序,商丘市,永城,4500.0,5000.0,岗位：急招学校坐岗保安包吃住上... 小程序；标签：五险一金 / 包吃 / 包住 / 年底双薪；薪资：4500-5000元/月,未注明,,58同城,2026-09-25 01:03:56,411481,永城市,商丘市,2024-2026,58_永城市_2024_2026.csv
3296,河南中润新程食品有限公司,食品厂猪肉分割工包住6000-10000,商丘市,城区-永城城区,5500.0,6000.0,岗位：食品厂猪肉分割工包住6000-10000；标签：包住 / 包吃；薪资：5500-6000元/月,未注明,,58同城,2026-09-25 01:03:56,411481,永城市,商丘市,2024-2026,58_永城市_2024_2026.csv
3297,河南中润新程食品有限公司,生鲜经理/包住/福利待遇好,商丘市,城区-永城城区,5000.0,8000.0,岗位：生鲜经理/包住/福利待遇好；标签：包住；薪资：5000-8000元/月,未注明,,58同城,2026-09-25 01:03:56,411481,永城市,商丘市,2024-2026,58_永城市_2024_2026.csv
3298,Zz,永城招聘美容学徒（中午管饭）,商丘市,永城-其他,2000.0,3000.0,岗位：永城招聘美容学徒（中午管饭）；标签：包吃；薪资：2000-3000元/月,未注明,,58同城,2026-09-25 01:03:56,411481,永城市,商丘市,2024-2026,58_永城市_2024_2026.csv
3299,玉来玉爱,羊肉汤学徒,商丘市,永城-其他,2000.0,5000.0,岗位：羊肉汤学徒；标签：招1人 / 经验不限 / 学历不限；薪资：2000-5000元/月,学历不限,1.0,58同城,2026-09-25 01:03:56,411481,永城市,商丘市,2024-2026,58_永城市_2024_2026.csv
3300,四叶草,营业厅店员/营业员2000起,商丘市,永城-其他,2000.0,4500.0,岗位：营业厅店员/营业员2000起；标签：话补；薪资：2000-4500元/月,未注明,,58同城,2026-09-25 01:03:56,411481,永城市,商丘市,2024-2026,58_永城市_2024_2026.csv
3301,用户79603,洗车工。美容。装饰。贴膜。师傅,商丘市,城区-永城城区,2000.0,6000.0,岗位：洗车工。美容。装饰。贴膜。师傅；标签：年底双薪 / 周末双休；薪资：2000-6000元/月,未注明,,58同城,2026-09-25 01:03:56,411481,永城市,商丘市,2024-2026,58_永城市_2024_2026.csv
3302,光明磊落_栾同学,质简美发店美发助理技师/学徒饭补,商丘市,永城-其他,2000.0,2500.0,岗位：质简美发店美发助理技师/学徒饭补；标签：饭补；薪资：2000-2500元/月,未注明,,58同城,2026-09-25 01:03:56,411481,永城市,商丘市,2024-2026,58_永城市_2024_2026.csv
3303,MAN,建筑施工现场管理/6k起,商丘市,其他-永城其他,6000.0,10000.0,岗位：建筑施工现场管理/6k起；标签：经验3-5年 / 学历不限；薪资：6000-10000元/月,学历不限,,58同城,2026-09-25 01:03:56,411481,永城市,商丘市,2024-2026,58_永城市_2024_2026.csv
3304,加油,汽车维修早8晚6,商丘市,永城-其他,2000.0,3000.0,岗位：汽车维修早8晚6；标签：经验不限 / 学历不限；薪资：2000-3000元/月,学历不限,,58同城,2026-09-25 01:03:56,411481,永城市,商丘市,2024-2026,58_永城市_2024_2026.csv
3305,Zz,永城市招聘美容师（中午管饭）,商丘市,永城-其他,2000.0,4000.0,岗位：永城市招聘美容师（中午管饭）；标签：包吃；薪资：2000-4000元/月,未注明,,58同城,2026-09-25 01:03:56,411481,永城市,商丘市,2024-2026,58_永城市_2024_2026.csv
3306,李经理,修理厂汽车维修包吃加班补助,商丘市,城区-欧蓓莎国际商城,3000.0,4500.0,岗位：修理厂汽车维修包吃加班补助；标签：包吃 / 加班补助；薪资：3000-4500元/月,未注明,,58同城,2026-09-25 01:03:56,411481,永城市,商丘市,2024-2026,58_永城市_2024_2026.csv
3307,河南中润新程食品有限公司,食品屠宰普工/包住/6000-8000,商丘市,城区-永城城区,6000.0,8000.0,岗位：食品屠宰普工/包住/6000-8000；标签：包住；薪资：6000-8000元/月,未注明,,58同城,2026-09-25 01:03:56,411481,永城市,商丘市,2024-2026,58_永城市_2024_2026.csv
3308,爱看戏的谌师傅,五六七美容美甲店/美甲师/2400起,商丘市,永城-其他,2400.0,2700.0,岗位：五六七美容美甲店/美甲师/2400起；标签：招1人 / 经验不限 / 学历不限；薪资：2400-2700元/月,学历不限,1.0,58同城,2026-09-25 01:03:56,411481,永城市,商丘市,2024-2026,58_永城市_2024_2026.csv
3309,反应敏锐_漕老板,舞蹈老师,商丘市,其他-永城其他,,,岗位：舞蹈老师；标签：经验不限 / 学历不限；薪资：面议,学历不限,,58同城,2026-09-25 01:03:56,411481,永城市,商丘市,2024-2026,58_永城市_2024_2026.csv
3310,追着蝴蝶跑的阿飞,置业顾问,商丘市,城区-欧蓓莎国际商城,3000.0,8000.0,岗位：置业顾问；标签：招6人 / 经验3-5年 / 学历大专；薪资：3000-8000元/月,大专,6.0,58同城,2026-09-25 01:03:56,411481,永城市,商丘市,2024-2026,58_永城市_2024_2026.csv
3311,杨助理,中餐厨师3000起,商丘市,其他-永城其他,3000.0,6000.0,岗位：中餐厨师3000起；标签：经验3-5年 / 学历不限；薪资：3000-6000元/月,学历不限,,58同城,2026-09-25 01:03:56,411481,永城市,商丘市,2024-2026,58_永城市_2024_2026.csv
3312,王先生,玩具厂包装260/天包吃住可日结,商丘市,城区-欧蓓莎国际商城,5000.0,7000.0,岗位：玩具厂包装260/天包吃住可日结；标签：包住 / 包吃 / 加班补助；薪资：5000-7000元/月,未注明,,58同城,2026-09-25 01:03:56,411481,永城市,商丘市,2024-2026,58_永城市_2024_2026.csv
3313,赵医生,口腔医生5000起,商丘市,永城-城区,5000.0,20000.0,岗位：口腔医生5000起；标签：招3人 / 经验6-7年 / 学历不限；薪资：5000-20000元/月,学历不限,3.0,58同城,2026-09-25 01:03:56,411481,永城市,商丘市,2024-2026,58_永城市_2024_2026.csv
3314,毫不犹豫兰博士W,高新招聘普工操作工五险包吃住,商丘市,其他-永城其他,5500.0,8500.0,岗位：高新招聘普工操作工五险包吃住；标签：五险 / 包住 / 包吃 / 交通补助；薪资：5500-8500元/月,未注明,,58同城,2026-09-25 01:03:56,411481,永城市,商丘市,2024-2026,58_永城市_2024_2026.csv
3315,喜欢散步的阿花,质检员上班转一转280一天,商丘市,永城,6000.0,8000.0,岗位：质检员上班转一转280一天；标签：五险一金 / 包吃 / 包住 / 年底双薪；薪资：6000-8000元/月,未注明,,58同城,2026-09-25 01:03:56,411481,永城市,商丘市,2024-2026,58_永城市_2024_2026.csv
3316,石卫兵,电梯安装/包吃包住,商丘市,永城,4500.0,12000.0,岗位：电梯安装/包吃包住；标签：包住 / 包吃；薪资：4500-12000元/月,未注明,,58同城,2026-09-25 01:03:56,411481,永城市,商丘市,2024-2026,58_永城市_2024_2026.csv
3317,万经理,急招短视频运营,商丘市,永城,,,岗位：急招短视频运营；标签：包住 / 年底双薪 / 加班补助 / 饭补；薪资：面议,未注明,,58同城,2026-09-25 01:03:56,411481,永城市,商丘市,2024-2026,58_永城市_2024_2026.csv
3318,叠纸船的静静妹,日料/日料厨师房补包住包吃,商丘市,城区-永城城区,6000.0,10000.0,岗位：日料/日料厨师房补包住包吃；标签：包住 / 包吃 / 房补；薪资：6000-10000元/月,未注明,,58同城,2026-09-25 01:03:56,411481,永城市,商丘市,2024-2026,58_永城市_2024_2026.csv
3319,用户38586,永城急招保险查勘/五险一金周末双休,商丘市,永城-城区,2500.0,4000.0,岗位：永城急招保险查勘/五险一金周末双休；标签：五险一金 / 周末双休；薪资：2500-4000元/月,未注明,,58同城,2026-09-25 01:03:56,411481,永城市,商丘市,2024-2026,58_永城市_2024_2026.csv
3320,摘星星的点点,质检员上班转一转280一天,商丘市,永城,6000.0,8000.0,岗位：质检员上班转一转280一天；标签：五险一金 / 包吃 / 包住 / 年底双薪；薪资：6000-8000元/月,未注明,,58同城,2026-09-25 01:03:56,411481,永城市,商丘市,2024-2026,58_永城市_2024_2026.csv
3321,用户38586,诚泰财产保险保险查勘定损周末双休,商丘市,永城-城区,2500.0,4000.0,岗位：诚泰财产保险保险查勘定损周末双休；标签：五险一金 / 周末双休；薪资：2500-4000元/月,未注明,,58同城,2026-09-25 01:03:56,411481,永城市,商丘市,2024-2026,58_永城市_2024_2026.csv
3322,用户38586,永城急招诚泰财产保险查勘定损五险一金双休,商丘市,永城-城区,2500.0,4000.0,岗位：永城急招诚泰财产保险查勘定损五险一金双休；标签：五险一金 / 周末双休；薪资：2500-4000元/月,未注明,,58同城,2026-09-25 01:03:56,411481,永城市,商丘市,2024-2026,58_永城市_2024_2026.csv
3323,,运祥货运·货运物流 服务区域：睢阳、梁园、永城、虞城、柘城...,商丘市,永城市,,,岗位：运祥货运·货运物流 服务区域：睢阳、梁园、永城、虞城、柘城...,未注明,,58同城,2026-09-25 01:06:44,411481,永城市,商丘市,2024-2026,58_永城市_2024_2026.csv
3324,,商丘市睢阳区全顺家政服务部·货运物流 服务区域：睢阳、梁园、永城、虞城、柘城...,商丘市,永城市,,,岗位：商丘市睢阳区全顺家政服务部·货运物流 服务区域：睢阳、梁园、永城、虞城、柘城...,未注明,,58同城,2026-09-25 01:06:44,411481,永城市,商丘市,2024-2026,58_永城市_2024_2026.csv
3325,,章贡区海平食品店（个体工商户）·外卖 服务区域：睢阳、梁园、永城、虞城、柘城...,商丘市,永城市,,,岗位：章贡区海平食品店（个体工商户）·外卖 服务区域：睢阳、梁园、永城、虞城、柘城...,未注明,,58同城,2026-09-25 01:06:44,411481,永城市,商丘市,2024-2026,58_永城市_2024_2026.csv
3326,,商丘爱月宝月嫂服务·全城服务 服务区域：睢阳、梁园、永城、虞城、柘城...,商丘市,永城市,,,岗位：商丘爱月宝月嫂服务·全城服务 服务区域：睢阳、梁园、永城、虞城、柘城...,未注明,,58同城,2026-09-25 01:06:44,411481,永城市,商丘市,2024-2026,58_永城市_2024_2026.csv
3327,,商丘财讯达企业服务·工商注册 服务区域：睢阳、梁园、永城、虞城、柘城...,商丘市,永城市,,,岗位：商丘财讯达企业服务·工商注册 服务区域：睢阳、梁园、永城、虞城、柘城...,未注明,,58同城,2026-09-25 01:06:44,411481,永城市,商丘市,2024-2026,58_永城市_2024_2026.csv
3328,,章贡区古明飞餐饮店（个体工商户）·外卖 服务区域：睢阳、梁园、永城、虞城、柘城...,商丘市,永城市,,,岗位：章贡区古明飞餐饮店（个体工商户）·外卖 服务区域：睢阳、梁园、永城、虞城、柘城...,未注明,,58同城,2026-09-25 01:06:44,411481,永城市,商丘市,2024-2026,58_永城市_2024_2026.csv
3329,,商丘电动车换胎补胎换电瓶·汽车维修保养 服务区域：睢阳、梁园、永城、虞城、柘城...,商丘市,永城市,,,岗位：商丘电动车换胎补胎换电瓶·汽车维修保养 服务区域：睢阳、梁园、永城、虞城、柘城...,未注明,,58同城,2026-09-25 01:06:44,411481,永城市,商丘市,2024-2026,58_永城市_2024_2026.csv
3330,,南康区永瑞餐饮店（个体工商户）·外卖 服务区域：睢阳、梁园、永城、虞城、柘城...,商丘市,永城市,,,岗位：南康区永瑞餐饮店（个体工商户）·外卖 服务区域：睢阳、梁园、永城、虞城、柘城...,未注明,,58同城,2026-09-25 01:06:44,411481,永城市,商丘市,2024-2026,58_永城市_2024_2026.csv
3331,,商丘美食·美食 服务区域：睢阳、梁园、永城、虞城、柘城...,商丘市,永城市,,,岗位：商丘美食·美食 服务区域：睢阳、梁园、永城、虞城、柘城...,未注明,,58同城,2026-09-25 01:06:44,411481,永城市,商丘市,2024-2026,58_永城市_2024_2026.csv
3332,,家具维修安装服务·家具维修 服务区域：睢阳、梁园、永城、虞城、柘城...,商丘市,永城市,,,岗位：家具维修安装服务·家具维修 服务区域：睢阳、梁园、永城、虞城、柘城...,未注明,,58同城,2026-09-25 01:06:44,411481,永城市,商丘市,2024-2026,58_永城市_2024_2026.csv
3333,,商丘市睢阳区佳诚电器经营部·电器回收 服务区域：睢阳、梁园、永城、虞城、柘城...,商丘市,永城市,,,岗位：商丘市睢阳区佳诚电器经营部·电器回收 服务区域：睢阳、梁园、永城、虞城、柘城...,未注明,,58同城,2026-09-25 01:06:44,411481,永城市,商丘市,2024-2026,58_永城市_2024_2026.csv
3334,翟先生,罗山电信营业厅电商主播,信阳市,信阳-罗山,4000.0,6000.0,岗位：罗山电信营业厅电商主播；标签：招3人 / 经验不限 / 学历不限；薪资：4000-6000元/月,学历不限,3.0,58同城,2026-09-25 01:07:01,411521,罗山县,信阳市,2024-2026,58_罗山县_2024_2026.csv
3335,柳先生,上五休二月薪8千（五险一金）普工可短期,信阳市,罗山-综合市场,8000.0,8500.0,岗位：上五休二月薪8千（五险一金）普工可短期；标签：五险一金 / 五险 / 包吃 / 包住；薪资：8000-8500元/月,未注明,,58同城,2026-09-25 01:07:01,411521,罗山县,信阳市,2024-2026,58_罗山县_2024_2026.csv
3336,翟先生,罗山县电信分公司门店销售 小程序,信阳市,信阳-罗山,3000.0,6000.0,岗位：罗山县电信分公司门店销售 小程序；标签：五险一金 / 五险；薪资：3000-6000元/月,未注明,,58同城,2026-09-25 01:07:01,411521,罗山县,信阳市,2024-2026,58_罗山县_2024_2026.csv
3337,不善表达的派大星,青鸟教育教师周末双休,信阳市,信阳-罗山,2000.0,2500.0,岗位：青鸟教育教师周末双休；标签：周末双休；薪资：2000-2500元/月,未注明,,58同城,2026-09-25 01:07:01,411521,罗山县,信阳市,2024-2026,58_罗山县_2024_2026.csv
3338,孙女士,肌后美容店/美容学徒,信阳市,罗山-综合市场,3000.0,5000.0,岗位：肌后美容店/美容学徒；标签：招3人 / 经验不限 / 学历不限；薪资：3000-5000元/月,学历不限,3.0,58同城,2026-09-25 01:07:01,411521,罗山县,信阳市,2024-2026,58_罗山县_2024_2026.csv
3339,经理,罗山车辆公司铆工/钣金工,信阳市,信阳-罗山,4000.0,6000.0,岗位：罗山车辆公司铆工/钣金工；标签：包吃；薪资：4000-6000元/月,未注明,,58同城,2026-09-25 01:07:01,411521,罗山县,信阳市,2024-2026,58_罗山县_2024_2026.csv
3340,任先生,罗山县艾汇理发店/美发助理/包住,信阳市,信阳-罗山,1000.0,3000.0,岗位：罗山县艾汇理发店/美发助理/包住；标签：包住；薪资：1000-3000元/月,未注明,,58同城,2026-09-25 01:07:01,411521,罗山县,信阳市,2024-2026,58_罗山县_2024_2026.csv
3341,ZY,超市店员/营业员学历经验不限,信阳市,信阳-罗山,3000.0,4500.0,岗位：超市店员/营业员学历经验不限；标签：加班补助；薪资：3000-4500元/月,未注明,,58同城,2026-09-25 01:07:01,411521,罗山县,信阳市,2024-2026,58_罗山县_2024_2026.csv
3342,很优秀DE马老板,销售专员,信阳市,信阳-罗山,3000.0,5000.0,岗位：销售专员；标签：经验不限 / 学历不限；薪资：3000-5000元/月,学历不限,,58同城,2026-09-25 01:07:01,411521,罗山县,信阳市,2024-2026,58_罗山县_2024_2026.csv
3343,郭先生,物流有限公司机修工工作时间灵活,信阳市,信阳-罗山,6000.0,15000.0,岗位：物流有限公司机修工工作时间灵活；标签：经验3-5年 / 学历不限；薪资：6000-15000元/月,学历不限,,58同城,2026-09-25 01:07:01,411521,罗山县,信阳市,2024-2026,58_罗山县_2024_2026.csv
3344,齐总,服饰商店/机修工包吃包住,信阳市,信阳-罗山,5500.0,8000.0,岗位：服饰商店/机修工包吃包住；标签：包住 / 包吃；薪资：5500-8000元/月,未注明,,58同城,2026-09-25 01:07:01,411521,罗山县,信阳市,2024-2026,58_罗山县_2024_2026.csv
3345,翟先生,罗山电信营业厅营业员/不要短期工,信阳市,信阳-罗山,3000.0,6000.0,岗位：罗山电信营业厅营业员/不要短期工；标签：五险一金；薪资：3000-6000元/月,未注明,,58同城,2026-09-25 01:07:01,411521,罗山县,信阳市,2024-2026,58_罗山县_2024_2026.csv
3346,招人念的诗安珊,普工/操作工4000起,信阳市,信阳-罗山,4000.0,4500.0,岗位：普工/操作工4000起；标签：招11人 / 经验不限 / 学历不限；薪资：4000-4500元/月,学历不限,11.0,58同城,2026-09-25 01:07:01,411521,罗山县,信阳市,2024-2026,58_罗山县_2024_2026.csv
3347,吕伟,母婴生活馆促销/导购员2000起,信阳市,信阳-罗山,2000.0,6000.0,岗位：母婴生活馆促销/导购员2000起；标签：五险一金；薪资：2000-6000元/月,未注明,,58同城,2026-09-25 01:07:01,411521,罗山县,信阳市,2024-2026,58_罗山县_2024_2026.csv
3348,袁先生,物理老师,信阳市,信阳-罗山,2500.0,4000.0,岗位：物理老师；标签：招2人 / 经验不限 / 学历本科；薪资：2500-4000元/月,本科,2.0,58同城,2026-09-25 01:07:01,411521,罗山县,信阳市,2024-2026,58_罗山县_2024_2026.csv
3349,用户92236,甜品/烘焙店面点师3千起,信阳市,信阳-罗山,2500.0,3500.0,岗位：甜品/烘焙店面点师3千起；标签：经验不限 / 学历不限；薪资：2500-3500元/月,学历不限,,58同城,2026-09-25 01:07:01,411521,罗山县,信阳市,2024-2026,58_罗山县_2024_2026.csv
3350,闫先生,设计师助理,信阳市,信阳-罗山,2000.0,4000.0,岗位：设计师助理；标签：招6人 / 经验不限 / 学历大专；薪资：2000-4000元/月,大专,6.0,58同城,2026-09-25 01:07:01,411521,罗山县,信阳市,2024-2026,58_罗山县_2024_2026.csv
3351,王先生,罗山及周边诚聘服装配送司机不装卸公司派单,信阳市,信阳-罗山,8000.0,9500.0,岗位：罗山及周边诚聘服装配送司机不装卸公司派单；标签：招8人 / 经验不限 / 学历不限；薪资：8000-9500元/月,学历不限,8.0,58同城,2026-09-25 01:07:01,411521,罗山县,信阳市,2024-2026,58_罗山县_2024_2026.csv
3352,痴恋de应同学,发型师包吃包住,信阳市,罗山-天湖大道,4000.0,6000.0,岗位：发型师包吃包住；标签：包住 / 包吃；薪资：4000-6000元/月,未注明,,58同城,2026-09-25 01:07:01,411521,罗山县,信阳市,2024-2026,58_罗山县_2024_2026.csv
3353,智兔物流喻女士,信阳8千急聘司机/工作时间灵活不装卸,信阳市,信阳-罗山,8000.0,9500.0,岗位：信阳8千急聘司机/工作时间灵活不装卸；标签：招3人 / 经验不限 / 学历不限；薪资：8000-9500元/月,学历不限,3.0,58同城,2026-09-25 01:07:01,411521,罗山县,信阳市,2024-2026,58_罗山县_2024_2026.csv
3354,邹女士,小厂贴标签280一天随走随结,信阳市,信阳-罗山,7000.0,8500.0,岗位：小厂贴标签280一天随走随结；标签：五险一金 / 五险 / 包住 / 包吃；薪资：7000-8500元/月,未注明,,58同城,2026-09-25 01:07:01,411521,罗山县,信阳市,2024-2026,58_罗山县_2024_2026.csv
3355,爱忍让的杜总,美睫美甲/2000起,信阳市,信阳-罗山,2000.0,6000.0,岗位：美睫美甲/2000起；标签：经验不限 / 学历不限；薪资：2000-6000元/月,学历不限,,58同城,2026-09-25 01:07:01,411521,罗山县,信阳市,2024-2026,58_罗山县_2024_2026.csv
3356,哼着小调的阿音,头疗师,信阳市,信阳-罗山,3000.0,5000.0,岗位：头疗师；标签：经验不限 / 学历不限；薪资：3000-5000元/月,学历不限,,58同城,2026-09-25 01:07:01,411521,罗山县,信阳市,2024-2026,58_罗山县_2024_2026.csv
3357,郑女士,9千包吃住招健身教练学徒,信阳市,信阳-罗山,6000.0,13000.0,岗位：9千包吃住招健身教练学徒；标签：包住 / 五险一金 / 包吃；薪资：6000-13000元/月,未注明,,58同城,2026-09-25 01:07:01,411521,罗山县,信阳市,2024-2026,58_罗山县_2024_2026.csv
3358,闻女士,信阳聘樊文花美容师有晋升空间可电联,信阳市,信阳-罗山,3000.0,6000.0,岗位：信阳聘樊文花美容师有晋升空间可电联；标签：招5人 / 经验不限 / 学历不限；薪资：3000-6000元/月,学历不限,5.0,58同城,2026-09-25 01:07:01,411521,罗山县,信阳市,2024-2026,58_罗山县_2024_2026.csv
3359,走神看飞鸟的笑笑,罗山-外卖骑手急聘,信阳市,信阳-罗山,4000.0,8500.0,岗位：罗山-外卖骑手急聘；标签：招40人 / 经验不限 / 学历不限；薪资：4000-8500元/月,学历不限,40.0,58同城,2026-09-25 01:07:01,411521,罗山县,信阳市,2024-2026,58_罗山县_2024_2026.csv
3360,杨先生,包住八千招货运司机,信阳市,罗山-天湖大道,8000.0,9000.0,岗位：包住八千招货运司机；标签：包住 / 饭补；薪资：8000-9000元/月,未注明,,58同城,2026-09-25 01:07:01,411521,罗山县,信阳市,2024-2026,58_罗山县_2024_2026.csv
3361,喝豆浆的苏小晨,货运司机省内市内都可跑,信阳市,信阳-罗山,7500.0,9000.0,岗位：货运司机省内市内都可跑；标签：五险 / 包吃；薪资：7500-9000元/月,未注明,,58同城,2026-09-25 01:07:01,411521,罗山县,信阳市,2024-2026,58_罗山县_2024_2026.csv
3362,许女士,电子厂普工直招接受短期工280一天,信阳市,信阳-罗山,6000.0,7000.0,岗位：电子厂普工直招接受短期工280一天；标签：包住 / 包吃 / 年底双薪 / 周末双休；薪资：6000-7000元/月,未注明,,58同城,2026-09-25 01:07:01,411521,罗山县,信阳市,2024-2026,58_罗山县_2024_2026.csv
3363,李先生,保安可预支工资0费用入职,信阳市,罗山-综合市场,4500.0,5000.0,岗位：保安可预支工资0费用入职；标签：五险一金 / 包住 / 包吃 / 年底双薪；薪资：4500-5000元/月,未注明,,58同城,2026-09-25 01:07:01,411521,罗山县,信阳市,2024-2026,58_罗山县_2024_2026.csv
3364,柴同学爱遵守,驾校教练,信阳市,信阳-平桥,6000.0,9000.0,岗位：驾校教练；标签：招2人 / 经验不限 / 学历不限；薪资：6000-9000元/月,学历不限,2.0,58同城,2026-09-25 01:07:05,411521,罗山县,信阳市,2024-2026,58_罗山县_2024_2026.csv
3365,陈女士,门岗保安包吃住待遇好,信阳市,信阳,4000.0,5000.0,岗位：门岗保安包吃住待遇好；标签：五险 / 包住 / 包吃 / 交通补助；薪资：4000-5000元/月,未注明,,58同城,2026-09-25 01:07:05,411521,罗山县,信阳市,2024-2026,58_罗山县_2024_2026.csv
3366,陈女士,停车场收费岗坐岗保安包吃... 小程序,信阳市,信阳,4500.0,5000.0,岗位：停车场收费岗坐岗保安包吃... 小程序；标签：五险 / 包住 / 包吃 / 交通补助；薪资：4500-5000元/月,未注明,,58同城,2026-09-25 01:07:05,411521,罗山县,信阳市,2024-2026,58_罗山县_2024_2026.csv
3367,午后橘猫,便利店店员/营业员3千起,信阳市,信阳-潢川,3000.0,5000.0,岗位：便利店店员/营业员3千起；标签：经验1-2年 / 学历不限；薪资：3000-5000元/月,学历不限,,58同城,2026-09-25 01:07:05,411521,罗山县,信阳市,2024-2026,58_罗山县_2024_2026.csv
3368,胡先生,眼镜店店员/营业员2500起,信阳市,平桥-丽宝广场,2500.0,4000.0,岗位：眼镜店店员/营业员2500起；标签：招3人 / 经验1-2年 / 学历高中；薪资：2500-4000元/月,高中,3.0,58同城,2026-09-25 01:07:05,411521,罗山县,信阳市,2024-2026,58_罗山县_2024_2026.csv
3369,翟先生,健康管理公司行政助理包吃五险一金包住,信阳市,平桥-金三角,3000.0,5000.0,岗位：健康管理公司行政助理包吃五险一金包住；标签：五险一金 / 五险 / 包住 / 包吃；薪资：3000-5000元/月,未注明,,58同城,2026-09-25 01:07:05,411521,罗山县,信阳市,2024-2026,58_罗山县_2024_2026.csv
3370,宋经理,店员,信阳市,羊山新区-信阳东站,2500.0,6000.0,岗位：店员；标签：交通补助 / 加班补助 / 话补；薪资：2500-6000元/月,未注明,,58同城,2026-09-25 01:07:05,411521,罗山县,信阳市,2024-2026,58_罗山县_2024_2026.csv
3371,甜点控小陈,急聘铁路安检地勤上一休一免费食宿五险一金,信阳市,信阳-浉河,4500.0,6000.0,岗位：急聘铁路安检地勤上一休一免费食宿五险一金；标签：五险一金 / 包住 / 包吃 / 年底双薪；薪资：4500-6000元/月,未注明,,58同城,2026-09-25 01:07:05,411521,罗山县,信阳市,2024-2026,58_罗山县_2024_2026.csv
3372,郭先生,小区保安/加班补助五险包吃住,信阳市,信阳-潢川,4500.0,5000.0,岗位：小区保安/加班补助五险包吃住；标签：五险 / 包住 / 包吃 / 年底双薪；薪资：4500-5000元/月,未注明,,58同城,2026-09-25 01:07:05,411521,罗山县,信阳市,2024-2026,58_罗山县_2024_2026.csv
3373,贺先生,无人机飞手工作时间灵活,信阳市,信阳-平桥,5000.0,6000.0,岗位：无人机飞手工作时间灵活；标签：经验不限 / 学历不限；薪资：5000-6000元/月,学历不限,,58同城,2026-09-25 01:07:05,411521,罗山县,信阳市,2024-2026,58_罗山县_2024_2026.csv
3374,吹泡泡的宝,建筑劳务公司/办公室文员/3千起,信阳市,平桥-南京路,3000.0,5000.0,岗位：建筑劳务公司/办公室文员/3千起；标签：招2人 / 经验不限 / 学历不限；薪资：3000-5000元/月,学历不限,2.0,58同城,2026-09-25 01:07:05,411521,罗山县,信阳市,2024-2026,58_罗山县_2024_2026.csv
3375,徐先生,短视频拍摄剪辑跟拍,信阳市,平桥-金三角,2500.0,6500.0,岗位：短视频拍摄剪辑跟拍；标签：招1人 / 经验1-2年 / 学历大专；薪资：2500-6500元/月,大专,1.0,58同城,2026-09-25 01:07:05,411521,罗山县,信阳市,2024-2026,58_罗山县_2024_2026.csv
3376,王先生,耳机厂检测月8500包吃住可预知,信阳市,平桥-百花园,2500.0,4500.0,岗位：耳机厂检测月8500包吃住可预知；标签：五险一金 / 包住 / 包吃 / 加班补助；薪资：2500-4500元/月,未注明,,58同城,2026-09-25 01:07:05,411521,罗山县,信阳市,2024-2026,58_罗山县_2024_2026.csv
3377,卢师傅,洗碗工,信阳市,新县-新县商贸城,2000.0,3000.0,岗位：洗碗工；标签：招1人 / 经验不限 / 学历不限；薪资：2000-3000元/月,学历不限,1.0,58同城,2026-09-25 01:07:05,411521,罗山县,信阳市,2024-2026,58_罗山县_2024_2026.csv
3378,童先生,中餐配菜,信阳市,信阳-平桥,2500.0,3000.0,岗位：中餐配菜；标签：包住 / 包吃；薪资：2500-3000元/月,未注明,,58同城,2026-09-25 01:07:05,411521,罗山县,信阳市,2024-2026,58_罗山县_2024_2026.csv
3379,招聘主管,厨工,信阳市,信阳-息县,2000.0,3000.0,岗位：厨工；标签：经验不限 / 学历不限；薪资：2000-3000元/月,学历不限,,58同城,2026-09-25 01:07:05,411521,罗山县,信阳市,2024-2026,58_罗山县_2024_2026.csv
3380,火,中餐厅后厨/职位类目学历经验不限,信阳市,浉河-天润广场,3000.0,4000.0,岗位：中餐厅后厨/职位类目学历经验不限；标签：招1人 / 经验不限 / 学历不限；薪资：3000-4000元/月,学历不限,1.0,58同城,2026-09-25 01:07:05,411521,罗山县,信阳市,2024-2026,58_罗山县_2024_2026.csv
3381,家具厂,潢川县候刚家具厂/油漆工包住,信阳市,信阳-潢川,6000.0,10000.0,岗位：潢川县候刚家具厂/油漆工包住；标签：包住；薪资：6000-10000元/月,未注明,,58同城,2026-09-25 01:07:05,411521,罗山县,信阳市,2024-2026,58_罗山县_2024_2026.csv
3382,郭先生,小区保安包吃住可预支,信阳市,信阳-潢川,4500.0,5000.0,岗位：小区保安包吃住可预支；标签：五险 / 包住 / 包吃 / 年底双薪；薪资：4500-5000元/月,未注明,,58同城,2026-09-25 01:07:05,411521,罗山县,信阳市,2024-2026,58_罗山县_2024_2026.csv
3383,孙先生,营业厅店员/营业员学历经验不限,信阳市,信阳-潢川,3000.0,6000.0,岗位：营业厅店员/营业员学历经验不限；标签：招2人 / 经验不限 / 学历不限；薪资：3000-6000元/月,学历不限,2.0,58同城,2026-09-25 01:07:05,411521,罗山县,信阳市,2024-2026,58_罗山县_2024_2026.csv
3384,爱喝果汁的小贝,乒乓球教练合伙人（高提成）,信阳市,信阳-光山,8000.0,15000.0,岗位：乒乓球教练合伙人（高提成）；标签：五险一金 / 周末双休 / 交通补助 / 话补；薪资：8000-15000元/月,未注明,,58同城,2026-09-25 01:07:05,411521,罗山县,信阳市,2024-2026,58_罗山县_2024_2026.csv
3385,嗯呢嗯,置业顾问,信阳市,平桥-南京路,3000.0,15000.0,岗位：置业顾问；标签：经验不限 / 学历不限；薪资：3000-15000元/月,学历不限,,58同城,2026-09-25 01:07:05,411521,罗山县,信阳市,2024-2026,58_罗山县_2024_2026.csv
3386,蔡女士,售后服务顾问,信阳市,平桥-百花园,4000.0,13500.0,岗位：售后服务顾问；标签：经验1-2年 / 学历大专；薪资：4000-13500元/月,大专,,58同城,2026-09-25 01:07:05,411521,罗山县,信阳市,2024-2026,58_罗山县_2024_2026.csv
3387,爱踢球的孙同学,直招固始蔬菜配送C本司机不装卸,信阳市,信阳,6300.0,8000.0,岗位：直招固始蔬菜配送C本司机不装卸；标签：五险 / 包住 / 饭补 / 话补；薪资：6300-8000元/月,未注明,,58同城,2026-09-25 01:07:05,411521,罗山县,信阳市,2024-2026,58_罗山县_2024_2026.csv
3388,皮实de瞿博士,美甲美睫师,信阳市,浉河-天润广场,,,岗位：美甲美睫师；标签：经验1-2年 / 学历不限；薪资：面议,学历不限,,58同城,2026-09-25 01:07:05,411521,罗山县,信阳市,2024-2026,58_罗山县_2024_2026.csv
3389,顿女士,鸿宇盛世体育文化有限责任公司服务员350,信阳市,浉河-和美广场,3500.0,4500.0,岗位：鸿宇盛世体育文化有限责任公司服务员350；标签：招1人 / 经验不限 / 学历不限；薪资：3500-4500元/月,学历不限,1.0,58同城,2026-09-25 01:07:05,411521,罗山县,信阳市,2024-2026,58_罗山县_2024_2026.csv
3390,喜欢踩水坑的小熊,美甲师,信阳市,平桥-南京路,2500.0,4500.0,岗位：美甲师；标签：经验不限 / 学历不限；薪资：2500-4500元/月,学历不限,,58同城,2026-09-25 01:07:05,411521,罗山县,信阳市,2024-2026,58_罗山县_2024_2026.csv
3391,爱逛夜市的星,操作工不需要经验300/天包吃住一天一发,信阳市,信阳-光山,6500.0,8500.0,岗位：操作工不需要经验300/天包吃住一天一发；标签：包住 / 包吃；薪资：6500-8500元/月,未注明,,58同城,2026-09-25 01:07:05,411521,罗山县,信阳市,2024-2026,58_罗山县_2024_2026.csv
3392,,信阳家电维修I空调维修·家电维修 服务区域：浉河、平桥、羊山新区、罗山、息县...,信阳市,罗山县,,,岗位：信阳家电维修I空调维修·家电维修 服务区域：浉河、平桥、羊山新区、罗山、息县...,未注明,,58同城,2026-09-25 01:09:49,411521,罗山县,信阳市,2024-2026,58_罗山县_2024_2026.csv
3393,,信阳利民搬家·搬家 服务区域：浉河、平桥、羊山新区、罗山、息县...,信阳市,罗山县,,,岗位：信阳利民搬家·搬家 服务区域：浉河、平桥、羊山新区、罗山、息县...,未注明,,58同城,2026-09-25 01:09:49,411521,罗山县,信阳市,2024-2026,58_罗山县_2024_2026.csv
3394,,一家人家政服务中心·保姆/月嫂 服务区域：浉河、平桥、羊山新区、罗山、息县...,信阳市,罗山县,,,岗位：一家人家政服务中心·保姆/月嫂 服务区域：浉河、平桥、羊山新区、罗山、息县...,未注明,,58同城,2026-09-25 01:09:49,411521,罗山县,信阳市,2024-2026,58_罗山县_2024_2026.csv
3395,,焕烁鲜花绿植·园林花卉 服务区域：浉河、平桥、羊山新区、罗山、息县...,信阳市,罗山县,,,岗位：焕烁鲜花绿植·园林花卉 服务区域：浉河、平桥、羊山新区、罗山、息县...,未注明,,58同城,2026-09-25 01:09:49,411521,罗山县,信阳市,2024-2026,58_罗山县_2024_2026.csv
3396,,信阳专业保洁清洗·保洁清洗 服务区域：浉河、平桥、羊山新区、光山、罗山,信阳市,罗山县,,,岗位：信阳专业保洁清洗·保洁清洗 服务区域：浉河、平桥、羊山新区、光山、罗山,未注明,,58同城,2026-09-25 01:09:49,411521,罗山县,信阳市,2024-2026,58_罗山县_2024_2026.csv
3397,,信阳丽鑫家政·保姆/月嫂 服务区域：浉河、平桥、羊山新区、罗山、息县...,信阳市,罗山县,,,岗位：信阳丽鑫家政·保姆/月嫂 服务区域：浉河、平桥、羊山新区、罗山、息县...,未注明,,58同城,2026-09-25 01:09:56,411521,罗山县,信阳市,2024-2026,58_罗山县_2024_2026.csv
3398,很受欢迎的丁博士,中餐厅服务员,信阳市,光山-新西亚广场,3000.0,4500.0,岗位：中餐厅服务员；标签：经验3-5年 / 学历不限；薪资：3000-4500元/月,学历不限,,58同城,2026-09-25 01:10:06,411522,光山县,信阳市,2024-2026,58_光山县_2024_2026.csv
3399,冯先生,光山招聘/数据标注/3千起/工作简单,信阳市,光山-光山县福万家广场,3000.0,5000.0,岗位：光山招聘/数据标注/3千起/工作简单；标签：招4人 / 经验不限 / 学历不限；薪资：3000-5000元/月,学历不限,4.0,58同城,2026-09-25 01:10:06,411522,光山县,信阳市,2024-2026,58_光山县_2024_2026.csv
3400,冯先生,数据标注/AI训练师3k... 小程序,信阳市,光山-光山县福万家广场,3000.0,6000.0,岗位：数据标注/AI训练师3k... 小程序；标签：经验不限 / 学历高中；薪资：3000-6000元/月,高中,,58同城,2026-09-25 01:10:06,411522,光山县,信阳市,2024-2026,58_光山县_2024_2026.csv
3401,草地上的风筝,公司前台,信阳市,信阳-光山,3000.0,4500.0,岗位：公司前台；标签：招1人 / 经验不限 / 学历不限；薪资：3000-4500元/月,学历不限,1.0,58同城,2026-09-25 01:10:06,411522,光山县,信阳市,2024-2026,58_光山县_2024_2026.csv
3402,王先生,中餐厅服务员2500起,信阳市,信阳-光山,2500.0,4500.0,岗位：中餐厅服务员2500起；标签：招1人 / 经验不限 / 学历不限；薪资：2500-4500元/月,学历不限,1.0,58同城,2026-09-25 01:10:06,411522,光山县,信阳市,2024-2026,58_光山县_2024_2026.csv
3403,数蚂蚁走路,汽车喷漆/油漆师傅包住包吃加班补助,信阳市,信阳-光山,6000.0,7500.0,岗位：汽车喷漆/油漆师傅包住包吃加班补助；标签：包住 / 包吃 / 加班补助；薪资：6000-7500元/月,未注明,,58同城,2026-09-25 01:10:06,411522,光山县,信阳市,2024-2026,58_光山县_2024_2026.csv
3404,光山精益眼镜,眼科医院店员,信阳市,光山-光山县福万家广场,3000.0,5000.0,岗位：眼科医院店员；标签：招5人 / 经验1年以下 / 学历高中；薪资：3000-5000元/月,高中,5.0,58同城,2026-09-25 01:10:06,411522,光山县,信阳市,2024-2026,58_光山县_2024_2026.csv
3405,光山精益眼镜,眼镜店店员/,信阳市,信阳-光山,2000.0,5000.0,岗位：眼镜店店员/；标签：加班补助；薪资：2000-5000元/月,未注明,,58同城,2026-09-25 01:10:06,411522,光山县,信阳市,2024-2026,58_光山县_2024_2026.csv
3406,Yik-,小吃/快餐店服务员3000起,信阳市,光山-光山县福万家广场,3000.0,3500.0,岗位：小吃/快餐店服务员3000起；标签：经验不限 / 学历不限；薪资：3000-3500元/月,学历不限,,58同城,2026-09-25 01:10:06,411522,光山县,信阳市,2024-2026,58_光山县_2024_2026.csv
3407,光山精益眼镜,护士/护理,信阳市,光山-光山县福万家广场,3000.0,5000.0,岗位：护士/护理；标签：五险一金；薪资：3000-5000元/月,未注明,,58同城,2026-09-25 01:10:06,411522,光山县,信阳市,2024-2026,58_光山县_2024_2026.csv
3408,爱钓鱼de匡老板,服装导购,信阳市,信阳-光山,3000.0,3500.0,岗位：服装导购；标签：经验不限 / 学历不限；薪资：3000-3500元/月,学历不限,,58同城,2026-09-25 01:10:06,411522,光山县,信阳市,2024-2026,58_光山县_2024_2026.csv
3409,光山精益眼镜,护士五险一金,信阳市,光山-光山县福万家广场,3000.0,5500.0,岗位：护士五险一金；标签：五险一金 / 加班补助；薪资：3000-5500元/月,未注明,,58同城,2026-09-25 01:10:06,411522,光山县,信阳市,2024-2026,58_光山县_2024_2026.csv
3410,光山精益眼镜,眼镜店销售3000起,信阳市,信阳-光山,3000.0,5000.0,岗位：眼镜店销售3000起；标签：招5人 / 经验不限 / 学历不限；薪资：3000-5000元/月,学历不限,5.0,58同城,2026-09-25 01:10:06,411522,光山县,信阳市,2024-2026,58_光山县_2024_2026.csv
3411,光山精益眼镜,眼镜店导购,信阳市,光山-光山县福万家广场,5000.0,8000.0,岗位：眼镜店导购；标签：招10人 / 经验不限 / 学历高中；薪资：5000-8000元/月,高中,10.0,58同城,2026-09-25 01:10:06,411522,光山县,信阳市,2024-2026,58_光山县_2024_2026.csv
3412,王先生,小吃/厨师学历不限,信阳市,信阳-光山,2500.0,4500.0,岗位：小吃/厨师学历不限；标签：经验3-5年 / 学历不限；薪资：2500-4500元/月,学历不限,,58同城,2026-09-25 01:10:06,411522,光山县,信阳市,2024-2026,58_光山县_2024_2026.csv
3413,爱喝果汁的小贝,乒乓球教练合伙人（高提成）,信阳市,信阳-光山,8000.0,15000.0,岗位：乒乓球教练合伙人（高提成）；标签：五险一金 / 周末双休 / 交通补助 / 话补；薪资：8000-15000元/月,未注明,,58同城,2026-09-25 01:10:06,411522,光山县,信阳市,2024-2026,58_光山县_2024_2026.csv
3414,招聘专员,发型师助理,信阳市,光山-新西亚广场,3000.0,6000.0,岗位：发型师助理；标签：包住 / 包吃 / 年底双薪 / 加班补助；薪资：3000-6000元/月,未注明,,58同城,2026-09-25 01:10:06,411522,光山县,信阳市,2024-2026,58_光山县_2024_2026.csv
3415,钱先生,家居/家具设计房补包住包吃,信阳市,信阳-光山,3000.0,4500.0,岗位：家居/家具设计房补包住包吃；标签：包住 / 包吃 / 房补；薪资：3000-4500元/月,未注明,,58同城,2026-09-25 01:10:06,411522,光山县,信阳市,2024-2026,58_光山县_2024_2026.csv
3416,白城丶,婚礼管家,信阳市,信阳-光山,3000.0,5000.0,岗位：婚礼管家；标签：经验不限 / 学历不限；薪资：3000-5000元/月,学历不限,,58同城,2026-09-25 01:10:06,411522,光山县,信阳市,2024-2026,58_光山县_2024_2026.csv
3417,爱印花de尹博士,养发师,信阳市,光山-光山县福万家广场,3000.0,4500.0,岗位：养发师；标签：招3人 / 经验不限 / 学历不限；薪资：3000-4500元/月,学历不限,3.0,58同城,2026-09-25 01:10:06,411522,光山县,信阳市,2024-2026,58_光山县_2024_2026.csv
3418,爱逛夜市的星,操作工不需要经验300/天包吃住一天一发,信阳市,信阳-光山,6500.0,8500.0,岗位：操作工不需要经验300/天包吃住一天一发；标签：包住 / 包吃；薪资：6500-8500元/月,未注明,,58同城,2026-09-25 01:10:06,411522,光山县,信阳市,2024-2026,58_光山县_2024_2026.csv
3419,智兔物流喻女士,信阳8千急聘送货司机一趟一结不装卸,信阳市,信阳-光山,8000.0,9500.0,岗位：信阳8千急聘送货司机一趟一结不装卸；标签：招5人 / 经验不限 / 学历不限；薪资：8000-9500元/月,学历不限,5.0,58同城,2026-09-25 01:10:06,411522,光山县,信阳市,2024-2026,58_光山县_2024_2026.csv
3420,圳么,光山县玖玖美发工作室/发型师/免费工服饭,信阳市,信阳-光山,2000.0,5000.0,岗位：光山县玖玖美发工作室/发型师/免费工服饭；标签：饭补；薪资：2000-5000元/月,未注明,,58同城,2026-09-25 01:10:06,411522,光山县,信阳市,2024-2026,58_光山县_2024_2026.csv
3421,金先生,装饰设计/室内设计话补周末双休,信阳市,信阳-光山,3000.0,4500.0,岗位：装饰设计/室内设计话补周末双休；标签：周末双休 / 话补；薪资：3000-4500元/月,未注明,,58同城,2026-09-25 01:10:06,411522,光山县,信阳市,2024-2026,58_光山县_2024_2026.csv
3422,光山精益眼镜,护士三险,信阳市,光山-光山县福万家广场,2500.0,5000.0,岗位：护士三险；标签：五险一金；薪资：2500-5000元/月,未注明,,58同城,2026-09-25 01:10:06,411522,光山县,信阳市,2024-2026,58_光山县_2024_2026.csv
3423,张先生,急招健身教练无经验可培养,信阳市,信阳-光山,6000.0,12000.0,岗位：急招健身教练无经验可培养；标签：五险 / 包住；薪资：6000-12000元/月,未注明,,58同城,2026-09-25 01:10:06,411522,光山县,信阳市,2024-2026,58_光山县_2024_2026.csv
3424,种向日葵的园地,居家审核员简单电脑操作月薪6000,信阳市,光山-光山县福万家广场,5000.0,8000.0,岗位：居家审核员简单电脑操作月薪6000；标签：五险一金 / 包吃 / 包住 / 周末双休；薪资：5000-8000元/月,未注明,,58同城,2026-09-25 01:10:06,411522,光山县,信阳市,2024-2026,58_光山县_2024_2026.csv
3425,爱发呆的小小,美容顾问/最低薪资4000起,信阳市,光山-新西亚广场,4000.0,8000.0,岗位：美容顾问/最低薪资4000起；标签：招1人 / 经验不限 / 学历不限；薪资：4000-8000元/月,学历不限,1.0,58同城,2026-09-25 01:10:06,411522,光山县,信阳市,2024-2026,58_光山县_2024_2026.csv
3426,苏先生,包住无责保底4k聊天客服,信阳市,光山-新西亚广场,4000.0,8000.0,岗位：包住无责保底4k聊天客服；标签：包住 / 年底双薪 / 加班补助 / 房补；薪资：4000-8000元/月,未注明,,58同城,2026-09-25 01:10:06,411522,光山县,信阳市,2024-2026,58_光山县_2024_2026.csv
3427,光山久世兴公司,铝板加工常年招普工、冲床、激光、折弯工,信阳市,信阳-光山,4000.0,8500.0,岗位：铝板加工常年招普工、冲床、激光、折弯工；标签：包住 / 包吃；薪资：4000-8500元/月,未注明,,58同城,2026-09-25 01:10:06,411522,光山县,信阳市,2024-2026,58_光山县_2024_2026.csv
3428,柴同学爱遵守,驾校教练,信阳市,信阳-平桥,6000.0,9000.0,岗位：驾校教练；标签：招2人 / 经验不限 / 学历不限；薪资：6000-9000元/月,学历不限,2.0,58同城,2026-09-25 01:10:23,411522,光山县,信阳市,2024-2026,58_光山县_2024_2026.csv
3429,陈女士,门岗保安包吃住待遇好,信阳市,信阳,4000.0,5000.0,岗位：门岗保安包吃住待遇好；标签：五险 / 包住 / 包吃 / 交通补助；薪资：4000-5000元/月,未注明,,58同城,2026-09-25 01:10:23,411522,光山县,信阳市,2024-2026,58_光山县_2024_2026.csv
3430,陈女士,停车场收费岗坐岗保安包吃... 小程序,信阳市,信阳,4500.0,5000.0,岗位：停车场收费岗坐岗保安包吃... 小程序；标签：五险 / 包住 / 包吃 / 交通补助；薪资：4500-5000元/月,未注明,,58同城,2026-09-25 01:10:23,411522,光山县,信阳市,2024-2026,58_光山县_2024_2026.csv
3431,午后橘猫,便利店店员/营业员3千起,信阳市,信阳-潢川,3000.0,5000.0,岗位：便利店店员/营业员3千起；标签：经验1-2年 / 学历不限；薪资：3000-5000元/月,学历不限,,58同城,2026-09-25 01:10:23,411522,光山县,信阳市,2024-2026,58_光山县_2024_2026.csv
3432,胡先生,眼镜店店员/营业员2500起,信阳市,平桥-丽宝广场,2500.0,4000.0,岗位：眼镜店店员/营业员2500起；标签：招3人 / 经验1-2年 / 学历高中；薪资：2500-4000元/月,高中,3.0,58同城,2026-09-25 01:10:23,411522,光山县,信阳市,2024-2026,58_光山县_2024_2026.csv
3433,翟先生,健康管理公司行政助理包吃五险一金包住,信阳市,平桥-金三角,3000.0,5000.0,岗位：健康管理公司行政助理包吃五险一金包住；标签：五险一金 / 五险 / 包住 / 包吃；薪资：3000-5000元/月,未注明,,58同城,2026-09-25 01:10:23,411522,光山县,信阳市,2024-2026,58_光山县_2024_2026.csv
3434,宋经理,店员,信阳市,羊山新区-信阳东站,2500.0,6000.0,岗位：店员；标签：交通补助 / 加班补助 / 话补；薪资：2500-6000元/月,未注明,,58同城,2026-09-25 01:10:23,411522,光山县,信阳市,2024-2026,58_光山县_2024_2026.csv
3435,甜点控小陈,急聘铁路安检地勤上一休一免费食宿五险一金,信阳市,信阳-浉河,4500.0,6000.0,岗位：急聘铁路安检地勤上一休一免费食宿五险一金；标签：五险一金 / 包住 / 包吃 / 年底双薪；薪资：4500-6000元/月,未注明,,58同城,2026-09-25 01:10:23,411522,光山县,信阳市,2024-2026,58_光山县_2024_2026.csv
3436,郭先生,小区保安/加班补助五险包吃住,信阳市,信阳-潢川,4500.0,5000.0,岗位：小区保安/加班补助五险包吃住；标签：五险 / 包住 / 包吃 / 年底双薪；薪资：4500-5000元/月,未注明,,58同城,2026-09-25 01:10:23,411522,光山县,信阳市,2024-2026,58_光山县_2024_2026.csv
3437,贺先生,无人机飞手工作时间灵活,信阳市,信阳-平桥,5000.0,6000.0,岗位：无人机飞手工作时间灵活；标签：经验不限 / 学历不限；薪资：5000-6000元/月,学历不限,,58同城,2026-09-25 01:10:23,411522,光山县,信阳市,2024-2026,58_光山县_2024_2026.csv
3438,吹泡泡的宝,建筑劳务公司/办公室文员/3千起,信阳市,平桥-南京路,3000.0,5000.0,岗位：建筑劳务公司/办公室文员/3千起；标签：招2人 / 经验不限 / 学历不限；薪资：3000-5000元/月,学历不限,2.0,58同城,2026-09-25 01:10:23,411522,光山县,信阳市,2024-2026,58_光山县_2024_2026.csv
3439,徐先生,短视频拍摄剪辑跟拍,信阳市,平桥-金三角,2500.0,6500.0,岗位：短视频拍摄剪辑跟拍；标签：招1人 / 经验1-2年 / 学历大专；薪资：2500-6500元/月,大专,1.0,58同城,2026-09-25 01:10:23,411522,光山县,信阳市,2024-2026,58_光山县_2024_2026.csv
3440,王先生,耳机厂检测月8500包吃住可预知,信阳市,平桥-百花园,2500.0,4500.0,岗位：耳机厂检测月8500包吃住可预知；标签：五险一金 / 包住 / 包吃 / 加班补助；薪资：2500-4500元/月,未注明,,58同城,2026-09-25 01:10:23,411522,光山县,信阳市,2024-2026,58_光山县_2024_2026.csv
3441,卢师傅,洗碗工,信阳市,新县-新县商贸城,2000.0,3000.0,岗位：洗碗工；标签：招1人 / 经验不限 / 学历不限；薪资：2000-3000元/月,学历不限,1.0,58同城,2026-09-25 01:10:23,411522,光山县,信阳市,2024-2026,58_光山县_2024_2026.csv
3442,童先生,中餐配菜,信阳市,信阳-平桥,2500.0,3000.0,岗位：中餐配菜；标签：包住 / 包吃；薪资：2500-3000元/月,未注明,,58同城,2026-09-25 01:10:23,411522,光山县,信阳市,2024-2026,58_光山县_2024_2026.csv
3443,招聘主管,厨工,信阳市,信阳-息县,2000.0,3000.0,岗位：厨工；标签：经验不限 / 学历不限；薪资：2000-3000元/月,学历不限,,58同城,2026-09-25 01:10:23,411522,光山县,信阳市,2024-2026,58_光山县_2024_2026.csv
3444,火,中餐厅后厨/职位类目学历经验不限,信阳市,浉河-天润广场,3000.0,4000.0,岗位：中餐厅后厨/职位类目学历经验不限；标签：招1人 / 经验不限 / 学历不限；薪资：3000-4000元/月,学历不限,1.0,58同城,2026-09-25 01:10:23,411522,光山县,信阳市,2024-2026,58_光山县_2024_2026.csv
3445,齐总,服饰商店/机修工包吃包住,信阳市,信阳-罗山,5500.0,8000.0,岗位：服饰商店/机修工包吃包住；标签：包住 / 包吃；薪资：5500-8000元/月,未注明,,58同城,2026-09-25 01:10:23,411522,光山县,信阳市,2024-2026,58_光山县_2024_2026.csv
3446,家具厂,潢川县候刚家具厂/油漆工包住,信阳市,信阳-潢川,6000.0,10000.0,岗位：潢川县候刚家具厂/油漆工包住；标签：包住；薪资：6000-10000元/月,未注明,,58同城,2026-09-25 01:10:23,411522,光山县,信阳市,2024-2026,58_光山县_2024_2026.csv
3447,郭先生,小区保安包吃住可预支,信阳市,信阳-潢川,4500.0,5000.0,岗位：小区保安包吃住可预支；标签：五险 / 包住 / 包吃 / 年底双薪；薪资：4500-5000元/月,未注明,,58同城,2026-09-25 01:10:23,411522,光山县,信阳市,2024-2026,58_光山县_2024_2026.csv
3448,孙先生,营业厅店员/营业员学历经验不限,信阳市,信阳-潢川,3000.0,6000.0,岗位：营业厅店员/营业员学历经验不限；标签：招2人 / 经验不限 / 学历不限；薪资：3000-6000元/月,学历不限,2.0,58同城,2026-09-25 01:10:23,411522,光山县,信阳市,2024-2026,58_光山县_2024_2026.csv
3449,嗯呢嗯,置业顾问,信阳市,平桥-南京路,3000.0,15000.0,岗位：置业顾问；标签：经验不限 / 学历不限；薪资：3000-15000元/月,学历不限,,58同城,2026-09-25 01:10:23,411522,光山县,信阳市,2024-2026,58_光山县_2024_2026.csv
3450,蔡女士,售后服务顾问,信阳市,平桥-百花园,4000.0,13500.0,岗位：售后服务顾问；标签：经验1-2年 / 学历大专；薪资：4000-13500元/月,大专,,58同城,2026-09-25 01:10:23,411522,光山县,信阳市,2024-2026,58_光山县_2024_2026.csv
3451,爱踢球的孙同学,直招固始蔬菜配送C本司机不装卸,信阳市,信阳,6300.0,8000.0,岗位：直招固始蔬菜配送C本司机不装卸；标签：五险 / 包住 / 饭补 / 话补；薪资：6300-8000元/月,未注明,,58同城,2026-09-25 01:10:23,411522,光山县,信阳市,2024-2026,58_光山县_2024_2026.csv
3452,皮实de瞿博士,美甲美睫师,信阳市,浉河-天润广场,,,岗位：美甲美睫师；标签：经验1-2年 / 学历不限；薪资：面议,学历不限,,58同城,2026-09-25 01:10:23,411522,光山县,信阳市,2024-2026,58_光山县_2024_2026.csv
3453,顿女士,鸿宇盛世体育文化有限责任公司服务员350,信阳市,浉河-和美广场,3500.0,4500.0,岗位：鸿宇盛世体育文化有限责任公司服务员350；标签：招1人 / 经验不限 / 学历不限；薪资：3500-4500元/月,学历不限,1.0,58同城,2026-09-25 01:10:23,411522,光山县,信阳市,2024-2026,58_光山县_2024_2026.csv
3454,闫先生,设计师助理,信阳市,信阳-罗山,2000.0,4000.0,岗位：设计师助理；标签：招6人 / 经验不限 / 学历大专；薪资：2000-4000元/月,大专,6.0,58同城,2026-09-25 01:10:23,411522,光山县,信阳市,2024-2026,58_光山县_2024_2026.csv
3455,喜欢踩水坑的小熊,美甲师,信阳市,平桥-南京路,2500.0,4500.0,岗位：美甲师；标签：经验不限 / 学历不限；薪资：2500-4500元/月,学历不限,,58同城,2026-09-25 01:10:23,411522,光山县,信阳市,2024-2026,58_光山县_2024_2026.csv
3456,冯先生,数据标注/AI训练师3k起,信阳市,光山-光山县福万家广场,3000.0,6000.0,岗位：数据标注/AI训练师3k起；标签：经验不限 / 学历高中；薪资：3000-6000元/月,高中,,58同城,2026-09-25 01:12:01,411522,光山县,信阳市,2024-2026,58_光山县_2024_2026.csv
3457,,信阳专业保洁清洗·保洁清洗 服务区域：浉河、平桥、羊山新区、光山、罗山,信阳市,光山县,,,岗位：信阳专业保洁清洗·保洁清洗 服务区域：浉河、平桥、羊山新区、光山、罗山,未注明,,58同城,2026-09-25 01:12:57,411522,光山县,信阳市,2024-2026,58_光山县_2024_2026.csv
3458,柴同学爱遵守,驾校教练,信阳市,信阳-平桥,6000.0,9000.0,岗位：驾校教练；标签：招2人 / 经验不限 / 学历不限；薪资：6000-9000元/月,学历不限,2.0,58同城,2026-09-25 01:13:14,411523,新县,信阳市,2024-2026,58_新县_2024_2026.csv
3459,陈女士,门岗保安包吃住待遇好,信阳市,信阳,4000.0,5000.0,岗位：门岗保安包吃住待遇好；标签：五险 / 包住 / 包吃 / 交通补助；薪资：4000-5000元/月,未注明,,58同城,2026-09-25 01:13:14,411523,新县,信阳市,2024-2026,58_新县_2024_2026.csv
3460,陈女士,停车场收费岗坐岗保安包吃... 小程序,信阳市,信阳,4500.0,5000.0,岗位：停车场收费岗坐岗保安包吃... 小程序；标签：五险 / 包住 / 包吃 / 交通补助；薪资：4500-5000元/月,未注明,,58同城,2026-09-25 01:13:14,411523,新县,信阳市,2024-2026,58_新县_2024_2026.csv
3461,午后橘猫,便利店店员/营业员3千起,信阳市,信阳-潢川,3000.0,5000.0,岗位：便利店店员/营业员3千起；标签：经验1-2年 / 学历不限；薪资：3000-5000元/月,学历不限,,58同城,2026-09-25 01:13:14,411523,新县,信阳市,2024-2026,58_新县_2024_2026.csv
3462,胡先生,眼镜店店员/营业员2500起,信阳市,平桥-丽宝广场,2500.0,4000.0,岗位：眼镜店店员/营业员2500起；标签：招3人 / 经验1-2年 / 学历高中；薪资：2500-4000元/月,高中,3.0,58同城,2026-09-25 01:13:14,411523,新县,信阳市,2024-2026,58_新县_2024_2026.csv
3463,翟先生,健康管理公司行政助理包吃五险一金包住,信阳市,平桥-金三角,3000.0,5000.0,岗位：健康管理公司行政助理包吃五险一金包住；标签：五险一金 / 五险 / 包住 / 包吃；薪资：3000-5000元/月,未注明,,58同城,2026-09-25 01:13:14,411523,新县,信阳市,2024-2026,58_新县_2024_2026.csv
3464,宋经理,店员,信阳市,羊山新区-信阳东站,2500.0,6000.0,岗位：店员；标签：交通补助 / 加班补助 / 话补；薪资：2500-6000元/月,未注明,,58同城,2026-09-25 01:13:14,411523,新县,信阳市,2024-2026,58_新县_2024_2026.csv
3465,甜点控小陈,急聘铁路安检地勤上一休一免费食宿五险一金,信阳市,信阳-浉河,4500.0,6000.0,岗位：急聘铁路安检地勤上一休一免费食宿五险一金；标签：五险一金 / 包住 / 包吃 / 年底双薪；薪资：4500-6000元/月,未注明,,58同城,2026-09-25 01:13:14,411523,新县,信阳市,2024-2026,58_新县_2024_2026.csv
3466,郭先生,小区保安/加班补助五险包吃住,信阳市,信阳-潢川,4500.0,5000.0,岗位：小区保安/加班补助五险包吃住；标签：五险 / 包住 / 包吃 / 年底双薪；薪资：4500-5000元/月,未注明,,58同城,2026-09-25 01:13:14,411523,新县,信阳市,2024-2026,58_新县_2024_2026.csv
3467,贺先生,无人机飞手工作时间灵活,信阳市,信阳-平桥,5000.0,6000.0,岗位：无人机飞手工作时间灵活；标签：经验不限 / 学历不限；薪资：5000-6000元/月,学历不限,,58同城,2026-09-25 01:13:14,411523,新县,信阳市,2024-2026,58_新县_2024_2026.csv
3468,吹泡泡的宝,建筑劳务公司/办公室文员/3千起,信阳市,平桥-南京路,3000.0,5000.0,岗位：建筑劳务公司/办公室文员/3千起；标签：招2人 / 经验不限 / 学历不限；薪资：3000-5000元/月,学历不限,2.0,58同城,2026-09-25 01:13:14,411523,新县,信阳市,2024-2026,58_新县_2024_2026.csv
3469,徐先生,短视频拍摄剪辑跟拍,信阳市,平桥-金三角,2500.0,6500.0,岗位：短视频拍摄剪辑跟拍；标签：招1人 / 经验1-2年 / 学历大专；薪资：2500-6500元/月,大专,1.0,58同城,2026-09-25 01:13:14,411523,新县,信阳市,2024-2026,58_新县_2024_2026.csv
3470,王先生,耳机厂检测月8500包吃住可预知,信阳市,平桥-百花园,2500.0,4500.0,岗位：耳机厂检测月8500包吃住可预知；标签：五险一金 / 包住 / 包吃 / 加班补助；薪资：2500-4500元/月,未注明,,58同城,2026-09-25 01:13:14,411523,新县,信阳市,2024-2026,58_新县_2024_2026.csv
3471,卢师傅,洗碗工,信阳市,新县-新县商贸城,2000.0,3000.0,岗位：洗碗工；标签：招1人 / 经验不限 / 学历不限；薪资：2000-3000元/月,学历不限,1.0,58同城,2026-09-25 01:13:14,411523,新县,信阳市,2024-2026,58_新县_2024_2026.csv
3472,童先生,中餐配菜,信阳市,信阳-平桥,2500.0,3000.0,岗位：中餐配菜；标签：包住 / 包吃；薪资：2500-3000元/月,未注明,,58同城,2026-09-25 01:13:14,411523,新县,信阳市,2024-2026,58_新县_2024_2026.csv
3473,招聘主管,厨工,信阳市,信阳-息县,2000.0,3000.0,岗位：厨工；标签：经验不限 / 学历不限；薪资：2000-3000元/月,学历不限,,58同城,2026-09-25 01:13:14,411523,新县,信阳市,2024-2026,58_新县_2024_2026.csv
3474,火,中餐厅后厨/职位类目学历经验不限,信阳市,浉河-天润广场,3000.0,4000.0,岗位：中餐厅后厨/职位类目学历经验不限；标签：招1人 / 经验不限 / 学历不限；薪资：3000-4000元/月,学历不限,1.0,58同城,2026-09-25 01:13:14,411523,新县,信阳市,2024-2026,58_新县_2024_2026.csv
3475,齐总,服饰商店/机修工包吃包住,信阳市,信阳-罗山,5500.0,8000.0,岗位：服饰商店/机修工包吃包住；标签：包住 / 包吃；薪资：5500-8000元/月,未注明,,58同城,2026-09-25 01:13:14,411523,新县,信阳市,2024-2026,58_新县_2024_2026.csv
3476,家具厂,潢川县候刚家具厂/油漆工包住,信阳市,信阳-潢川,6000.0,10000.0,岗位：潢川县候刚家具厂/油漆工包住；标签：包住；薪资：6000-10000元/月,未注明,,58同城,2026-09-25 01:13:14,411523,新县,信阳市,2024-2026,58_新县_2024_2026.csv
3477,郭先生,小区保安包吃住可预支,信阳市,信阳-潢川,4500.0,5000.0,岗位：小区保安包吃住可预支；标签：五险 / 包住 / 包吃 / 年底双薪；薪资：4500-5000元/月,未注明,,58同城,2026-09-25 01:13:14,411523,新县,信阳市,2024-2026,58_新县_2024_2026.csv
3478,孙先生,营业厅店员/营业员学历经验不限,信阳市,信阳-潢川,3000.0,6000.0,岗位：营业厅店员/营业员学历经验不限；标签：招2人 / 经验不限 / 学历不限；薪资：3000-6000元/月,学历不限,2.0,58同城,2026-09-25 01:13:14,411523,新县,信阳市,2024-2026,58_新县_2024_2026.csv
3479,爱喝果汁的小贝,乒乓球教练合伙人（高提成）,信阳市,信阳-光山,8000.0,15000.0,岗位：乒乓球教练合伙人（高提成）；标签：五险一金 / 周末双休 / 交通补助 / 话补；薪资：8000-15000元/月,未注明,,58同城,2026-09-25 01:13:14,411523,新县,信阳市,2024-2026,58_新县_2024_2026.csv
3480,嗯呢嗯,置业顾问,信阳市,平桥-南京路,3000.0,15000.0,岗位：置业顾问；标签：经验不限 / 学历不限；薪资：3000-15000元/月,学历不限,,58同城,2026-09-25 01:13:14,411523,新县,信阳市,2024-2026,58_新县_2024_2026.csv
3481,蔡女士,售后服务顾问,信阳市,平桥-百花园,4000.0,13500.0,岗位：售后服务顾问；标签：经验1-2年 / 学历大专；薪资：4000-13500元/月,大专,,58同城,2026-09-25 01:13:14,411523,新县,信阳市,2024-2026,58_新县_2024_2026.csv
3482,爱踢球的孙同学,直招固始蔬菜配送C本司机不装卸,信阳市,信阳,6300.0,8000.0,岗位：直招固始蔬菜配送C本司机不装卸；标签：五险 / 包住 / 饭补 / 话补；薪资：6300-8000元/月,未注明,,58同城,2026-09-25 01:13:14,411523,新县,信阳市,2024-2026,58_新县_2024_2026.csv
3483,皮实de瞿博士,美甲美睫师,信阳市,浉河-天润广场,,,岗位：美甲美睫师；标签：经验1-2年 / 学历不限；薪资：面议,学历不限,,58同城,2026-09-25 01:13:14,411523,新县,信阳市,2024-2026,58_新县_2024_2026.csv
3484,顿女士,鸿宇盛世体育文化有限责任公司服务员350,信阳市,浉河-和美广场,3500.0,4500.0,岗位：鸿宇盛世体育文化有限责任公司服务员350；标签：招1人 / 经验不限 / 学历不限；薪资：3500-4500元/月,学历不限,1.0,58同城,2026-09-25 01:13:14,411523,新县,信阳市,2024-2026,58_新县_2024_2026.csv
3485,闫先生,设计师助理,信阳市,信阳-罗山,2000.0,4000.0,岗位：设计师助理；标签：招6人 / 经验不限 / 学历大专；薪资：2000-4000元/月,大专,6.0,58同城,2026-09-25 01:13:14,411523,新县,信阳市,2024-2026,58_新县_2024_2026.csv
3486,喜欢踩水坑的小熊,美甲师,信阳市,平桥-南京路,2500.0,4500.0,岗位：美甲师；标签：经验不限 / 学历不限；薪资：2500-4500元/月,学历不限,,58同城,2026-09-25 01:13:14,411523,新县,信阳市,2024-2026,58_新县_2024_2026.csv
3487,爱逛夜市的星,操作工不需要经验300/天包吃住一天一发,信阳市,信阳-光山,6500.0,8500.0,岗位：操作工不需要经验300/天包吃住一天一发；标签：包住 / 包吃；薪资：6500-8500元/月,未注明,,58同城,2026-09-25 01:13:14,411523,新县,信阳市,2024-2026,58_新县_2024_2026.csv
3488,粗茶淡饭V,手机维修,信阳市,新县-新县商贸城,1000.0,2000.0,岗位：手机维修；标签：招1人 / 经验不限 / 学历不限；薪资：1000-2000元/月,学历不限,1.0,58同城,2026-09-25 01:13:18,411523,新县,信阳市,2024-2026,58_新县_2024_2026.csv
3489,飞流云朵,薪酬/绩效/福利,信阳市,新县-新县商贸城,12000.0,20000.0,岗位：薪酬/绩效/福利；标签：招1人 / 经验不限 / 学历不限；薪资：12000-20000元/月,学历不限,1.0,58同城,2026-09-25 01:13:18,411523,新县,信阳市,2024-2026,58_新县_2024_2026.csv
3490,招聘专员,硬装设计 小程序,信阳市,新县-新县商贸城,5000.0,10000.0,岗位：硬装设计 小程序；标签：招1人 / 经验不限 / 学历不限；薪资：5000-10000元/月,学历不限,1.0,58同城,2026-09-25 01:13:18,411523,新县,信阳市,2024-2026,58_新县_2024_2026.csv
3491,招聘专员,排版设计,信阳市,新县-新县商贸城,4000.0,8000.0,岗位：排版设计；标签：招1人 / 经验不限 / 学历不限；薪资：4000-8000元/月,学历不限,1.0,58同城,2026-09-25 01:13:18,411523,新县,信阳市,2024-2026,58_新县_2024_2026.csv
3492,58用户,特长老师,信阳市,新县-新县商贸城,3000.0,6000.0,岗位：特长老师；标签：招1人 / 经验不限 / 学历不限；薪资：3000-6000元/月,学历不限,1.0,58同城,2026-09-25 01:13:18,411523,新县,信阳市,2024-2026,58_新县_2024_2026.csv
3493,招聘专员,钢琴老师,信阳市,信阳-新县,5000.0,10000.0,岗位：钢琴老师；标签：招1人 / 经验不限 / 学历不限；薪资：5000-10000元/月,学历不限,1.0,58同城,2026-09-25 01:13:18,411523,新县,信阳市,2024-2026,58_新县_2024_2026.csv
3494,招聘专员,轮胎工,信阳市,新县-新县商贸城,3000.0,5000.0,岗位：轮胎工；标签：招1人 / 经验不限 / 学历不限；薪资：3000-5000元/月,学历不限,1.0,58同城,2026-09-25 01:13:18,411523,新县,信阳市,2024-2026,58_新县_2024_2026.csv
3495,招聘专员,陈列/展览设计,信阳市,新县-新县商贸城,3000.0,8000.0,岗位：陈列/展览设计；标签：招1人 / 经验不限 / 学历不限；薪资：3000-8000元/月,学历不限,1.0,58同城,2026-09-25 01:13:18,411523,新县,信阳市,2024-2026,58_新县_2024_2026.csv
3496,招聘专员,家装设计,信阳市,新县-新县商贸城,5000.0,8000.0,岗位：家装设计；标签：招1人 / 经验不限 / 学历不限；薪资：5000-8000元/月,学历不限,1.0,58同城,2026-09-25 01:13:18,411523,新县,信阳市,2024-2026,58_新县_2024_2026.csv
3497,阳新做广告曹姐,排版设计,信阳市,新县-新县商贸城,4000.0,5000.0,岗位：排版设计；标签：招1人 / 经验不限 / 学历不限；薪资：4000-5000元/月,学历不限,1.0,58同城,2026-09-25 01:13:18,411523,新县,信阳市,2024-2026,58_新县_2024_2026.csv
3498,花醉,家装设计,信阳市,新县-新县商贸城,5000.0,10000.0,岗位：家装设计；标签：招1人 / 经验不限 / 学历不限；薪资：5000-10000元/月,学历不限,1.0,58同城,2026-09-25 01:13:18,411523,新县,信阳市,2024-2026,58_新县_2024_2026.csv
3499,Coco美业Shuang,美甲美睫师,信阳市,羊山新区-恒大名都,2000.0,4000.0,岗位：美甲美睫师；标签：招2人 / 经验1-2年 / 学历高中；薪资：2000-4000元/月,高中,2.0,58同城,2026-09-25 01:13:30,411523,新县,信阳市,2024-2026,58_新县_2024_2026.csv
3500,别先生,咖啡店果茶师4800起 小程序,信阳市,信阳-新县,4800.0,6000.0,岗位：咖啡店果茶师4800起 小程序；标签：招3人 / 经验不限 / 学历不限；薪资：4800-6000元/月,学历不限,3.0,58同城,2026-09-25 01:13:47,411523,新县,信阳市,2024-2026,58_新县_2024_2026.csv
3501,招聘专员,收银员,信阳市,新县-新县商贸城,3000.0,4000.0,岗位：收银员；标签：招1人 / 经验不限 / 学历不限；薪资：3000-4000元/月,学历不限,1.0,58同城,2026-09-25 01:13:47,411523,新县,信阳市,2024-2026,58_新县_2024_2026.csv
3502,卢师傅,搓澡工,信阳市,新县-新县商贸城,2000.0,3000.0,岗位：搓澡工；标签：招1人 / 经验不限 / 学历不限；薪资：2000-3000元/月,学历不限,1.0,58同城,2026-09-25 01:13:47,411523,新县,信阳市,2024-2026,58_新县_2024_2026.csv
3503,别先生,咖啡店果茶师4800起,信阳市,信阳-新县,4800.0,6000.0,岗位：咖啡店果茶师4800起；标签：招3人 / 经验不限 / 学历不限；薪资：4800-6000元/月,学历不限,3.0,58同城,2026-09-25 01:14:03,411523,新县,信阳市,2024-2026,58_新县_2024_2026.csv
3504,招聘专员,医药销售代表,信阳市,新县-新县商贸城,7000.0,12000.0,岗位：医药销售代表；标签：招8人 / 经验不限 / 学历高中；薪资：7000-12000元/月,高中,8.0,58同城,2026-09-25 01:14:03,411523,新县,信阳市,2024-2026,58_新县_2024_2026.csv
3505,靳女士,资SPA技师包吃住,信阳市,新县-新县商贸城,8000.0,12000.0,岗位：资SPA技师包吃住；标签：五险 / 包住 / 包吃；薪资：8000-12000元/月,未注明,,58同城,2026-09-25 01:14:08,411523,新县,信阳市,2024-2026,58_新县_2024_2026.csv
3506,招聘专员,送水工,信阳市,新县-新县商贸城,3000.0,4000.0,岗位：送水工；标签：招1人 / 经验不限 / 学历不限；薪资：3000-4000元/月,学历不限,1.0,58同城,2026-09-25 01:14:12,411523,新县,信阳市,2024-2026,58_新县_2024_2026.csv
3507,招聘专员,宿管老师,信阳市,新县-新县商贸城,2000.0,4000.0,岗位：宿管老师；标签：招1人 / 经验不限 / 学历不限；薪资：2000-4000元/月,学历不限,1.0,58同城,2026-09-25 01:14:31,411523,新县,信阳市,2024-2026,58_新县_2024_2026.csv
3508,嗨,建筑工程验收,信阳市,新县-新县商贸城,10000.0,15000.0,岗位：建筑工程验收；标签：招1人 / 经验不限 / 学历不限；薪资：10000-15000元/月,学历不限,1.0,58同城,2026-09-25 01:14:31,411523,新县,信阳市,2024-2026,58_新县_2024_2026.csv
3509,用户19587,硬装设计,信阳市,新县-新县商贸城,2000.0,3000.0,岗位：硬装设计；标签：招1人 / 经验不限 / 学历不限；薪资：2000-3000元/月,学历不限,1.0,58同城,2026-09-25 01:14:31,411523,新县,信阳市,2024-2026,58_新县_2024_2026.csv
3510,招聘专员,橱柜设计,信阳市,新县-新县商贸城,3000.0,8000.0,岗位：橱柜设计；标签：招1人 / 经验不限 / 学历不限；薪资：3000-8000元/月,学历不限,1.0,58同城,2026-09-25 01:14:36,411523,新县,信阳市,2024-2026,58_新县_2024_2026.csv
3511,郜总想理财,羽毛球教练,信阳市,新县-新县商贸城,5000.0,7000.0,岗位：羽毛球教练；标签：招1人 / 经验不限 / 学历不限；薪资：5000-7000元/月,学历不限,1.0,58同城,2026-09-25 01:14:36,411523,新县,信阳市,2024-2026,58_新县_2024_2026.csv
3512,愛尚武道館峰,跆拳道教练,信阳市,新县-新县商贸城,3000.0,8000.0,岗位：跆拳道教练；标签：招1人 / 经验不限 / 学历不限；薪资：3000-8000元/月,学历不限,1.0,58同城,2026-09-25 01:14:36,411523,新县,信阳市,2024-2026,58_新县_2024_2026.csv
3513,Zqw万库,仓库管理员,信阳市,新县-新县商贸城,4000.0,5000.0,岗位：仓库管理员；标签：招12人 / 经验3-5年 / 学历高中；薪资：4000-5000元/月,高中,12.0,58同城,2026-09-25 01:14:48,411523,新县,信阳市,2024-2026,58_新县_2024_2026.csv
3514,swing,运营专员/助理,信阳市,新县-新县商贸城,3000.0,6000.0,岗位：运营专员/助理；标签：招1人 / 经验不限 / 学历不限；薪资：3000-6000元/月,学历不限,1.0,58同城,2026-09-25 01:15:04,411523,新县,信阳市,2024-2026,58_新县_2024_2026.csv
3515,招聘专员,客户助理+千坐班+早九晚六,信阳市,新县-新县商贸城,4000.0,8000.0,岗位：客户助理+千坐班+早九晚六；标签：招4人 / 经验不限 / 学历中专；薪资：4000-8000元/月,中专/中技,4.0,58同城,2026-09-25 01:15:04,411523,新县,信阳市,2024-2026,58_新县_2024_2026.csv
3516,用户55748,微信运营,信阳市,新县-新县商贸城,5000.0,10000.0,岗位：微信运营；标签：招1人 / 经验不限 / 学历不限；薪资：5000-10000元/月,学历不限,1.0,58同城,2026-09-25 01:15:04,411523,新县,信阳市,2024-2026,58_新县_2024_2026.csv
3517,阳新爱尔口腔李青,美发助理/学徒 小程序,信阳市,新县-新县商贸城,2000.0,3000.0,岗位：美发助理/学徒 小程序；标签：招1人 / 经验不限 / 学历不限；薪资：2000-3000元/月,学历不限,1.0,58同城,2026-09-25 01:15:44,411523,新县,信阳市,2024-2026,58_新县_2024_2026.csv
3518,招聘专员,烫染技师,信阳市,新县-新县商贸城,3000.0,6000.0,岗位：烫染技师；标签：招1人 / 经验不限 / 学历不限；薪资：3000-6000元/月,学历不限,1.0,58同城,2026-09-25 01:15:44,411523,新县,信阳市,2024-2026,58_新县_2024_2026.csv
3519,奈儿国际,美甲师,信阳市,新县-新县商贸城,5000.0,6000.0,岗位：美甲师；标签：招1人 / 经验不限 / 学历不限；薪资：5000-6000元/月,学历不限,1.0,58同城,2026-09-25 01:15:44,411523,新县,信阳市,2024-2026,58_新县_2024_2026.csv
3520,阳新爱尔口腔李青,美发店长,信阳市,新县-新县商贸城,4000.0,8000.0,岗位：美发店长；标签：招1人 / 经验不限 / 学历不限；薪资：4000-8000元/月,学历不限,1.0,58同城,2026-09-25 01:15:44,411523,新县,信阳市,2024-2026,58_新县_2024_2026.csv
3521,熊佳平先生,搓澡工,信阳市,新县-新县商贸城,3000.0,4000.0,岗位：搓澡工；标签：招1人 / 经验不限 / 学历不限；薪资：3000-4000元/月,学历不限,1.0,58同城,2026-09-25 01:15:44,411523,新县,信阳市,2024-2026,58_新县_2024_2026.csv
3522,g5q4qhzpq,美容店长,信阳市,信阳-新县,5000.0,6000.0,岗位：美容店长；标签：招1人 / 经验不限 / 学历不限；薪资：5000-6000元/月,学历不限,1.0,58同城,2026-09-25 01:15:44,411523,新县,信阳市,2024-2026,58_新县_2024_2026.csv
3523,叶女士,酒店店长,信阳市,新县-新县商贸城,6000.0,9000.0,岗位：酒店店长；标签：招1人 / 经验不限 / 学历不限；薪资：6000-9000元/月,学历不限,1.0,58同城,2026-09-25 01:15:44,411523,新县,信阳市,2024-2026,58_新县_2024_2026.csv
3524,招聘专员,硬装设计,信阳市,新县-新县商贸城,5000.0,10000.0,岗位：硬装设计；标签：招1人 / 经验不限 / 学历不限；薪资：5000-10000元/月,学历不限,1.0,58同城,2026-09-25 01:15:44,411523,新县,信阳市,2024-2026,58_新县_2024_2026.csv
3525,小橘子蹦蹦跳,洗头女工,信阳市,新县-新县商贸城,2000.0,4500.0,岗位：洗头女工；标签：招1人 / 经验不限 / 学历不限；薪资：2000-4500元/月,学历不限,1.0,58同城,2026-09-25 01:15:53,411523,新县,信阳市,2024-2026,58_新县_2024_2026.csv
3526,,恩佳食品销售店·外卖 服务区域：新县、商城,信阳市,新县,,,岗位：恩佳食品销售店·外卖 服务区域：新县、商城,未注明,,58同城,2026-09-25 01:16:00,411523,新县,信阳市,2024-2026,58_新县_2024_2026.csv
3527,智兔物流李女士,商城不装卸货运司机当天可以入职,信阳市,信阳-商城,8000.0,9500.0,岗位：商城不装卸货运司机当天可以入职；标签：招4人 / 经验不限 / 学历不限；薪资：8000-9500元/月,学历不限,4.0,58同城,2026-09-25 01:17:17,411524,商城县,信阳市,2024-2026,58_商城县_2024_2026.csv
3528,爱玩拼图的阿琪,居家审核员双休保底6000,信阳市,商城-长安市场,5000.0,8000.0,岗位：居家审核员双休保底6000；标签：五险一金 / 包吃 / 包住 / 周末双休；薪资：5000-8000元/月,未注明,,58同城,2026-09-25 01:17:54,411524,商城县,信阳市,2024-2026,58_商城县_2024_2026.csv
3529,用户48609,美发店洗头工饭补包吃,信阳市,信阳-商城,1000.0,1500.0,岗位：美发店洗头工饭补包吃；标签：包吃 / 饭补；薪资：1000-1500元/月,未注明,,58同城,2026-09-25 01:18:25,411524,商城县,信阳市,2024-2026,58_商城县_2024_2026.csv
3530,用户48609,洗头工 小程序,信阳市,信阳-商城,1000.0,1500.0,岗位：洗头工 小程序；标签：经验不限 / 学历不限；薪资：1000-1500元/月,学历不限,,58同城,2026-09-25 01:18:25,411524,商城县,信阳市,2024-2026,58_商城县_2024_2026.csv
3531,,信阳网站建设/推广·商城 服务区域：浉河、平桥、固始、淮滨、羊山新区...,信阳市,商城县,,,岗位：信阳网站建设/推广·商城 服务区域：浉河、平桥、固始、淮滨、羊山新区...,未注明,,58同城,2026-09-25 01:18:50,411524,商城县,信阳市,2024-2026,58_商城县_2024_2026.csv
3532,,恩佳食品销售店·外卖 服务区域：商城、潢川,信阳市,商城县,,,岗位：恩佳食品销售店·外卖 服务区域：商城、潢川,未注明,,58同城,2026-09-25 01:18:50,411524,商城县,信阳市,2024-2026,58_商城县_2024_2026.csv
3533,,恩佳食品销售店·外卖 服务区域：新县、商城,信阳市,商城县,,,岗位：恩佳食品销售店·外卖 服务区域：新县、商城,未注明,,58同城,2026-09-25 01:18:50,411524,商城县,信阳市,2024-2026,58_商城县_2024_2026.csv
3534,董国星,固始县往流镇好想来零食乐园店员/营业员,信阳市,其他-固始其他,2500.0,4500.0,岗位：固始县往流镇好想来零食乐园店员/营业员；标签：招4人 / 经验不限 / 学历不限；薪资：2500-4500元/月,学历不限,4.0,58同城,2026-09-25 01:19:07,411525,固始县,信阳市,2024-2026,58_固始县_2024_2026.csv
3535,王女士,宝藏岗位-固始7000招房产销售,信阳市,固始-城区,8000.0,16000.0,岗位：宝藏岗位-固始7000招房产销售；标签：招5人 / 经验不限 / 学历不限；薪资：8000-16000元/月,学历不限,5.0,58同城,2026-09-25 01:19:07,411525,固始县,信阳市,2024-2026,58_固始县_2024_2026.csv
3536,王女士,月薪过万，不加班，五险聘... 小程序,信阳市,固始-城区,10000.0,20000.0,岗位：月薪过万，不加班，五险聘... 小程序；标签：话补 / 五险一金；薪资：10000-20000元/月,未注明,,58同城,2026-09-25 01:19:07,411525,固始县,信阳市,2024-2026,58_固始县_2024_2026.csv
3537,张女士,销售高底薪高提成/福利优厚25-45岁,信阳市,城区-固始城区,5000.0,10000.0,岗位：销售高底薪高提成/福利优厚25-45岁；标签：招7人 / 经验1-2年 / 学历不限；薪资：5000-10000元/月,学历不限,7.0,58同城,2026-09-25 01:19:07,411525,固始县,信阳市,2024-2026,58_固始县_2024_2026.csv
3538,涂女士,皇冠城市会客厅营销经理,信阳市,固始-城区,5000.0,10000.0,岗位：皇冠城市会客厅营销经理；标签：招5人 / 经验不限 / 学历不限；薪资：5000-10000元/月,学历不限,5.0,58同城,2026-09-25 01:19:07,411525,固始县,信阳市,2024-2026,58_固始县_2024_2026.csv
3539,王女士,房产经纪人,信阳市,城区-根亲文化公园,8000.0,16000.0,岗位：房产经纪人；标签：招10人 / 经验不限 / 学历不限；薪资：8000-16000元/月,学历不限,10.0,58同城,2026-09-25 01:19:07,411525,固始县,信阳市,2024-2026,58_固始县_2024_2026.csv
3540,赶海拾贝的莉莉,缝纫工/熟练缝纫工工作时间灵活,信阳市,固始-其他,4000.0,7000.0,岗位：缝纫工/熟练缝纫工工作时间灵活；标签：饭补；薪资：4000-7000元/月,未注明,,58同城,2026-09-25 01:19:07,411525,固始县,信阳市,2024-2026,58_固始县_2024_2026.csv
3541,涂女士,皇冠城市会客厅营销总监面议,信阳市,固始-城区,10000.0,15000.0,岗位：皇冠城市会客厅营销总监面议；标签：招5人 / 经验3-5年 / 学历不限；薪资：10000-15000元/月,学历不限,5.0,58同城,2026-09-25 01:19:07,411525,固始县,信阳市,2024-2026,58_固始县_2024_2026.csv
3542,癫狂喜羊羊,育星武艺文化体育公司销售专员2k起,信阳市,固始-其他,2000.0,5000.0,岗位：育星武艺文化体育公司销售专员2k起；标签：招1人 / 经验不限 / 学历不限；薪资：2000-5000元/月,学历不限,1.0,58同城,2026-09-25 01:19:07,411525,固始县,信阳市,2024-2026,58_固始县_2024_2026.csv
3543,倪博士要描绘,养殖/包住包吃,信阳市,固始-其他,2500.0,4500.0,岗位：养殖/包住包吃；标签：包住 / 包吃；薪资：2500-4500元/月,未注明,,58同城,2026-09-25 01:19:07,411525,固始县,信阳市,2024-2026,58_固始县_2024_2026.csv
3544,招聘专员,养老服务师3k起,信阳市,固始-其他,3000.0,3500.0,岗位：养老服务师3k起；标签：经验1-2年 / 学历不限；薪资：3000-3500元/月,学历不限,,58同城,2026-09-25 01:19:07,411525,固始县,信阳市,2024-2026,58_固始县_2024_2026.csv
3545,彭先生,美容师,信阳市,固始-其他,3000.0,11000.0,岗位：美容师；标签：包吃 / 加班补助；薪资：3000-11000元/月,未注明,,58同城,2026-09-25 01:19:07,411525,固始县,信阳市,2024-2026,58_固始县_2024_2026.csv
3546,彭先生,唯伊美容店/美容师加班补助免费工服包吃,信阳市,固始-其他,3000.0,10000.0,岗位：唯伊美容店/美容师加班补助免费工服包吃；标签：包吃 / 加班补助；薪资：3000-10000元/月,未注明,,58同城,2026-09-25 01:19:07,411525,固始县,信阳市,2024-2026,58_固始县_2024_2026.csv
3547,山中无老虎鱼蛙火锅,收银员,信阳市,固始-其他,3500.0,4000.0,岗位：收银员；标签：包吃；薪资：3500-4000元/月,未注明,,58同城,2026-09-25 01:19:07,411525,固始县,信阳市,2024-2026,58_固始县_2024_2026.csv
3548,马女士,急招固始不装卸配送农产品不装卸C1司机,信阳市,信阳-固始,6000.0,8000.0,岗位：急招固始不装卸配送农产品不装卸C1司机；标签：五险 / 包住；薪资：6000-8000元/月,未注明,,58同城,2026-09-25 01:19:07,411525,固始县,信阳市,2024-2026,58_固始县_2024_2026.csv
3549,小鱼Dad,贴画/打包/封边工人,信阳市,固始-城区,4000.0,6000.0,岗位：贴画/打包/封边工人；标签：饭补；薪资：4000-6000元/月,未注明,,58同城,2026-09-25 01:19:07,411525,固始县,信阳市,2024-2026,58_固始县_2024_2026.csv
3550,付总,品牌店业务员底薪3千5,信阳市,固始,3500.0,7000.0,岗位：品牌店业务员底薪3千5；标签：招5人 / 经验不限 / 学历不限；薪资：3500-7000元/月,学历不限,5.0,58同城,2026-09-25 01:19:07,411525,固始县,信阳市,2024-2026,58_固始县_2024_2026.csv
3551,赵先生,诚聘普工/操作工稳定待遇好,信阳市,固始-城区,2500.0,4500.0,岗位：诚聘普工/操作工稳定待遇好；标签：招5人 / 经验不限 / 学历不限；薪资：2500-4500元/月,学历不限,5.0,58同城,2026-09-25 01:19:07,411525,固始县,信阳市,2024-2026,58_固始县_2024_2026.csv
3552,张女士,300/天日结坐班线路检测-包入职不管严,信阳市,信阳-固始,6500.0,8500.0,岗位：300/天日结坐班线路检测-包入职不管严；标签：五险一金 / 五险 / 包住 / 包吃；薪资：6500-8500元/月,未注明,,58同城,2026-09-25 01:19:07,411525,固始县,信阳市,2024-2026,58_固始县_2024_2026.csv
3553,杨先生,电子厂印刷工月入8500包食宿可预支,信阳市,固始,8000.0,8500.0,岗位：电子厂印刷工月入8500包食宿可预支；标签：五险一金 / 五险 / 包住 / 包吃；薪资：8000-8500元/月,未注明,,58同城,2026-09-25 01:19:07,411525,固始县,信阳市,2024-2026,58_固始县_2024_2026.csv
3554,张女士,急/300一天口红厂印刷/长白班,信阳市,固始,7500.0,8000.0,岗位：急/300一天口红厂印刷/长白班；标签：五险一金 / 五险 / 包住 / 包吃；薪资：7500-8000元/月,未注明,,58同城,2026-09-25 01:19:07,411525,固始县,信阳市,2024-2026,58_固始县_2024_2026.csv
3555,程先生,招司机包吃住会开车即可,信阳市,固始,7100.0,7200.0,岗位：招司机包吃住会开车即可；标签：五险一金 / 加班补助 / 五险 / 饭补；薪资：7100-7200元/月,未注明,,58同城,2026-09-25 01:19:07,411525,固始县,信阳市,2024-2026,58_固始县_2024_2026.csv
3556,孙女士,公司招司机上下班接送员工,信阳市,固始,5900.0,6000.0,岗位：公司招司机上下班接送员工；标签：五险一金 / 五险 / 包住 / 包吃；薪资：5900-6000元/月,未注明,,58同城,2026-09-25 01:19:07,411525,固始县,信阳市,2024-2026,58_固始县_2024_2026.csv
3557,唐女士,招小车司机包吃住会开车就行,信阳市,固始,6500.0,7000.0,岗位：招小车司机包吃住会开车就行；标签：五险一金 / 五险 / 包住 / 包吃；薪资：6500-7000元/月,未注明,,58同城,2026-09-25 01:19:07,411525,固始县,信阳市,2024-2026,58_固始县_2024_2026.csv
3558,招聘主管,给公司老板开车包住宿7200,信阳市,固始,7100.0,7200.0,岗位：给公司老板开车包住宿7200；标签：包住 / 交通补助 / 加班补助；薪资：7100-7200元/月,未注明,,58同城,2026-09-25 01:19:07,411525,固始县,信阳市,2024-2026,58_固始县_2024_2026.csv
3559,陈先生,直聘纯上班司机非中介工资周结,信阳市,固始,5900.0,6000.0,岗位：直聘纯上班司机非中介工资周结；标签：五险一金 / 房补 / 五险 / 包住；薪资：5900-6000元/月,未注明,,58同城,2026-09-25 01:19:07,411525,固始县,信阳市,2024-2026,58_固始县_2024_2026.csv
3560,李女士,企业招班车司机,信阳市,固始,5800.0,6000.0,岗位：企业招班车司机；标签：五险一金 / 五险 / 包住 / 包吃；薪资：5800-6000元/月,未注明,,58同城,2026-09-25 01:19:07,411525,固始县,信阳市,2024-2026,58_固始县_2024_2026.csv
3561,李女士,给公司开车包住周结,信阳市,固始,5500.0,6000.0,岗位：给公司开车包住周结；标签：五险一金 / 交通补助 / 房补 / 包住；薪资：5500-6000元/月,未注明,,58同城,2026-09-25 01:19:07,411525,固始县,信阳市,2024-2026,58_固始县_2024_2026.csv
3562,汪先生,直招商务司机，包住,信阳市,固始,5900.0,6000.0,岗位：直招商务司机，包住；标签：五险 / 包住 / 加班补助 / 房补；薪资：5900-6000元/月,未注明,,58同城,2026-09-25 01:19:07,411525,固始县,信阳市,2024-2026,58_固始县_2024_2026.csv
3563,黄女士,给公司老板开车小车司机，包住宿,信阳市,固始,5500.0,6000.0,岗位：给公司老板开车小车司机，包住宿；标签：房补 / 饭补 / 加班补助；薪资：5500-6000元/月,未注明,,58同城,2026-09-25 01:19:07,411525,固始县,信阳市,2024-2026,58_固始县_2024_2026.csv
3564,,信阳电脑维修·电脑维修 服务区域：浉河、平桥、固始、淮滨、羊山新区...,信阳市,固始县,,,岗位：信阳电脑维修·电脑维修 服务区域：浉河、平桥、固始、淮滨、羊山新区...,未注明,,58同城,2026-09-25 01:21:56,411525,固始县,信阳市,2024-2026,58_固始县_2024_2026.csv
3565,,信阳餐饮加盟·餐饮加盟 服务区域：浉河、平桥、固始、淮滨、羊山新区...,信阳市,固始县,,,岗位：信阳餐饮加盟·餐饮加盟 服务区域：浉河、平桥、固始、淮滨、羊山新区...,未注明,,58同城,2026-09-25 01:21:56,411525,固始县,信阳市,2024-2026,58_固始县_2024_2026.csv
3566,,信阳美食·美食 服务区域：浉河、平桥、固始、淮滨、羊山新区...,信阳市,固始县,,,岗位：信阳美食·美食 服务区域：浉河、平桥、固始、淮滨、羊山新区...,未注明,,58同城,2026-09-25 01:21:56,411525,固始县,信阳市,2024-2026,58_固始县_2024_2026.csv
3567,,同城服务·机械设备维修 服务区域：浉河、平桥、固始、淮滨、羊山新区...,信阳市,固始县,,,岗位：同城服务·机械设备维修 服务区域：浉河、平桥、固始、淮滨、羊山新区...,未注明,,58同城,2026-09-25 01:21:56,411525,固始县,信阳市,2024-2026,58_固始县_2024_2026.csv
3568,,信阳乐成打孔切割·抗震加固 服务区域：浉河、平桥、固始、淮滨、羊山新区...,信阳市,固始县,,,岗位：信阳乐成打孔切割·抗震加固 服务区域：浉河、平桥、固始、淮滨、羊山新区...,未注明,,58同城,2026-09-25 01:21:56,411525,固始县,信阳市,2024-2026,58_固始县_2024_2026.csv
3569,,郑师傅家具维修配送安装·家具维修 服务区域：浉河、平桥、固始、淮滨、羊山新区...,信阳市,固始县,,,岗位：郑师傅家具维修配送安装·家具维修 服务区域：浉河、平桥、固始、淮滨、羊山新区...,未注明,,58同城,2026-09-25 01:21:56,411525,固始县,信阳市,2024-2026,58_固始县_2024_2026.csv
3570,,信阳电工电料·电工电料 服务区域：浉河、平桥、固始、淮滨、羊山新区...,信阳市,固始县,,,岗位：信阳电工电料·电工电料 服务区域：浉河、平桥、固始、淮滨、羊山新区...,未注明,,58同城,2026-09-25 01:21:56,411525,固始县,信阳市,2024-2026,58_固始县_2024_2026.csv
3571,,信阳木工装修·建筑维修 服务区域：浉河、平桥、固始、淮滨、羊山新区...,信阳市,固始县,,,岗位：信阳木工装修·建筑维修 服务区域：浉河、平桥、固始、淮滨、羊山新区...,未注明,,58同城,2026-09-25 01:21:56,411525,固始县,信阳市,2024-2026,58_固始县_2024_2026.csv
3572,,赣州蓉江新区潭口镇万福餐饮店·外卖 服务区域：浉河、平桥、固始、淮滨、羊山新区...,信阳市,固始县,,,岗位：赣州蓉江新区潭口镇万福餐饮店·外卖 服务区域：浉河、平桥、固始、淮滨、羊山新区...,未注明,,58同城,2026-09-25 01:21:56,411525,固始县,信阳市,2024-2026,58_固始县_2024_2026.csv
3573,,金牌商家·汽车维修保养 服务区域：浉河、平桥、固始、淮滨、羊山新区...,信阳市,固始县,,,岗位：金牌商家·汽车维修保养 服务区域：浉河、平桥、固始、淮滨、羊山新区...,未注明,,58同城,2026-09-25 01:21:56,411525,固始县,信阳市,2024-2026,58_固始县_2024_2026.csv
3574,,喜上梢装修装饰·家具 服务区域：浉河、平桥、固始、淮滨、羊山新区...,信阳市,固始县,,,岗位：喜上梢装修装饰·家具 服务区域：浉河、平桥、固始、淮滨、羊山新区...,未注明,,58同城,2026-09-25 01:21:56,411525,固始县,信阳市,2024-2026,58_固始县_2024_2026.csv
3575,,沈阳市厚易德运输服务中心·租赁 服务区域：浉河、平桥、固始、淮滨、羊山新区...,信阳市,固始县,,,岗位：沈阳市厚易德运输服务中心·租赁 服务区域：浉河、平桥、固始、淮滨、羊山新区...,未注明,,58同城,2026-09-25 01:21:56,411525,固始县,信阳市,2024-2026,58_固始县_2024_2026.csv
3576,,赣州蓉江新区潭东镇格乐食品商行（个体工商户）·外卖 服务区域：浉河、平桥、固始、淮滨、羊山新区...,信阳市,固始县,,,岗位：赣州蓉江新区潭东镇格乐食品商行（个体工商户）·外卖 服务区域：浉河、平桥、固始、淮滨、羊山新区...,未注明,,58同城,2026-09-25 01:21:56,411525,固始县,信阳市,2024-2026,58_固始县_2024_2026.csv
3577,,信阳雨红防水补漏·房屋维修/防水 服务区域：浉河、平桥、固始、淮滨、羊山新区...,信阳市,固始县,,,岗位：信阳雨红防水补漏·房屋维修/防水 服务区域：浉河、平桥、固始、淮滨、羊山新区...,未注明,,58同城,2026-09-25 01:21:56,411525,固始县,信阳市,2024-2026,58_固始县_2024_2026.csv
3578,招聘专员,养生店按摩师包吃包住,信阳市,信阳-潢川,10500.0,15000.0,岗位：养生店按摩师包吃包住；标签：包住 / 包吃；薪资：10500-15000元/月,未注明,,58同城,2026-09-25 01:22:13,411526,潢川县,信阳市,2024-2026,58_潢川县_2024_2026.csv
3579,杨梅,服务员,信阳市,信阳-潢川,3000.0,4000.0,岗位：服务员；标签：经验不限 / 学历不限；薪资：3000-4000元/月,学历不限,,58同城,2026-09-25 01:22:13,411526,潢川县,信阳市,2024-2026,58_潢川县_2024_2026.csv
3580,午后橘猫,便利店店员/营业员3千起 小程序,信阳市,信阳-潢川,3000.0,5000.0,岗位：便利店店员/营业员3千起 小程序；标签：经验1-2年 / 学历不限；薪资：3000-5000元/月,学历不限,,58同城,2026-09-25 01:22:13,411526,潢川县,信阳市,2024-2026,58_潢川县_2024_2026.csv
3581,郭先生,小区保安/加班补助五险包吃住,信阳市,信阳-潢川,4500.0,5000.0,岗位：小区保安/加班补助五险包吃住；标签：五险 / 包住 / 包吃 / 年底双薪；薪资：4500-5000元/月,未注明,,58同城,2026-09-25 01:22:13,411526,潢川县,信阳市,2024-2026,58_潢川县_2024_2026.csv
3582,追逐蝴蝶的脚印,烧烤店后厨杂工2000起,信阳市,信阳-潢川,2000.0,3000.0,岗位：烧烤店后厨杂工2000起；标签：经验不限 / 学历不限；薪资：2000-3000元/月,学历不限,,58同城,2026-09-25 01:22:13,411526,潢川县,信阳市,2024-2026,58_潢川县_2024_2026.csv
3583,用户1165,金属制品厂行政助理包吃包住年底双薪,信阳市,信阳-潢川,2000.0,4000.0,岗位：金属制品厂行政助理包吃包住年底双薪；标签：包住 / 包吃 / 年底双薪；薪资：2000-4000元/月,未注明,,58同城,2026-09-25 01:22:13,411526,潢川县,信阳市,2024-2026,58_潢川县_2024_2026.csv
3584,黄女士,保安巡逻岗有空调包吃住,信阳市,信阳-潢川,4500.0,5000.0,岗位：保安巡逻岗有空调包吃住；标签：五险 / 包住 / 包吃 / 年底双薪；薪资：4500-5000元/月,未注明,,58同城,2026-09-25 01:22:13,411526,潢川县,信阳市,2024-2026,58_潢川县_2024_2026.csv
3585,锦玻钢化玻璃有限公司,门窗厂组装/装配工4000起,信阳市,信阳-潢川,4000.0,8500.0,岗位：门窗厂组装/装配工4000起；标签：包吃；薪资：4000-8500元/月,未注明,,58同城,2026-09-25 01:22:13,411526,潢川县,信阳市,2024-2026,58_潢川县_2024_2026.csv
3586,抖擞DE蔺老板,服务员3000起,信阳市,信阳-潢川,3000.0,4000.0,岗位：服务员3000起；标签：经验不限 / 学历不限；薪资：3000-4000元/月,学历不限,,58同城,2026-09-25 01:22:13,411526,潢川县,信阳市,2024-2026,58_潢川县_2024_2026.csv
3587,郭先生,小区保安包吃住可预支,信阳市,信阳-潢川,4500.0,5000.0,岗位：小区保安包吃住可预支；标签：五险 / 包住 / 包吃 / 年底双薪；薪资：4500-5000元/月,未注明,,58同城,2026-09-25 01:22:13,411526,潢川县,信阳市,2024-2026,58_潢川县_2024_2026.csv
3588,孙先生,营业厅店员/营业员学历经验不限,信阳市,信阳-潢川,3000.0,6000.0,岗位：营业厅店员/营业员学历经验不限；标签：招2人 / 经验不限 / 学历不限；薪资：3000-6000元/月,学历不限,2.0,58同城,2026-09-25 01:22:13,411526,潢川县,信阳市,2024-2026,58_潢川县_2024_2026.csv
3589,家具厂,潢川县候刚家具厂/油漆工包住,信阳市,信阳-潢川,6000.0,10000.0,岗位：潢川县候刚家具厂/油漆工包住；标签：包住；薪资：6000-10000元/月,未注明,,58同城,2026-09-25 01:22:13,411526,潢川县,信阳市,2024-2026,58_潢川县_2024_2026.csv
3590,大风车幼儿园,幼儿教师,信阳市,信阳-潢川,2000.0,3500.0,岗位：幼儿教师；标签：包住 / 包吃 / 周末双休；薪资：2000-3500元/月,未注明,,58同城,2026-09-25 01:22:13,411526,潢川县,信阳市,2024-2026,58_潢川县_2024_2026.csv
3591,杨先生,潢川招抖音主播,信阳市,潢川-潢川汽车站,4000.0,8000.0,岗位：潢川招抖音主播；标签：包住；薪资：4000-8000元/月,未注明,,58同城,2026-09-25 01:22:13,411526,潢川县,信阳市,2024-2026,58_潢川县_2024_2026.csv
3592,拍树叶的咔嚓,超市店长/2500起,信阳市,信阳-潢川,2500.0,4500.0,岗位：超市店长/2500起；标签：经验6-7年 / 学历高中；薪资：2500-4500元/月,高中,,58同城,2026-09-25 01:22:13,411526,潢川县,信阳市,2024-2026,58_潢川县_2024_2026.csv
3593,散步时捡到的石子,外勤会计/3千起,信阳市,潢川-潢川汽车站,3000.0,4500.0,岗位：外勤会计/3千起；标签：周末双休；薪资：3000-4500元/月,未注明,,58同城,2026-09-25 01:22:13,411526,潢川县,信阳市,2024-2026,58_潢川县_2024_2026.csv
3594,拍树叶的咔嚓,文具店装修工人3千起,信阳市,信阳-潢川,3000.0,5000.0,岗位：文具店装修工人3千起；标签：经验3-5年 / 学历不限；薪资：3000-5000元/月,学历不限,,58同城,2026-09-25 01:22:13,411526,潢川县,信阳市,2024-2026,58_潢川县_2024_2026.csv
3595,杨先生,信阳微动互娱文化传媒/主播工作时间灵活,信阳市,潢川-潢川汽车站,3000.0,8000.0,岗位：信阳微动互娱文化传媒/主播工作时间灵活；标签：经验不限 / 学历不限；薪资：3000-8000元/月,学历不限,,58同城,2026-09-25 01:22:13,411526,潢川县,信阳市,2024-2026,58_潢川县_2024_2026.csv
3596,招聘专员,艺蝶广告设计有限公司/平面设计/2500,信阳市,潢川-潢川汽车站,2500.0,4500.0,岗位：艺蝶广告设计有限公司/平面设计/2500；标签：招1人 / 经验1-2年 / 学历不限；薪资：2500-4500元/月,学历不限,1.0,58同城,2026-09-25 01:22:13,411526,潢川县,信阳市,2024-2026,58_潢川县_2024_2026.csv
3597,招聘专员,艺蝶广告设计有限公司/平面设计/3千起,信阳市,潢川-潢川汽车站,3000.0,4500.0,岗位：艺蝶广告设计有限公司/平面设计/3千起；标签：招2人 / 经验1-2年 / 学历不限；薪资：3000-4500元/月,学历不限,2.0,58同城,2026-09-25 01:22:13,411526,潢川县,信阳市,2024-2026,58_潢川县_2024_2026.csv
3598,喜欢画画的许小颜,汽车美容店汽车美容学历经验不限,信阳市,信阳-潢川,2000.0,2500.0,岗位：汽车美容店汽车美容学历经验不限；标签：经验不限 / 学历不限；薪资：2000-2500元/月,学历不限,,58同城,2026-09-25 01:22:13,411526,潢川县,信阳市,2024-2026,58_潢川县_2024_2026.csv
3599,喜欢画画的许小颜,车之杰汽车维修服务店/汽车美容/2千起,信阳市,信阳-潢川,2000.0,3000.0,岗位：车之杰汽车维修服务店/汽车美容/2千起；标签：经验不限 / 学历不限；薪资：2000-3000元/月,学历不限,,58同城,2026-09-25 01:22:13,411526,潢川县,信阳市,2024-2026,58_潢川县_2024_2026.csv
3600,喜欢画画的许小颜,汽车美容店汽车美容2000起,信阳市,信阳-潢川,2000.0,2500.0,岗位：汽车美容店汽车美容2000起；标签：招2人 / 经验不限 / 学历不限；薪资：2000-2500元/月,学历不限,2.0,58同城,2026-09-25 01:22:13,411526,潢川县,信阳市,2024-2026,58_潢川县_2024_2026.csv
3601,爱吹泡泡的黄小弟,剑桥英语招聘全职有经验教师,信阳市,信阳-潢川,3000.0,8000.0,岗位：剑桥英语招聘全职有经验教师；标签：五险；薪资：3000-8000元/月,未注明,,58同城,2026-09-25 01:22:13,411526,潢川县,信阳市,2024-2026,58_潢川县_2024_2026.csv
3602,招聘专员,环保工程师,信阳市,信阳-潢川,6000.0,11000.0,岗位：环保工程师；标签：招3人 / 经验3-5年 / 学历本科；薪资：6000-11000元/月,本科,3.0,58同城,2026-09-25 01:22:13,411526,潢川县,信阳市,2024-2026,58_潢川县_2024_2026.csv
3603,用户49182,汽车维修,信阳市,信阳-潢川,3000.0,12000.0,岗位：汽车维修；标签：交通补助 / 包住 / 包吃；薪资：3000-12000元/月,未注明,,58同城,2026-09-25 01:22:13,411526,潢川县,信阳市,2024-2026,58_潢川县_2024_2026.csv
3604,杨先生,微动互娱传媒公司招聘/招聘主管,信阳市,潢川-潢川汽车站,3000.0,6000.0,岗位：微动互娱传媒公司招聘/招聘主管；标签：经验1年以下 / 学历不限；薪资：3000-6000元/月,学历不限,,58同城,2026-09-25 01:22:13,411526,潢川县,信阳市,2024-2026,58_潢川县_2024_2026.csv
3605,李女士,急招健身教练新手-包教会,信阳市,信阳-潢川,8000.0,16000.0,岗位：急招健身教练新手-包教会；标签：五险一金 / 包住 / 包吃；薪资：8000-16000元/月,未注明,,58同城,2026-09-25 01:22:13,411526,潢川县,信阳市,2024-2026,58_潢川县_2024_2026.csv
3606,杨博士爱奔跑,客房服务员,信阳市,信阳-潢川,3000.0,4500.0,岗位：客房服务员；标签：经验不限 / 学历不限；薪资：3000-4500元/月,学历不限,,58同城,2026-09-25 01:22:13,411526,潢川县,信阳市,2024-2026,58_潢川县_2024_2026.csv
3607,柴同学爱遵守,驾校教练,信阳市,信阳-平桥,6000.0,9000.0,岗位：驾校教练；标签：招2人 / 经验不限 / 学历不限；薪资：6000-9000元/月,学历不限,2.0,58同城,2026-09-25 01:22:17,411526,潢川县,信阳市,2024-2026,58_潢川县_2024_2026.csv
3608,陈女士,门岗保安包吃住待遇好,信阳市,信阳,4000.0,5000.0,岗位：门岗保安包吃住待遇好；标签：五险 / 包住 / 包吃 / 交通补助；薪资：4000-5000元/月,未注明,,58同城,2026-09-25 01:22:17,411526,潢川县,信阳市,2024-2026,58_潢川县_2024_2026.csv
3609,陈女士,停车场收费岗坐岗保安包吃... 小程序,信阳市,信阳,4500.0,5000.0,岗位：停车场收费岗坐岗保安包吃... 小程序；标签：五险 / 包住 / 包吃 / 交通补助；薪资：4500-5000元/月,未注明,,58同城,2026-09-25 01:22:17,411526,潢川县,信阳市,2024-2026,58_潢川县_2024_2026.csv
3610,午后橘猫,便利店店员/营业员3千起,信阳市,信阳-潢川,3000.0,5000.0,岗位：便利店店员/营业员3千起；标签：经验1-2年 / 学历不限；薪资：3000-5000元/月,学历不限,,58同城,2026-09-25 01:22:17,411526,潢川县,信阳市,2024-2026,58_潢川县_2024_2026.csv
3611,胡先生,眼镜店店员/营业员2500起,信阳市,平桥-丽宝广场,2500.0,4000.0,岗位：眼镜店店员/营业员2500起；标签：招3人 / 经验1-2年 / 学历高中；薪资：2500-4000元/月,高中,3.0,58同城,2026-09-25 01:22:17,411526,潢川县,信阳市,2024-2026,58_潢川县_2024_2026.csv
3612,翟先生,健康管理公司行政助理包吃五险一金包住,信阳市,平桥-金三角,3000.0,5000.0,岗位：健康管理公司行政助理包吃五险一金包住；标签：五险一金 / 五险 / 包住 / 包吃；薪资：3000-5000元/月,未注明,,58同城,2026-09-25 01:22:17,411526,潢川县,信阳市,2024-2026,58_潢川县_2024_2026.csv
3613,宋经理,店员,信阳市,羊山新区-信阳东站,2500.0,6000.0,岗位：店员；标签：交通补助 / 加班补助 / 话补；薪资：2500-6000元/月,未注明,,58同城,2026-09-25 01:22:17,411526,潢川县,信阳市,2024-2026,58_潢川县_2024_2026.csv
3614,甜点控小陈,急聘铁路安检地勤上一休一免费食宿五险一金,信阳市,信阳-浉河,4500.0,6000.0,岗位：急聘铁路安检地勤上一休一免费食宿五险一金；标签：五险一金 / 包住 / 包吃 / 年底双薪；薪资：4500-6000元/月,未注明,,58同城,2026-09-25 01:22:17,411526,潢川县,信阳市,2024-2026,58_潢川县_2024_2026.csv
3615,贺先生,无人机飞手工作时间灵活,信阳市,信阳-平桥,5000.0,6000.0,岗位：无人机飞手工作时间灵活；标签：经验不限 / 学历不限；薪资：5000-6000元/月,学历不限,,58同城,2026-09-25 01:22:17,411526,潢川县,信阳市,2024-2026,58_潢川县_2024_2026.csv
3616,吹泡泡的宝,建筑劳务公司/办公室文员/3千起,信阳市,平桥-南京路,3000.0,5000.0,岗位：建筑劳务公司/办公室文员/3千起；标签：招2人 / 经验不限 / 学历不限；薪资：3000-5000元/月,学历不限,2.0,58同城,2026-09-25 01:22:17,411526,潢川县,信阳市,2024-2026,58_潢川县_2024_2026.csv
3617,徐先生,短视频拍摄剪辑跟拍,信阳市,平桥-金三角,2500.0,6500.0,岗位：短视频拍摄剪辑跟拍；标签：招1人 / 经验1-2年 / 学历大专；薪资：2500-6500元/月,大专,1.0,58同城,2026-09-25 01:22:17,411526,潢川县,信阳市,2024-2026,58_潢川县_2024_2026.csv
3618,王先生,耳机厂检测月8500包吃住可预知,信阳市,平桥-百花园,2500.0,4500.0,岗位：耳机厂检测月8500包吃住可预知；标签：五险一金 / 包住 / 包吃 / 加班补助；薪资：2500-4500元/月,未注明,,58同城,2026-09-25 01:22:17,411526,潢川县,信阳市,2024-2026,58_潢川县_2024_2026.csv
3619,卢师傅,洗碗工,信阳市,新县-新县商贸城,2000.0,3000.0,岗位：洗碗工；标签：招1人 / 经验不限 / 学历不限；薪资：2000-3000元/月,学历不限,1.0,58同城,2026-09-25 01:22:17,411526,潢川县,信阳市,2024-2026,58_潢川县_2024_2026.csv
3620,童先生,中餐配菜,信阳市,信阳-平桥,2500.0,3000.0,岗位：中餐配菜；标签：包住 / 包吃；薪资：2500-3000元/月,未注明,,58同城,2026-09-25 01:22:17,411526,潢川县,信阳市,2024-2026,58_潢川县_2024_2026.csv
3621,招聘主管,厨工,信阳市,信阳-息县,2000.0,3000.0,岗位：厨工；标签：经验不限 / 学历不限；薪资：2000-3000元/月,学历不限,,58同城,2026-09-25 01:22:17,411526,潢川县,信阳市,2024-2026,58_潢川县_2024_2026.csv
3622,火,中餐厅后厨/职位类目学历经验不限,信阳市,浉河-天润广场,3000.0,4000.0,岗位：中餐厅后厨/职位类目学历经验不限；标签：招1人 / 经验不限 / 学历不限；薪资：3000-4000元/月,学历不限,1.0,58同城,2026-09-25 01:22:17,411526,潢川县,信阳市,2024-2026,58_潢川县_2024_2026.csv
3623,齐总,服饰商店/机修工包吃包住,信阳市,信阳-罗山,5500.0,8000.0,岗位：服饰商店/机修工包吃包住；标签：包住 / 包吃；薪资：5500-8000元/月,未注明,,58同城,2026-09-25 01:22:17,411526,潢川县,信阳市,2024-2026,58_潢川县_2024_2026.csv
3624,爱喝果汁的小贝,乒乓球教练合伙人（高提成）,信阳市,信阳-光山,8000.0,15000.0,岗位：乒乓球教练合伙人（高提成）；标签：五险一金 / 周末双休 / 交通补助 / 话补；薪资：8000-15000元/月,未注明,,58同城,2026-09-25 01:22:17,411526,潢川县,信阳市,2024-2026,58_潢川县_2024_2026.csv
3625,嗯呢嗯,置业顾问,信阳市,平桥-南京路,3000.0,15000.0,岗位：置业顾问；标签：经验不限 / 学历不限；薪资：3000-15000元/月,学历不限,,58同城,2026-09-25 01:22:17,411526,潢川县,信阳市,2024-2026,58_潢川县_2024_2026.csv
3626,蔡女士,售后服务顾问,信阳市,平桥-百花园,4000.0,13500.0,岗位：售后服务顾问；标签：经验1-2年 / 学历大专；薪资：4000-13500元/月,大专,,58同城,2026-09-25 01:22:17,411526,潢川县,信阳市,2024-2026,58_潢川县_2024_2026.csv
3627,爱踢球的孙同学,直招固始蔬菜配送C本司机不装卸,信阳市,信阳,6300.0,8000.0,岗位：直招固始蔬菜配送C本司机不装卸；标签：五险 / 包住 / 饭补 / 话补；薪资：6300-8000元/月,未注明,,58同城,2026-09-25 01:22:17,411526,潢川县,信阳市,2024-2026,58_潢川县_2024_2026.csv
3628,皮实de瞿博士,美甲美睫师,信阳市,浉河-天润广场,,,岗位：美甲美睫师；标签：经验1-2年 / 学历不限；薪资：面议,学历不限,,58同城,2026-09-25 01:22:17,411526,潢川县,信阳市,2024-2026,58_潢川县_2024_2026.csv
3629,顿女士,鸿宇盛世体育文化有限责任公司服务员350,信阳市,浉河-和美广场,3500.0,4500.0,岗位：鸿宇盛世体育文化有限责任公司服务员350；标签：招1人 / 经验不限 / 学历不限；薪资：3500-4500元/月,学历不限,1.0,58同城,2026-09-25 01:22:17,411526,潢川县,信阳市,2024-2026,58_潢川县_2024_2026.csv
3630,闫先生,设计师助理,信阳市,信阳-罗山,2000.0,4000.0,岗位：设计师助理；标签：招6人 / 经验不限 / 学历大专；薪资：2000-4000元/月,大专,6.0,58同城,2026-09-25 01:22:17,411526,潢川县,信阳市,2024-2026,58_潢川县_2024_2026.csv
3631,喜欢踩水坑的小熊,美甲师,信阳市,平桥-南京路,2500.0,4500.0,岗位：美甲师；标签：经验不限 / 学历不限；薪资：2500-4500元/月,学历不限,,58同城,2026-09-25 01:22:17,411526,潢川县,信阳市,2024-2026,58_潢川县_2024_2026.csv
3632,爱逛夜市的星,操作工不需要经验300/天包吃住一天一发,信阳市,信阳-光山,6500.0,8500.0,岗位：操作工不需要经验300/天包吃住一天一发；标签：包住 / 包吃；薪资：6500-8500元/月,未注明,,58同城,2026-09-25 01:22:17,411526,潢川县,信阳市,2024-2026,58_潢川县_2024_2026.csv
3633,Coco美业Shuang,美甲美睫师,信阳市,羊山新区-恒大名都,2000.0,4000.0,岗位：美甲美睫师；标签：招2人 / 经验1-2年 / 学历高中；薪资：2000-4000元/月,高中,2.0,58同城,2026-09-25 01:22:25,411526,潢川县,信阳市,2024-2026,58_潢川县_2024_2026.csv
3634,余女士,潢川县吉美美美容美甲店/美睫师/学历经验,信阳市,信阳-潢川,4000.0,8000.0,岗位：潢川县吉美美美容美甲店/美睫师/学历经验；标签：招3人 / 经验不限 / 学历不限；薪资：4000-8000元/月,学历不限,3.0,58同城,2026-09-25 01:23:14,411526,潢川县,信阳市,2024-2026,58_潢川县_2024_2026.csv
3635,余先生,库马建材急招销售专员周末双休,信阳市,城区-淮滨城区,2500.0,6000.0,岗位：库马建材急招销售专员周末双休；标签：周末双休；薪资：2500-6000元/月,未注明,,58同城,2026-09-25 01:25:21,411527,淮滨县,信阳市,2024-2026,58_淮滨县_2024_2026.csv
3636,用户71341,自助ktv前台招聘月薪1800加补贴上,信阳市,淮滨-城区,2000.0,3500.0,岗位：自助ktv前台招聘月薪1800加补贴上；标签：招3人 / 经验不限 / 学历不限；薪资：2000-3500元/月,学历不限,3.0,58同城,2026-09-25 01:25:21,411527,淮滨县,信阳市,2024-2026,58_淮滨县_2024_2026.csv
3637,袁先生,淮滨招聘服务员气氛组/5... 小程序,信阳市,淮滨-城区,5500.0,5600.0,岗位：淮滨招聘服务员气氛组/5... 小程序；标签：包吃；薪资：5500-5600元/月,未注明,,58同城,2026-09-25 01:25:21,411527,淮滨县,信阳市,2024-2026,58_淮滨县_2024_2026.csv
3638,李先生,酒店前台,信阳市,城区-淮滨城区,2500.0,3000.0,岗位：酒店前台；标签：经验不限 / 学历高中；薪资：2500-3000元/月,高中,,58同城,2026-09-25 01:25:21,411527,淮滨县,信阳市,2024-2026,58_淮滨县_2024_2026.csv
3639,白灰,饮品店员,信阳市,淮滨-城区,2000.0,2500.0,岗位：饮品店员；标签：经验不限 / 学历不限；薪资：2000-2500元/月,学历不限,,58同城,2026-09-25 01:25:21,411527,淮滨县,信阳市,2024-2026,58_淮滨县_2024_2026.csv
3640,品鸿供应链06,（淮滨）往返专线C证货运司机,信阳市,淮滨,6600.0,7900.0,岗位：（淮滨）往返专线C证货运司机；标签：交通补助；薪资：6600-7900元/月,未注明,,58同城,2026-09-25 01:25:21,411527,淮滨县,信阳市,2024-2026,58_淮滨县_2024_2026.csv
3641,梁先生,5100看监控保安,信阳市,时美广场-时美,5000.0,6000.0,岗位：5100看监控保安；标签：五险一金 / 房补 / 五险 / 包吃；薪资：5000-6000元/月,未注明,,58同城,2026-09-25 01:25:21,411527,淮滨县,信阳市,2024-2026,58_淮滨县_2024_2026.csv
3642,招聘专员,美容学徒,信阳市,淮滨-城区,3000.0,6000.0,岗位：美容学徒；标签：加班补助；薪资：3000-6000元/月,未注明,,58同城,2026-09-25 01:25:21,411527,淮滨县,信阳市,2024-2026,58_淮滨县_2024_2026.csv
3643,袁先生,淮滨招聘/娱乐场所店员/绩效/包吃,信阳市,淮滨-城区,2500.0,4500.0,岗位：淮滨招聘/娱乐场所店员/绩效/包吃；标签：包吃；薪资：2500-4500元/月,未注明,,58同城,2026-09-25 01:25:21,411527,淮滨县,信阳市,2024-2026,58_淮滨县_2024_2026.csv
3644,陈女士,0费用当天入职保安,信阳市,淮滨-城区,3000.0,4500.0,岗位：0费用当天入职保安；标签：五险 / 包住 / 包吃 / 加班补助；薪资：3000-4500元/月,未注明,,58同城,2026-09-25 01:25:21,411527,淮滨县,信阳市,2024-2026,58_淮滨县_2024_2026.csv
3645,陈女士,招小区停车场保安包吃住,信阳市,淮滨-城区,4000.0,5000.0,岗位：招小区停车场保安包吃住；标签：包住 / 包吃 / 年底双薪；薪资：4000-5000元/月,未注明,,58同城,2026-09-25 01:25:21,411527,淮滨县,信阳市,2024-2026,58_淮滨县_2024_2026.csv
3646,想捡石头的娃娃,淮滨招聘/汽车维修师傅/6千起/中午管吃,信阳市,其他-淮滨其他,6000.0,7000.0,岗位：淮滨招聘/汽车维修师傅/6千起/中午管吃；标签：包吃；薪资：6000-7000元/月,未注明,,58同城,2026-09-25 01:25:21,411527,淮滨县,信阳市,2024-2026,58_淮滨县_2024_2026.csv
3647,张先生,八千招健身教练不会可培训,信阳市,信阳-淮滨,6500.0,13000.0,岗位：八千招健身教练不会可培训；标签：包住 / 五险 / 包吃；薪资：6500-13000元/月,未注明,,58同城,2026-09-25 01:25:21,411527,淮滨县,信阳市,2024-2026,58_淮滨县_2024_2026.csv
3648,往事依然,淮滨县石材厂石材加工师傅加班补助包吃,信阳市,淮滨-城区,8000.0,8500.0,岗位：淮滨县石材厂石材加工师傅加班补助包吃；标签：包住 / 包吃 / 加班补助；薪资：8000-8500元/月,未注明,,58同城,2026-09-25 01:25:21,411527,淮滨县,信阳市,2024-2026,58_淮滨县_2024_2026.csv
3649,用户14606,千岛湖饮业有限公司生产店员,信阳市,淮滨-其他,3000.0,4500.0,岗位：千岛湖饮业有限公司生产店员；标签：招5人 / 经验不限 / 学历不限；薪资：3000-4500元/月,学历不限,5.0,58同城,2026-09-25 01:25:21,411527,淮滨县,信阳市,2024-2026,58_淮滨县_2024_2026.csv
3650,爱叠衣服的巧巧,餐饮店店员/营业员学历经验不限,信阳市,淮滨-城区,2500.0,3000.0,岗位：餐饮店店员/营业员学历经验不限；标签：招1人 / 经验不限 / 学历不限；薪资：2500-3000元/月,学历不限,1.0,58同城,2026-09-25 01:25:21,411527,淮滨县,信阳市,2024-2026,58_淮滨县_2024_2026.csv
3651,熊先生,美发店美发助理,信阳市,淮滨-时美广场,2000.0,2500.0,岗位：美发店美发助理；标签：经验不限 / 学历不限；薪资：2000-2500元/月,学历不限,,58同城,2026-09-25 01:25:21,411527,淮滨县,信阳市,2024-2026,58_淮滨县_2024_2026.csv
3652,熊先生,美发店发型师2500起,信阳市,淮滨-时美广场,2500.0,3500.0,岗位：美发店发型师2500起；标签：经验1-2年 / 学历不限；薪资：2500-3500元/月,学历不限,,58同城,2026-09-25 01:25:21,411527,淮滨县,信阳市,2024-2026,58_淮滨县_2024_2026.csv
3653,招聘专员,中餐厅服务员工作餐标高加班补助,信阳市,城区-淮滨城区,2500.0,4500.0,岗位：中餐厅服务员工作餐标高加班补助；标签：加班补助；薪资：2500-4500元/月,未注明,,58同城,2026-09-25 01:25:21,411527,淮滨县,信阳市,2024-2026,58_淮滨县_2024_2026.csv
3654,招聘专员,便利店收银员2000起,信阳市,城区-淮滨城区,1800.0,2000.0,岗位：便利店收银员2000起；标签：招1人 / 经验不限 / 学历不限；薪资：1800-2000元/月,学历不限,1.0,58同城,2026-09-25 01:25:21,411527,淮滨县,信阳市,2024-2026,58_淮滨县_2024_2026.csv
3655,张先生,小吃店洗碗工工作时间灵活,信阳市,淮滨-城区,2500.0,3000.0,岗位：小吃店洗碗工工作时间灵活；标签：包吃；薪资：2500-3000元/月,未注明,,58同城,2026-09-25 01:25:21,411527,淮滨县,信阳市,2024-2026,58_淮滨县_2024_2026.csv
3656,李锐,IT技术支持,信阳市,城区-淮滨城区,4000.0,6000.0,岗位：IT技术支持；标签：招6人 / 经验不限 / 学历本科；薪资：4000-6000元/月,本科,6.0,58同城,2026-09-25 01:25:21,411527,淮滨县,信阳市,2024-2026,58_淮滨县_2024_2026.csv
3657,凤女士,电商运营助理,信阳市,时美广场-时美,5000.0,8000.0,岗位：电商运营助理；标签：招1人 / 经验不限 / 学历不限；薪资：5000-8000元/月,学历不限,1.0,58同城,2026-09-25 01:25:21,411527,淮滨县,信阳市,2024-2026,58_淮滨县_2024_2026.csv
3658,小天才步步高琼时美二楼,新苗居民服务中心/教师/工作时间灵活,信阳市,淮滨-其他,2000.0,2500.0,岗位：新苗居民服务中心/教师/工作时间灵活；标签：包吃；薪资：2000-2500元/月,未注明,,58同城,2026-09-25 01:25:21,411527,淮滨县,信阳市,2024-2026,58_淮滨县_2024_2026.csv
3659,恶霸走地鸡,商超店员/营业员2500起,信阳市,时美广场-时美,2500.0,5500.0,岗位：商超店员/营业员2500起；标签：经验不限 / 学历不限；薪资：2500-5500元/月,学历不限,,58同城,2026-09-25 01:25:21,411527,淮滨县,信阳市,2024-2026,58_淮滨县_2024_2026.csv
3660,代振,全屋定制设计师,信阳市,淮滨-城区,4000.0,10000.0,岗位：全屋定制设计师；标签：招若干人 / 经验不限 / 学历不限；薪资：4000-10000元/月,学历不限,,58同城,2026-09-25 01:25:21,411527,淮滨县,信阳市,2024-2026,58_淮滨县_2024_2026.csv
3661,招聘专员,网络工程师,信阳市,城区-淮滨城区,3000.0,5000.0,岗位：网络工程师；标签：招6人 / 经验不限 / 学历本科；薪资：3000-5000元/月,本科,6.0,58同城,2026-09-25 01:25:21,411527,淮滨县,信阳市,2024-2026,58_淮滨县_2024_2026.csv
3662,张女士,客服急招,信阳市,淮滨-城区,3000.0,6000.0,岗位：客服急招；标签：经验不限 / 学历不限；薪资：3000-6000元/月,学历不限,,58同城,2026-09-25 01:25:21,411527,淮滨县,信阳市,2024-2026,58_淮滨县_2024_2026.csv
3663,黄女士,包吃住8小时保安人走账清,信阳市,淮滨,5000.0,6000.0,岗位：包吃住8小时保安人走账清；标签：五险一金 / 话补 / 房补 / 五险；薪资：5000-6000元/月,未注明,,58同城,2026-09-25 01:25:21,411527,淮滨县,信阳市,2024-2026,58_淮滨县_2024_2026.csv
3664,李女士,直招8小时商场坐岗保安,信阳市,淮滨,5000.0,6000.0,岗位：直招8小时商场坐岗保安；标签：五险一金 / 加班补助 / 包住 / 五险；薪资：5000-6000元/月,未注明,,58同城,2026-09-25 01:25:21,411527,淮滨县,信阳市,2024-2026,58_淮滨县_2024_2026.csv
3665,,安徽汉勋建设工程·职业技能培训 服务区域：浉河、平桥、固始、淮滨、羊山新区...,信阳市,淮滨县,,,岗位：安徽汉勋建设工程·职业技能培训 服务区域：浉河、平桥、固始、淮滨、羊山新区...,未注明,,58同城,2026-09-25 01:28:12,411527,淮滨县,信阳市,2024-2026,58_淮滨县_2024_2026.csv
3666,,信阳职业技能培训·职业技能培训 服务区域：浉河、平桥、固始、淮滨、羊山新区...,信阳市,淮滨县,,,岗位：信阳职业技能培训·职业技能培训 服务区域：浉河、平桥、固始、淮滨、羊山新区...,未注明,,58同城,2026-09-25 01:28:12,411527,淮滨县,信阳市,2024-2026,58_淮滨县_2024_2026.csv
3667,,郑师傅家具维修配送安装·家具维修 服务区域：浉河、平桥、固始、淮滨、羊山新区...,信阳市,淮滨县,,,岗位：郑师傅家具维修配送安装·家具维修 服务区域：浉河、平桥、固始、淮滨、羊山新区...,未注明,,58同城,2026-09-25 01:28:12,411527,淮滨县,信阳市,2024-2026,58_淮滨县_2024_2026.csv
3668,,郑州子鑫健康咨询有限公司·职业技能培训 服务区域：浉河、平桥、固始、淮滨、羊山新区...,信阳市,淮滨县,,,岗位：郑州子鑫健康咨询有限公司·职业技能培训 服务区域：浉河、平桥、固始、淮滨、羊山新区...,未注明,,58同城,2026-09-25 01:28:12,411527,淮滨县,信阳市,2024-2026,58_淮滨县_2024_2026.csv
3669,,河南省东园汽车租赁·租车 服务区域：浉河、平桥、固始、淮滨、羊山新区...,信阳市,淮滨县,,,岗位：河南省东园汽车租赁·租车 服务区域：浉河、平桥、固始、淮滨、羊山新区...,未注明,,58同城,2026-09-25 01:28:12,411527,淮滨县,信阳市,2024-2026,58_淮滨县_2024_2026.csv
3670,,信阳电工电料·电工电料 服务区域：浉河、平桥、固始、淮滨、羊山新区...,信阳市,淮滨县,,,岗位：信阳电工电料·电工电料 服务区域：浉河、平桥、固始、淮滨、羊山新区...,未注明,,58同城,2026-09-25 01:28:12,411527,淮滨县,信阳市,2024-2026,58_淮滨县_2024_2026.csv
3671,,信阳木工装修·建筑维修 服务区域：浉河、平桥、固始、淮滨、羊山新区...,信阳市,淮滨县,,,岗位：信阳木工装修·建筑维修 服务区域：浉河、平桥、固始、淮滨、羊山新区...,未注明,,58同城,2026-09-25 01:28:12,411527,淮滨县,信阳市,2024-2026,58_淮滨县_2024_2026.csv
3672,,德翔财务·职业技能培训 服务区域：浉河、平桥、固始、淮滨、羊山新区...,信阳市,淮滨县,,,岗位：德翔财务·职业技能培训 服务区域：浉河、平桥、固始、淮滨、羊山新区...,未注明,,58同城,2026-09-25 01:28:12,411527,淮滨县,信阳市,2024-2026,58_淮滨县_2024_2026.csv
3673,,青岛东奥教育咨询·职业技能培训 服务区域：浉河、平桥、固始、淮滨、羊山新区...,信阳市,淮滨县,,,岗位：青岛东奥教育咨询·职业技能培训 服务区域：浉河、平桥、固始、淮滨、羊山新区...,未注明,,58同城,2026-09-25 01:28:12,411527,淮滨县,信阳市,2024-2026,58_淮滨县_2024_2026.csv
3674,,沈阳市厚易德运输服务中心·租赁 服务区域：浉河、平桥、固始、淮滨、羊山新区...,信阳市,淮滨县,,,岗位：沈阳市厚易德运输服务中心·租赁 服务区域：浉河、平桥、固始、淮滨、羊山新区...,未注明,,58同城,2026-09-25 01:28:12,411527,淮滨县,信阳市,2024-2026,58_淮滨县_2024_2026.csv
3675,,赣州蓉江新区潭东镇格乐食品商行（个体工商户）·外卖 服务区域：浉河、平桥、固始、淮滨、羊山新区...,信阳市,淮滨县,,,岗位：赣州蓉江新区潭东镇格乐食品商行（个体工商户）·外卖 服务区域：浉河、平桥、固始、淮滨、羊山新区...,未注明,,58同城,2026-09-25 01:28:12,411527,淮滨县,信阳市,2024-2026,58_淮滨县_2024_2026.csv
3676,,信阳华夏电脑监控安装维修·网络布线/维护 服务区域：浉河、平桥、固始、淮滨、羊山新区...,信阳市,淮滨县,,,岗位：信阳华夏电脑监控安装维修·网络布线/维护 服务区域：浉河、平桥、固始、淮滨、羊山新区...,未注明,,58同城,2026-09-25 01:28:12,411527,淮滨县,信阳市,2024-2026,58_淮滨县_2024_2026.csv
3677,,章贡区古明飞餐饮店（个体工商户）·美食 服务区域：浉河、平桥、固始、淮滨、羊山新区...,信阳市,淮滨县,,,岗位：章贡区古明飞餐饮店（个体工商户）·美食 服务区域：浉河、平桥、固始、淮滨、羊山新区...,未注明,,58同城,2026-09-25 01:28:12,411527,淮滨县,信阳市,2024-2026,58_淮滨县_2024_2026.csv
3678,,章贡区海平食品店（个体工商户）·外卖 服务区域：浉河、平桥、固始、淮滨、羊山新区...,信阳市,淮滨县,,,岗位：章贡区海平食品店（个体工商户）·外卖 服务区域：浉河、平桥、固始、淮滨、羊山新区...,未注明,,58同城,2026-09-25 01:28:12,411527,淮滨县,信阳市,2024-2026,58_淮滨县_2024_2026.csv
3679,,章贡区华购福食品店（个体工商户）·外卖 服务区域：浉河、平桥、固始、淮滨、羊山新区...,信阳市,淮滨县,,,岗位：章贡区华购福食品店（个体工商户）·外卖 服务区域：浉河、平桥、固始、淮滨、羊山新区...,未注明,,58同城,2026-09-25 01:28:12,411527,淮滨县,信阳市,2024-2026,58_淮滨县_2024_2026.csv
3680,,蓉江新区鹿鸣文化传媒中心·美食 服务区域：浉河、平桥、固始、淮滨、羊山新区...,信阳市,淮滨县,,,岗位：蓉江新区鹿鸣文化传媒中心·美食 服务区域：浉河、平桥、固始、淮滨、羊山新区...,未注明,,58同城,2026-09-25 01:28:19,411527,淮滨县,信阳市,2024-2026,58_淮滨县_2024_2026.csv
3681,立讯HR总经理,小家电普工240/天坐班贴标日结人走账清,信阳市,信阳-息县,6500.0,8000.0,岗位：小家电普工240/天坐班贴标日结人走账清；标签：五险 / 包住 / 包吃 / 饭补；薪资：6500-8000元/月,未注明,,58同城,2026-09-25 01:28:29,411528,息县,信阳市,2024-2026,58_息县_2024_2026.csv
3682,刘女士,普工300一天包吃住可日结不挑人,信阳市,息县-息县汽车站,7000.0,7500.0,岗位：普工300一天包吃住可日结不挑人；标签：五险一金 / 包住 / 包吃 / 交通补助；薪资：7000-7500元/月,未注明,,58同城,2026-09-25 01:28:29,411528,息县,信阳市,2024-2026,58_息县_2024_2026.csv
3683,卢女士,语音游戏客服，不直播不露... 小程序,信阳市,息县-息县汽车站,5000.0,20000.0,岗位：语音游戏客服，不直播不露... 小程序；标签：包住 / 包吃；薪资：5000-20000元/月,未注明,,58同城,2026-09-25 01:28:29,411528,息县,信阳市,2024-2026,58_息县_2024_2026.csv
3684,瓮先生,游戏客服5千起,信阳市,信阳-息县,5000.0,10000.0,岗位：游戏客服5千起；标签：包吃；薪资：5000-10000元/月,未注明,,58同城,2026-09-25 01:28:29,411528,息县,信阳市,2024-2026,58_息县_2024_2026.csv
3685,吴女士,息县新饰界饰品店女装营业员年底双薪,信阳市,信阳-息县,3000.0,5000.0,岗位：息县新饰界饰品店女装营业员年底双薪；标签：年底双薪；薪资：3000-5000元/月,未注明,,58同城,2026-09-25 01:28:29,411528,息县,信阳市,2024-2026,58_息县_2024_2026.csv
3686,喜欢唱歌的小美,口味王息县市场销售专员4000起,信阳市,信阳-息县,4000.0,8000.0,岗位：口味王息县市场销售专员4000起；标签：招1人 / 经验1-2年 / 学历不限；薪资：4000-8000元/月,学历不限,1.0,58同城,2026-09-25 01:28:29,411528,息县,信阳市,2024-2026,58_息县_2024_2026.csv
3687,王女士,足疗按摩SPA技师,信阳市,信阳-息县,10000.0,15000.0,岗位：足疗按摩SPA技师；标签：包住 / 包吃；薪资：10000-15000元/月,未注明,,58同城,2026-09-25 01:28:29,411528,息县,信阳市,2024-2026,58_息县_2024_2026.csv
3688,招聘主管,按摩spa,信阳市,信阳-息县,10000.0,15000.0,岗位：按摩spa；标签：包住 / 包吃；薪资：10000-15000元/月,未注明,,58同城,2026-09-25 01:28:29,411528,息县,信阳市,2024-2026,58_息县_2024_2026.csv
3689,用户15083,息县阿冬美发店/美发学徒包住洗衣机空调,信阳市,信阳-息县,2000.0,4500.0,岗位：息县阿冬美发店/美发学徒包住洗衣机空调；标签：包住 / 包吃；薪资：2000-4500元/月,未注明,,58同城,2026-09-25 01:28:29,411528,息县,信阳市,2024-2026,58_息县_2024_2026.csv
3690,招聘主管,厨工,信阳市,信阳-息县,2000.0,3000.0,岗位：厨工；标签：经验不限 / 学历不限；薪资：2000-3000元/月,学历不限,,58同城,2026-09-25 01:28:29,411528,息县,信阳市,2024-2026,58_息县_2024_2026.csv
3691,沈亮,房屋装修装饰工程工作室/渠道销售/工作时,信阳市,信阳-息县,3000.0,5000.0,岗位：房屋装修装饰工程工作室/渠道销售/工作时；标签：经验不限 / 学历不限；薪资：3000-5000元/月,学历不限,,58同城,2026-09-25 01:28:29,411528,息县,信阳市,2024-2026,58_息县_2024_2026.csv
3692,招聘主管,足浴按摩师,信阳市,信阳-息县,8000.0,15000.0,岗位：足浴按摩师；标签：包住 / 包吃 / 饭补；薪资：8000-15000元/月,未注明,,58同城,2026-09-25 01:28:29,411528,息县,信阳市,2024-2026,58_息县_2024_2026.csv
3693,招聘主管,足浴，按摩师spa/包住包吃,信阳市,信阳-息县,10000.0,15000.0,岗位：足浴，按摩师spa/包住包吃；标签：包住 / 包吃；薪资：10000-15000元/月,未注明,,58同城,2026-09-25 01:28:29,411528,息县,信阳市,2024-2026,58_息县_2024_2026.csv
3694,CZH136******88,汽修厂前台接待学历不限,信阳市,信阳-息县,2500.0,4500.0,岗位：汽修厂前台接待学历不限；标签：招1人 / 经验3-5年 / 学历不限；薪资：2500-4500元/月,学历不限,1.0,58同城,2026-09-25 01:28:29,411528,息县,信阳市,2024-2026,58_息县_2024_2026.csv
3695,书包轻飘飘,白酒销售专员,信阳市,信阳-息县,3000.0,5000.0,岗位：白酒销售专员；标签：经验不限 / 学历不限；薪资：3000-5000元/月,学历不限,,58同城,2026-09-25 01:28:29,411528,息县,信阳市,2024-2026,58_息县_2024_2026.csv
3696,用户15083,息县阿冬美发店/发型师和助理包住包吃,信阳市,信阳-息县,2000.0,4500.0,岗位：息县阿冬美发店/发型师和助理包住包吃；标签：包住 / 包吃；薪资：2000-4500元/月,未注明,,58同城,2026-09-25 01:28:29,411528,息县,信阳市,2024-2026,58_息县_2024_2026.csv
3697,立讯HR总经理,坐班日结260/天普工玩具厂轻松人走账清,信阳市,信阳-息县,6000.0,7500.0,岗位：坐班日结260/天普工玩具厂轻松人走账清；标签：五险 / 包住 / 包吃 / 加班补助；薪资：6000-7500元/月,未注明,,58同城,2026-09-25 01:28:29,411528,息县,信阳市,2024-2026,58_息县_2024_2026.csv
3698,孔女士,英语老师,信阳市,信阳-息县,4000.0,7000.0,岗位：英语老师；标签：经验不限 / 学历本科；薪资：4000-7000元/月,本科,,58同城,2026-09-25 01:28:29,411528,息县,信阳市,2024-2026,58_息县_2024_2026.csv
3699,马先生,普工240一天/急招/轻松自由/交通便利,信阳市,信阳-息县,6300.0,7400.0,岗位：普工240一天/急招/轻松自由/交通便利；标签：五险 / 包住 / 包吃 / 饭补；薪资：6300-7400元/月,未注明,,58同城,2026-09-25 01:28:29,411528,息县,信阳市,2024-2026,58_息县_2024_2026.csv
3700,百泰口腔门诊部,口腔医生,信阳市,信阳-息县,2500.0,30000.0,岗位：口腔医生；标签：五险一金 / 包住 / 加班补助 / 饭补；薪资：2500-30000元/月,未注明,,58同城,2026-09-25 01:28:29,411528,息县,信阳市,2024-2026,58_息县_2024_2026.csv
3701,王校长,先锋双语学校招音乐美术教师,信阳市,信阳-息县,3000.0,5000.0,岗位：先锋双语学校招音乐美术教师；标签：包住 / 包吃 / 周末双休 / 交通补助；薪资：3000-5000元/月,未注明,,58同城,2026-09-25 01:28:29,411528,息县,信阳市,2024-2026,58_息县_2024_2026.csv
3702,夸父炸串,餐厅餐饮收银2500起,信阳市,信阳-息县,2500.0,4500.0,岗位：餐厅餐饮收银2500起；标签：招1人 / 经验不限 / 学历不限；薪资：2500-4500元/月,学历不限,1.0,58同城,2026-09-25 01:28:29,411528,息县,信阳市,2024-2026,58_息县_2024_2026.csv
3703,息县一家人服饰批发城,息县美悦广场诚招采购员,信阳市,信阳-息县,8000.0,15000.0,岗位：息县美悦广场诚招采购员；标签：饭补 / 加班补助 / 包住 / 交通补助；薪资：8000-15000元/月,未注明,,58同城,2026-09-25 01:28:29,411528,息县,信阳市,2024-2026,58_息县_2024_2026.csv
3704,招聘专员,电话销售,信阳市,信阳-息县,2500.0,6000.0,岗位：电话销售；标签：五险 / 周末双休 / 话补；薪资：2500-6000元/月,未注明,,58同城,2026-09-25 01:28:29,411528,息县,信阳市,2024-2026,58_息县_2024_2026.csv
3705,李先生,猪场饲养员,信阳市,息县-息县汽车站,3000.0,5500.0,岗位：猪场饲养员；标签：包住 / 包吃；薪资：3000-5500元/月,未注明,,58同城,2026-09-25 01:28:29,411528,息县,信阳市,2024-2026,58_息县_2024_2026.csv
3706,哼着小曲的她,机电工程师4500起,信阳市,息县-息县汽车站,4500.0,8500.0,岗位：机电工程师4500起；标签：经验3-5年 / 学历不限；薪资：4500-8500元/月,学历不限,,58同城,2026-09-25 01:28:29,411528,息县,信阳市,2024-2026,58_息县_2024_2026.csv
3707,招聘专员,息县招聘服务员/免费工服包吃,信阳市,息县-息县汽车站,2500.0,3500.0,岗位：息县招聘服务员/免费工服包吃；标签：包吃；薪资：2500-3500元/月,未注明,,58同城,2026-09-25 01:28:29,411528,息县,信阳市,2024-2026,58_息县_2024_2026.csv
3708,李经理,息县包吃住餐厅领班/经理,信阳市,息县-息县汽车站,4000.0,8000.0,岗位：息县包吃住餐厅领班/经理；标签：包住 / 包吃 / 年底双薪 / 加班补助；薪资：4000-8000元/月,未注明,,58同城,2026-09-25 01:28:29,411528,息县,信阳市,2024-2026,58_息县_2024_2026.csv
3709,卢女士,网络游戏接待,信阳市,息县-息县汽车站,5000.0,10000.0,岗位：网络游戏接待；标签：包住 / 包吃；薪资：5000-10000元/月,未注明,,58同城,2026-09-25 01:28:29,411528,息县,信阳市,2024-2026,58_息县_2024_2026.csv
3710,李经理,寒暑假工服务员传菜员,信阳市,信阳-息县,,,岗位：寒暑假工服务员传菜员；标签：招10人 / 经验不限 / 学历不限；薪资：面议,学历不限,10.0,58同城,2026-09-25 01:28:29,411528,息县,信阳市,2024-2026,58_息县_2024_2026.csv
3711,柴同学爱遵守,驾校教练,信阳市,信阳-平桥,6000.0,9000.0,岗位：驾校教练；标签：招2人 / 经验不限 / 学历不限；薪资：6000-9000元/月,学历不限,2.0,58同城,2026-09-25 01:28:33,411528,息县,信阳市,2024-2026,58_息县_2024_2026.csv
3712,陈女士,门岗保安包吃住待遇好,信阳市,信阳,4000.0,5000.0,岗位：门岗保安包吃住待遇好；标签：五险 / 包住 / 包吃 / 交通补助；薪资：4000-5000元/月,未注明,,58同城,2026-09-25 01:28:33,411528,息县,信阳市,2024-2026,58_息县_2024_2026.csv
3713,陈女士,停车场收费岗坐岗保安包吃... 小程序,信阳市,信阳,4500.0,5000.0,岗位：停车场收费岗坐岗保安包吃... 小程序；标签：五险 / 包住 / 包吃 / 交通补助；薪资：4500-5000元/月,未注明,,58同城,2026-09-25 01:28:33,411528,息县,信阳市,2024-2026,58_息县_2024_2026.csv
3714,午后橘猫,便利店店员/营业员3千起,信阳市,信阳-潢川,3000.0,5000.0,岗位：便利店店员/营业员3千起；标签：经验1-2年 / 学历不限；薪资：3000-5000元/月,学历不限,,58同城,2026-09-25 01:28:33,411528,息县,信阳市,2024-2026,58_息县_2024_2026.csv
3715,胡先生,眼镜店店员/营业员2500起,信阳市,平桥-丽宝广场,2500.0,4000.0,岗位：眼镜店店员/营业员2500起；标签：招3人 / 经验1-2年 / 学历高中；薪资：2500-4000元/月,高中,3.0,58同城,2026-09-25 01:28:33,411528,息县,信阳市,2024-2026,58_息县_2024_2026.csv
3716,张先生,语音厅不主播/不露脸/手把手教,信阳市,浉河-天润广场,5000.0,8000.0,岗位：语音厅不主播/不露脸/手把手教；标签：招3人 / 经验不限 / 学历不限；薪资：5000-8000元/月,学历不限,3.0,58同城,2026-09-25 01:28:33,411528,息县,信阳市,2024-2026,58_息县_2024_2026.csv
3717,宋经理,店员,信阳市,羊山新区-信阳东站,2500.0,6000.0,岗位：店员；标签：交通补助 / 加班补助 / 话补；薪资：2500-6000元/月,未注明,,58同城,2026-09-25 01:28:33,411528,息县,信阳市,2024-2026,58_息县_2024_2026.csv
3718,甜点控小陈,急聘铁路安检地勤上一休一免费食宿五险一金,信阳市,信阳-浉河,4500.0,6000.0,岗位：急聘铁路安检地勤上一休一免费食宿五险一金；标签：五险一金 / 包住 / 包吃 / 年底双薪；薪资：4500-6000元/月,未注明,,58同城,2026-09-25 01:28:33,411528,息县,信阳市,2024-2026,58_息县_2024_2026.csv
3719,郭先生,小区保安/加班补助五险包吃住,信阳市,信阳-潢川,4500.0,5000.0,岗位：小区保安/加班补助五险包吃住；标签：五险 / 包住 / 包吃 / 年底双薪；薪资：4500-5000元/月,未注明,,58同城,2026-09-25 01:28:33,411528,息县,信阳市,2024-2026,58_息县_2024_2026.csv
3720,贺先生,无人机飞手工作时间灵活,信阳市,信阳-平桥,5000.0,6000.0,岗位：无人机飞手工作时间灵活；标签：经验不限 / 学历不限；薪资：5000-6000元/月,学历不限,,58同城,2026-09-25 01:28:33,411528,息县,信阳市,2024-2026,58_息县_2024_2026.csv
3721,吹泡泡的宝,建筑劳务公司/办公室文员/3千起,信阳市,平桥-南京路,3000.0,5000.0,岗位：建筑劳务公司/办公室文员/3千起；标签：招2人 / 经验不限 / 学历不限；薪资：3000-5000元/月,学历不限,2.0,58同城,2026-09-25 01:28:33,411528,息县,信阳市,2024-2026,58_息县_2024_2026.csv
3722,徐先生,短视频拍摄剪辑跟拍,信阳市,平桥-金三角,2500.0,6500.0,岗位：短视频拍摄剪辑跟拍；标签：招1人 / 经验1-2年 / 学历大专；薪资：2500-6500元/月,大专,1.0,58同城,2026-09-25 01:28:33,411528,息县,信阳市,2024-2026,58_息县_2024_2026.csv
3723,王先生,耳机厂检测月8500包吃住可预知,信阳市,平桥-百花园,2500.0,4500.0,岗位：耳机厂检测月8500包吃住可预知；标签：五险一金 / 包住 / 包吃 / 加班补助；薪资：2500-4500元/月,未注明,,58同城,2026-09-25 01:28:33,411528,息县,信阳市,2024-2026,58_息县_2024_2026.csv
3724,卢师傅,洗碗工,信阳市,新县-新县商贸城,2000.0,3000.0,岗位：洗碗工；标签：招1人 / 经验不限 / 学历不限；薪资：2000-3000元/月,学历不限,1.0,58同城,2026-09-25 01:28:33,411528,息县,信阳市,2024-2026,58_息县_2024_2026.csv
3725,童先生,中餐配菜,信阳市,信阳-平桥,2500.0,3000.0,岗位：中餐配菜；标签：包住 / 包吃；薪资：2500-3000元/月,未注明,,58同城,2026-09-25 01:28:33,411528,息县,信阳市,2024-2026,58_息县_2024_2026.csv
3726,火,中餐厅后厨/职位类目学历经验不限,信阳市,浉河-天润广场,3000.0,4000.0,岗位：中餐厅后厨/职位类目学历经验不限；标签：招1人 / 经验不限 / 学历不限；薪资：3000-4000元/月,学历不限,1.0,58同城,2026-09-25 01:28:33,411528,息县,信阳市,2024-2026,58_息县_2024_2026.csv
3727,齐总,服饰商店/机修工包吃包住,信阳市,信阳-罗山,5500.0,8000.0,岗位：服饰商店/机修工包吃包住；标签：包住 / 包吃；薪资：5500-8000元/月,未注明,,58同城,2026-09-25 01:28:33,411528,息县,信阳市,2024-2026,58_息县_2024_2026.csv
3728,家具厂,潢川县候刚家具厂/油漆工包住,信阳市,信阳-潢川,6000.0,10000.0,岗位：潢川县候刚家具厂/油漆工包住；标签：包住；薪资：6000-10000元/月,未注明,,58同城,2026-09-25 01:28:33,411528,息县,信阳市,2024-2026,58_息县_2024_2026.csv
3729,郭先生,小区保安包吃住可预支,信阳市,信阳-潢川,4500.0,5000.0,岗位：小区保安包吃住可预支；标签：五险 / 包住 / 包吃 / 年底双薪；薪资：4500-5000元/月,未注明,,58同城,2026-09-25 01:28:33,411528,息县,信阳市,2024-2026,58_息县_2024_2026.csv
3730,孙先生,营业厅店员/营业员学历经验不限,信阳市,信阳-潢川,3000.0,6000.0,岗位：营业厅店员/营业员学历经验不限；标签：招2人 / 经验不限 / 学历不限；薪资：3000-6000元/月,学历不限,2.0,58同城,2026-09-25 01:28:33,411528,息县,信阳市,2024-2026,58_息县_2024_2026.csv
3731,爱喝果汁的小贝,乒乓球教练合伙人（高提成）,信阳市,信阳-光山,8000.0,15000.0,岗位：乒乓球教练合伙人（高提成）；标签：五险一金 / 周末双休 / 交通补助 / 话补；薪资：8000-15000元/月,未注明,,58同城,2026-09-25 01:28:33,411528,息县,信阳市,2024-2026,58_息县_2024_2026.csv
3732,嗯呢嗯,置业顾问,信阳市,平桥-南京路,3000.0,15000.0,岗位：置业顾问；标签：经验不限 / 学历不限；薪资：3000-15000元/月,学历不限,,58同城,2026-09-25 01:28:33,411528,息县,信阳市,2024-2026,58_息县_2024_2026.csv
3733,蔡女士,售后服务顾问,信阳市,平桥-百花园,4000.0,13500.0,岗位：售后服务顾问；标签：经验1-2年 / 学历大专；薪资：4000-13500元/月,大专,,58同城,2026-09-25 01:28:33,411528,息县,信阳市,2024-2026,58_息县_2024_2026.csv
3734,爱踢球的孙同学,直招固始蔬菜配送C本司机不装卸,信阳市,信阳,6300.0,8000.0,岗位：直招固始蔬菜配送C本司机不装卸；标签：五险 / 包住 / 饭补 / 话补；薪资：6300-8000元/月,未注明,,58同城,2026-09-25 01:28:33,411528,息县,信阳市,2024-2026,58_息县_2024_2026.csv
3735,皮实de瞿博士,美甲美睫师,信阳市,浉河-天润广场,,,岗位：美甲美睫师；标签：经验1-2年 / 学历不限；薪资：面议,学历不限,,58同城,2026-09-25 01:28:33,411528,息县,信阳市,2024-2026,58_息县_2024_2026.csv
3736,顿女士,鸿宇盛世体育文化有限责任公司服务员350,信阳市,浉河-和美广场,3500.0,4500.0,岗位：鸿宇盛世体育文化有限责任公司服务员350；标签：招1人 / 经验不限 / 学历不限；薪资：3500-4500元/月,学历不限,1.0,58同城,2026-09-25 01:28:33,411528,息县,信阳市,2024-2026,58_息县_2024_2026.csv
3737,闫先生,设计师助理,信阳市,信阳-罗山,2000.0,4000.0,岗位：设计师助理；标签：招6人 / 经验不限 / 学历大专；薪资：2000-4000元/月,大专,6.0,58同城,2026-09-25 01:28:33,411528,息县,信阳市,2024-2026,58_息县_2024_2026.csv
3738,喜欢踩水坑的小熊,美甲师,信阳市,平桥-南京路,2500.0,4500.0,岗位：美甲师；标签：经验不限 / 学历不限；薪资：2500-4500元/月,学历不限,,58同城,2026-09-25 01:28:33,411528,息县,信阳市,2024-2026,58_息县_2024_2026.csv
3739,爱逛夜市的星,操作工不需要经验300/天包吃住一天一发,信阳市,信阳-光山,6500.0,8500.0,岗位：操作工不需要经验300/天包吃住一天一发；标签：包住 / 包吃；薪资：6500-8500元/月,未注明,,58同城,2026-09-25 01:28:33,411528,息县,信阳市,2024-2026,58_息县_2024_2026.csv
3740,瓮先生,息县游戏运营/加班补助包... 小程序,信阳市,息县-息县汽车站,3000.0,8000.0,岗位：息县游戏运营/加班补助包... 小程序；标签：包吃 / 加班补助；薪资：3000-8000元/月,未注明,,58同城,2026-09-25 01:30:23,411528,息县,信阳市,2024-2026,58_息县_2024_2026.csv
3741,,恩佳食品销售店·外卖 服务区域：息县、光山,信阳市,息县,,,岗位：恩佳食品销售店·外卖 服务区域：息县、光山,未注明,,58同城,2026-09-25 01:31:19,411528,息县,信阳市,2024-2026,58_息县_2024_2026.csv
3742,,信阳家电维修I空调维修·家电维修 服务区域：浉河、平桥、羊山新区、罗山、息县...,信阳市,息县,,,岗位：信阳家电维修I空调维修·家电维修 服务区域：浉河、平桥、羊山新区、罗山、息县...,未注明,,58同城,2026-09-25 01:31:19,411528,息县,信阳市,2024-2026,58_息县_2024_2026.csv
3743,,信阳利民搬家·搬家 服务区域：浉河、平桥、羊山新区、罗山、息县...,信阳市,息县,,,岗位：信阳利民搬家·搬家 服务区域：浉河、平桥、羊山新区、罗山、息县...,未注明,,58同城,2026-09-25 01:31:19,411528,息县,信阳市,2024-2026,58_息县_2024_2026.csv
3744,,一家人家政服务中心·保姆/月嫂 服务区域：浉河、平桥、羊山新区、罗山、息县...,信阳市,息县,,,岗位：一家人家政服务中心·保姆/月嫂 服务区域：浉河、平桥、羊山新区、罗山、息县...,未注明,,58同城,2026-09-25 01:31:19,411528,息县,信阳市,2024-2026,58_息县_2024_2026.csv
3745,,焕烁鲜花绿植·园林花卉 服务区域：浉河、平桥、羊山新区、罗山、息县...,信阳市,息县,,,岗位：焕烁鲜花绿植·园林花卉 服务区域：浉河、平桥、羊山新区、罗山、息县...,未注明,,58同城,2026-09-25 01:31:23,411528,息县,信阳市,2024-2026,58_息县_2024_2026.csv
3746,黄经理,淮阳五险一金招聘啤酒销售数名29岁以下,周口市,周口-扶沟,4000.0,8000.0,岗位：淮阳五险一金招聘啤酒销售数名29岁以下；标签：五险一金；薪资：4000-8000元/月,未注明,,58同城,2026-09-25 09:51:02,411621,扶沟县,周口市,2024-2026,58_扶沟县_2024_2026.csv
3747,黄经理,郸城五险一金招聘啤酒销售数名29岁以下,周口市,周口-扶沟,4000.0,8000.0,岗位：郸城五险一金招聘啤酒销售数名29岁以下；标签：五险一金；薪资：4000-8000元/月,未注明,,58同城,2026-09-25 09:51:02,411621,扶沟县,周口市,2024-2026,58_扶沟县_2024_2026.csv
3748,過,商超/销售业务员饭补包吃 小程序,周口市,周口-扶沟,3500.0,6000.0,岗位：商超/销售业务员饭补包吃 小程序；标签：饭补 / 包吃；薪资：3500-6000元/月,未注明,,58同城,2026-09-25 09:51:02,411621,扶沟县,周口市,2024-2026,58_扶沟县_2024_2026.csv
3749,李经理,客服运营管理岗,周口市,扶沟-国芳中心,5000.0,7000.0,岗位：客服运营管理岗；标签：招2人 / 经验3-5年 / 学历大专；薪资：5000-7000元/月,大专,2.0,58同城,2026-09-25 09:51:02,411621,扶沟县,周口市,2024-2026,58_扶沟县_2024_2026.csv
3750,喜欢捏橡皮泥的何小哥,店员/营业员,周口市,周口-扶沟,2000.0,5000.0,岗位：店员/营业员；标签：经验不限 / 学历不限；薪资：2000-5000元/月,学历不限,,58同城,2026-09-25 09:51:02,411621,扶沟县,周口市,2024-2026,58_扶沟县_2024_2026.csv
3751,扶沟县大象摄影,扶沟大象摄影诚聘引导师店员,周口市,扶沟-实验小学,2000.0,4000.0,岗位：扶沟大象摄影诚聘引导师店员；标签：包吃；薪资：2000-4000元/月,未注明,,58同城,2026-09-25 09:51:02,411621,扶沟县,周口市,2024-2026,58_扶沟县_2024_2026.csv
3752,孙先生,经纪人/星探,周口市,周口-扶沟,3000.0,4500.0,岗位：经纪人/星探；标签：经验不限 / 学历不限；薪资：3000-4500元/月,学历不限,,58同城,2026-09-25 09:51:02,411621,扶沟县,周口市,2024-2026,58_扶沟县_2024_2026.csv
3753,喜欢卷发的微风,佟家沟男装工厂店/服装销售3千起,周口市,周口-扶沟,3000.0,5000.0,岗位：佟家沟男装工厂店/服装销售3千起；标签：招1人 / 经验1-2年 / 学历不限；薪资：3000-5000元/月,学历不限,1.0,58同城,2026-09-25 09:51:02,411621,扶沟县,周口市,2024-2026,58_扶沟县_2024_2026.csv
3754,施何生,空调安装师傅,周口市,扶沟-国芳中心,3000.0,5000.0,岗位：空调安装师傅；标签：交通补助；薪资：3000-5000元/月,未注明,,58同城,2026-09-25 09:51:02,411621,扶沟县,周口市,2024-2026,58_扶沟县_2024_2026.csv
3755,娄女士,扶沟上班婚庆公司运营专员,周口市,周口-扶沟,2500.0,6500.0,岗位：扶沟上班婚庆公司运营专员；标签：经验1年以下 / 学历不限；薪资：2500-6500元/月,学历不限,,58同城,2026-09-25 09:51:02,411621,扶沟县,周口市,2024-2026,58_扶沟县_2024_2026.csv
3756,扶沟县大象摄影,扶沟大象摄影/儿童引导师店员/2500起,周口市,扶沟-实验小学,2500.0,4000.0,岗位：扶沟大象摄影/儿童引导师店员/2500起；标签：包吃；薪资：2500-4000元/月,未注明,,58同城,2026-09-25 09:51:02,411621,扶沟县,周口市,2024-2026,58_扶沟县_2024_2026.csv
3757,娄女士,婚庆公司运营包吃住,周口市,周口-扶沟,2500.0,6500.0,岗位：婚庆公司运营包吃住；标签：经验1年以下 / 学历不限；薪资：2500-6500元/月,学历不限,,58同城,2026-09-25 09:51:02,411621,扶沟县,周口市,2024-2026,58_扶沟县_2024_2026.csv
3758,招聘专员,裱花师学徒（扶沟县城）,周口市,扶沟-国芳中心,2000.0,2500.0,岗位：裱花师学徒（扶沟县城）；标签：招2人 / 经验不限 / 学历不限；薪资：2000-2500元/月,学历不限,2.0,58同城,2026-09-25 09:51:02,411621,扶沟县,周口市,2024-2026,58_扶沟县_2024_2026.csv
3759,马女士,禾禾火锅餐饮店/餐饮收银工作餐标高免费工,周口市,扶沟-实验小学,3000.0,4500.0,岗位：禾禾火锅餐饮店/餐饮收银工作餐标高免费工；标签：招1人 / 经验不限 / 学历不限；薪资：3000-4500元/月,学历不限,1.0,58同城,2026-09-25 09:51:02,411621,扶沟县,周口市,2024-2026,58_扶沟县_2024_2026.csv
3760,首信橋圆,帽子服饰工厂缝纫工3500起,周口市,周口-扶沟,3500.0,7000.0,岗位：帽子服饰工厂缝纫工3500起；标签：包吃；薪资：3500-7000元/月,未注明,,58同城,2026-09-25 09:51:02,411621,扶沟县,周口市,2024-2026,58_扶沟县_2024_2026.csv
3761,小鱼游进心窝,服装销售/服装导购3000起,周口市,扶沟-人民公园,3000.0,5000.0,岗位：服装销售/服装导购3000起；标签：经验1-2年 / 学历不限；薪资：3000-5000元/月,学历不限,,58同城,2026-09-25 09:51:02,411621,扶沟县,周口市,2024-2026,58_扶沟县_2024_2026.csv
3762,招聘专员,扶沟县餐饮店急聘服务员45岁以下,周口市,周口-扶沟,2600.0,3500.0,岗位：扶沟县餐饮店急聘服务员45岁以下；标签：招6人 / 经验不限 / 学历不限；薪资：2600-3500元/月,学历不限,6.0,58同城,2026-09-25 09:51:02,411621,扶沟县,周口市,2024-2026,58_扶沟县_2024_2026.csv
3763,顺意的殷博士,建筑工程公司视频剪辑/编辑3k起,周口市,周口-扶沟,3000.0,4500.0,岗位：建筑工程公司视频剪辑/编辑3k起；标签：招1人 / 经验不限 / 学历不限；薪资：3000-4500元/月,学历不限,1.0,58同城,2026-09-25 09:51:02,411621,扶沟县,周口市,2024-2026,58_扶沟县_2024_2026.csv
3764,招聘专员,扶沟县火锅店5000聘片鱼工包吃住,周口市,周口-扶沟,5000.0,6000.0,岗位：扶沟县火锅店5000聘片鱼工包吃住；标签：包住 / 包吃；薪资：5000-6000元/月,未注明,,58同城,2026-09-25 09:51:02,411621,扶沟县,周口市,2024-2026,58_扶沟县_2024_2026.csv
3765,踮脚数月亮的小孩,数据采集,周口市,扶沟-人民公园,3000.0,5000.0,岗位：数据采集；标签：招100人 / 经验不限 / 学历不限；薪资：3000-5000元/月,学历不限,100.0,58同城,2026-09-25 09:51:02,411621,扶沟县,周口市,2024-2026,58_扶沟县_2024_2026.csv
3766,招聘专员,扶沟县七石餐饮5千聘杀鱼工包吃住,周口市,周口-扶沟,3000.0,4000.0,岗位：扶沟县七石餐饮5千聘杀鱼工包吃住；标签：包住 / 包吃；薪资：3000-4000元/月,未注明,,58同城,2026-09-25 09:51:02,411621,扶沟县,周口市,2024-2026,58_扶沟县_2024_2026.csv
3767,招聘专员,扶沟县餐饮店急聘杀鱼/片鱼工包吃住,周口市,周口-扶沟,3000.0,6000.0,岗位：扶沟县餐饮店急聘杀鱼/片鱼工包吃住；标签：包住 / 包吃；薪资：3000-6000元/月,未注明,,58同城,2026-09-25 09:51:02,411621,扶沟县,周口市,2024-2026,58_扶沟县_2024_2026.csv
3768,招聘专员,扶沟县餐饮店5千聘片鱼工包吃住,周口市,周口-扶沟,5000.0,6000.0,岗位：扶沟县餐饮店5千聘片鱼工包吃住；标签：包住 / 包吃；薪资：5000-6000元/月,未注明,,58同城,2026-09-25 09:51:02,411621,扶沟县,周口市,2024-2026,58_扶沟县_2024_2026.csv
3769,王女士,一天240新能源包装包吃住可带手机,周口市,周口-扶沟,6000.0,7000.0,岗位：一天240新能源包装包吃住可带手机；标签：包住 / 包吃 / 加班补助 / 饭补；薪资：6000-7000元/月,未注明,,58同城,2026-09-25 09:51:02,411621,扶沟县,周口市,2024-2026,58_扶沟县_2024_2026.csv
3770,58用户,汽车行业大客户代表5千起,周口市,扶沟-人民公园,5000.0,8000.0,岗位：汽车行业大客户代表5千起；标签：经验1-2年 / 学历高中；薪资：5000-8000元/月,高中,,58同城,2026-09-25 09:51:02,411621,扶沟县,周口市,2024-2026,58_扶沟县_2024_2026.csv
3771,吴女士,扶沟惠民医院/骨科医生/包住包吃,周口市,周口-扶沟,5000.0,7000.0,岗位：扶沟惠民医院/骨科医生/包住包吃；标签：包住 / 包吃；薪资：5000-7000元/月,未注明,,58同城,2026-09-25 09:51:02,411621,扶沟县,周口市,2024-2026,58_扶沟县_2024_2026.csv
3772,张先生,小区巡逻保安可带朋友,周口市,周口-扶沟,4500.0,5000.0,岗位：小区巡逻保安可带朋友；标签：五险一金 / 包住 / 包吃 / 年底双薪；薪资：4500-5000元/月,未注明,,58同城,2026-09-25 09:51:02,411621,扶沟县,周口市,2024-2026,58_扶沟县_2024_2026.csv
3773,爱跳街舞的阿杰,数据标注/AI训练师2500起,周口市,周口-扶沟,2500.0,3500.0,岗位：数据标注/AI训练师2500起；标签：经验不限 / 学历不限；薪资：2500-3500元/月,学历不限,,58同城,2026-09-25 09:51:02,411621,扶沟县,周口市,2024-2026,58_扶沟县_2024_2026.csv
3774,蔡高祥,平面设计,周口市,扶沟-实验小学,3000.0,4000.0,岗位：平面设计；标签：招6人 / 经验不限 / 学历大专；薪资：3000-4000元/月,大专,6.0,58同城,2026-09-25 09:51:02,411621,扶沟县,周口市,2024-2026,58_扶沟县_2024_2026.csv
3775,叶先生,小厂仓库管理员包吃住月薪8700,周口市,周口-扶沟,8000.0,8500.0,岗位：小厂仓库管理员包吃住月薪8700；标签：包住 / 包吃 / 五险一金；薪资：8000-8500元/月,未注明,,58同城,2026-09-25 09:51:02,411621,扶沟县,周口市,2024-2026,58_扶沟县_2024_2026.csv
3776,爱吹口哨的明明,安保巡逻岗包吃住五险,周口市,周口-川汇,4500.0,5000.0,岗位：安保巡逻岗包吃住五险；标签：五险 / 包住 / 包吃 / 加班补助；薪资：4500-5000元/月,未注明,,58同城,2026-09-25 09:51:10,411621,扶沟县,周口市,2024-2026,58_扶沟县_2024_2026.csv
3777,安静看书的鸟,招聘文员/35岁以下,周口市,周口-川汇,4000.0,5000.0,岗位：招聘文员/35岁以下；标签：招6人 / 经验1-2年 / 学历大专；薪资：4000-5000元/月,大专,6.0,58同城,2026-09-25 09:51:10,411621,扶沟县,周口市,2024-2026,58_扶沟县_2024_2026.csv
3778,郝女士,急招保安/五险包吃包住 小程序,周口市,周口-川汇,4500.0,5000.0,岗位：急招保安/五险包吃包住 小程序；标签：五险 / 包住 / 包吃 / 饭补；薪资：4500-5000元/月,未注明,,58同城,2026-09-25 09:51:10,411621,扶沟县,周口市,2024-2026,58_扶沟县_2024_2026.csv
3779,吴先生,熟食店杂工50岁以下,周口市,川汇-经济开发区,2700.0,3300.0,岗位：熟食店杂工50岁以下；标签：包住 / 包吃；薪资：2700-3300元/月,未注明,,58同城,2026-09-25 09:51:10,411621,扶沟县,周口市,2024-2026,58_扶沟县_2024_2026.csv
3780,喻继成,足疗店/按摩师包住包吃,周口市,周口周边-其他,8500.0,15000.0,岗位：足疗店/按摩师包住包吃；标签：包住 / 包吃 / 年底双薪；薪资：8500-15000元/月,未注明,,58同城,2026-09-25 09:51:10,411621,扶沟县,周口市,2024-2026,58_扶沟县_2024_2026.csv
3781,58用户,普工/操作工3500起,周口市,川汇-中原商贸城,3500.0,6000.0,岗位：普工/操作工3500起；标签：招1人 / 经验不限 / 学历不限；薪资：3500-6000元/月,学历不限,1.0,58同城,2026-09-25 09:51:10,411621,扶沟县,周口市,2024-2026,58_扶沟县_2024_2026.csv
3782,招聘主管,全屋定制机器下料封边操作工川汇中原商贸城,周口市,川汇-中原商贸城,4000.0,5000.0,岗位：全屋定制机器下料封边操作工川汇中原商贸城；标签：招1人 / 经验1-2年 / 学历不限；薪资：4000-5000元/月,学历不限,1.0,58同城,2026-09-25 09:51:10,411621,扶沟县,周口市,2024-2026,58_扶沟县_2024_2026.csv
3783,王先生,郸城上班招会开车销售专员6k起,周口市,周口-郸城,6000.0,15000.0,岗位：郸城上班招会开车销售专员6k起；标签：招6人 / 经验不限 / 学历不限；薪资：6000-15000元/月,学历不限,6.0,58同城,2026-09-25 09:51:10,411621,扶沟县,周口市,2024-2026,58_扶沟县_2024_2026.csv
3784,陈先生,开车溜达保安包吃住可带朋友,周口市,周口,4500.0,5000.0,岗位：开车溜达保安包吃住可带朋友；标签：五险 / 包住 / 包吃 / 年底双薪；薪资：4500-5000元/月,未注明,,58同城,2026-09-25 09:51:10,411621,扶沟县,周口市,2024-2026,58_扶沟县_2024_2026.csv
3785,爱修补de周老板,授权签字人,周口市,周口,,,岗位：授权签字人；标签：招1人 / 经验8-10年 / 学历大专；薪资：面议,大专,1.0,58同城,2026-09-25 09:51:10,411621,扶沟县,周口市,2024-2026,58_扶沟县_2024_2026.csv
3786,堆雪人的冬日,不体检汽配厂普工16岁起招月入四千五起,周口市,周口-淮阳,4500.0,5500.0,岗位：不体检汽配厂普工16岁起招月入四千五起；标签：饭补；薪资：4500-5500元/月,未注明,,58同城,2026-09-25 09:51:10,411621,扶沟县,周口市,2024-2026,58_扶沟县_2024_2026.csv
3787,郭女士,技工,周口市,周口-川汇,4000.0,6000.0,岗位：技工；标签：加班补助 / 饭补 / 话补；薪资：4000-6000元/月,未注明,,58同城,2026-09-25 09:51:10,411621,扶沟县,周口市,2024-2026,58_扶沟县_2024_2026.csv
3788,姜女士,审计助理,周口市,川汇-经济开发区,3000.0,4500.0,岗位：审计助理；标签：经验3-5年 / 学历大专；薪资：3000-4500元/月,大专,,58同城,2026-09-25 09:51:10,411621,扶沟县,周口市,2024-2026,58_扶沟县_2024_2026.csv
3789,小雨滴答嗒,餐饮收银,周口市,川汇-中原商贸城,2000.0,3000.0,岗位：餐饮收银；标签：招1人 / 经验不限 / 学历不限；薪资：2000-3000元/月,学历不限,1.0,58同城,2026-09-25 09:51:10,411621,扶沟县,周口市,2024-2026,58_扶沟县_2024_2026.csv
3790,秦女士,修理厂汽车维修3千起,周口市,周口-川汇,4500.0,7000.0,岗位：修理厂汽车维修3千起；标签：饭补；薪资：4500-7000元/月,未注明,,58同城,2026-09-25 09:51:10,411621,扶沟县,周口市,2024-2026,58_扶沟县_2024_2026.csv
3791,用户28377,店员/营业员,周口市,周口-川汇,2000.0,4500.0,岗位：店员/营业员；标签：招1人 / 经验不限 / 学历不限；薪资：2000-4500元/月,学历不限,1.0,58同城,2026-09-25 09:51:10,411621,扶沟县,周口市,2024-2026,58_扶沟县_2024_2026.csv
3792,喜欢踩水坑的陈小跳,名酒门店营业员（沈丘）,周口市,周口,3500.0,5000.0,岗位：名酒门店营业员（沈丘）；标签：招1人 / 经验1年以下 / 学历中专；薪资：3500-5000元/月,中专/中技,1.0,58同城,2026-09-25 09:51:10,411621,扶沟县,周口市,2024-2026,58_扶沟县_2024_2026.csv
3793,招聘主管,餐饮店店员/营业员工作时间灵活,周口市,周口-川汇,2500.0,3000.0,岗位：餐饮店店员/营业员工作时间灵活；标签：包吃；薪资：2500-3000元/月,未注明,,58同城,2026-09-25 09:51:10,411621,扶沟县,周口市,2024-2026,58_扶沟县_2024_2026.csv
3794,招聘专员,东新区医院厨工/30-45岁,周口市,周口-川汇,3000.0,5000.0,岗位：东新区医院厨工/30-45岁；标签：招2人 / 经验不限 / 学历不限；薪资：3000-5000元/月,学历不限,2.0,58同城,2026-09-25 09:51:10,411621,扶沟县,周口市,2024-2026,58_扶沟县_2024_2026.csv
3795,爱拍照DE管老板,小吃/快餐店后厨免费工服包吃,周口市,周口-川汇,3000.0,3500.0,岗位：小吃/快餐店后厨免费工服包吃；标签：包吃；薪资：3000-3500元/月,未注明,,58同城,2026-09-25 09:51:10,411621,扶沟县,周口市,2024-2026,58_扶沟县_2024_2026.csv
3796,陈先生,中原商贸城附近/办公室文员/18-25岁,周口市,川汇-中原商贸城,2500.0,4000.0,岗位：中原商贸城附近/办公室文员/18-25岁；标签：招5人 / 经验1年以下 / 学历中专；薪资：2500-4000元/月,中专/中技,5.0,58同城,2026-09-25 09:51:10,411621,扶沟县,周口市,2024-2026,58_扶沟县_2024_2026.csv
3797,草莓掉进坑,巡逻坐岗保安包吃住,周口市,川汇-中原商贸城,4500.0,5000.0,岗位：巡逻坐岗保安包吃住；标签：五险 / 包住 / 包吃 / 加班补助；薪资：4500-5000元/月,未注明,,58同城,2026-09-25 09:51:10,411621,扶沟县,周口市,2024-2026,58_扶沟县_2024_2026.csv
3798,司女士,零食打包长白班/日结一天240坐班,周口市,周口,7000.0,8500.0,岗位：零食打包长白班/日结一天240坐班；标签：五险 / 包住 / 包吃 / 周末双休；薪资：7000-8500元/月,未注明,,58同城,2026-09-25 09:51:10,411621,扶沟县,周口市,2024-2026,58_扶沟县_2024_2026.csv
3799,马先生,玩具组装/日结综合240/天可带手机,周口市,周口,6500.0,8500.0,岗位：玩具组装/日结综合240/天可带手机；标签：五险 / 包住 / 包吃 / 年底双薪；薪资：6500-8500元/月,未注明,,58同城,2026-09-25 09:51:10,411621,扶沟县,周口市,2024-2026,58_扶沟县_2024_2026.csv
3800,故事,配菜/打荷,周口市,周口周边-其他,3000.0,4500.0,岗位：配菜/打荷；标签：经验不限 / 学历不限；薪资：3000-4500元/月,学历不限,,58同城,2026-09-25 09:51:10,411621,扶沟县,周口市,2024-2026,58_扶沟县_2024_2026.csv
3801,王女士,沈丘C本司机送百货公司配车不装不卸,周口市,周口周边-其他,7000.0,8500.0,岗位：沈丘C本司机送百货公司配车不装不卸；标签：招5人 / 经验不限 / 学历不限；薪资：7000-8500元/月,学历不限,5.0,58同城,2026-09-25 09:51:10,411621,扶沟县,周口市,2024-2026,58_扶沟县_2024_2026.csv
3802,周永舟,郸城县八郸城县8090暖居服装店,周口市,周口-郸城,2500.0,5000.0,岗位：郸城县八郸城县8090暖居服装店；标签：经验3-5年 / 学历不限；薪资：2500-5000元/月,学历不限,,58同城,2026-09-25 09:51:10,411621,扶沟县,周口市,2024-2026,58_扶沟县_2024_2026.csv
3803,尤先生,员工关系/专员3千起,周口市,周口-川汇,3000.0,5000.0,岗位：员工关系/专员3千起；标签：招3人 / 经验不限 / 学历不限；薪资：3000-5000元/月,学历不限,3.0,58同城,2026-09-25 09:51:10,411621,扶沟县,周口市,2024-2026,58_扶沟县_2024_2026.csv
3804,豪阔商贸有限公司,店员/营业员,周口市,川汇-东新区,3000.0,5000.0,岗位：店员/营业员；标签：经验不限 / 学历不限；薪资：3000-5000元/月,学历不限,,58同城,2026-09-25 09:51:10,411621,扶沟县,周口市,2024-2026,58_扶沟县_2024_2026.csv
3805,,周口房屋维修/防水·房屋维修/防水 服务区域：扶沟,周口市,扶沟县,,,岗位：周口房屋维修/防水·房屋维修/防水 服务区域：扶沟,未注明,,58同城,2026-09-25 09:53:52,411621,扶沟县,周口市,2024-2026,58_扶沟县_2024_2026.csv
3806,,恩佳食品销售店·鲜花绿植 服务区域：扶沟、西华,周口市,扶沟县,,,岗位：恩佳食品销售店·鲜花绿植 服务区域：扶沟、西华,未注明,,58同城,2026-09-25 09:53:52,411621,扶沟县,周口市,2024-2026,58_扶沟县_2024_2026.csv
3807,,周口鲜花绿植·鲜花绿植 服务区域：川汇、扶沟,周口市,扶沟县,,,岗位：周口鲜花绿植·鲜花绿植 服务区域：川汇、扶沟,未注明,,58同城,2026-09-25 09:53:52,411621,扶沟县,周口市,2024-2026,58_扶沟县_2024_2026.csv
3808,,爱尚·鲜花绿植 服务区域：川汇、淮阳、郸城、西华、扶沟...,周口市,扶沟县,,,岗位：爱尚·鲜花绿植 服务区域：川汇、淮阳、郸城、西华、扶沟...,未注明,,58同城,2026-09-25 09:53:52,411621,扶沟县,周口市,2024-2026,58_扶沟县_2024_2026.csv
3809,,崇宁智能化科技·网络布线/维护 服务区域：川汇、淮阳、郸城、西华、扶沟...,周口市,扶沟县,,,岗位：崇宁智能化科技·网络布线/维护 服务区域：川汇、淮阳、郸城、西华、扶沟...,未注明,,58同城,2026-09-25 09:53:52,411621,扶沟县,周口市,2024-2026,58_扶沟县_2024_2026.csv
3810,,周口搬家公司包搬运上楼·居民搬家 服务区域：川汇、淮阳、西华、扶沟、周口周边,周口市,扶沟县,,,岗位：周口搬家公司包搬运上楼·居民搬家 服务区域：川汇、淮阳、西华、扶沟、周口周边,未注明,,58同城,2026-09-25 09:53:52,411621,扶沟县,周口市,2024-2026,58_扶沟县_2024_2026.csv
3811,,爱情鲜花店送货上门·鲜花绿植 服务区域：西华、扶沟,周口市,扶沟县,,,岗位：爱情鲜花店送货上门·鲜花绿植 服务区域：西华、扶沟,未注明,,58同城,2026-09-25 09:53:52,411621,扶沟县,周口市,2024-2026,58_扶沟县_2024_2026.csv
3812,爱吹口哨的明明,安保巡逻岗包吃住五险,周口市,周口-川汇,4500.0,5000.0,岗位：安保巡逻岗包吃住五险；标签：五险 / 包住 / 包吃 / 加班补助；薪资：4500-5000元/月,未注明,,58同城,2026-09-25 09:54:09,411622,西华县,周口市,2024-2026,58_西华县_2024_2026.csv
3813,安静看书的鸟,招聘文员/35岁以下,周口市,周口-川汇,4000.0,5000.0,岗位：招聘文员/35岁以下；标签：招6人 / 经验1-2年 / 学历大专；薪资：4000-5000元/月,大专,6.0,58同城,2026-09-25 09:54:09,411622,西华县,周口市,2024-2026,58_西华县_2024_2026.csv
3814,郝女士,急招保安/五险包吃包住 小程序,周口市,周口-川汇,4500.0,5000.0,岗位：急招保安/五险包吃包住 小程序；标签：五险 / 包住 / 包吃 / 饭补；薪资：4500-5000元/月,未注明,,58同城,2026-09-25 09:54:09,411622,西华县,周口市,2024-2026,58_西华县_2024_2026.csv
3815,吴先生,熟食店杂工50岁以下,周口市,川汇-经济开发区,2700.0,3300.0,岗位：熟食店杂工50岁以下；标签：包住 / 包吃；薪资：2700-3300元/月,未注明,,58同城,2026-09-25 09:54:09,411622,西华县,周口市,2024-2026,58_西华县_2024_2026.csv
3816,喻继成,足疗店/按摩师包住包吃,周口市,周口周边-其他,8500.0,15000.0,岗位：足疗店/按摩师包住包吃；标签：包住 / 包吃 / 年底双薪；薪资：8500-15000元/月,未注明,,58同城,2026-09-25 09:54:09,411622,西华县,周口市,2024-2026,58_西华县_2024_2026.csv
3817,58用户,普工/操作工3500起,周口市,川汇-中原商贸城,3500.0,6000.0,岗位：普工/操作工3500起；标签：招1人 / 经验不限 / 学历不限；薪资：3500-6000元/月,学历不限,1.0,58同城,2026-09-25 09:54:09,411622,西华县,周口市,2024-2026,58_西华县_2024_2026.csv
3818,招聘主管,全屋定制机器下料封边操作工川汇中原商贸城,周口市,川汇-中原商贸城,4000.0,5000.0,岗位：全屋定制机器下料封边操作工川汇中原商贸城；标签：招1人 / 经验1-2年 / 学历不限；薪资：4000-5000元/月,学历不限,1.0,58同城,2026-09-25 09:54:09,411622,西华县,周口市,2024-2026,58_西华县_2024_2026.csv
3819,王先生,郸城上班招会开车销售专员6k起,周口市,周口-郸城,6000.0,15000.0,岗位：郸城上班招会开车销售专员6k起；标签：招6人 / 经验不限 / 学历不限；薪资：6000-15000元/月,学历不限,6.0,58同城,2026-09-25 09:54:09,411622,西华县,周口市,2024-2026,58_西华县_2024_2026.csv
3820,陈先生,开车溜达保安包吃住可带朋友,周口市,周口,4500.0,5000.0,岗位：开车溜达保安包吃住可带朋友；标签：五险 / 包住 / 包吃 / 年底双薪；薪资：4500-5000元/月,未注明,,58同城,2026-09-25 09:54:09,411622,西华县,周口市,2024-2026,58_西华县_2024_2026.csv
3821,爱修补de周老板,授权签字人,周口市,周口,,,岗位：授权签字人；标签：招1人 / 经验8-10年 / 学历大专；薪资：面议,大专,1.0,58同城,2026-09-25 09:54:09,411622,西华县,周口市,2024-2026,58_西华县_2024_2026.csv
3822,堆雪人的冬日,不体检汽配厂普工16岁起招月入四千五起,周口市,周口-淮阳,4500.0,5500.0,岗位：不体检汽配厂普工16岁起招月入四千五起；标签：饭补；薪资：4500-5500元/月,未注明,,58同城,2026-09-25 09:54:09,411622,西华县,周口市,2024-2026,58_西华县_2024_2026.csv
3823,郭女士,技工,周口市,周口-川汇,4000.0,6000.0,岗位：技工；标签：加班补助 / 饭补 / 话补；薪资：4000-6000元/月,未注明,,58同城,2026-09-25 09:54:09,411622,西华县,周口市,2024-2026,58_西华县_2024_2026.csv
3824,姜女士,审计助理,周口市,川汇-经济开发区,3000.0,4500.0,岗位：审计助理；标签：经验3-5年 / 学历大专；薪资：3000-4500元/月,大专,,58同城,2026-09-25 09:54:09,411622,西华县,周口市,2024-2026,58_西华县_2024_2026.csv
3825,小雨滴答嗒,餐饮收银,周口市,川汇-中原商贸城,2000.0,3000.0,岗位：餐饮收银；标签：招1人 / 经验不限 / 学历不限；薪资：2000-3000元/月,学历不限,1.0,58同城,2026-09-25 09:54:09,411622,西华县,周口市,2024-2026,58_西华县_2024_2026.csv
3826,秦女士,修理厂汽车维修3千起,周口市,周口-川汇,4500.0,7000.0,岗位：修理厂汽车维修3千起；标签：饭补；薪资：4500-7000元/月,未注明,,58同城,2026-09-25 09:54:09,411622,西华县,周口市,2024-2026,58_西华县_2024_2026.csv
3827,用户28377,店员/营业员,周口市,周口-川汇,2000.0,4500.0,岗位：店员/营业员；标签：招1人 / 经验不限 / 学历不限；薪资：2000-4500元/月,学历不限,1.0,58同城,2026-09-25 09:54:09,411622,西华县,周口市,2024-2026,58_西华县_2024_2026.csv
3828,喜欢踩水坑的陈小跳,名酒门店营业员（沈丘）,周口市,周口,3500.0,5000.0,岗位：名酒门店营业员（沈丘）；标签：招1人 / 经验1年以下 / 学历中专；薪资：3500-5000元/月,中专/中技,1.0,58同城,2026-09-25 09:54:09,411622,西华县,周口市,2024-2026,58_西华县_2024_2026.csv
3829,招聘专员,裱花师学徒（扶沟县城）,周口市,扶沟-国芳中心,2000.0,2500.0,岗位：裱花师学徒（扶沟县城）；标签：招2人 / 经验不限 / 学历不限；薪资：2000-2500元/月,学历不限,2.0,58同城,2026-09-25 09:54:09,411622,西华县,周口市,2024-2026,58_西华县_2024_2026.csv
3830,招聘主管,餐饮店店员/营业员工作时间灵活,周口市,周口-川汇,2500.0,3000.0,岗位：餐饮店店员/营业员工作时间灵活；标签：包吃；薪资：2500-3000元/月,未注明,,58同城,2026-09-25 09:54:09,411622,西华县,周口市,2024-2026,58_西华县_2024_2026.csv
3831,招聘专员,东新区医院厨工/30-45岁,周口市,周口-川汇,3000.0,5000.0,岗位：东新区医院厨工/30-45岁；标签：招2人 / 经验不限 / 学历不限；薪资：3000-5000元/月,学历不限,2.0,58同城,2026-09-25 09:54:09,411622,西华县,周口市,2024-2026,58_西华县_2024_2026.csv
3832,爱拍照DE管老板,小吃/快餐店后厨免费工服包吃,周口市,周口-川汇,3000.0,3500.0,岗位：小吃/快餐店后厨免费工服包吃；标签：包吃；薪资：3000-3500元/月,未注明,,58同城,2026-09-25 09:54:09,411622,西华县,周口市,2024-2026,58_西华县_2024_2026.csv
3833,陈先生,中原商贸城附近/办公室文员/18-25岁,周口市,川汇-中原商贸城,2500.0,4000.0,岗位：中原商贸城附近/办公室文员/18-25岁；标签：招5人 / 经验1年以下 / 学历中专；薪资：2500-4000元/月,中专/中技,5.0,58同城,2026-09-25 09:54:09,411622,西华县,周口市,2024-2026,58_西华县_2024_2026.csv
3834,草莓掉进坑,巡逻坐岗保安包吃住,周口市,川汇-中原商贸城,4500.0,5000.0,岗位：巡逻坐岗保安包吃住；标签：五险 / 包住 / 包吃 / 加班补助；薪资：4500-5000元/月,未注明,,58同城,2026-09-25 09:54:09,411622,西华县,周口市,2024-2026,58_西华县_2024_2026.csv
3835,司女士,零食打包长白班/日结一天240坐班,周口市,周口,7000.0,8500.0,岗位：零食打包长白班/日结一天240坐班；标签：五险 / 包住 / 包吃 / 周末双休；薪资：7000-8500元/月,未注明,,58同城,2026-09-25 09:54:09,411622,西华县,周口市,2024-2026,58_西华县_2024_2026.csv
3836,马先生,玩具组装/日结综合240/天可带手机,周口市,周口,6500.0,8500.0,岗位：玩具组装/日结综合240/天可带手机；标签：五险 / 包住 / 包吃 / 年底双薪；薪资：6500-8500元/月,未注明,,58同城,2026-09-25 09:54:09,411622,西华县,周口市,2024-2026,58_西华县_2024_2026.csv
3837,故事,配菜/打荷,周口市,周口周边-其他,3000.0,4500.0,岗位：配菜/打荷；标签：经验不限 / 学历不限；薪资：3000-4500元/月,学历不限,,58同城,2026-09-25 09:54:09,411622,西华县,周口市,2024-2026,58_西华县_2024_2026.csv
3838,王女士,沈丘C本司机送百货公司配车不装不卸,周口市,周口周边-其他,7000.0,8500.0,岗位：沈丘C本司机送百货公司配车不装不卸；标签：招5人 / 经验不限 / 学历不限；薪资：7000-8500元/月,学历不限,5.0,58同城,2026-09-25 09:54:09,411622,西华县,周口市,2024-2026,58_西华县_2024_2026.csv
3839,周永舟,郸城县八郸城县8090暖居服装店,周口市,周口-郸城,2500.0,5000.0,岗位：郸城县八郸城县8090暖居服装店；标签：经验3-5年 / 学历不限；薪资：2500-5000元/月,学历不限,,58同城,2026-09-25 09:54:09,411622,西华县,周口市,2024-2026,58_西华县_2024_2026.csv
3840,尤先生,员工关系/专员3千起,周口市,周口-川汇,3000.0,5000.0,岗位：员工关系/专员3千起；标签：招3人 / 经验不限 / 学历不限；薪资：3000-5000元/月,学历不限,3.0,58同城,2026-09-25 09:54:09,411622,西华县,周口市,2024-2026,58_西华县_2024_2026.csv
3841,豪阔商贸有限公司,店员/营业员,周口市,川汇-东新区,3000.0,5000.0,岗位：店员/营业员；标签：经验不限 / 学历不限；薪资：3000-5000元/月,学历不限,,58同城,2026-09-25 09:54:09,411622,西华县,周口市,2024-2026,58_西华县_2024_2026.csv
3842,王老师,舞蹈老师包住交通补助,周口市,周口-西华,3000.0,4500.0,岗位：舞蹈老师包住交通补助；标签：交通补助 / 包住；薪资：3000-4500元/月,未注明,,58同城,2026-09-25 09:54:46,411622,西华县,周口市,2024-2026,58_西华县_2024_2026.csv
3843,捡树叶的露露,售前客服,周口市,周口-西华,5000.0,6000.0,岗位：售前客服；标签：经验不限 / 学历不限；薪资：5000-6000元/月,学历不限,,58同城,2026-09-25 09:55:03,411622,西华县,周口市,2024-2026,58_西华县_2024_2026.csv
3844,张先生,西华招货运司机,周口市,西华-万顺达广场,5000.0,6000.0,岗位：西华招货运司机；标签：话补 / 饭补 / 房补 / 加班补助；薪资：5000-6000元/月,未注明,,58同城,2026-09-25 09:55:03,411622,西华县,周口市,2024-2026,58_西华县_2024_2026.csv
3845,王先生,西华上班招聘门店店长,周口市,西华-万顺达广场,4500.0,5000.0,岗位：西华上班招聘门店店长；标签：招2人 / 经验1-2年 / 学历大专；薪资：4500-5000元/月,大专,2.0,58同城,2026-09-25 09:55:08,411622,西华县,周口市,2024-2026,58_西华县_2024_2026.csv
3846,王先生,前台接待,周口市,西华-万顺达广场,3000.0,5500.0,岗位：前台接待；标签：包吃 / 加班补助；薪资：3000-5500元/月,未注明,,58同城,2026-09-25 09:55:08,411622,西华县,周口市,2024-2026,58_西华县_2024_2026.csv
3847,张先生,西华招副食司机,周口市,西华-万顺达广场,5000.0,6000.0,岗位：西华招副食司机；标签：话补 / 饭补 / 房补 / 加班补助；薪资：5000-6000元/月,未注明,,58同城,2026-09-25 09:55:12,411622,西华县,周口市,2024-2026,58_西华县_2024_2026.csv
3848,李先生,西华招家具销售需出镜直播有意打电话联系,周口市,西华-福源商贸城,3000.0,4500.0,岗位：西华招家具销售需出镜直播有意打电话联系；标签：招3人 / 经验1年以下 / 学历不限；薪资：3000-4500元/月,学历不限,3.0,58同城,2026-09-25 09:55:12,411622,西华县,周口市,2024-2026,58_西华县_2024_2026.csv
3849,品鸿供应链06,（西华）往返专线C证货运司机,周口市,周口-西华,6500.0,8000.0,岗位：（西华）往返专线C证货运司机；标签：交通补助；薪资：6500-8000元/月,未注明,,58同城,2026-09-25 09:55:25,411622,西华县,周口市,2024-2026,58_西华县_2024_2026.csv
3850,张女士,西华急招不装不卸货车司机,周口市,西华-福源商贸城,4300.0,8000.0,岗位：西华急招不装不卸货车司机；标签：招1人 / 经验不限 / 学历不限；薪资：4300-8000元/月,学历不限,1.0,58同城,2026-09-25 09:55:25,411622,西华县,周口市,2024-2026,58_西华县_2024_2026.csv
3851,袁女士,货运公司C本司机4k起,周口市,西华-西华县政府,4000.0,8000.0,岗位：货运公司C本司机4k起；标签：招1人 / 经验不限 / 学历不限；薪资：4000-8000元/月,学历不限,1.0,58同城,2026-09-25 09:55:29,411622,西华县,周口市,2024-2026,58_西华县_2024_2026.csv
3852,I非常满意王同学,厂区直招冷链专线司机9千起,周口市,西华-万顺达广场,9000.0,9500.0,岗位：厂区直招冷链专线司机9千起；标签：招2人 / 经验不限 / 学历不限；薪资：9000-9500元/月,学历不限,2.0,58同城,2026-09-25 09:55:29,411622,西华县,周口市,2024-2026,58_西华县_2024_2026.csv
3853,品鸿供应链06,（西华）往返专线C证货运... 小程序,周口市,周口-西华,6500.0,8000.0,岗位：（西华）往返专线C证货运... 小程序；标签：交通补助；薪资：6500-8000元/月,未注明,,58同城,2026-09-25 09:55:34,411622,西华县,周口市,2024-2026,58_西华县_2024_2026.csv
3854,蹭蹭小脸的猫,仓库管理买五险双休,周口市,西华-西华县政府,5000.0,8000.0,岗位：仓库管理买五险双休；标签：五险一金 / 包吃 / 包住 / 周末双休；薪资：5000-8000元/月,未注明,,58同城,2026-09-25 09:55:47,411622,西华县,周口市,2024-2026,58_西华县_2024_2026.csv
3855,赵女士,德邦周口西华县-急招快递员,周口市,西华-西华县政府,5000.0,8000.0,岗位：德邦周口西华县-急招快递员；标签：招2人 / 经验不限 / 学历不限；薪资：5000-8000元/月,学历不限,2.0,58同城,2026-09-25 09:55:47,411622,西华县,周口市,2024-2026,58_西华县_2024_2026.csv
3856,刘先生,德邦周口西华县--急招快递员,周口市,周口-西华,5000.0,7000.0,岗位：德邦周口西华县--急招快递员；标签：招4人 / 经验不限 / 学历不限；薪资：5000-7000元/月,学历不限,4.0,58同城,2026-09-25 09:55:51,411622,西华县,周口市,2024-2026,58_西华县_2024_2026.csv
3857,张女士,配/理/拣/发货加班补助包吃包住,周口市,周口-西华,5000.0,5500.0,岗位：配/理/拣/发货加班补助包吃包住；标签：包住 / 包吃 / 加班补助；薪资：5000-5500元/月,未注明,,58同城,2026-09-25 09:55:51,411622,西华县,周口市,2024-2026,58_西华县_2024_2026.csv
3858,喜欢捏橡皮的何同学,居家审核员双休不加班月入6000,周口市,西华-西华县政府,5000.0,8000.0,岗位：居家审核员双休不加班月入6000；标签：五险一金 / 包吃 / 包住 / 周末双休；薪资：5000-8000元/月,未注明,,58同城,2026-09-25 09:56:07,411622,西华县,周口市,2024-2026,58_西华县_2024_2026.csv
3859,尹先生,网络推广组长,周口市,周口-西华,2000.0,5000.0,岗位：网络推广组长；标签：周末双休；薪资：2000-5000元/月,未注明,,58同城,2026-09-25 09:56:07,411622,西华县,周口市,2024-2026,58_西华县_2024_2026.csv
3860,西华儿童理发店,美发助理/学徒饭补免费工服包吃,周口市,西华-西华县中医院,2000.0,2500.0,岗位：美发助理/学徒饭补免费工服包吃；标签：饭补 / 包住 / 包吃；薪资：2000-2500元/月,未注明,,58同城,2026-09-25 09:56:38,411622,西华县,周口市,2024-2026,58_西华县_2024_2026.csv
3861,西华儿童理发店,美容美发店美发助理/学徒工资面议固定保底,周口市,西华-西华县中医院,2000.0,2500.0,岗位：美容美发店美发助理/学徒工资面议固定保底；标签：经验不限 / 学历不限；薪资：2000-2500元/月,学历不限,,58同城,2026-09-25 09:56:38,411622,西华县,周口市,2024-2026,58_西华县_2024_2026.csv
3862,,崇宁智能化科技·网络布线/维护 服务区域：川汇、淮阳、郸城、西华、扶沟...,周口市,西华县,,,岗位：崇宁智能化科技·网络布线/维护 服务区域：川汇、淮阳、郸城、西华、扶沟...,未注明,,58同城,2026-09-25 09:57:01,411622,西华县,周口市,2024-2026,58_西华县_2024_2026.csv
3863,爱拿捏的翟博士,招短途货运司机,周口市,商水-其他,6000.0,7000.0,岗位：招短途货运司机；标签：经验不限 / 学历不限；薪资：6000-7000元/月,学历不限,,58同城,2026-09-25 09:57:17,411623,商水县,周口市,2024-2026,58_商水县_2024_2026.csv
3864,喻继成,按摩师,周口市,其他-商水其他,10000.0,15000.0,岗位：按摩师；标签：包住 / 包吃；薪资：10000-15000元/月,未注明,,58同城,2026-09-25 09:57:17,411623,商水县,周口市,2024-2026,58_商水县_2024_2026.csv
3865,李女士,小区保安包吃住5100交... 小程序,周口市,商水-城区,4500.0,5000.0,岗位：小区保安包吃住5100交... 小程序；标签：五险一金 / 五险 / 包住 / 包吃；薪资：4500-5000元/月,未注明,,58同城,2026-09-25 09:57:17,411623,商水县,周口市,2024-2026,58_商水县_2024_2026.csv
3866,张女士,商水急招小货车纯司机,周口市,商水-其他,4300.0,8000.0,岗位：商水急招小货车纯司机；标签：招1人 / 经验不限 / 学历不限；薪资：4300-8000元/月,学历不限,1.0,58同城,2026-09-25 09:57:17,411623,商水县,周口市,2024-2026,58_商水县_2024_2026.csv
3867,王先生,货运司机7k起,周口市,商水,7000.0,8000.0,岗位：货运司机7k起；标签：招6人 / 经验不限 / 学历不限；薪资：7000-8000元/月,学历不限,6.0,58同城,2026-09-25 09:57:17,411623,商水县,周口市,2024-2026,58_商水县_2024_2026.csv
3868,史女士,沁润泽环保股份有限公司运营专员/助理五险,周口市,商水-城区,5000.0,5100.0,岗位：沁润泽环保股份有限公司运营专员/助理五险；标签：五险一金；薪资：5000-5100元/月,未注明,,58同城,2026-09-25 09:57:17,411623,商水县,周口市,2024-2026,58_商水县_2024_2026.csv
3869,很有条理的竺博士,电商客服,周口市,商水-城区,2000.0,3000.0,岗位：电商客服；标签：经验不限 / 学历不限；薪资：2000-3000元/月,学历不限,,58同城,2026-09-25 09:57:17,411623,商水县,周口市,2024-2026,58_商水县_2024_2026.csv
3870,田先生,加油站加油员,周口市,商水-其他,2000.0,3000.0,岗位：加油站加油员；标签：经验不限 / 学历不限；薪资：2000-3000元/月,学历不限,,58同城,2026-09-25 09:57:17,411623,商水县,周口市,2024-2026,58_商水县_2024_2026.csv
3871,招聘专员,中餐厅服务员/包住两人间wifi,周口市,商水-其他,2000.0,2500.0,岗位：中餐厅服务员/包住两人间wifi；标签：包住 / 包吃；薪资：2000-2500元/月,未注明,,58同城,2026-09-25 09:57:17,411623,商水县,周口市,2024-2026,58_商水县_2024_2026.csv
3872,于女士,药厂招聘技工日结300一天工作简单贴标签,周口市,商水,7500.0,8500.0,岗位：药厂招聘技工日结300一天工作简单贴标签；标签：五险一金 / 包住 / 包吃 / 加班补助；薪资：7500-8500元/月,未注明,,58同城,2026-09-25 09:57:17,411623,商水县,周口市,2024-2026,58_商水县_2024_2026.csv
3873,董女士,药厂（铁饭碗）招技工日结300一天贴标签,周口市,商水,9000.0,9500.0,岗位：药厂（铁饭碗）招技工日结300一天贴标签；标签：五险一金 / 包住 / 包吃 / 交通补助；薪资：9000-9500元/月,未注明,,58同城,2026-09-25 09:57:17,411623,商水县,周口市,2024-2026,58_商水县_2024_2026.csv
3874,招聘专员,中餐厅洗碗工包住单人间,周口市,商水-其他,2000.0,3000.0,岗位：中餐厅洗碗工包住单人间；标签：包住 / 包吃；薪资：2000-3000元/月,未注明,,58同城,2026-09-25 09:57:17,411623,商水县,周口市,2024-2026,58_商水县_2024_2026.csv
3875,用户60784,商超零售/销售顾问3000起,周口市,商水-其他,3000.0,10000.0,岗位：商超零售/销售顾问3000起；标签：招10人 / 经验不限 / 学历不限；薪资：3000-10000元/月,学历不限,10.0,58同城,2026-09-25 09:57:17,411623,商水县,周口市,2024-2026,58_商水县_2024_2026.csv
3876,爱吃饭de周博士,药店营业员,周口市,商水-其他,3000.0,4000.0,岗位：药店营业员；标签：五险；薪资：3000-4000元/月,未注明,,58同城,2026-09-25 09:57:17,411623,商水县,周口市,2024-2026,58_商水县_2024_2026.csv
3877,玩沙堆的小脚,手机销售/3k起,周口市,商水-其他,3000.0,7500.0,岗位：手机销售/3k起；标签：饭补；薪资：3000-7500元/月,未注明,,58同城,2026-09-25 09:57:17,411623,商水县,周口市,2024-2026,58_商水县_2024_2026.csv
3878,任先生,药厂（铁饭碗）招技工日结300一天贴标签,周口市,商水,9000.0,9500.0,岗位：药厂（铁饭碗）招技工日结300一天贴标签；标签：五险一金 / 包住 / 包吃 / 加班补助；薪资：9000-9500元/月,未注明,,58同城,2026-09-25 09:57:17,411623,商水县,周口市,2024-2026,58_商水县_2024_2026.csv
3879,朱女士,童乐源幼儿园/早教/幼教学历大专,周口市,商水-其他,2500.0,3000.0,岗位：童乐源幼儿园/早教/幼教学历大专；标签：经验1-2年 / 学历大专；薪资：2500-3000元/月,大专,,58同城,2026-09-25 09:57:17,411623,商水县,周口市,2024-2026,58_商水县_2024_2026.csv
3880,阿欣,美甲师,周口市,商水-城区,2000.0,6000.0,岗位：美甲师；标签：经验不限 / 学历不限；薪资：2000-6000元/月,学历不限,,58同城,2026-09-25 09:57:17,411623,商水县,周口市,2024-2026,58_商水县_2024_2026.csv
3881,何云云,美容师,周口市,商水-其他,3000.0,10000.0,岗位：美容师；标签：包住；薪资：3000-10000元/月,未注明,,58同城,2026-09-25 09:57:17,411623,商水县,周口市,2024-2026,58_商水县_2024_2026.csv
3882,张先生,商水谭庄招聘汽车维修/包吃包住,周口市,商水-其他,3000.0,5000.0,岗位：商水谭庄招聘汽车维修/包吃包住；标签：包住 / 包吃 / 加班补助 / 话补；薪资：3000-5000元/月,未注明,,58同城,2026-09-25 09:57:17,411623,商水县,周口市,2024-2026,58_商水县_2024_2026.csv
3883,快乐跳跃的小兔,药厂（铁饭碗）招技工日结300一天贴标签,周口市,商水,9000.0,9500.0,岗位：药厂（铁饭碗）招技工日结300一天贴标签；标签：五险一金 / 包住 / 包吃 / 加班补助；薪资：9000-9500元/月,未注明,,58同城,2026-09-25 09:57:17,411623,商水县,周口市,2024-2026,58_商水县_2024_2026.csv
3884,王女士,玥汐眼镜视光中心/验光配镜师/包住交通补,周口市,商水-其他,3000.0,9000.0,岗位：玥汐眼镜视光中心/验光配镜师/包住交通补；标签：包住 / 交通补助 / 加班补助 / 话补；薪资：3000-9000元/月,未注明,,58同城,2026-09-25 09:57:17,411623,商水县,周口市,2024-2026,58_商水县_2024_2026.csv
3885,养花种草的阿芳,手绘师,周口市,商水-其他,5000.0,9000.0,岗位：手绘师；标签：经验不限 / 学历高中；薪资：5000-9000元/月,高中,,58同城,2026-09-25 09:57:17,411623,商水县,周口市,2024-2026,58_商水县_2024_2026.csv
3886,王先生,药厂(铁饭碗)招技工日结300一天贴标签,周口市,商水,7500.0,10000.0,岗位：药厂(铁饭碗)招技工日结300一天贴标签；标签：五险一金 / 包住 / 包吃；薪资：7500-10000元/月,未注明,,58同城,2026-09-25 09:57:17,411623,商水县,周口市,2024-2026,58_商水县_2024_2026.csv
3887,李女士,招副食司机无装卸收入5K不加班,周口市,商水-城区,5000.0,6000.0,岗位：招副食司机无装卸收入5K不加班；标签：包住 / 房补；薪资：5000-6000元/月,未注明,,58同城,2026-09-25 09:57:17,411623,商水县,周口市,2024-2026,58_商水县_2024_2026.csv
3888,总爱发呆的阿明,普工/操作工包住包吃,周口市,商水-其他,4500.0,7000.0,岗位：普工/操作工包住包吃；标签：包住 / 包吃；薪资：4500-7000元/月,未注明,,58同城,2026-09-25 09:57:17,411623,商水县,周口市,2024-2026,58_商水县_2024_2026.csv
3889,郭先生,耳机质检/无需经验坐班轻松/不体检,周口市,商水,7500.0,8000.0,岗位：耳机质检/无需经验坐班轻松/不体检；标签：五险一金 / 加班补助 / 饭补 / 五险；薪资：7500-8000元/月,未注明,,58同城,2026-09-25 09:57:17,411623,商水县,周口市,2024-2026,58_商水县_2024_2026.csv
3890,朱女士,电子厂质量检测员包吃住300一天可预支,周口市,商水,7500.0,8000.0,岗位：电子厂质量检测员包吃住300一天可预支；标签：五险一金 / 包住 / 包吃 / 交通补助；薪资：7500-8000元/月,未注明,,58同城,2026-09-25 09:57:17,411623,商水县,周口市,2024-2026,58_商水县_2024_2026.csv
3891,杨先生,手机印刷工300一天日结坐岗,周口市,商水,8000.0,8500.0,岗位：手机印刷工300一天日结坐岗；标签：五险一金 / 五险 / 包住 / 包吃；薪资：8000-8500元/月,未注明,,58同城,2026-09-25 09:57:17,411623,商水县,周口市,2024-2026,58_商水县_2024_2026.csv
3892,郑先生,新厂质量检测员包吃住可预支300一天,周口市,商水,7000.0,8000.0,岗位：新厂质量检测员包吃住可预支300一天；标签：五险一金 / 包住 / 包吃 / 交通补助；薪资：7000-8000元/月,未注明,,58同城,2026-09-25 09:57:17,411623,商水县,周口市,2024-2026,58_商水县_2024_2026.csv
3893,史女士,环保公司EHS/环保专员五险一金,周口市,商水-城区,5000.0,5100.0,岗位：环保公司EHS/环保专员五险一金；标签：五险一金；薪资：5000-5100元/月,未注明,,58同城,2026-09-25 09:57:22,411623,商水县,周口市,2024-2026,58_商水县_2024_2026.csv
3894,经理,商水固墙超市聘主管,周口市,商水,4000.0,7000.0,岗位：商水固墙超市聘主管；标签：招5人 / 经验1-2年 / 学历不限；薪资：4000-7000元/月,学历不限,5.0,58同城,2026-09-25 09:57:22,411623,商水县,周口市,2024-2026,58_商水县_2024_2026.csv
3895,韩前威,公园世家店/房产经纪人年... 小程序,周口市,商水-城区,3000.0,5000.0,岗位：公园世家店/房产经纪人年... 小程序；标签：年底双薪；薪资：3000-5000元/月,未注明,,58同城,2026-09-25 09:57:22,411623,商水县,周口市,2024-2026,58_商水县_2024_2026.csv
3896,韩前威,商水诚德房产聘房产经理人,周口市,商水,5000.0,10000.0,岗位：商水诚德房产聘房产经理人；标签：年底双薪；薪资：5000-10000元/月,未注明,,58同城,2026-09-25 09:57:22,411623,商水县,周口市,2024-2026,58_商水县_2024_2026.csv
3897,韩前威,公园世家店房产经纪人年底双薪,周口市,商水,3000.0,4500.0,岗位：公园世家店房产经纪人年底双薪；标签：年底双薪；薪资：3000-4500元/月,未注明,,58同城,2026-09-25 09:57:22,411623,商水县,周口市,2024-2026,58_商水县_2024_2026.csv
3898,高女士,卖场经理,周口市,商水-城区,3000.0,5000.0,岗位：卖场经理；标签：经验不限 / 学历不限；薪资：3000-5000元/月,学历不限,,58同城,2026-09-25 09:57:22,411623,商水县,周口市,2024-2026,58_商水县_2024_2026.csv
3899,麦芽糖甜滋滋,销售专员,周口市,商水-城区,3000.0,6000.0,岗位：销售专员；标签：经验不限 / 学历不限；薪资：3000-6000元/月,学历不限,,58同城,2026-09-25 09:57:22,411623,商水县,周口市,2024-2026,58_商水县_2024_2026.csv
3900,韩前威,商水公园世家店/房产经纪人/3千起,周口市,商水-城区,3000.0,5000.0,岗位：商水公园世家店/房产经纪人/3千起；标签：招2人 / 经验不限 / 学历不限；薪资：3000-5000元/月,学历不限,2.0,58同城,2026-09-25 09:57:22,411623,商水县,周口市,2024-2026,58_商水县_2024_2026.csv
3901,招聘专员,武术教练,周口市,商水,2500.0,4500.0,岗位：武术教练；标签：经验不限 / 学历不限；薪资：2500-4500元/月,学历不限,,58同城,2026-09-25 09:57:22,411623,商水县,周口市,2024-2026,58_商水县_2024_2026.csv
3902,有冲劲的薄总,医院康复治疗师3千起,周口市,商水-城区,3000.0,4500.0,岗位：医院康复治疗师3千起；标签：经验不限 / 学历大专；薪资：3000-4500元/月,大专,,58同城,2026-09-25 09:57:22,411623,商水县,周口市,2024-2026,58_商水县_2024_2026.csv
3903,有冲劲的薄总,麻醉科医生,周口市,商水-城区,4000.0,8000.0,岗位：麻醉科医生；标签：招2人 / 经验3-5年 / 学历本科；薪资：4000-8000元/月,本科,2.0,58同城,2026-09-25 09:57:22,411623,商水县,周口市,2024-2026,58_商水县_2024_2026.csv
3904,尚女士,英语翻译,周口市,周口-商水,,,岗位：英语翻译；标签：包住 / 包吃；薪资：面议,未注明,,58同城,2026-09-25 09:57:22,411623,商水县,周口市,2024-2026,58_商水县_2024_2026.csv
3905,高女士,金融销售4000起,周口市,商水-城区,4000.0,7000.0,岗位：金融销售4000起；标签：招2人 / 经验不限 / 学历不限；薪资：4000-7000元/月,学历不限,2.0,58同城,2026-09-25 09:57:22,411623,商水县,周口市,2024-2026,58_商水县_2024_2026.csv
3906,有冲劲的薄总,精神/心理科医生副高2万起,周口市,商水-城区,20000.0,25000.0,岗位：精神/心理科医生副高2万起；标签：招2人 / 经验3-5年 / 学历本科；薪资：20000-25000元/月,本科,2.0,58同城,2026-09-25 09:57:22,411623,商水县,周口市,2024-2026,58_商水县_2024_2026.csv
3907,尚女士,日语服装业务员,周口市,周口-商水,,,岗位：日语服装业务员；标签：包住 / 包吃；薪资：面议,未注明,,58同城,2026-09-25 09:57:22,411623,商水县,周口市,2024-2026,58_商水县_2024_2026.csv
3908,铁板钉钉的李总,会籍顾问,周口市,商水,3000.0,30000.0,岗位：会籍顾问；标签：经验不限 / 学历不限；薪资：3000-30000元/月,学历不限,,58同城,2026-09-25 09:57:22,411623,商水县,周口市,2024-2026,58_商水县_2024_2026.csv
3909,刘女士,淘宝闪购外卖骑手,周口市,沈丘-其他,3000.0,5000.0,岗位：淘宝闪购外卖骑手；标签：招7人 / 经验不限 / 学历不限；薪资：3000-5000元/月,学历不限,7.0,58同城,2026-09-25 10:00:21,411624,沈丘县,周口市,2024-2026,58_沈丘县_2024_2026.csv
3910,大卫,美发店发型师3500起,周口市,沈丘-其他,3500.0,7000.0,岗位：美发店发型师3500起；标签：饭补；薪资：3500-7000元/月,未注明,,58同城,2026-09-25 10:00:21,411624,沈丘县,周口市,2024-2026,58_沈丘县_2024_2026.csv
3911,我剪飞扬,沈丘美发店聘/美发助理/... 小程序,周口市,沈丘-其他,2000.0,3000.0,岗位：沈丘美发店聘/美发助理/... 小程序；标签：招2人 / 经验不限 / 学历不限；薪资：2000-3000元/月,学历不限,2.0,58同城,2026-09-25 10:00:21,411624,沈丘县,周口市,2024-2026,58_沈丘县_2024_2026.csv
3912,胡先生,沈丘聘业务员,周口市,其他-沈丘其他,3000.0,8500.0,岗位：沈丘聘业务员；标签：招5人 / 经验1-2年 / 学历不限；薪资：3000-8500元/月,学历不限,5.0,58同城,2026-09-25 10:00:21,411624,沈丘县,周口市,2024-2026,58_沈丘县_2024_2026.csv
3913,悄悄闪烁的星星,财务主管,周口市,沈丘-颖滨公园,4000.0,6000.0,岗位：财务主管；标签：招2人 / 经验不限 / 学历不限；薪资：4000-6000元/月,学历不限,2.0,58同城,2026-09-25 10:00:21,411624,沈丘县,周口市,2024-2026,58_沈丘县_2024_2026.csv
3914,青苹果咔嚓,销售专员,周口市,其他-沈丘其他,2000.0,8000.0,岗位：销售专员；标签：招1人 / 经验不限 / 学历不限；薪资：2000-8000元/月,学历不限,1.0,58同城,2026-09-25 10:00:21,411624,沈丘县,周口市,2024-2026,58_沈丘县_2024_2026.csv
3915,朱先生,食品店员/营业员3千起,周口市,沈丘,3000.0,5000.0,岗位：食品店员/营业员3千起；标签：加班补助；薪资：3000-5000元/月,未注明,,58同城,2026-09-25 10:00:21,411624,沈丘县,周口市,2024-2026,58_沈丘县_2024_2026.csv
3916,4na5jrs88,汽车美容店洗车工2000起,周口市,沈丘-其他,2500.0,3500.0,岗位：汽车美容店洗车工2000起；标签：饭补；薪资：2500-3500元/月,未注明,,58同城,2026-09-25 10:00:21,411624,沈丘县,周口市,2024-2026,58_沈丘县_2024_2026.csv
3917,李女士,260/天可日结可短期可带手机包吃包住,周口市,沈丘-其他,5500.0,7000.0,岗位：260/天可日结可短期可带手机包吃包住；标签：五险一金 / 五险 / 包住 / 包吃；薪资：5500-7000元/月,未注明,,58同城,2026-09-25 10:00:21,411624,沈丘县,周口市,2024-2026,58_沈丘县_2024_2026.csv
3918,郭女士,电话销售3k起,周口市,其他-沈丘其他,3000.0,5000.0,岗位：电话销售3k起；标签：招2人 / 经验1-2年 / 学历不限；薪资：3000-5000元/月,学历不限,2.0,58同城,2026-09-25 10:00:21,411624,沈丘县,周口市,2024-2026,58_沈丘县_2024_2026.csv
3919,taociruishi,豫东陶瓷城家装/家居销售学历经验不限,周口市,沈丘-其他,2500.0,4500.0,岗位：豫东陶瓷城家装/家居销售学历经验不限；标签：包吃；薪资：2500-4500元/月,未注明,,58同城,2026-09-25 10:00:21,411624,沈丘县,周口市,2024-2026,58_沈丘县_2024_2026.csv
3920,胡先生,聘室内设计,周口市,其他-沈丘其他,6000.0,10000.0,岗位：聘室内设计；标签：招5人 / 经验1-2年 / 学历不限；薪资：6000-10000元/月,学历不限,5.0,58同城,2026-09-25 10:00:21,411624,沈丘县,周口市,2024-2026,58_沈丘县_2024_2026.csv
3921,胡先生,室内设计/2年以上经验,周口市,其他-沈丘其他,6000.0,10000.0,岗位：室内设计/2年以上经验；标签：招5人 / 经验1-2年 / 学历不限；薪资：6000-10000元/月,学历不限,5.0,58同城,2026-09-25 10:00:21,411624,沈丘县,周口市,2024-2026,58_沈丘县_2024_2026.csv
3922,咖啡凉一半,仓库管理会电脑月六千,周口市,沈丘-其他,5000.0,8000.0,岗位：仓库管理会电脑月六千；标签：五险一金 / 包吃 / 包住 / 周末双休；薪资：5000-8000元/月,未注明,,58同城,2026-09-25 10:00:21,411624,沈丘县,周口市,2024-2026,58_沈丘县_2024_2026.csv
3923,收集星星的夜莺,急招100人可无经验-机器人信息采集员,周口市,沈丘-其他,2500.0,3000.0,岗位：急招100人可无经验-机器人信息采集员；标签：招1人 / 经验不限 / 学历不限；薪资：2500-3000元/月,学历不限,1.0,58同城,2026-09-25 10:00:21,411624,沈丘县,周口市,2024-2026,58_沈丘县_2024_2026.csv
3924,糜博士爱捕捉,室内设计师,周口市,沈丘-其他,3000.0,12000.0,岗位：室内设计师；标签：经验不限 / 学历不限；薪资：3000-12000元/月,学历不限,,58同城,2026-09-25 10:00:21,411624,沈丘县,周口市,2024-2026,58_沈丘县_2024_2026.csv
3925,爱装饰DE古总,商超/店员/营业员2000起,周口市,槐店-沈丘汽车站,2000.0,4000.0,岗位：商超/店员/营业员2000起；标签：招1人 / 经验1-2年 / 学历不限；薪资：2000-4000元/月,学历不限,1.0,58同城,2026-09-25 10:00:21,411624,沈丘县,周口市,2024-2026,58_沈丘县_2024_2026.csv
3926,王老师,成志中学诚聘中学各,周口市,沈丘,4000.0,10000.0,岗位：成志中学诚聘中学各；标签：包住 / 包吃 / 周末双休 / 交通补助；薪资：4000-10000元/月,未注明,,58同城,2026-09-25 10:00:21,411624,沈丘县,周口市,2024-2026,58_沈丘县_2024_2026.csv
3927,温柔婉约de,仓库文员,周口市,其他-沈丘其他,3000.0,4000.0,岗位：仓库文员；标签：年底双薪 / 加班补助；薪资：3000-4000元/月,未注明,,58同城,2026-09-25 10:00:21,411624,沈丘县,周口市,2024-2026,58_沈丘县_2024_2026.csv
3928,李先生,沈丘C1纯司机给学校送菜不带车不装卸,周口市,沈丘-其他,7000.0,8000.0,岗位：沈丘C1纯司机给学校送菜不带车不装卸；标签：交通补助 / 饭补 / 话补 / 房补；薪资：7000-8000元/月,未注明,,58同城,2026-09-25 10:00:21,411624,沈丘县,周口市,2024-2026,58_沈丘县_2024_2026.csv
3929,温柔婉约de,全华副食招仓库配/拣/发货员,周口市,其他-沈丘其他,3000.0,4000.0,岗位：全华副食招仓库配/拣/发货员；标签：年底双薪；薪资：3000-4000元/月,未注明,,58同城,2026-09-25 10:00:21,411624,沈丘县,周口市,2024-2026,58_沈丘县_2024_2026.csv
3930,王女士,纯售后接听客服/包住五险一金,周口市,沈丘-其他,3100.0,8000.0,岗位：纯售后接听客服/包住五险一金；标签：包住 / 五险一金 / 五险；薪资：3100-8000元/月,未注明,,58同城,2026-09-25 10:00:21,411624,沈丘县,周口市,2024-2026,58_沈丘县_2024_2026.csv
3931,聂先生,沈丘县商超招聘销售专员会开车,周口市,沈丘,4500.0,8000.0,岗位：沈丘县商超招聘销售专员会开车；标签：招5人 / 经验1-2年 / 学历不限；薪资：4500-8000元/月,学历不限,5.0,58同城,2026-09-25 10:00:21,411624,沈丘县,周口市,2024-2026,58_沈丘县_2024_2026.csv
3932,王女士,沈丘商超招c1司机晚上可以回家,周口市,沈丘-颖滨公园,5000.0,7000.0,岗位：沈丘商超招c1司机晚上可以回家；标签：包住 / 房补；薪资：5000-7000元/月,未注明,,58同城,2026-09-25 10:00:21,411624,沈丘县,周口市,2024-2026,58_沈丘县_2024_2026.csv
3933,聂先生,聘厂家业务员29-32岁/大专/五险一金,周口市,沈丘,6000.0,10000.0,岗位：聘厂家业务员29-32岁/大专/五险一金；标签：交通补助 / 饭补 / 五险一金；薪资：6000-10000元/月,未注明,,58同城,2026-09-25 10:00:21,411624,沈丘县,周口市,2024-2026,58_沈丘县_2024_2026.csv
3934,王老师,宿管生活老师,周口市,沈丘-槐店,,,岗位：宿管生活老师；标签：包住 / 包吃 / 周末双休 / 交通补助；薪资：面议,未注明,,58同城,2026-09-25 10:00:21,411624,沈丘县,周口市,2024-2026,58_沈丘县_2024_2026.csv
3935,郭女士,供应链管理公司/货运司机/夜/白班多班次,周口市,其他-沈丘其他,4500.0,7000.0,岗位：供应链管理公司/货运司机/夜/白班多班次；标签：招3人 / 经验不限 / 学历不限；薪资：4500-7000元/月,学历不限,3.0,58同城,2026-09-25 10:00:21,411624,沈丘县,周口市,2024-2026,58_沈丘县_2024_2026.csv
3936,王老师,成志学校聘初中各科教师,周口市,沈丘-槐店,4000.0,10000.0,岗位：成志学校聘初中各科教师；标签：包住 / 包吃 / 周末双休 / 交通补助；薪资：4000-10000元/月,未注明,,58同城,2026-09-25 10:00:21,411624,沈丘县,周口市,2024-2026,58_沈丘县_2024_2026.csv
3937,马先生,服务员,周口市,体院中心-永基时代广场,2500.0,3000.0,岗位：服务员；标签：招1人 / 经验不限 / 学历不限；薪资：2500-3000元/月,学历不限,1.0,58同城,2026-09-25 10:00:21,411624,沈丘县,周口市,2024-2026,58_沈丘县_2024_2026.csv
3938,摸鱼的闲人,驰品商贸/跨境电商运营工作时间灵活,周口市,沈丘,3000.0,4500.0,岗位：驰品商贸/跨境电商运营工作时间灵活；标签：周末双休；薪资：3000-4500元/月,未注明,,58同城,2026-09-25 10:00:21,411624,沈丘县,周口市,2024-2026,58_沈丘县_2024_2026.csv
3939,,豫信礼品回收·礼品回收 服务区域：川汇、项城市、沈丘、淮阳、郸城...,周口市,沈丘县,,,岗位：豫信礼品回收·礼品回收 服务区域：川汇、项城市、沈丘、淮阳、郸城...,未注明,,58同城,2026-09-25 10:03:10,411624,沈丘县,周口市,2024-2026,58_沈丘县_2024_2026.csv
3940,,金牌商家·汽车维修保养 服务区域：川汇、项城市、沈丘、淮阳、郸城...,周口市,沈丘县,,,岗位：金牌商家·汽车维修保养 服务区域：川汇、项城市、沈丘、淮阳、郸城...,未注明,,58同城,2026-09-25 10:03:10,411624,沈丘县,周口市,2024-2026,58_沈丘县_2024_2026.csv
3941,,大禹水电·建筑维修 服务区域：川汇、项城市、沈丘、淮阳、郸城...,周口市,沈丘县,,,岗位：大禹水电·建筑维修 服务区域：川汇、项城市、沈丘、淮阳、郸城...,未注明,,58同城,2026-09-25 10:03:10,411624,沈丘县,周口市,2024-2026,58_沈丘县_2024_2026.csv
3942,,周三勺传承当家菜·美食 服务区域：川汇、项城市、沈丘、淮阳、郸城...,周口市,沈丘县,,,岗位：周三勺传承当家菜·美食 服务区域：川汇、项城市、沈丘、淮阳、郸城...,未注明,,58同城,2026-09-25 10:03:10,411624,沈丘县,周口市,2024-2026,58_沈丘县_2024_2026.csv
3943,,周口美食·美食 服务区域：川汇、项城市、沈丘、淮阳、郸城...,周口市,沈丘县,,,岗位：周口美食·美食 服务区域：川汇、项城市、沈丘、淮阳、郸城...,未注明,,58同城,2026-09-25 10:03:10,411624,沈丘县,周口市,2024-2026,58_沈丘县_2024_2026.csv
3944,,森烽厨具电器回收·酒店厨房设备 服务区域：川汇、项城市、沈丘、淮阳、郸城...,周口市,沈丘县,,,岗位：森烽厨具电器回收·酒店厨房设备 服务区域：川汇、项城市、沈丘、淮阳、郸城...,未注明,,58同城,2026-09-25 10:03:10,411624,沈丘县,周口市,2024-2026,58_沈丘县_2024_2026.csv
3945,,赣州蓉江新区潭口镇兰菲商行·外卖 服务区域：川汇、项城市、沈丘、淮阳、郸城...,周口市,沈丘县,,,岗位：赣州蓉江新区潭口镇兰菲商行·外卖 服务区域：川汇、项城市、沈丘、淮阳、郸城...,未注明,,58同城,2026-09-25 10:03:10,411624,沈丘县,周口市,2024-2026,58_沈丘县_2024_2026.csv
3946,,蓉江新区恩宝饮品店（个体工商户）·外卖 服务区域：川汇、项城市、沈丘、淮阳、郸城...,周口市,沈丘县,,,岗位：蓉江新区恩宝饮品店（个体工商户）·外卖 服务区域：川汇、项城市、沈丘、淮阳、郸城...,未注明,,58同城,2026-09-25 10:03:10,411624,沈丘县,周口市,2024-2026,58_沈丘县_2024_2026.csv
3947,,高价回收酒店宾馆设备·家具/电器/酒店设备回收 服务区域：川汇、项城市、沈丘、淮阳、郸城...,周口市,沈丘县,,,岗位：高价回收酒店宾馆设备·家具/电器/酒店设备回收 服务区域：川汇、项城市、沈丘、淮阳、郸城...,未注明,,58同城,2026-09-25 10:03:10,411624,沈丘县,周口市,2024-2026,58_沈丘县_2024_2026.csv
3948,,周口电动车换胎补胎换电瓶·汽车维修保养 服务区域：川汇、项城市、沈丘、淮阳、郸城...,周口市,沈丘县,,,岗位：周口电动车换胎补胎换电瓶·汽车维修保养 服务区域：川汇、项城市、沈丘、淮阳、郸城...,未注明,,58同城,2026-09-25 10:03:10,411624,沈丘县,周口市,2024-2026,58_沈丘县_2024_2026.csv
3949,,诚信搬家搬运·搬家 服务区域：川汇、项城市、沈丘、淮阳、郸城...,周口市,沈丘县,,,岗位：诚信搬家搬运·搬家 服务区域：川汇、项城市、沈丘、淮阳、郸城...,未注明,,58同城,2026-09-25 10:03:10,411624,沈丘县,周口市,2024-2026,58_沈丘县_2024_2026.csv
3950,,源枫寄卖行·礼品/奢侈品/金银回收 服务区域：川汇、项城市、沈丘、淮阳、郸城...,周口市,沈丘县,,,岗位：源枫寄卖行·礼品/奢侈品/金银回收 服务区域：川汇、项城市、沈丘、淮阳、郸城...,未注明,,58同城,2026-09-25 10:03:10,411624,沈丘县,周口市,2024-2026,58_沈丘县_2024_2026.csv
3951,,西宁胡萝焙商贸·美食 服务区域：川汇、项城市、沈丘、淮阳、郸城...,周口市,沈丘县,,,岗位：西宁胡萝焙商贸·美食 服务区域：川汇、项城市、沈丘、淮阳、郸城...,未注明,,58同城,2026-09-25 10:03:10,411624,沈丘县,周口市,2024-2026,58_沈丘县_2024_2026.csv
3952,,章贡区肖肖家小吃店（个体工商户）·美食 服务区域：川汇、项城市、沈丘、淮阳、郸城...,周口市,沈丘县,,,岗位：章贡区肖肖家小吃店（个体工商户）·美食 服务区域：川汇、项城市、沈丘、淮阳、郸城...,未注明,,58同城,2026-09-25 10:03:10,411624,沈丘县,周口市,2024-2026,58_沈丘县_2024_2026.csv
3953,,赣州蓉江新区潭东镇格乐食品商行（个体工商户）·外卖 服务区域：川汇、项城市、沈丘、淮阳、郸城...,周口市,沈丘县,,,岗位：赣州蓉江新区潭东镇格乐食品商行（个体工商户）·外卖 服务区域：川汇、项城市、沈丘、淮阳、郸城...,未注明,,58同城,2026-09-25 10:03:10,411624,沈丘县,周口市,2024-2026,58_沈丘县_2024_2026.csv
3954,,章贡区古明飞餐饮店（个体工商户）·美食 服务区域：川汇、项城市、沈丘、淮阳、郸城...,周口市,沈丘县,,,岗位：章贡区古明飞餐饮店（个体工商户）·美食 服务区域：川汇、项城市、沈丘、淮阳、郸城...,未注明,,58同城,2026-09-25 10:03:10,411624,沈丘县,周口市,2024-2026,58_沈丘县_2024_2026.csv
3955,,家具安装维修保养·家具维修 服务区域：川汇、项城市、沈丘、淮阳、郸城...,周口市,沈丘县,,,岗位：家具安装维修保养·家具维修 服务区域：川汇、项城市、沈丘、淮阳、郸城...,未注明,,58同城,2026-09-25 10:03:10,411624,沈丘县,周口市,2024-2026,58_沈丘县_2024_2026.csv
3956,王先生,郸城郸城上班招大包建房和瓷砖销售6千起,周口市,周口-郸城,6000.0,15000.0,岗位：郸城郸城上班招大包建房和瓷砖销售6千起；标签：招3人 / 经验不限 / 学历不限；薪资：6000-15000元/月,学历不限,3.0,58同城,2026-09-25 10:03:26,411625,郸城县,周口市,2024-2026,58_郸城县_2024_2026.csv
3957,郸城名人城,郸城上班招聘足疗按摩师,周口市,周口-郸城,4000.0,8000.0,岗位：郸城上班招聘足疗按摩师；标签：包吃 / 包住；薪资：4000-8000元/月,未注明,,58同城,2026-09-25 10:03:26,411625,郸城县,周口市,2024-2026,58_郸城县_2024_2026.csv
3958,热衷收集树叶的你,养生馆店员/电话联系 小程序,周口市,郸城-万洋国际商贸博览城,2500.0,4500.0,岗位：养生馆店员/电话联系 小程序；标签：招2人 / 经验不限 / 学历不限；薪资：2500-4500元/月,学历不限,2.0,58同城,2026-09-25 10:03:26,411625,郸城县,周口市,2024-2026,58_郸城县_2024_2026.csv
3959,王先生,郸城上班招会开车销售专员6k起,周口市,周口-郸城,6000.0,15000.0,岗位：郸城上班招会开车销售专员6k起；标签：招6人 / 经验不限 / 学历不限；薪资：6000-15000元/月,学历不限,6.0,58同城,2026-09-25 10:03:26,411625,郸城县,周口市,2024-2026,58_郸城县_2024_2026.csv
3960,小可,游戏代练/陪玩,周口市,周口-郸城,3000.0,5000.0,岗位：游戏代练/陪玩；标签：经验不限 / 学历不限；薪资：3000-5000元/月,学历不限,,58同城,2026-09-25 10:03:26,411625,郸城县,周口市,2024-2026,58_郸城县_2024_2026.csv
3961,赵先生,郸城诚聘按摩师/包吃住,周口市,周口-郸城,8000.0,12000.0,岗位：郸城诚聘按摩师/包吃住；标签：包住 / 包吃 / 加班补助；薪资：8000-12000元/月,未注明,,58同城,2026-09-25 10:03:26,411625,郸城县,周口市,2024-2026,58_郸城县_2024_2026.csv
3962,郭经理,中餐厅后厨包住五险房补,周口市,周口-郸城,5900.0,6000.0,岗位：中餐厅后厨包住五险房补；标签：五险 / 包住 / 包吃 / 年底双薪；薪资：5900-6000元/月,未注明,,58同城,2026-09-25 10:03:26,411625,郸城县,周口市,2024-2026,58_郸城县_2024_2026.csv
3963,赵先生,诚聘月入过万按摩师/包吃住,周口市,周口-郸城,10000.0,15000.0,岗位：诚聘月入过万按摩师/包吃住；标签：包吃 / 包住 / 加班补助；薪资：10000-15000元/月,未注明,,58同城,2026-09-25 10:03:26,411625,郸城县,周口市,2024-2026,58_郸城县_2024_2026.csv
3964,每天开心的笑笑,郸城新城养老院/洗碗工包吃住,周口市,周口-郸城,2000.0,2500.0,岗位：郸城新城养老院/洗碗工包吃住；标签：包住 / 包吃；薪资：2000-2500元/月,未注明,,58同城,2026-09-25 10:03:26,411625,郸城县,周口市,2024-2026,58_郸城县_2024_2026.csv
3965,谷先生,台球助理教练,周口市,郸城-万洋国际商贸博览城,3500.0,15000.0,岗位：台球助理教练；标签：经验不限 / 学历不限；薪资：3500-15000元/月,学历不限,,58同城,2026-09-25 10:03:26,411625,郸城县,周口市,2024-2026,58_郸城县_2024_2026.csv
3966,守己安分,店员/营业员,周口市,郸城-郸城世纪广场,1800.0,2700.0,岗位：店员/营业员；标签：经验不限 / 学历不限；薪资：1800-2700元/月,学历不限,,58同城,2026-09-25 10:03:26,411625,郸城县,周口市,2024-2026,58_郸城县_2024_2026.csv
3967,小熊踩脚印,星级酒店厨师长/主厨免费工服包住加班补助,周口市,周口-郸城,9000.0,11500.0,岗位：星级酒店厨师长/主厨免费工服包住加班补助；标签：包住 / 包吃 / 加班补助；薪资：9000-11500元/月,未注明,,58同城,2026-09-25 10:03:26,411625,郸城县,周口市,2024-2026,58_郸城县_2024_2026.csv
3968,安家驿居家养老,养老院护工/护理3000起,周口市,郸城-郸城世纪广场,3000.0,5000.0,岗位：养老院护工/护理3000起；标签：加班补助；薪资：3000-5000元/月,未注明,,58同城,2026-09-25 10:03:26,411625,郸城县,周口市,2024-2026,58_郸城县_2024_2026.csv
3969,Aopt789,餐饮店店员/营业员2.5k起,周口市,郸城-商贸城,2500.0,3500.0,岗位：餐饮店店员/营业员2.5k起；标签：招1人 / 经验不限 / 学历不限；薪资：2500-3500元/月,学历不限,1.0,58同城,2026-09-25 10:03:26,411625,郸城县,周口市,2024-2026,58_郸城县_2024_2026.csv
3970,周永舟,郸城县八郸城县8090暖居服装店,周口市,周口-郸城,2500.0,5000.0,岗位：郸城县八郸城县8090暖居服装店；标签：经验3-5年 / 学历不限；薪资：2500-5000元/月,学历不限,,58同城,2026-09-25 10:03:26,411625,郸城县,周口市,2024-2026,58_郸城县_2024_2026.csv
3971,张先生,指品保健服务店/足疗师包住包吃,周口市,郸城-郸城世纪广场,8000.0,15000.0,岗位：指品保健服务店/足疗师包住包吃；标签：包住 / 包吃；薪资：8000-15000元/月,未注明,,58同城,2026-09-25 10:03:26,411625,郸城县,周口市,2024-2026,58_郸城县_2024_2026.csv
3972,W乘坐马车古老板,烧烤店传菜员工作餐标高加班补助包吃,周口市,周口-郸城,2500.0,4000.0,岗位：烧烤店传菜员工作餐标高加班补助包吃；标签：加班补助 / 包吃；薪资：2500-4000元/月,未注明,,58同城,2026-09-25 10:03:26,411625,郸城县,周口市,2024-2026,58_郸城县_2024_2026.csv
3973,赵先生,商场促销/导购员2500起,周口市,郸城-万洋国际商贸博览城,2500.0,4500.0,岗位：商场促销/导购员2500起；标签：经验不限 / 学历高中；薪资：2500-4500元/月,高中,,58同城,2026-09-25 10:03:26,411625,郸城县,周口市,2024-2026,58_郸城县_2024_2026.csv
3974,杨先生,郸城杨波采耳-高保底采耳师接收小白,周口市,周口-郸城,6000.0,8000.0,岗位：郸城杨波采耳-高保底采耳师接收小白；标签：包吃 / 包住；薪资：6000-8000元/月,未注明,,58同城,2026-09-25 10:03:26,411625,郸城县,周口市,2024-2026,58_郸城县_2024_2026.csv
3975,任先生,郸城万果园第一部落烤串师傅,周口市,周口-郸城,3000.0,3500.0,岗位：郸城万果园第一部落烤串师傅；标签：饭补；薪资：3000-3500元/月,未注明,,58同城,2026-09-25 10:03:26,411625,郸城县,周口市,2024-2026,58_郸城县_2024_2026.csv
3976,杨先生,郸城上班-月6千以上采耳师/包吃住,周口市,周口-郸城,5000.0,8000.0,岗位：郸城上班-月6千以上采耳师/包吃住；标签：包吃 / 包住；薪资：5000-8000元/月,未注明,,58同城,2026-09-25 10:03:26,411625,郸城县,周口市,2024-2026,58_郸城县_2024_2026.csv
3977,杨先生,郸城杨波采耳师小白均可,周口市,周口-郸城,6000.0,8000.0,岗位：郸城杨波采耳师小白均可；标签：包吃 / 包住；薪资：6000-8000元/月,未注明,,58同城,2026-09-25 10:03:26,411625,郸城县,周口市,2024-2026,58_郸城县_2024_2026.csv
3978,123456789,流动烤全羊带车烤羊师傅,周口市,郸城-陆鼎建材城,2000.0,4000.0,岗位：流动烤全羊带车烤羊师傅；标签：交通补助；薪资：2000-4000元/月,未注明,,58同城,2026-09-25 10:03:26,411625,郸城县,周口市,2024-2026,58_郸城县_2024_2026.csv
3979,侯先生,游戏主播不露脸,周口市,郸城-万洋国际商贸博览城,4000.0,8000.0,岗位：游戏主播不露脸；标签：招10人 / 经验不限 / 学历不限；薪资：4000-8000元/月,学历不限,10.0,58同城,2026-09-25 10:03:26,411625,郸城县,周口市,2024-2026,58_郸城县_2024_2026.csv
3980,招聘主管,中餐厨师,周口市,郸城-郸城世纪广场,6000.0,9000.0,岗位：中餐厨师；标签：招2人 / 经验不限 / 学历不限；薪资：6000-9000元/月,学历不限,2.0,58同城,2026-09-25 10:03:26,411625,郸城县,周口市,2024-2026,58_郸城县_2024_2026.csv
3981,爱注意DE凌总,促销/导购员,周口市,周口-郸城,3000.0,4500.0,岗位：促销/导购员；标签：经验不限 / 学历不限；薪资：3000-4500元/月,学历不限,,58同城,2026-09-25 10:03:26,411625,郸城县,周口市,2024-2026,58_郸城县_2024_2026.csv
3982,薄荷冰凉茶,台球助教/2千起,周口市,郸城-万洋国际商贸博览城,2000.0,5000.0,岗位：台球助教/2千起；标签：招2人 / 经验不限 / 学历不限；薪资：2000-5000元/月,学历不限,2.0,58同城,2026-09-25 10:03:26,411625,郸城县,周口市,2024-2026,58_郸城县_2024_2026.csv
3983,招聘专员,美甲师,周口市,郸城-陆鼎建材城,3000.0,5000.0,岗位：美甲师；标签：经验不限 / 学历不限；薪资：3000-5000元/月,学历不限,,58同城,2026-09-25 10:03:26,411625,郸城县,周口市,2024-2026,58_郸城县_2024_2026.csv
3984,王先生,6千起招销售专员会开车郸城上班,周口市,周口-郸城,6000.0,15000.0,岗位：6千起招销售专员会开车郸城上班；标签：招6人 / 经验1年以下 / 学历不限；薪资：6000-15000元/月,学历不限,6.0,58同城,2026-09-25 10:03:26,411625,郸城县,周口市,2024-2026,58_郸城县_2024_2026.csv
3985,杨先生,采耳师月保底6千起接收小白,周口市,周口-郸城,6000.0,8000.0,岗位：采耳师月保底6千起接收小白；标签：包吃 / 包住；薪资：6000-8000元/月,未注明,,58同城,2026-09-25 10:03:26,411625,郸城县,周口市,2024-2026,58_郸城县_2024_2026.csv
3986,画画的吴小生,郸城晋老大食品/自媒体运营专员,周口市,周口-郸城,3000.0,8000.0,岗位：郸城晋老大食品/自媒体运营专员；标签：包住 / 包吃；薪资：3000-8000元/月,未注明,,58同城,2026-09-25 10:03:30,411625,郸城县,周口市,2024-2026,58_郸城县_2024_2026.csv
3987,王先生,淘宝闪购市场经理,周口市,郸城-第三实验中学,4000.0,8000.0,岗位：淘宝闪购市场经理；标签：招5人 / 经验不限 / 学历不限；薪资：4000-8000元/月,学历不限,5.0,58同城,2026-09-25 10:03:30,411625,郸城县,周口市,2024-2026,58_郸城县_2024_2026.csv
3988,卫郸城卫辉,妇产科医生 小程序,周口市,周口-郸城,,,岗位：妇产科医生 小程序；标签：经验不限 / 学历不限；薪资：面议,学历不限,,58同城,2026-09-25 10:03:30,411625,郸城县,周口市,2024-2026,58_郸城县_2024_2026.csv
3989,王先生,市场经理,周口市,郸城-第三实验中学,4000.0,9500.0,岗位：市场经理；标签：五险；薪资：4000-9500元/月,未注明,,58同城,2026-09-25 10:03:30,411625,郸城县,周口市,2024-2026,58_郸城县_2024_2026.csv
3990,爱吹口哨的明明,安保巡逻岗包吃住五险,周口市,周口-川汇,4500.0,5000.0,岗位：安保巡逻岗包吃住五险；标签：五险 / 包住 / 包吃 / 加班补助；薪资：4500-5000元/月,未注明,,58同城,2026-09-25 10:03:30,411625,郸城县,周口市,2024-2026,58_郸城县_2024_2026.csv
3991,安静看书的鸟,招聘文员/35岁以下,周口市,周口-川汇,4000.0,5000.0,岗位：招聘文员/35岁以下；标签：招6人 / 经验1-2年 / 学历大专；薪资：4000-5000元/月,大专,6.0,58同城,2026-09-25 10:03:30,411625,郸城县,周口市,2024-2026,58_郸城县_2024_2026.csv
3992,郝女士,急招保安/五险包吃包住 小程序,周口市,周口-川汇,4500.0,5000.0,岗位：急招保安/五险包吃包住 小程序；标签：五险 / 包住 / 包吃 / 饭补；薪资：4500-5000元/月,未注明,,58同城,2026-09-25 10:03:30,411625,郸城县,周口市,2024-2026,58_郸城县_2024_2026.csv
3993,吴先生,熟食店杂工50岁以下,周口市,川汇-经济开发区,2700.0,3300.0,岗位：熟食店杂工50岁以下；标签：包住 / 包吃；薪资：2700-3300元/月,未注明,,58同城,2026-09-25 10:03:30,411625,郸城县,周口市,2024-2026,58_郸城县_2024_2026.csv
3994,喻继成,足疗店/按摩师包住包吃,周口市,周口周边-其他,8500.0,15000.0,岗位：足疗店/按摩师包住包吃；标签：包住 / 包吃 / 年底双薪；薪资：8500-15000元/月,未注明,,58同城,2026-09-25 10:03:30,411625,郸城县,周口市,2024-2026,58_郸城县_2024_2026.csv
3995,58用户,普工/操作工3500起,周口市,川汇-中原商贸城,3500.0,6000.0,岗位：普工/操作工3500起；标签：招1人 / 经验不限 / 学历不限；薪资：3500-6000元/月,学历不限,1.0,58同城,2026-09-25 10:03:30,411625,郸城县,周口市,2024-2026,58_郸城县_2024_2026.csv
3996,招聘主管,全屋定制机器下料封边操作工川汇中原商贸城,周口市,川汇-中原商贸城,4000.0,5000.0,岗位：全屋定制机器下料封边操作工川汇中原商贸城；标签：招1人 / 经验1-2年 / 学历不限；薪资：4000-5000元/月,学历不限,1.0,58同城,2026-09-25 10:03:30,411625,郸城县,周口市,2024-2026,58_郸城县_2024_2026.csv
3997,陈先生,开车溜达保安包吃住可带朋友,周口市,周口,4500.0,5000.0,岗位：开车溜达保安包吃住可带朋友；标签：五险 / 包住 / 包吃 / 年底双薪；薪资：4500-5000元/月,未注明,,58同城,2026-09-25 10:03:30,411625,郸城县,周口市,2024-2026,58_郸城县_2024_2026.csv
3998,爱修补de周老板,授权签字人,周口市,周口,,,岗位：授权签字人；标签：招1人 / 经验8-10年 / 学历大专；薪资：面议,大专,1.0,58同城,2026-09-25 10:03:30,411625,郸城县,周口市,2024-2026,58_郸城县_2024_2026.csv
3999,堆雪人的冬日,不体检汽配厂普工16岁起招月入四千五起,周口市,周口-淮阳,4500.0,5500.0,岗位：不体检汽配厂普工16岁起招月入四千五起；标签：饭补；薪资：4500-5500元/月,未注明,,58同城,2026-09-25 10:03:30,411625,郸城县,周口市,2024-2026,58_郸城县_2024_2026.csv
4000,郭女士,技工,周口市,周口-川汇,4000.0,6000.0,岗位：技工；标签：加班补助 / 饭补 / 话补；薪资：4000-6000元/月,未注明,,58同城,2026-09-25 10:03:30,411625,郸城县,周口市,2024-2026,58_郸城县_2024_2026.csv
4001,姜女士,审计助理,周口市,川汇-经济开发区,3000.0,4500.0,岗位：审计助理；标签：经验3-5年 / 学历大专；薪资：3000-4500元/月,大专,,58同城,2026-09-25 10:03:30,411625,郸城县,周口市,2024-2026,58_郸城县_2024_2026.csv
4002,小雨滴答嗒,餐饮收银,周口市,川汇-中原商贸城,2000.0,3000.0,岗位：餐饮收银；标签：招1人 / 经验不限 / 学历不限；薪资：2000-3000元/月,学历不限,1.0,58同城,2026-09-25 10:03:30,411625,郸城县,周口市,2024-2026,58_郸城县_2024_2026.csv
4003,秦女士,修理厂汽车维修3千起,周口市,周口-川汇,4500.0,7000.0,岗位：修理厂汽车维修3千起；标签：饭补；薪资：4500-7000元/月,未注明,,58同城,2026-09-25 10:03:30,411625,郸城县,周口市,2024-2026,58_郸城县_2024_2026.csv
4004,用户28377,店员/营业员,周口市,周口-川汇,2000.0,4500.0,岗位：店员/营业员；标签：招1人 / 经验不限 / 学历不限；薪资：2000-4500元/月,学历不限,1.0,58同城,2026-09-25 10:03:30,411625,郸城县,周口市,2024-2026,58_郸城县_2024_2026.csv
4005,喜欢踩水坑的陈小跳,名酒门店营业员（沈丘）,周口市,周口,3500.0,5000.0,岗位：名酒门店营业员（沈丘）；标签：招1人 / 经验1年以下 / 学历中专；薪资：3500-5000元/月,中专/中技,1.0,58同城,2026-09-25 10:03:30,411625,郸城县,周口市,2024-2026,58_郸城县_2024_2026.csv
4006,招聘专员,裱花师学徒（扶沟县城）,周口市,扶沟-国芳中心,2000.0,2500.0,岗位：裱花师学徒（扶沟县城）；标签：招2人 / 经验不限 / 学历不限；薪资：2000-2500元/月,学历不限,2.0,58同城,2026-09-25 10:03:30,411625,郸城县,周口市,2024-2026,58_郸城县_2024_2026.csv
4007,招聘主管,餐饮店店员/营业员工作时间灵活,周口市,周口-川汇,2500.0,3000.0,岗位：餐饮店店员/营业员工作时间灵活；标签：包吃；薪资：2500-3000元/月,未注明,,58同城,2026-09-25 10:03:30,411625,郸城县,周口市,2024-2026,58_郸城县_2024_2026.csv
4008,招聘专员,东新区医院厨工/30-45岁,周口市,周口-川汇,3000.0,5000.0,岗位：东新区医院厨工/30-45岁；标签：招2人 / 经验不限 / 学历不限；薪资：3000-5000元/月,学历不限,2.0,58同城,2026-09-25 10:03:30,411625,郸城县,周口市,2024-2026,58_郸城县_2024_2026.csv
4009,爱拍照DE管老板,小吃/快餐店后厨免费工服包吃,周口市,周口-川汇,3000.0,3500.0,岗位：小吃/快餐店后厨免费工服包吃；标签：包吃；薪资：3000-3500元/月,未注明,,58同城,2026-09-25 10:03:30,411625,郸城县,周口市,2024-2026,58_郸城县_2024_2026.csv
4010,陈先生,中原商贸城附近/办公室文员/18-25岁,周口市,川汇-中原商贸城,2500.0,4000.0,岗位：中原商贸城附近/办公室文员/18-25岁；标签：招5人 / 经验1年以下 / 学历中专；薪资：2500-4000元/月,中专/中技,5.0,58同城,2026-09-25 10:03:30,411625,郸城县,周口市,2024-2026,58_郸城县_2024_2026.csv
4011,草莓掉进坑,巡逻坐岗保安包吃住,周口市,川汇-中原商贸城,4500.0,5000.0,岗位：巡逻坐岗保安包吃住；标签：五险 / 包住 / 包吃 / 加班补助；薪资：4500-5000元/月,未注明,,58同城,2026-09-25 10:03:30,411625,郸城县,周口市,2024-2026,58_郸城县_2024_2026.csv
4012,司女士,零食打包长白班/日结一天240坐班,周口市,周口,7000.0,8500.0,岗位：零食打包长白班/日结一天240坐班；标签：五险 / 包住 / 包吃 / 周末双休；薪资：7000-8500元/月,未注明,,58同城,2026-09-25 10:03:30,411625,郸城县,周口市,2024-2026,58_郸城县_2024_2026.csv
4013,马先生,玩具组装/日结综合240/天可带手机,周口市,周口,6500.0,8500.0,岗位：玩具组装/日结综合240/天可带手机；标签：五险 / 包住 / 包吃 / 年底双薪；薪资：6500-8500元/月,未注明,,58同城,2026-09-25 10:03:30,411625,郸城县,周口市,2024-2026,58_郸城县_2024_2026.csv
4014,故事,配菜/打荷,周口市,周口周边-其他,3000.0,4500.0,岗位：配菜/打荷；标签：经验不限 / 学历不限；薪资：3000-4500元/月,学历不限,,58同城,2026-09-25 10:03:30,411625,郸城县,周口市,2024-2026,58_郸城县_2024_2026.csv
4015,王女士,沈丘C本司机送百货公司配车不装不卸,周口市,周口周边-其他,7000.0,8500.0,岗位：沈丘C本司机送百货公司配车不装不卸；标签：招5人 / 经验不限 / 学历不限；薪资：7000-8500元/月,学历不限,5.0,58同城,2026-09-25 10:03:38,411625,郸城县,周口市,2024-2026,58_郸城县_2024_2026.csv
4016,尤先生,员工关系/专员3千起,周口市,周口-川汇,3000.0,5000.0,岗位：员工关系/专员3千起；标签：招3人 / 经验不限 / 学历不限；薪资：3000-5000元/月,学历不限,3.0,58同城,2026-09-25 10:03:38,411625,郸城县,周口市,2024-2026,58_郸城县_2024_2026.csv
4017,豪阔商贸有限公司,店员/营业员,周口市,川汇-东新区,3000.0,5000.0,岗位：店员/营业员；标签：经验不限 / 学历不限；薪资：3000-5000元/月,学历不限,,58同城,2026-09-25 10:03:38,411625,郸城县,周口市,2024-2026,58_郸城县_2024_2026.csv
4018,杨先生,郸城杨波采耳-急聘采耳师和助理,周口市,周口-郸城,6000.0,8000.0,岗位：郸城杨波采耳-急聘采耳师和助理；标签：包吃 / 包住；薪资：6000-8000元/月,未注明,,58同城,2026-09-25 10:04:00,411625,郸城县,周口市,2024-2026,58_郸城县_2024_2026.csv
4019,人事,郸城-总账会计,周口市,周口-郸城,3000.0,5000.0,岗位：郸城-总账会计；标签：招2人 / 经验1-2年 / 学历大专；薪资：3000-5000元/月,大专,2.0,58同城,2026-09-25 10:04:08,411625,郸城县,周口市,2024-2026,58_郸城县_2024_2026.csv
4020,卫郸城卫辉,妇产科医生,周口市,周口-郸城,,,岗位：妇产科医生；标签：经验不限 / 学历不限；薪资：面议,学历不限,,58同城,2026-09-25 10:04:13,411625,郸城县,周口市,2024-2026,58_郸城县_2024_2026.csv
4021,张女士,装饰店店长5千起,周口市,周口-郸城,5000.0,10000.0,岗位：装饰店店长5千起；标签：经验3-5年 / 学历高中；薪资：5000-10000元/月,高中,,58同城,2026-09-25 10:04:17,411625,郸城县,周口市,2024-2026,58_郸城县_2024_2026.csv
4022,晓晓,餐厅餐饮收银工作时间灵活,周口市,周口-郸城,3000.0,5000.0,岗位：餐厅餐饮收银工作时间灵活；标签：经验1-2年 / 学历不限；薪资：3000-5000元/月,学历不限,,58同城,2026-09-25 10:04:17,411625,郸城县,周口市,2024-2026,58_郸城县_2024_2026.csv
4023,Yan,诚聘美容师有保底,周口市,郸城-第三实验中学,4000.0,6500.0,岗位：诚聘美容师有保底；标签：饭补 / 加班补助 / 年底双薪；薪资：4000-6500元/月,未注明,,58同城,2026-09-25 10:04:21,411625,郸城县,周口市,2024-2026,58_郸城县_2024_2026.csv
4024,中原眼镜,眼镜店验光师2500起,周口市,郸城-郸城中心站,2500.0,4500.0,岗位：眼镜店验光师2500起；标签：经验3-5年 / 学历高中；薪资：2500-4500元/月,高中,,58同城,2026-09-25 10:04:21,411625,郸城县,周口市,2024-2026,58_郸城县_2024_2026.csv
4025,查女士,郸城门店-半班制黄金首饰珠宝店员,周口市,周口-郸城,4000.0,6000.0,岗位：郸城门店-半班制黄金首饰珠宝店员；标签：年底双薪；薪资：4000-6000元/月,未注明,,58同城,2026-09-25 10:04:21,411625,郸城县,周口市,2024-2026,58_郸城县_2024_2026.csv
4026,刘先生,郸城美凯龙上班招聘家具销售,周口市,周口-郸城,4000.0,8000.0,岗位：郸城美凯龙上班招聘家具销售；标签：招5人 / 经验不限 / 学历大专；薪资：4000-8000元/月,大专,5.0,58同城,2026-09-25 10:04:25,411625,郸城县,周口市,2024-2026,58_郸城县_2024_2026.csv
4027,画画的吴小生,自媒体运营/自媒体运营专员房补包吃,周口市,周口-郸城,3000.0,6000.0,岗位：自媒体运营/自媒体运营专员房补包吃；标签：包吃 / 房补；薪资：3000-6000元/月,未注明,,58同城,2026-09-25 10:04:25,411625,郸城县,周口市,2024-2026,58_郸城县_2024_2026.csv
4028,张先生,郸城招短途货车司机 小程序,周口市,郸城-商贸城,5000.0,6000.0,岗位：郸城招短途货车司机 小程序；标签：饭补；薪资：5000-6000元/月,未注明,,58同城,2026-09-25 10:04:46,411625,郸城县,周口市,2024-2026,58_郸城县_2024_2026.csv
4029,陈先生,给公司开车周结包住,周口市,郸城-郸城世纪广场,6500.0,7000.0,岗位：给公司开车周结包住；标签：五险一金 / 包住 / 房补 / 年底双薪；薪资：6500-7000元/月,未注明,,58同城,2026-09-25 10:04:46,411625,郸城县,周口市,2024-2026,58_郸城县_2024_2026.csv
4030,张先生,郸城宁平上班招仓管员,周口市,周口-郸城,3500.0,5000.0,岗位：郸城宁平上班招仓管员；标签：招2人 / 经验1-2年 / 学历高中；薪资：3500-5000元/月,高中,2.0,58同城,2026-09-25 10:04:58,411625,郸城县,周口市,2024-2026,58_郸城县_2024_2026.csv
4031,招聘专员,珍妮花招聘仓库管理员,周口市,周口-郸城,5000.0,6000.0,岗位：珍妮花招聘仓库管理员；标签：招6人 / 经验不限 / 学历大专；薪资：5000-6000元/月,大专,6.0,58同城,2026-09-25 10:04:58,411625,郸城县,周口市,2024-2026,58_郸城县_2024_2026.csv
4032,寿先生,直播运营郸城上班,周口市,周口-郸城,3000.0,5000.0,岗位：直播运营郸城上班；标签：招3人 / 经验1年以下 / 学历不限；薪资：3000-5000元/月,学历不限,3.0,58同城,2026-09-25 10:05:18,411625,郸城县,周口市,2024-2026,58_郸城县_2024_2026.csv
4033,寿先生,郸城上班招直播运营/3千起,周口市,周口-郸城,3000.0,5000.0,岗位：郸城上班招直播运营/3千起；标签：招3人 / 经验1年以下 / 学历中专；薪资：3000-5000元/月,中专/中技,3.0,58同城,2026-09-25 10:05:18,411625,郸城县,周口市,2024-2026,58_郸城县_2024_2026.csv
4034,刘先生,郸城美凯龙上班招聘新媒体运营,周口市,周口-郸城,4500.0,9000.0,岗位：郸城美凯龙上班招聘新媒体运营；标签：交通补助 / 话补；薪资：4500-9000元/月,未注明,,58同城,2026-09-25 10:05:18,411625,郸城县,周口市,2024-2026,58_郸城县_2024_2026.csv
4035,马先生,网络推广,周口市,郸城-商贸城,2500.0,6000.0,岗位：网络推广；标签：经验不限 / 学历不限；薪资：2500-6000元/月,学历不限,,58同城,2026-09-25 10:05:18,411625,郸城县,周口市,2024-2026,58_郸城县_2024_2026.csv
4036,蒋女士,太康直招骑手可预支/提供车子住宿,周口市,太康-其他,2500.0,4500.0,岗位：太康直招骑手可预支/提供车子住宿；标签：交通补助 / 加班补助 / 饭补 / 话补；薪资：2500-4500元/月,未注明,,58同城,2026-09-25 10:05:24,411627,太康县,周口市,2024-2026,58_太康县_2024_2026.csv
4037,爱穿花裙的孙小妹,太康急招锅炉配件C证司机不装不卸,周口市,周口-太康,6500.0,8000.0,岗位：太康急招锅炉配件C证司机不装不卸；标签：包住 / 饭补；薪资：6500-8000元/月,未注明,,58同城,2026-09-25 10:05:24,411627,太康县,周口市,2024-2026,58_太康县_2024_2026.csv
4038,任女士,太康日赚300/超市酒水... 小程序,周口市,太康-城区,5000.0,7000.0,岗位：太康日赚300/超市酒水... 小程序；标签：话补；薪资：5000-7000元/月,未注明,,58同城,2026-09-25 10:05:24,411627,太康县,周口市,2024-2026,58_太康县_2024_2026.csv
4039,午后猫眠,收银员,周口市,太康-其他,2600.0,3500.0,岗位：收银员；标签：加班补助；薪资：2600-3500元/月,未注明,,58同城,2026-09-25 10:05:24,411627,太康县,周口市,2024-2026,58_太康县_2024_2026.csv
4040,齐女士,太康急招货运司机,周口市,太康-其他,4000.0,6000.0,岗位：太康急招货运司机；标签：招10人 / 经验1年以下 / 学历不限；薪资：4000-6000元/月,学历不限,10.0,58同城,2026-09-25 10:05:24,411627,太康县,周口市,2024-2026,58_太康县_2024_2026.csv
4041,招聘专员,急聘洗头工,周口市,城区-太康城区,3000.0,5000.0,岗位：急聘洗头工；标签：包吃 / 包住；薪资：3000-5000元/月,未注明,,58同城,2026-09-25 10:05:24,411627,太康县,周口市,2024-2026,58_太康县_2024_2026.csv
4042,心善的沿老板,洗车工,周口市,太康-其他,3000.0,5000.0,岗位：洗车工；标签：饭补；薪资：3000-5000元/月,未注明,,58同城,2026-09-25 10:05:24,411627,太康县,周口市,2024-2026,58_太康县_2024_2026.csv
4043,李女士,包吃住坐岗小区保安事少可以休息,周口市,太康-城区,4500.0,5000.0,岗位：包吃住坐岗小区保安事少可以休息；标签：五险一金 / 五险 / 包住 / 包吃；薪资：4500-5000元/月,未注明,,58同城,2026-09-25 10:05:24,411627,太康县,周口市,2024-2026,58_太康县_2024_2026.csv
4044,刘海波,鞋服箱包店员2000起,周口市,太康-城区,2000.0,4000.0,岗位：鞋服箱包店员2000起；标签：招2人 / 经验不限 / 学历不限；薪资：2000-4000元/月,学历不限,2.0,58同城,2026-09-25 10:05:24,411627,太康县,周口市,2024-2026,58_太康县_2024_2026.csv
4045,丁女士,销售专员3000起,周口市,太康-其他,3000.0,4500.0,岗位：销售专员3000起；标签：经验1-2年 / 学历高中；薪资：3000-4500元/月,高中,,58同城,2026-09-25 10:05:24,411627,太康县,周口市,2024-2026,58_太康县_2024_2026.csv
4046,陌路繁华,收银员,周口市,太康-其他,2600.0,3500.0,岗位：收银员；标签：经验不限 / 学历不限；薪资：2600-3500元/月,学历不限,,58同城,2026-09-25 10:05:24,411627,太康县,周口市,2024-2026,58_太康县_2024_2026.csv
4047,踮脚跳高的小苗,月薪4000起诚聘门窗厂普工直接电话联系,周口市,太康-其他,4000.0,6000.0,岗位：月薪4000起诚聘门窗厂普工直接电话联系；标签：招2人 / 经验不限 / 学历不限；薪资：4000-6000元/月,学历不限,2.0,58同城,2026-09-25 10:05:24,411627,太康县,周口市,2024-2026,58_太康县_2024_2026.csv
4048,爱穿花鞋的小乔,居家审核员作息轻松月薪六千,周口市,太康-其他,5000.0,8000.0,岗位：居家审核员作息轻松月薪六千；标签：五险一金 / 包吃 / 包住 / 周末双休；薪资：5000-8000元/月,未注明,,58同城,2026-09-25 10:05:24,411627,太康县,周口市,2024-2026,58_太康县_2024_2026.csv
4049,王芷珊,短视频运营,周口市,其他-太康其他,,,岗位：短视频运营；标签：经验不限 / 学历不限；薪资：面议,学历不限,,58同城,2026-09-25 10:05:24,411627,太康县,周口市,2024-2026,58_太康县_2024_2026.csv
4050,招聘专员,发型师,周口市,城区-太康城区,3000.0,6000.0,岗位：发型师；标签：包吃 / 包住；薪资：3000-6000元/月,未注明,,58同城,2026-09-25 10:05:24,411627,太康县,周口市,2024-2026,58_太康县_2024_2026.csv
4051,王芷珊,直播运营,周口市,其他-太康其他,,,岗位：直播运营；标签：经验不限 / 学历不限；薪资：面议,学历不限,,58同城,2026-09-25 10:05:24,411627,太康县,周口市,2024-2026,58_太康县_2024_2026.csv
4052,王芷珊,主播经纪人,周口市,其他-太康其他,,,岗位：主播经纪人；标签：经验不限 / 学历不限；薪资：面议,学历不限,,58同城,2026-09-25 10:05:24,411627,太康县,周口市,2024-2026,58_太康县_2024_2026.csv
4053,招聘主管,汽车服务公司/汽车维修包住包吃,周口市,太康-其他,2000.0,10000.0,岗位：汽车服务公司/汽车维修包住包吃；标签：包住 / 包吃；薪资：2000-10000元/月,未注明,,58同城,2026-09-25 10:05:24,411627,太康县,周口市,2024-2026,58_太康县_2024_2026.csv
4054,吴先生,电子厂普工300一天包吃住印刷工,周口市,太康,8000.0,8500.0,岗位：电子厂普工300一天包吃住印刷工；标签：五险一金 / 包住 / 包吃；薪资：8000-8500元/月,未注明,,58同城,2026-09-25 10:05:24,411627,太康县,周口市,2024-2026,58_太康县_2024_2026.csv
4055,杨先生,电子厂印刷工月入8500手工活可预支,周口市,太康,8000.0,8500.0,岗位：电子厂印刷工月入8500手工活可预支；标签：五险一金 / 五险 / 包住 / 包吃；薪资：8000-8500元/月,未注明,,58同城,2026-09-25 10:05:24,411627,太康县,周口市,2024-2026,58_太康县_2024_2026.csv
4056,奋起直追的施同学,班车司机包住五险,周口市,太康,5900.0,6000.0,岗位：班车司机包住五险；标签：五险 / 包住；薪资：5900-6000元/月,未注明,,58同城,2026-09-25 10:05:24,411627,太康县,周口市,2024-2026,58_太康县_2024_2026.csv
4057,最爱收集落叶的娃,急招商务司机给公司开车薪资待遇好,周口市,太康,5900.0,6000.0,岗位：急招商务司机给公司开车薪资待遇好；标签：包住 / 加班补助 / 房补；薪资：5900-6000元/月,未注明,,58同城,2026-09-25 10:05:24,411627,太康县,周口市,2024-2026,58_太康县_2024_2026.csv
4058,捡石子的乐乐,居家审核员五险齐全周末双休,周口市,太康-城区,5000.0,8000.0,岗位：居家审核员五险齐全周末双休；标签：五险一金 / 包吃 / 包住 / 周末双休；薪资：5000-8000元/月,未注明,,58同城,2026-09-25 10:05:24,411627,太康县,周口市,2024-2026,58_太康县_2024_2026.csv
4059,种多肉的徐小绿,急招司机福利待遇好,周口市,太康,5500.0,6000.0,岗位：急招司机福利待遇好；标签：招16人 / 经验不限 / 学历不限；薪资：5500-6000元/月,学历不限,16.0,58同城,2026-09-25 10:05:24,411627,太康县,周口市,2024-2026,58_太康县_2024_2026.csv
4060,张先生,缝纫工,周口市,太康-城区,3000.0,5000.0,岗位：缝纫工；标签：经验不限 / 学历不限；薪资：3000-5000元/月,学历不限,,58同城,2026-09-25 10:05:24,411627,太康县,周口市,2024-2026,58_太康县_2024_2026.csv
4061,龚女士,美容店采耳师4千起,周口市,太康-城区,4000.0,8000.0,岗位：美容店采耳师4千起；标签：招4人 / 经验1年以下 / 学历不限；薪资：4000-8000元/月,学历不限,4.0,58同城,2026-09-25 10:05:24,411627,太康县,周口市,2024-2026,58_太康县_2024_2026.csv
4062,将来,生物科技公司/生物学研究人员本科,周口市,太康,3000.0,4500.0,岗位：生物科技公司/生物学研究人员本科；标签：饭补；薪资：3000-4500元/月,未注明,,58同城,2026-09-25 10:05:24,411627,太康县,周口市,2024-2026,58_太康县_2024_2026.csv
4063,黄女士,小吃/快餐店长2500起,周口市,城区-太康城区,2500.0,3500.0,岗位：小吃/快餐店长2500起；标签：经验不限 / 学历不限；薪资：2500-3500元/月,学历不限,,58同城,2026-09-25 10:05:24,411627,太康县,周口市,2024-2026,58_太康县_2024_2026.csv
4064,迅兔科技,物流客服专员,周口市,鹿邑,3000.0,5000.0,岗位：物流客服专员；标签：招5人 / 经验不限 / 学历中专；薪资：3000-5000元/月,中专/中技,5.0,58同城,2026-09-25 10:08:26,411628,鹿邑县,周口市,2024-2026,58_鹿邑县_2024_2026.csv
4065,迅兔科技,物流跟单售后客服,周口市,鹿邑,3000.0,5000.0,岗位：物流跟单售后客服；标签：招5人 / 经验不限 / 学历中专；薪资：3000-5000元/月,中专/中技,5.0,58同城,2026-09-25 10:08:26,411628,鹿邑县,周口市,2024-2026,58_鹿邑县_2024_2026.csv
4066,张先生,鹿邑培训机构聘教务老师 小程序,周口市,鹿邑-其他,2500.0,4500.0,岗位：鹿邑培训机构聘教务老师 小程序；标签：包住 / 话补；薪资：2500-4500元/月,未注明,,58同城,2026-09-25 10:08:26,411628,鹿邑县,周口市,2024-2026,58_鹿邑县_2024_2026.csv
4067,张先生,鹿邑培训机构前台老师,周口市,其他-鹿邑其他,3000.0,6000.0,岗位：鹿邑培训机构前台老师；标签：加班补助 / 话补 / 房补；薪资：3000-6000元/月,未注明,,58同城,2026-09-25 10:08:26,411628,鹿邑县,周口市,2024-2026,58_鹿邑县_2024_2026.csv
4068,爱追泡泡的宝宝,鹿邑工厂诚聘普工会开叉车55岁以下,周口市,鹿邑-其他,3000.0,5000.0,岗位：鹿邑工厂诚聘普工会开叉车55岁以下；标签：招5人 / 经验不限 / 学历不限；薪资：3000-5000元/月,学历不限,5.0,58同城,2026-09-25 10:08:26,411628,鹿邑县,周口市,2024-2026,58_鹿邑县_2024_2026.csv
4069,老练的胖大海,中餐厅后厨杂工3000,周口市,鹿邑-上清湖公园,2800.0,3000.0,岗位：中餐厅后厨杂工3000；标签：招3人 / 经验不限 / 学历不限；薪资：2800-3000元/月,学历不限,3.0,58同城,2026-09-25 10:08:26,411628,鹿邑县,周口市,2024-2026,58_鹿邑县_2024_2026.csv
4070,爱追泡泡的宝宝,鹿邑建材急聘普工/叉车工晚6点-凌晨3点,周口市,鹿邑-其他,3000.0,5000.0,岗位：鹿邑建材急聘普工/叉车工晚6点-凌晨3点；标签：招6人 / 经验不限 / 学历不限；薪资：3000-5000元/月,学历不限,6.0,58同城,2026-09-25 10:08:26,411628,鹿邑县,周口市,2024-2026,58_鹿邑县_2024_2026.csv
4071,张女士,保安门岗可带朋友,周口市,鹿邑-明道宫,4500.0,5000.0,岗位：保安门岗可带朋友；标签：五险 / 包住 / 包吃 / 加班补助；薪资：4500-5000元/月,未注明,,58同城,2026-09-25 10:08:26,411628,鹿邑县,周口市,2024-2026,58_鹿邑县_2024_2026.csv
4072,迅兔科技,财务综合内勤文员,周口市,鹿邑-明道宫,3000.0,4000.0,岗位：财务综合内勤文员；标签：招2人 / 经验1年以下 / 学历大专；薪资：3000-4000元/月,大专,2.0,58同城,2026-09-25 10:08:26,411628,鹿邑县,周口市,2024-2026,58_鹿邑县_2024_2026.csv
4073,杨磊,机械厂焊工包吃包住,周口市,其他-鹿邑其他,3000.0,5000.0,岗位：机械厂焊工包吃包住；标签：包住 / 包吃；薪资：3000-5000元/月,未注明,,58同城,2026-09-25 10:08:26,411628,鹿邑县,周口市,2024-2026,58_鹿邑县_2024_2026.csv
4074,胡先生,互联网科技公司运营经理/主管周末双休五险,周口市,鹿邑-其他,10000.0,15000.0,岗位：互联网科技公司运营经理/主管周末双休五险；标签：五险一金 / 周末双休；薪资：10000-15000元/月,未注明,,58同城,2026-09-25 10:08:26,411628,鹿邑县,周口市,2024-2026,58_鹿邑县_2024_2026.csv
4075,HH,物业/电梯工-学历经验不限,周口市,其他-鹿邑其他,2500.0,3000.0,岗位：物业/电梯工-学历经验不限；标签：招5人 / 经验不限 / 学历不限；薪资：2500-3000元/月,学历不限,5.0,58同城,2026-09-25 10:08:26,411628,鹿邑县,周口市,2024-2026,58_鹿邑县_2024_2026.csv
4076,胡先生,互联网科技公司运营经理/主管五险一金,周口市,鹿邑-其他,10000.0,20000.0,岗位：互联网科技公司运营经理/主管五险一金；标签：五险一金；薪资：10000-20000元/月,未注明,,58同城,2026-09-25 10:08:26,411628,鹿邑县,周口市,2024-2026,58_鹿邑县_2024_2026.csv
4077,左武杰,鹿邑县左杰电器电料配送门市部/销售专员/,周口市,其他-鹿邑其他,4000.0,6000.0,岗位：鹿邑县左杰电器电料配送门市部/销售专员/；标签：招4人 / 经验3-5年 / 学历高中；薪资：4000-6000元/月,高中,4.0,58同城,2026-09-25 10:08:26,411628,鹿邑县,周口市,2024-2026,58_鹿邑县_2024_2026.csv
4078,国民女神,物业/主管3500起,周口市,其他-鹿邑其他,3500.0,4500.0,岗位：物业/主管3500起；标签：招1人 / 经验1-2年 / 学历高中；薪资：3500-4500元/月,高中,1.0,58同城,2026-09-25 10:08:26,411628,鹿邑县,周口市,2024-2026,58_鹿邑县_2024_2026.csv
4079,甜甜的梦乡人,鹿邑楼梯经营部聘普工18-50岁可兼职,周口市,其他-鹿邑其他,3000.0,5000.0,岗位：鹿邑楼梯经营部聘普工18-50岁可兼职；标签：招2人 / 经验不限 / 学历不限；薪资：3000-5000元/月,学历不限,2.0,58同城,2026-09-25 10:08:26,411628,鹿邑县,周口市,2024-2026,58_鹿邑县_2024_2026.csv
4080,陈女士,276一天0费用扫码贴标工作简单一看就会,周口市,周口-鹿邑,6000.0,7500.0,岗位：276一天0费用扫码贴标工作简单一看就会；标签：五险一金 / 五险 / 包住 / 包吃；薪资：6000-7500元/月,未注明,,58同城,2026-09-25 10:08:26,411628,鹿邑县,周口市,2024-2026,58_鹿邑县_2024_2026.csv
4081,Boss,洗车店/洗车工2000起,周口市,鹿邑-其他,2000.0,4500.0,岗位：洗车店/洗车工2000起；标签：经验不限 / 学历不限；薪资：2000-4500元/月,学历不限,,58同城,2026-09-25 10:08:26,411628,鹿邑县,周口市,2024-2026,58_鹿邑县_2024_2026.csv
4082,黄酒鸡,餐饮收银,周口市,鹿邑-其他,2500.0,3500.0,岗位：餐饮收银；标签：包住 / 包吃；薪资：2500-3500元/月,未注明,,58同城,2026-09-25 10:08:26,411628,鹿邑县,周口市,2024-2026,58_鹿邑县_2024_2026.csv
4083,徐老师,贾庄小学早教/幼教加班补助周末双休包住,周口市,鹿邑-其他,2500.0,4500.0,岗位：贾庄小学早教/幼教加班补助周末双休包住；标签：包住 / 包吃 / 周末双休 / 加班补助；薪资：2500-4500元/月,未注明,,58同城,2026-09-25 10:08:26,411628,鹿邑县,周口市,2024-2026,58_鹿邑县_2024_2026.csv
4084,季总要跳水,店员/营业员,周口市,鹿邑,,,岗位：店员/营业员；标签：经验3-5年 / 学历不限；薪资：面议,学历不限,,58同城,2026-09-25 10:08:26,411628,鹿邑县,周口市,2024-2026,58_鹿邑县_2024_2026.csv
4085,罗先生,招中央空调安装学徒工,周口市,鹿邑-其他,2500.0,4500.0,岗位：招中央空调安装学徒工；标签：包吃；薪资：2500-4500元/月,未注明,,58同城,2026-09-25 10:08:26,411628,鹿邑县,周口市,2024-2026,58_鹿邑县_2024_2026.csv
4086,Y,洗鹅工,周口市,鹿邑-其他,2000.0,2500.0,岗位：洗鹅工；标签：经验不限 / 学历不限；薪资：2000-2500元/月,学历不限,,58同城,2026-09-25 10:08:26,411628,鹿邑县,周口市,2024-2026,58_鹿邑县_2024_2026.csv
4087,悄悄开花的花,酒馆服装销售2.5k起,周口市,鹿邑-其他,2500.0,3000.0,岗位：酒馆服装销售2.5k起；标签：加班补助；薪资：2500-3000元/月,未注明,,58同城,2026-09-25 10:08:26,411628,鹿邑县,周口市,2024-2026,58_鹿邑县_2024_2026.csv
4088,翻来覆去的虫,鹿邑县子敬美发店/美发助理/学徒2000,周口市,鹿邑-其他,2000.0,4000.0,岗位：鹿邑县子敬美发店/美发助理/学徒2000；标签：招1人 / 经验不限 / 学历不限；薪资：2000-4000元/月,学历不限,1.0,58同城,2026-09-25 10:08:26,411628,鹿邑县,周口市,2024-2026,58_鹿邑县_2024_2026.csv
4089,黄酒鸡,聘服务员,周口市,鹿邑-其他,2800.0,4500.0,岗位：聘服务员；标签：经验不限 / 学历不限；薪资：2800-4500元/月,学历不限,,58同城,2026-09-25 10:08:26,411628,鹿邑县,周口市,2024-2026,58_鹿邑县_2024_2026.csv
4090,翻来覆去的虫,鹿邑县子敬美发店/美发助理/学徒2千起,周口市,鹿邑-其他,2000.0,4000.0,岗位：鹿邑县子敬美发店/美发助理/学徒2千起；标签：招1人 / 经验不限 / 学历不限；薪资：2000-4000元/月,学历不限,1.0,58同城,2026-09-25 10:08:26,411628,鹿邑县,周口市,2024-2026,58_鹿邑县_2024_2026.csv
4091,李先生,店员/营业员,周口市,鹿邑,3000.0,6000.0,岗位：店员/营业员；标签：招5人 / 经验1-2年 / 学历不限；薪资：3000-6000元/月,学历不限,5.0,58同城,2026-09-25 10:08:26,411628,鹿邑县,周口市,2024-2026,58_鹿邑县_2024_2026.csv
4092,梁女士,美容师,周口市,鹿邑-其他,3000.0,5000.0,岗位：美容师；标签：招3人 / 经验1-2年 / 学历不限；薪资：3000-5000元/月,学历不限,3.0,58同城,2026-09-25 10:08:26,411628,鹿邑县,周口市,2024-2026,58_鹿邑县_2024_2026.csv
4093,李先生,验光配镜师,周口市,其他-鹿邑其他,2000.0,4000.0,岗位：验光配镜师；标签：招1人 / 经验不限 / 学历不限；薪资：2000-4000元/月,学历不限,1.0,58同城,2026-09-25 10:08:26,411628,鹿邑县,周口市,2024-2026,58_鹿邑县_2024_2026.csv
4094,杨先生,急招项城调料配送C本司机不装卸,周口市,周口-项城市,6000.0,8000.0,岗位：急招项城调料配送C本司机不装卸；标签：包住；薪资：6000-8000元/月,未注明,,58同城,2026-09-25 10:11:27,411681,项城市,周口市,2024-2026,58_项城市_2024_2026.csv
4095,刘先生,采云坊养生保健馆前台接待包吃住,周口市,项城市-市标,3000.0,5000.0,岗位：采云坊养生保健馆前台接待包吃住；标签：包住 / 包吃；薪资：3000-5000元/月,未注明,,58同城,2026-09-25 10:11:27,411681,项城市,周口市,2024-2026,58_项城市_2024_2026.csv
4096,爱踩水坑的程同学,直招货运司机/不装卸/包... 小程序,周口市,项城市-其他,6000.0,9500.0,岗位：直招货运司机/不装卸/包... 小程序；标签：包住 / 五险；薪资：6000-9500元/月,未注明,,58同城,2026-09-25 10:11:27,411681,项城市,周口市,2024-2026,58_项城市_2024_2026.csv
4097,李女士,月7k活轻松接受无经验包吃住人走账清,周口市,项城市-其他,6000.0,7500.0,岗位：月7k活轻松接受无经验包吃住人走账清；标签：五险一金 / 五险 / 包住 / 包吃；薪资：6000-7500元/月,未注明,,58同城,2026-09-25 10:11:27,411681,项城市,周口市,2024-2026,58_项城市_2024_2026.csv
4098,束先生,文化传媒公司主播年底双薪五险一金周末双休,周口市,项城,8000.0,12000.0,岗位：文化传媒公司主播年底双薪五险一金周末双休；标签：五险一金 / 包住 / 包吃 / 年底双薪；薪资：8000-12000元/月,未注明,,58同城,2026-09-25 10:11:27,411681,项城市,周口市,2024-2026,58_项城市_2024_2026.csv
4099,赵家成,加油站加油员/月工资3千左右,周口市,项城,3000.0,4000.0,岗位：加油站加油员/月工资3千左右；标签：招5人 / 经验1年以下 / 学历不限；薪资：3000-4000元/月,学历不限,5.0,58同城,2026-09-25 10:11:27,411681,项城市,周口市,2024-2026,58_项城市_2024_2026.csv
4100,姜老师,项城送百货不装卸c本司机,周口市,项城市-其他,6000.0,7000.0,岗位：项城送百货不装卸c本司机；标签：五险；薪资：6000-7000元/月,未注明,,58同城,2026-09-25 10:11:27,411681,项城市,周口市,2024-2026,58_项城市_2024_2026.csv
4101,赵家成,急招加油员/上一休一,周口市,项城,2500.0,3500.0,岗位：急招加油员/上一休一；标签：招5人 / 经验1年以下 / 学历不限；薪资：2500-3500元/月,学历不限,5.0,58同城,2026-09-25 10:11:27,411681,项城市,周口市,2024-2026,58_项城市_2024_2026.csv
4102,束先生,来个会唠嗑的主播，老板亲自带。,周口市,项城-市标,6000.0,8000.0,岗位：来个会唠嗑的主播，老板亲自带。；标签：交通补助 / 包吃；薪资：6000-8000元/月,未注明,,58同城,2026-09-25 10:11:27,411681,项城市,周口市,2024-2026,58_项城市_2024_2026.csv
4103,张女士,项城急招c1纯司机,周口市,项城市-其他,4300.0,8000.0,岗位：项城急招c1纯司机；标签：招1人 / 经验不限 / 学历不限；薪资：4300-8000元/月,学历不限,1.0,58同城,2026-09-25 10:11:27,411681,项城市,周口市,2024-2026,58_项城市_2024_2026.csv
4104,奔跑DE章总,台球俱乐部店员,周口市,其他-迎宾大道,2500.0,3000.0,岗位：台球俱乐部店员；标签：经验1-2年 / 学历大专；薪资：2500-3000元/月,大专,,58同城,2026-09-25 10:11:27,411681,项城市,周口市,2024-2026,58_项城市_2024_2026.csv
4105,陈先生,包装厂打包工2500起,周口市,项城市-其他,2500.0,4500.0,岗位：包装厂打包工2500起；标签：招10人 / 经验不限 / 学历不限；薪资：2500-4500元/月,学历不限,10.0,58同城,2026-09-25 10:11:27,411681,项城市,周口市,2024-2026,58_项城市_2024_2026.csv
4106,琳琳,餐饮店厨师/3千起,周口市,项城市-其他,5000.0,5500.0,岗位：餐饮店厨师/3千起；标签：经验1-2年 / 学历不限；薪资：5000-5500元/月,学历不限,,58同城,2026-09-25 10:11:27,411681,项城市,周口市,2024-2026,58_项城市_2024_2026.csv
4107,刘先生,采云坊养生保健馆按摩师包吃包住,周口市,项城市-市标,12000.0,15000.0,岗位：采云坊养生保健馆按摩师包吃包住；标签：包住 / 包吃；薪资：12000-15000元/月,未注明,,58同城,2026-09-25 10:11:27,411681,项城市,周口市,2024-2026,58_项城市_2024_2026.csv
4108,束先生,免费培训主播全职兼职都可,周口市,其他-迎宾大道,6000.0,12000.0,岗位：免费培训主播全职兼职都可；标签：招20人 / 经验不限 / 学历不限；薪资：6000-12000元/月,学历不限,20.0,58同城,2026-09-25 10:11:27,411681,项城市,周口市,2024-2026,58_项城市_2024_2026.csv
4109,侯女士,土菜馆服务员2500到3000,周口市,项城市-其他,2500.0,3000.0,岗位：土菜馆服务员2500到3000；标签：经验不限 / 学历不限；薪资：2500-3000元/月,学历不限,,58同城,2026-09-25 10:11:27,411681,项城市,周口市,2024-2026,58_项城市_2024_2026.csv
4110,束先生,招聘主播无才艺也可,周口市,其他-迎宾大道,4500.0,10000.0,岗位：招聘主播无才艺也可；标签：招20人 / 经验不限 / 学历不限；薪资：4500-10000元/月,学历不限,20.0,58同城,2026-09-25 10:11:27,411681,项城市,周口市,2024-2026,58_项城市_2024_2026.csv
4111,安途运输,货运公司C本司机6千起,周口市,其他-迎宾大道,6500.0,8000.0,岗位：货运公司C本司机6千起；标签：招10人 / 经验不限 / 学历不限；薪资：6500-8000元/月,学历不限,10.0,58同城,2026-09-25 10:11:27,411681,项城市,周口市,2024-2026,58_项城市_2024_2026.csv
4112,李女士,急招健身教练新手-包教会,周口市,周口-项城市,6000.0,12000.0,岗位：急招健身教练新手-包教会；标签：五险一金 / 包住 / 包吃；薪资：6000-12000元/月,未注明,,58同城,2026-09-25 10:11:27,411681,项城市,周口市,2024-2026,58_项城市_2024_2026.csv
4113,丁俊永,美咖美容美发店/美发助理/学徒年底双薪加,周口市,其他-迎宾大道,2000.0,2500.0,岗位：美咖美容美发店/美发助理/学徒年底双薪加；标签：加班补助 / 年底双薪 / 包吃；薪资：2000-2500元/月,未注明,,58同城,2026-09-25 10:11:27,411681,项城市,周口市,2024-2026,58_项城市_2024_2026.csv
4114,lisa,客服总监2500起/诚聘主播,周口市,项城市-其他,2500.0,4500.0,岗位：客服总监2500起/诚聘主播；标签：招1人 / 经验3-5年 / 学历不限；薪资：2500-4500元/月,学历不限,1.0,58同城,2026-09-25 10:11:27,411681,项城市,周口市,2024-2026,58_项城市_2024_2026.csv
4115,喜欢摸毛的爪,饮品店奶茶/饮品师3000起,周口市,项城市-其他,3000.0,4500.0,岗位：饮品店奶茶/饮品师3000起；标签：经验不限 / 学历不限；薪资：3000-4500元/月,学历不限,,58同城,2026-09-25 10:11:27,411681,项城市,周口市,2024-2026,58_项城市_2024_2026.csv
4116,张天中,五金厂焊工工作时间灵活,周口市,其他-迎宾大道,8000.0,12000.0,岗位：五金厂焊工工作时间灵活；标签：招3人 / 经验3-5年 / 学历不限；薪资：8000-12000元/月,学历不限,3.0,58同城,2026-09-25 10:11:27,411681,项城市,周口市,2024-2026,58_项城市_2024_2026.csv
4117,于先生,服装店员/营业员3千起,周口市,项城-市标,3000.0,5000.0,岗位：服装店员/营业员3千起；标签：加班补助；薪资：3000-5000元/月,未注明,,58同城,2026-09-25 10:11:27,411681,项城市,周口市,2024-2026,58_项城市_2024_2026.csv
4118,闻花香就开心的糖糖,青橙科技工作室/网络/在线客服3千起,周口市,项城市-其他,3000.0,8000.0,岗位：青橙科技工作室/网络/在线客服3千起；标签：经验不限 / 学历不限；薪资：3000-8000元/月,学历不限,,58同城,2026-09-25 10:11:27,411681,项城市,周口市,2024-2026,58_项城市_2024_2026.csv
4119,陈先生,缝纫工工作时间灵,周口市,项城市-其他,3000.0,6000.0,岗位：缝纫工工作时间灵；标签：招100人 / 经验不限 / 学历不限；薪资：3000-6000元/月,学历不限,100.0,58同城,2026-09-25 10:11:27,411681,项城市,周口市,2024-2026,58_项城市_2024_2026.csv
4120,丁俊永,烫染技师,周口市,其他-迎宾大道,1500.0,2400.0,岗位：烫染技师；标签：包吃 / 年底双薪 / 加班补助 / 饭补；薪资：1500-2400元/月,未注明,,58同城,2026-09-25 10:11:27,411681,项城市,周口市,2024-2026,58_项城市_2024_2026.csv
4121,李先生,河南鹿帆纺织有限公司挡车工包住包吃,周口市,项城市-其他,4000.0,10000.0,岗位：河南鹿帆纺织有限公司挡车工包住包吃；标签：包住 / 包吃 / 加班补助；薪资：4000-10000元/月,未注明,,58同城,2026-09-25 10:11:27,411681,项城市,周口市,2024-2026,58_项城市_2024_2026.csv
4122,令人欣慰de翟同学,制衣厂裁剪工包住包吃,周口市,项城市-其他,5000.0,7000.0,岗位：制衣厂裁剪工包住包吃；标签：包住 / 包吃；薪资：5000-7000元/月,未注明,,58同城,2026-09-25 10:11:27,411681,项城市,周口市,2024-2026,58_项城市_2024_2026.csv
4123,张晨晨,一辰理发店/发型师包吃包住,周口市,项城市-其他,3000.0,4500.0,岗位：一辰理发店/发型师包吃包住；标签：包住 / 包吃；薪资：3000-4500元/月,未注明,,58同城,2026-09-25 10:11:27,411681,项城市,周口市,2024-2026,58_项城市_2024_2026.csv
4124,爱捡石头的谢同学,项城货运司机包吃饭补话补,周口市,周口-淮阳,5500.0,8000.0,岗位：项城货运司机包吃饭补话补；标签：包吃 / 饭补 / 话补；薪资：5500-8000元/月,未注明,,58同城,2026-09-25 10:12:39,411681,项城市,周口市,2024-2026,58_项城市_2024_2026.csv
4125,,大禹水电·建筑维修 服务区域：川汇、项城市、沈丘、淮阳、郸城...,周口市,项城市,,,岗位：大禹水电·建筑维修 服务区域：川汇、项城市、沈丘、淮阳、郸城...,未注明,,58同城,2026-09-25 10:14:12,411681,项城市,周口市,2024-2026,58_项城市_2024_2026.csv
4126,,盘锦妙安医疗·租车 服务区域：川汇、项城市、沈丘、淮阳、郸城...,周口市,项城市,,,岗位：盘锦妙安医疗·租车 服务区域：川汇、项城市、沈丘、淮阳、郸城...,未注明,,58同城,2026-09-25 10:14:12,411681,项城市,周口市,2024-2026,58_项城市_2024_2026.csv
4127,,安心物流·同城配送 服务区域：川汇、项城市、沈丘、淮阳、郸城...,周口市,项城市,,,岗位：安心物流·同城配送 服务区域：川汇、项城市、沈丘、淮阳、郸城...,未注明,,58同城,2026-09-25 10:14:12,411681,项城市,周口市,2024-2026,58_项城市_2024_2026.csv
4128,,周口租车·租车 服务区域：川汇、项城市、沈丘、淮阳、郸城...,周口市,项城市,,,岗位：周口租车·租车 服务区域：川汇、项城市、沈丘、淮阳、郸城...,未注明,,58同城,2026-09-25 10:14:12,411681,项城市,周口市,2024-2026,58_项城市_2024_2026.csv
4129,,豫信礼品回收·全城服务 服务区域：川汇、项城市、沈丘、淮阳、郸城...,周口市,项城市,,,岗位：豫信礼品回收·全城服务 服务区域：川汇、项城市、沈丘、淮阳、郸城...,未注明,,58同城,2026-09-25 10:14:12,411681,项城市,周口市,2024-2026,58_项城市_2024_2026.csv
4130,,金牌商家·汽车维修保养 服务区域：川汇、项城市、沈丘、淮阳、郸城...,周口市,项城市,,,岗位：金牌商家·汽车维修保养 服务区域：川汇、项城市、沈丘、淮阳、郸城...,未注明,,58同城,2026-09-25 10:14:12,411681,项城市,周口市,2024-2026,58_项城市_2024_2026.csv
4131,,湖北凯航重工装备·租车 服务区域：川汇、项城市、沈丘、淮阳、郸城...,周口市,项城市,,,岗位：湖北凯航重工装备·租车 服务区域：川汇、项城市、沈丘、淮阳、郸城...,未注明,,58同城,2026-09-25 10:14:12,411681,项城市,周口市,2024-2026,58_项城市_2024_2026.csv
4132,,周三勺传承当家菜·美食 服务区域：川汇、项城市、沈丘、淮阳、郸城...,周口市,项城市,,,岗位：周三勺传承当家菜·美食 服务区域：川汇、项城市、沈丘、淮阳、郸城...,未注明,,58同城,2026-09-25 10:14:12,411681,项城市,周口市,2024-2026,58_项城市_2024_2026.csv
4133,,周口美食·美食 服务区域：川汇、项城市、沈丘、淮阳、郸城...,周口市,项城市,,,岗位：周口美食·美食 服务区域：川汇、项城市、沈丘、淮阳、郸城...,未注明,,58同城,2026-09-25 10:14:12,411681,项城市,周口市,2024-2026,58_项城市_2024_2026.csv
4134,,森烽厨具电器回收·酒店厨房设备 服务区域：川汇、项城市、沈丘、淮阳、郸城...,周口市,项城市,,,岗位：森烽厨具电器回收·酒店厨房设备 服务区域：川汇、项城市、沈丘、淮阳、郸城...,未注明,,58同城,2026-09-25 10:14:12,411681,项城市,周口市,2024-2026,58_项城市_2024_2026.csv
4135,,赣州蓉江新区潭口镇兰菲商行·外卖 服务区域：川汇、项城市、沈丘、淮阳、郸城...,周口市,项城市,,,岗位：赣州蓉江新区潭口镇兰菲商行·外卖 服务区域：川汇、项城市、沈丘、淮阳、郸城...,未注明,,58同城,2026-09-25 10:14:12,411681,项城市,周口市,2024-2026,58_项城市_2024_2026.csv
4136,李女士,水洢坊养生馆/美体师包住wifi空调,驻马店市,驻马店-西平,6000.0,12000.0,岗位：水洢坊养生馆/美体师包住wifi空调；标签：包住 / 包吃；薪资：6000-12000元/月,未注明,,58同城,2026-09-25 10:14:28,411721,西平县,驻马店市,2024-2026,58_西平县_2024_2026.csv
4137,爱爬山DE全总,其他职位,驻马店市,驻马店-西平,2000.0,5000.0,岗位：其他职位；标签：经验不限 / 学历不限；薪资：2000-5000元/月,学历不限,,58同城,2026-09-25 10:14:28,411721,西平县,驻马店市,2024-2026,58_西平县_2024_2026.csv
4138,李女士,水洢坊养生馆/美体师包吃... 小程序,驻马店市,驻马店-西平,6000.0,12000.0,岗位：水洢坊养生馆/美体师包吃... 小程序；标签：包住 / 包吃；薪资：6000-12000元/月,未注明,,58同城,2026-09-25 10:14:28,411721,西平县,驻马店市,2024-2026,58_西平县_2024_2026.csv
4139,于先生,婚恋顾问(西平县)底薪4000社保不外出,驻马店市,西平-柏城商场,4000.0,8000.0,岗位：婚恋顾问(西平县)底薪4000社保不外出；标签：话补；薪资：4000-8000元/月,未注明,,58同城,2026-09-25 10:14:28,411721,西平县,驻马店市,2024-2026,58_西平县_2024_2026.csv
4140,5ukc3s,亿冷环保科技有限公司店员/营业员学历经验,驻马店市,驻马店-西平,2000.0,5000.0,岗位：亿冷环保科技有限公司店员/营业员学历经验；标签：招1人 / 经验不限 / 学历不限；薪资：2000-5000元/月,学历不限,1.0,58同城,2026-09-25 10:14:28,411721,西平县,驻马店市,2024-2026,58_西平县_2024_2026.csv
4141,爱检查DE施师傅,艺尚建材部后勤/2500起,驻马店市,驻马店-西平,2500.0,3500.0,岗位：艺尚建材部后勤/2500起；标签：经验不限 / 学历不限；薪资：2500-3500元/月,学历不限,,58同城,2026-09-25 10:14:28,411721,西平县,驻马店市,2024-2026,58_西平县_2024_2026.csv
4142,待完善,西平县纪伟电器经营店店员3千起,驻马店市,驻马店-西平,3000.0,5000.0,岗位：西平县纪伟电器经营店店员3千起；标签：招10人 / 经验不限 / 学历不限；薪资：3000-5000元/月,学历不限,10.0,58同城,2026-09-25 10:14:28,411721,西平县,驻马店市,2024-2026,58_西平县_2024_2026.csv
4143,胡强,西平县索菲亚定制家具店工程监理学历不限,驻马店市,驻马店-西平,2000.0,6000.0,岗位：西平县索菲亚定制家具店工程监理学历不限；标签：经验1年以下 / 学历不限；薪资：2000-6000元/月,学历不限,,58同城,2026-09-25 10:14:28,411721,西平县,驻马店市,2024-2026,58_西平县_2024_2026.csv
4144,昭阳,电力组装/装配工包住加班补助,驻马店市,西平-柏城商场,4000.0,5000.0,岗位：电力组装/装配工包住加班补助；标签：包住 / 加班补助；薪资：4000-5000元/月,未注明,,58同城,2026-09-25 10:14:28,411721,西平县,驻马店市,2024-2026,58_西平县_2024_2026.csv
4145,踮脚看星星的豆豆,网络/在线客服,驻马店市,驻马店-西平,2500.0,5000.0,岗位：网络/在线客服；标签：经验不限 / 学历不限；薪资：2500-5000元/月,学历不限,,58同城,2026-09-25 10:14:28,411721,西平县,驻马店市,2024-2026,58_西平县_2024_2026.csv
4146,用户55184,便利店店员/营业员学历高中,驻马店市,西平-喜盈门生活广场,2000.0,2500.0,岗位：便利店店员/营业员学历高中；标签：加班补助；薪资：2000-2500元/月,未注明,,58同城,2026-09-25 10:14:28,411721,西平县,驻马店市,2024-2026,58_西平县_2024_2026.csv
4147,胡强,索菲亚定制家具店/短视频运营学历经验不限,驻马店市,驻马店-西平,2000.0,3000.0,岗位：索菲亚定制家具店/短视频运营学历经验不限；标签：经验不限 / 学历不限；薪资：2000-3000元/月,学历不限,,58同城,2026-09-25 10:14:28,411721,西平县,驻马店市,2024-2026,58_西平县_2024_2026.csv
4148,李照辉,视频剪辑,驻马店市,驻马店-西平,3000.0,7000.0,岗位：视频剪辑；标签：饭补；薪资：3000-7000元/月,未注明,,58同城,2026-09-25 10:14:28,411721,西平县,驻马店市,2024-2026,58_西平县_2024_2026.csv
4149,逗猫玩的赵小妹,西平驰龙植保机械有限公司运营专员最低薪资,驻马店市,驻马店-西平,2500.0,5000.0,岗位：西平驰龙植保机械有限公司运营专员最低薪资；标签：经验1-2年 / 学历不限；薪资：2500-5000元/月,学历不限,,58同城,2026-09-25 10:14:28,411721,西平县,驻马店市,2024-2026,58_西平县_2024_2026.csv
4150,许先生,西平诚招酒店店长,驻马店市,驻马店-西平,3500.0,6000.0,岗位：西平诚招酒店店长；标签：招5人 / 经验1年以下 / 学历不限；薪资：3500-6000元/月,学历不限,5.0,58同城,2026-09-25 10:14:28,411721,西平县,驻马店市,2024-2026,58_西平县_2024_2026.csv
4151,范女士,店员/营业员3k起,驻马店市,驻马店-西平,3000.0,6000.0,岗位：店员/营业员3k起；标签：招10人 / 经验不限 / 学历不限；薪资：3000-6000元/月,学历不限,10.0,58同城,2026-09-25 10:14:28,411721,西平县,驻马店市,2024-2026,58_西平县_2024_2026.csv
4152,杨女士,上五休二月薪8千（五险一金）普工可短期,驻马店市,西平-柏城商场,8000.0,8500.0,岗位：上五休二月薪8千（五险一金）普工可短期；标签：五险一金 / 五险 / 包住 / 包吃；薪资：8000-8500元/月,未注明,,58同城,2026-09-25 10:14:28,411721,西平县,驻马店市,2024-2026,58_西平县_2024_2026.csv
4153,爱游泳的金博士,电动车/摩托车维修,驻马店市,西平-喜盈门生活广场,3000.0,8000.0,岗位：电动车/摩托车维修；标签：经验不限 / 学历不限；薪资：3000-8000元/月,学历不限,,58同城,2026-09-25 10:14:28,411721,西平县,驻马店市,2024-2026,58_西平县_2024_2026.csv
4154,177******56_bmp,店长,驻马店市,驻马店-西平,3000.0,4500.0,岗位：店长；标签：经验1-2年 / 学历不限；薪资：3000-4500元/月,学历不限,,58同城,2026-09-25 10:14:28,411721,西平县,驻马店市,2024-2026,58_西平县_2024_2026.csv
4155,毛先生,顺丰收派员（驻马店西平县）,驻马店市,驻马店-西平,4000.0,6000.0,岗位：顺丰收派员（驻马店西平县）；标签：招10人 / 经验不限 / 学历高中；薪资：4000-6000元/月,高中,10.0,58同城,2026-09-25 10:14:28,411721,西平县,驻马店市,2024-2026,58_西平县_2024_2026.csv
4156,roker_f1,监控弱电施工,驻马店市,西平-柏城商场,2000.0,4500.0,岗位：监控弱电施工；标签：招2人 / 经验不限 / 学历不限；薪资：2000-4500元/月,学历不限,2.0,58同城,2026-09-25 10:14:28,411721,西平县,驻马店市,2024-2026,58_西平县_2024_2026.csv
4157,心里难过的温老板,诊所口腔医生2500起,驻马店市,驻马店-西平,2500.0,5000.0,岗位：诊所口腔医生2500起；标签：加班补助；薪资：2500-5000元/月,未注明,,58同城,2026-09-25 10:14:28,411721,西平县,驻马店市,2024-2026,58_西平县_2024_2026.csv
4158,爱捏橡皮泥的刘小团,药店执业药师3000起,驻马店市,驻马店-西平,3000.0,4000.0,岗位：药店执业药师3000起；标签：经验不限 / 学历大专；薪资：3000-4000元/月,大专,,58同城,2026-09-25 10:14:28,411721,西平县,驻马店市,2024-2026,58_西平县_2024_2026.csv
4159,Tiuo,艺术培训公司/舞蹈老师/2千起,驻马店市,西平-喜盈门生活广场,2000.0,8000.0,岗位：艺术培训公司/舞蹈老师/2千起；标签：经验1-2年 / 学历不限；薪资：2000-8000元/月,学历不限,,58同城,2026-09-25 10:14:28,411721,西平县,驻马店市,2024-2026,58_西平县_2024_2026.csv
4160,俞女士,教育培训校长（熟悉小学产品）,驻马店市,驻马店-西平,15000.0,20000.0,岗位：教育培训校长（熟悉小学产品）；标签：招1人 / 经验不限 / 学历本科；薪资：15000-20000元/月,本科,1.0,58同城,2026-09-25 10:14:28,411721,西平县,驻马店市,2024-2026,58_西平县_2024_2026.csv
4161,陈女士,门岗保安包吃住待遇好,驻马店市,驻马店-西平,4500.0,5000.0,岗位：门岗保安包吃住待遇好；标签：五险一金 / 包住 / 包吃 / 年底双薪；薪资：4500-5000元/月,未注明,,58同城,2026-09-25 10:14:28,411721,西平县,驻马店市,2024-2026,58_西平县_2024_2026.csv
4162,刘女士,普工蓝牙耳机/芯片打包-管吃住坐班白班,驻马店市,西平-柏城商场,5500.0,7500.0,岗位：普工蓝牙耳机/芯片打包-管吃住坐班白班；标签：五险一金 / 包住 / 包吃 / 交通补助；薪资：5500-7500元/月,未注明,,58同城,2026-09-25 10:14:28,411721,西平县,驻马店市,2024-2026,58_西平县_2024_2026.csv
4163,招聘主管,诚聘康复医学科人员,驻马店市,驻马店-西平,3500.0,4500.0,岗位：诚聘康复医学科人员；标签：招10人 / 经验1年以下 / 学历中专；薪资：3500-4500元/月,中专/中技,10.0,58同城,2026-09-25 10:14:28,411721,西平县,驻马店市,2024-2026,58_西平县_2024_2026.csv
4164,张先生,急招健身教练无经验可培养,驻马店市,驻马店-西平,6000.0,12000.0,岗位：急招健身教练无经验可培养；标签：包住 / 五险；薪资：6000-12000元/月,未注明,,58同城,2026-09-25 10:14:28,411721,西平县,驻马店市,2024-2026,58_西平县_2024_2026.csv
4165,郭先生,小区门厅保安坐岗轻松包吃住可预支,驻马店市,西平-柏城商场,4500.0,5000.0,岗位：小区门厅保安坐岗轻松包吃住可预支；标签：五险一金 / 包住 / 五险 / 包吃；薪资：4500-5000元/月,未注明,,58同城,2026-09-25 10:14:28,411721,西平县,驻马店市,2024-2026,58_西平县_2024_2026.csv
4166,张先生,电子厂普工/操作工饭补包住包吃,驻马店市,驻马店-驿城,5500.0,7000.0,岗位：电子厂普工/操作工饭补包住包吃；标签：包住 / 包吃 / 加班补助 / 饭补；薪资：5500-7000元/月,未注明,,58同城,2026-09-25 10:14:36,411721,西平县,驻马店市,2024-2026,58_西平县_2024_2026.csv
4167,张女士,诚招招聘专员,驻马店市,驻马店-驿城,3000.0,4500.0,岗位：诚招招聘专员；标签：招10人 / 经验不限 / 学历大专；薪资：3000-4500元/月,大专,10.0,58同城,2026-09-25 10:14:36,411721,西平县,驻马店市,2024-2026,58_西平县_2024_2026.csv
4168,爱泡温泉的汤,其他职位 小程序,驻马店市,驻马店-驿城,2000.0,4000.0,岗位：其他职位 小程序；标签：经验不限 / 学历不限；薪资：2000-4000元/月,学历不限,,58同城,2026-09-25 10:14:36,411721,西平县,驻马店市,2024-2026,58_西平县_2024_2026.csv
4169,张女士,诚招人事助理,驻马店市,驿城-天中广场,2500.0,5000.0,岗位：诚招人事助理；标签：招5人 / 经验不限 / 学历不限；薪资：2500-5000元/月,学历不限,5.0,58同城,2026-09-25 10:14:36,411721,西平县,驻马店市,2024-2026,58_西平县_2024_2026.csv
4170,武女士,上蔡县诚招运营10000加,驻马店市,驻马店-上蔡,4000.0,10000.0,岗位：上蔡县诚招运营10000加；标签：招5人 / 经验1-2年 / 学历不限；薪资：4000-10000元/月,学历不限,5.0,58同城,2026-09-25 10:14:36,411721,西平县,驻马店市,2024-2026,58_西平县_2024_2026.csv
4171,王先生,小区巡逻坐岗保安有空调,驻马店市,驻马店-驿城,4500.0,5000.0,岗位：小区巡逻坐岗保安有空调；标签：五险 / 包住 / 包吃；薪资：4500-5000元/月,未注明,,58同城,2026-09-25 10:14:36,411721,西平县,驻马店市,2024-2026,58_西平县_2024_2026.csv
4172,王先生,物业公司保安/包吃包住五险,驻马店市,驻马店-驿城,4500.0,5000.0,岗位：物业公司保安/包吃包住五险；标签：五险 / 包住 / 包吃；薪资：4500-5000元/月,未注明,,58同城,2026-09-25 10:14:36,411721,西平县,驻马店市,2024-2026,58_西平县_2024_2026.csv
4173,月亮下数蚂蚁,食品/鸡排店店员/营业员,驻马店市,上蔡-老汽车站,2500.0,3000.0,岗位：食品/鸡排店店员/营业员；标签：招2人 / 经验不限 / 学历不限；薪资：2500-3000元/月,学历不限,2.0,58同城,2026-09-25 10:14:36,411721,西平县,驻马店市,2024-2026,58_西平县_2024_2026.csv
4174,马女士,道路收费员/五险一金/包吃住,驻马店市,驻马店-平舆,4000.0,4500.0,岗位：道路收费员/五险一金/包吃住；标签：五险一金 / 包住 / 包吃 / 加班补助；薪资：4000-4500元/月,未注明,,58同城,2026-09-25 10:14:36,411721,西平县,驻马店市,2024-2026,58_西平县_2024_2026.csv
4175,尼先生,上蔡诚聘饮品店店长5千加,驻马店市,驻马店周边-其他,4000.0,7000.0,岗位：上蔡诚聘饮品店店长5千加；标签：招2人 / 经验1年以下 / 学历不限；薪资：4000-7000元/月,学历不限,2.0,58同城,2026-09-25 10:14:36,411721,西平县,驻马店市,2024-2026,58_西平县_2024_2026.csv
4176,陈先生,室内保安包吃住可带手机,驻马店市,驻马店-新蔡,4500.0,5000.0,岗位：室内保安包吃住可带手机；标签：五险 / 包住 / 包吃 / 年底双薪；薪资：4500-5000元/月,未注明,,58同城,2026-09-25 10:14:36,411721,西平县,驻马店市,2024-2026,58_西平县_2024_2026.csv
4177,招聘专员,在线客服居家兼职操作简单,驻马店市,驿城-丹尼斯,4500.0,5700.0,岗位：在线客服居家兼职操作简单；标签：五险一金；薪资：4500-5700元/月,未注明,,58同城,2026-09-25 10:14:36,411721,西平县,驻马店市,2024-2026,58_西平县_2024_2026.csv
4178,康老板想诉说,奶茶/饮品师,驻马店市,驻马店周边-其他,3000.0,5000.0,岗位：奶茶/饮品师；标签：经验不限 / 学历不限；薪资：3000-5000元/月,学历不限,,58同城,2026-09-25 10:14:36,411721,西平县,驻马店市,2024-2026,58_西平县_2024_2026.csv
4179,尼先生,上蔡诚招饮品店店长5千加,驻马店市,驻马店周边-其他,5000.0,7000.0,岗位：上蔡诚招饮品店店长5千加；标签：招2人 / 经验不限 / 学历不限；薪资：5000-7000元/月,学历不限,2.0,58同城,2026-09-25 10:14:36,411721,西平县,驻马店市,2024-2026,58_西平县_2024_2026.csv
4180,蘑菇撑小伞,上蔡诚招会计5千加五险一金包吃住,驻马店市,驻马店-上蔡,4500.0,6000.0,岗位：上蔡诚招会计5千加五险一金包吃住；标签：五险一金；薪资：4500-6000元/月,未注明,,58同城,2026-09-25 10:14:36,411721,西平县,驻马店市,2024-2026,58_西平县_2024_2026.csv
4181,黔先生,采购专员在家供应商资料整理,驻马店市,驿城-丹尼斯,4200.0,5600.0,岗位：采购专员在家供应商资料整理；标签：五险一金；薪资：4200-5600元/月,未注明,,58同城,2026-09-25 10:14:36,411721,西平县,驻马店市,2024-2026,58_西平县_2024_2026.csv
4182,慢吞吞的小蜗牛,木火餐饮招聘后厨帮工,驻马店市,驿城-丹尼斯,3000.0,3500.0,岗位：木火餐饮招聘后厨帮工；标签：招5人 / 经验不限 / 学历不限；薪资：3000-3500元/月,学历不限,5.0,58同城,2026-09-25 10:14:36,411721,西平县,驻马店市,2024-2026,58_西平县_2024_2026.csv
4183,黔先生,网络客服居家办公轻松上手,驻马店市,驿城-丹尼斯,4600.0,5700.0,岗位：网络客服居家办公轻松上手；标签：五险一金；薪资：4600-5700元/月,未注明,,58同城,2026-09-25 10:14:36,411721,西平县,驻马店市,2024-2026,58_西平县_2024_2026.csv
4184,潘先生,诚聘人事助理3千加待遇好,驻马店市,驻马店-驿城,3000.0,5000.0,岗位：诚聘人事助理3千加待遇好；标签：经验不限 / 学历大专；薪资：3000-5000元/月,大专,,58同城,2026-09-25 10:14:36,411721,西平县,驻马店市,2024-2026,58_西平县_2024_2026.csv
4185,悄悄许个心愿,餐饮收银,驻马店市,驻马店-泌阳,2000.0,3000.0,岗位：餐饮收银；标签：经验不限 / 学历不限；薪资：2000-3000元/月,学历不限,,58同城,2026-09-25 10:14:36,411721,西平县,驻马店市,2024-2026,58_西平县_2024_2026.csv
4186,黔先生,运营五险双休线上来做,驻马店市,驿城-丹尼斯,4600.0,5400.0,岗位：运营五险双休线上来做；标签：五险一金；薪资：4600-5400元/月,未注明,,58同城,2026-09-25 10:14:36,411721,西平县,驻马店市,2024-2026,58_西平县_2024_2026.csv
4187,总哼小曲的阿霞,市区电子厂普工6000-7000,驻马店市,驻马店-驿城,6000.0,7000.0,岗位：市区电子厂普工6000-7000；标签：包住 / 包吃；薪资：6000-7000元/月,未注明,,58同城,2026-09-25 10:14:36,411721,西平县,驻马店市,2024-2026,58_西平县_2024_2026.csv
4188,招聘专员,客房保洁,驻马店市,驻马店周边-其他,2500.0,4500.0,岗位：客房保洁；标签：经验不限 / 学历不限；薪资：2500-4500元/月,学历不限,,58同城,2026-09-25 10:14:36,411721,西平县,驻马店市,2024-2026,58_西平县_2024_2026.csv
4189,大道朝天,商超/零售店员/营业员3000起,驻马店市,驻马店-平舆,3000.0,6000.0,岗位：商超/零售店员/营业员3000起；标签：招3人 / 经验1-2年 / 学历不限；薪资：3000-6000元/月,学历不限,3.0,58同城,2026-09-25 10:14:36,411721,西平县,驻马店市,2024-2026,58_西平县_2024_2026.csv
4190,王先生,薄薄饼小吃女后厨杂工/3千起,驻马店市,驻马店-驿城,3000.0,6000.0,岗位：薄薄饼小吃女后厨杂工/3千起；标签：招5人 / 经验不限 / 学历不限；薪资：3000-6000元/月,学历不限,5.0,58同城,2026-09-25 10:14:36,411721,西平县,驻马店市,2024-2026,58_西平县_2024_2026.csv
4191,毅然闵老板E,餐饮店店员/营业员2000起,驻马店市,驻马店周边-其他,2000.0,3000.0,岗位：餐饮店店员/营业员2000起；标签：包吃；薪资：2000-3000元/月,未注明,,58同城,2026-09-25 10:14:36,411721,西平县,驻马店市,2024-2026,58_西平县_2024_2026.csv
4192,闫女士,营业员/NPC,驻马店市,驻马店-确山,2500.0,3000.0,岗位：营业员/NPC；标签：经验不限 / 学历不限；薪资：2500-3000元/月,学历不限,,58同城,2026-09-25 10:14:36,411721,西平县,驻马店市,2024-2026,58_西平县_2024_2026.csv
4193,军,养老院护工/护理包吃包住,驻马店市,驻马店-驿城,3000.0,4000.0,岗位：养老院护工/护理包吃包住；标签：包住 / 包吃；薪资：3000-4000元/月,未注明,,58同城,2026-09-25 10:14:36,411721,西平县,驻马店市,2024-2026,58_西平县_2024_2026.csv
4194,毅然闵老板E,小吃店服务员/2000起,驻马店市,驻马店周边-其他,2000.0,4000.0,岗位：小吃店服务员/2000起；标签：饭补；薪资：2000-4000元/月,未注明,,58同城,2026-09-25 10:14:36,411721,西平县,驻马店市,2024-2026,58_西平县_2024_2026.csv
4195,陈亚辉,艾唯诺理发店/美发助理/学徒2k起,驻马店市,驻马店-驿城,2000.0,2500.0,岗位：艾唯诺理发店/美发助理/学徒2k起；标签：包吃；薪资：2000-2500元/月,未注明,,58同城,2026-09-25 10:14:36,411721,西平县,驻马店市,2024-2026,58_西平县_2024_2026.csv
4196,李女士,水洢坊养生馆/美体师包吃包住免费工服,驻马店市,驻马店-西平,6000.0,12000.0,岗位：水洢坊养生馆/美体师包吃包住免费工服；标签：包住 / 包吃；薪资：6000-12000元/月,未注明,,58同城,2026-09-25 10:15:20,411721,西平县,驻马店市,2024-2026,58_西平县_2024_2026.csv
4197,恒铁轨道人事部,招聘驻1马店站安检员五险一金管吃住带薪休,驻马店市,驻马店-西平,5500.0,6000.0,岗位：招聘驻1马店站安检员五险一金管吃住带薪休；标签：五险一金 / 加班补助 / 五险 / 饭补；薪资：5500-6000元/月,未注明,,58同城,2026-09-25 10:15:49,411721,西平县,驻马店市,2024-2026,58_西平县_2024_2026.csv
4198,李女士,水洢坊养生馆/美体师包住... 小程序,驻马店市,驻马店-西平,6000.0,12000.0,岗位：水洢坊养生馆/美体师包住... 小程序；标签：包住 / 包吃；薪资：6000-12000元/月,未注明,,58同城,2026-09-25 10:16:52,411721,西平县,驻马店市,2024-2026,58_西平县_2024_2026.csv
4199,李女士,西平县丸碧美容诚招美容师4千起,驻马店市,西平-喜盈门生活广场,4000.0,6000.0,岗位：西平县丸碧美容诚招美容师4千起；标签：招5人 / 经验不限 / 学历不限；薪资：4000-6000元/月,学历不限,5.0,58同城,2026-09-25 10:16:52,411721,西平县,驻马店市,2024-2026,58_西平县_2024_2026.csv
4200,李女士,西平诚招美容师5千加,驻马店市,西平-喜盈门生活广场,4000.0,6500.0,岗位：西平诚招美容师5千加；标签：饭补；薪资：4000-6500元/月,未注明,,58同城,2026-09-25 10:16:52,411721,西平县,驻马店市,2024-2026,58_西平县_2024_2026.csv
4201,小姐姐,美容护理师,驻马店市,西平-柏城商场,4000.0,8000.0,岗位：美容护理师；标签：招5人 / 经验不限 / 学历不限；薪资：4000-8000元/月,学历不限,5.0,58同城,2026-09-25 10:16:56,411721,西平县,驻马店市,2024-2026,58_西平县_2024_2026.csv
4202,爱指引de强老板,西平县招聘美容师,驻马店市,西平-喜盈门生活广场,4000.0,8000.0,岗位：西平县招聘美容师；标签：招1人 / 经验1-2年 / 学历不限；薪资：4000-8000元/月,学历不限,1.0,58同城,2026-09-25 10:17:00,411721,西平县,驻马店市,2024-2026,58_西平县_2024_2026.csv
4203,,大量回收工业模块·工业设备/金属回收 服务区域：驿城、西平,驻马店市,西平县,,,岗位：大量回收工业模块·工业设备/金属回收 服务区域：驿城、西平,未注明,,58同城,2026-09-25 10:17:15,411721,西平县,驻马店市,2024-2026,58_西平县_2024_2026.csv
4204,,章贡区古明飞餐饮店（个体工商户）·美食 服务区域：驿城、西平、上蔡、平舆、确山...,驻马店市,西平县,,,岗位：章贡区古明飞餐饮店（个体工商户）·美食 服务区域：驿城、西平、上蔡、平舆、确山...,未注明,,58同城,2026-09-25 10:17:15,411721,西平县,驻马店市,2024-2026,58_西平县_2024_2026.csv
4205,,赣州蓉江新区潭口镇万福餐饮店·外卖 服务区域：驿城、西平、上蔡、平舆、确山...,驻马店市,西平县,,,岗位：赣州蓉江新区潭口镇万福餐饮店·外卖 服务区域：驿城、西平、上蔡、平舆、确山...,未注明,,58同城,2026-09-25 10:17:15,411721,西平县,驻马店市,2024-2026,58_西平县_2024_2026.csv
4206,,赣州蓉江新区潭东镇格乐食品商行（个体工商户）·外卖 服务区域：驿城、西平、上蔡、平舆、确山...,驻马店市,西平县,,,岗位：赣州蓉江新区潭东镇格乐食品商行（个体工商户）·外卖 服务区域：驿城、西平、上蔡、平舆、确山...,未注明,,58同城,2026-09-25 10:17:15,411721,西平县,驻马店市,2024-2026,58_西平县_2024_2026.csv
4207,,蓉江新区鹿鸣文化传媒中心·美食 服务区域：驿城、西平、上蔡、平舆、确山...,驻马店市,西平县,,,岗位：蓉江新区鹿鸣文化传媒中心·美食 服务区域：驿城、西平、上蔡、平舆、确山...,未注明,,58同城,2026-09-25 10:17:15,411721,西平县,驻马店市,2024-2026,58_西平县_2024_2026.csv
4208,,驻马店美食·美食 服务区域：驿城、西平、上蔡、平舆、确山...,驻马店市,西平县,,,岗位：驻马店美食·美食 服务区域：驿城、西平、上蔡、平舆、确山...,未注明,,58同城,2026-09-25 10:17:15,411721,西平县,驻马店市,2024-2026,58_西平县_2024_2026.csv
4209,,驻马店市经济开发区永盛再生资源回收店·家具回收 服务区域：驿城、西平、上蔡、平舆、确山...,驻马店市,西平县,,,岗位：驻马店市经济开发区永盛再生资源回收店·家具回收 服务区域：驿城、西平、上蔡、平舆、确山...,未注明,,58同城,2026-09-25 10:17:15,411721,西平县,驻马店市,2024-2026,58_西平县_2024_2026.csv
4210,,天中家电维修·家电维修 服务区域：驿城、西平、上蔡、平舆、驻马店周边...,驻马店市,西平县,,,岗位：天中家电维修·家电维修 服务区域：驿城、西平、上蔡、平舆、驻马店周边...,未注明,,58同城,2026-09-25 10:17:15,411721,西平县,驻马店市,2024-2026,58_西平县_2024_2026.csv
4211,,章贡区古明飞餐饮店（个体工商户）·外卖 服务区域：驿城、西平、上蔡、平舆、确山...,驻马店市,西平县,,,岗位：章贡区古明飞餐饮店（个体工商户）·外卖 服务区域：驿城、西平、上蔡、平舆、确山...,未注明,,58同城,2026-09-25 10:17:15,411721,西平县,驻马店市,2024-2026,58_西平县_2024_2026.csv
4212,,安能物流供应链（深圳）·搬家 服务区域：驿城、西平,驻马店市,西平县,,,岗位：安能物流供应链（深圳）·搬家 服务区域：驿城、西平,未注明,,58同城,2026-09-25 10:17:15,411721,西平县,驻马店市,2024-2026,58_西平县_2024_2026.csv
4213,,章贡区海平食品店（个体工商户）·美食 服务区域：驿城、西平、上蔡、平舆、确山...,驻马店市,西平县,,,岗位：章贡区海平食品店（个体工商户）·美食 服务区域：驿城、西平、上蔡、平舆、确山...,未注明,,58同城,2026-09-25 10:17:15,411721,西平县,驻马店市,2024-2026,58_西平县_2024_2026.csv
4214,,福万家家政·保姆/月嫂 服务区域：驿城、西平、上蔡、平舆、确山...,驻马店市,西平县,,,岗位：福万家家政·保姆/月嫂 服务区域：驿城、西平、上蔡、平舆、确山...,未注明,,58同城,2026-09-25 10:17:15,411721,西平县,驻马店市,2024-2026,58_西平县_2024_2026.csv
4215,,驻马店快餐/团膳·快餐/团膳 服务区域：驿城、西平、上蔡、平舆、确山...,驻马店市,西平县,,,岗位：驻马店快餐/团膳·快餐/团膳 服务区域：驿城、西平、上蔡、平舆、确山...,未注明,,58同城,2026-09-25 10:17:15,411721,西平县,驻马店市,2024-2026,58_西平县_2024_2026.csv
4216,,驻马店搬家·搬家 服务区域：驿城、西平、上蔡、平舆、确山...,驻马店市,西平县,,,岗位：驻马店搬家·搬家 服务区域：驿城、西平、上蔡、平舆、确山...,未注明,,58同城,2026-09-25 10:17:15,411721,西平县,驻马店市,2024-2026,58_西平县_2024_2026.csv
4217,,恩佳食品销售·外卖 服务区域：驿城、西平,驻马店市,西平县,,,岗位：恩佳食品销售·外卖 服务区域：驿城、西平,未注明,,58同城,2026-09-25 10:17:15,411721,西平县,驻马店市,2024-2026,58_西平县_2024_2026.csv
4218,张先生,电子厂普工/操作工饭补包住包吃,驻马店市,驻马店-驿城,5500.0,7000.0,岗位：电子厂普工/操作工饭补包住包吃；标签：包住 / 包吃 / 加班补助 / 饭补；薪资：5500-7000元/月,未注明,,58同城,2026-09-25 10:17:29,411722,上蔡县,驻马店市,2024-2026,58_上蔡县_2024_2026.csv
4219,张女士,诚招招聘专员,驻马店市,驻马店-驿城,3000.0,4500.0,岗位：诚招招聘专员；标签：招10人 / 经验不限 / 学历大专；薪资：3000-4500元/月,大专,10.0,58同城,2026-09-25 10:17:29,411722,上蔡县,驻马店市,2024-2026,58_上蔡县_2024_2026.csv
4220,爱泡温泉的汤,其他职位 小程序,驻马店市,驻马店-驿城,2000.0,4000.0,岗位：其他职位 小程序；标签：经验不限 / 学历不限；薪资：2000-4000元/月,学历不限,,58同城,2026-09-25 10:17:29,411722,上蔡县,驻马店市,2024-2026,58_上蔡县_2024_2026.csv
4221,张女士,诚招人事助理,驻马店市,驿城-天中广场,2500.0,5000.0,岗位：诚招人事助理；标签：招5人 / 经验不限 / 学历不限；薪资：2500-5000元/月,学历不限,5.0,58同城,2026-09-25 10:17:29,411722,上蔡县,驻马店市,2024-2026,58_上蔡县_2024_2026.csv
4222,王先生,小区巡逻坐岗保安有空调,驻马店市,驻马店-驿城,4500.0,5000.0,岗位：小区巡逻坐岗保安有空调；标签：五险 / 包住 / 包吃；薪资：4500-5000元/月,未注明,,58同城,2026-09-25 10:17:29,411722,上蔡县,驻马店市,2024-2026,58_上蔡县_2024_2026.csv
4223,武女士,上蔡县诚招运营10000加,驻马店市,驻马店-上蔡,4000.0,10000.0,岗位：上蔡县诚招运营10000加；标签：招5人 / 经验1-2年 / 学历不限；薪资：4000-10000元/月,学历不限,5.0,58同城,2026-09-25 10:17:29,411722,上蔡县,驻马店市,2024-2026,58_上蔡县_2024_2026.csv
4224,王先生,物业公司保安/包吃包住五险,驻马店市,驻马店-驿城,4500.0,5000.0,岗位：物业公司保安/包吃包住五险；标签：五险 / 包住 / 包吃；薪资：4500-5000元/月,未注明,,58同城,2026-09-25 10:17:29,411722,上蔡县,驻马店市,2024-2026,58_上蔡县_2024_2026.csv
4225,月亮下数蚂蚁,食品/鸡排店店员/营业员,驻马店市,上蔡-老汽车站,2500.0,3000.0,岗位：食品/鸡排店店员/营业员；标签：招2人 / 经验不限 / 学历不限；薪资：2500-3000元/月,学历不限,2.0,58同城,2026-09-25 10:17:29,411722,上蔡县,驻马店市,2024-2026,58_上蔡县_2024_2026.csv
4226,马女士,道路收费员/五险一金/包吃住,驻马店市,驻马店-平舆,4000.0,4500.0,岗位：道路收费员/五险一金/包吃住；标签：五险一金 / 包住 / 包吃 / 加班补助；薪资：4000-4500元/月,未注明,,58同城,2026-09-25 10:17:29,411722,上蔡县,驻马店市,2024-2026,58_上蔡县_2024_2026.csv
4227,尼先生,上蔡诚聘饮品店店长5千加,驻马店市,驻马店周边-其他,4000.0,7000.0,岗位：上蔡诚聘饮品店店长5千加；标签：招2人 / 经验1年以下 / 学历不限；薪资：4000-7000元/月,学历不限,2.0,58同城,2026-09-25 10:17:29,411722,上蔡县,驻马店市,2024-2026,58_上蔡县_2024_2026.csv
4228,陈先生,室内保安包吃住可带手机,驻马店市,驻马店-新蔡,4500.0,5000.0,岗位：室内保安包吃住可带手机；标签：五险 / 包住 / 包吃 / 年底双薪；薪资：4500-5000元/月,未注明,,58同城,2026-09-25 10:17:29,411722,上蔡县,驻马店市,2024-2026,58_上蔡县_2024_2026.csv
4229,招聘专员,在线客服居家兼职操作简单,驻马店市,驿城-丹尼斯,4500.0,5700.0,岗位：在线客服居家兼职操作简单；标签：五险一金；薪资：4500-5700元/月,未注明,,58同城,2026-09-25 10:17:29,411722,上蔡县,驻马店市,2024-2026,58_上蔡县_2024_2026.csv
4230,康老板想诉说,奶茶/饮品师,驻马店市,驻马店周边-其他,3000.0,5000.0,岗位：奶茶/饮品师；标签：经验不限 / 学历不限；薪资：3000-5000元/月,学历不限,,58同城,2026-09-25 10:17:29,411722,上蔡县,驻马店市,2024-2026,58_上蔡县_2024_2026.csv
4231,尼先生,上蔡诚招饮品店店长5千加,驻马店市,驻马店周边-其他,5000.0,7000.0,岗位：上蔡诚招饮品店店长5千加；标签：招2人 / 经验不限 / 学历不限；薪资：5000-7000元/月,学历不限,2.0,58同城,2026-09-25 10:17:29,411722,上蔡县,驻马店市,2024-2026,58_上蔡县_2024_2026.csv
4232,蘑菇撑小伞,上蔡诚招会计5千加五险一金包吃住,驻马店市,驻马店-上蔡,4500.0,6000.0,岗位：上蔡诚招会计5千加五险一金包吃住；标签：五险一金；薪资：4500-6000元/月,未注明,,58同城,2026-09-25 10:17:29,411722,上蔡县,驻马店市,2024-2026,58_上蔡县_2024_2026.csv
4233,黔先生,采购专员在家供应商资料整理,驻马店市,驿城-丹尼斯,4200.0,5600.0,岗位：采购专员在家供应商资料整理；标签：五险一金；薪资：4200-5600元/月,未注明,,58同城,2026-09-25 10:17:29,411722,上蔡县,驻马店市,2024-2026,58_上蔡县_2024_2026.csv
4234,黔先生,网络客服居家办公轻松上手,驻马店市,驿城-丹尼斯,4600.0,5700.0,岗位：网络客服居家办公轻松上手；标签：五险一金；薪资：4600-5700元/月,未注明,,58同城,2026-09-25 10:17:29,411722,上蔡县,驻马店市,2024-2026,58_上蔡县_2024_2026.csv
4235,慢吞吞的小蜗牛,木火餐饮招聘后厨帮工,驻马店市,驿城-丹尼斯,3000.0,3500.0,岗位：木火餐饮招聘后厨帮工；标签：招5人 / 经验不限 / 学历不限；薪资：3000-3500元/月,学历不限,5.0,58同城,2026-09-25 10:17:29,411722,上蔡县,驻马店市,2024-2026,58_上蔡县_2024_2026.csv
4236,潘先生,诚聘人事助理3千加待遇好,驻马店市,驻马店-驿城,3000.0,5000.0,岗位：诚聘人事助理3千加待遇好；标签：经验不限 / 学历大专；薪资：3000-5000元/月,大专,,58同城,2026-09-25 10:17:29,411722,上蔡县,驻马店市,2024-2026,58_上蔡县_2024_2026.csv
4237,悄悄许个心愿,餐饮收银,驻马店市,驻马店-泌阳,2000.0,3000.0,岗位：餐饮收银；标签：经验不限 / 学历不限；薪资：2000-3000元/月,学历不限,,58同城,2026-09-25 10:17:29,411722,上蔡县,驻马店市,2024-2026,58_上蔡县_2024_2026.csv
4238,黔先生,运营五险双休线上来做,驻马店市,驿城-丹尼斯,4600.0,5400.0,岗位：运营五险双休线上来做；标签：五险一金；薪资：4600-5400元/月,未注明,,58同城,2026-09-25 10:17:29,411722,上蔡县,驻马店市,2024-2026,58_上蔡县_2024_2026.csv
4239,总哼小曲的阿霞,市区电子厂普工6000-7000,驻马店市,驻马店-驿城,6000.0,7000.0,岗位：市区电子厂普工6000-7000；标签：包住 / 包吃；薪资：6000-7000元/月,未注明,,58同城,2026-09-25 10:17:29,411722,上蔡县,驻马店市,2024-2026,58_上蔡县_2024_2026.csv
4240,招聘专员,客房保洁,驻马店市,驻马店周边-其他,2500.0,4500.0,岗位：客房保洁；标签：经验不限 / 学历不限；薪资：2500-4500元/月,学历不限,,58同城,2026-09-25 10:17:29,411722,上蔡县,驻马店市,2024-2026,58_上蔡县_2024_2026.csv
4241,大道朝天,商超/零售店员/营业员3000起,驻马店市,驻马店-平舆,3000.0,6000.0,岗位：商超/零售店员/营业员3000起；标签：招3人 / 经验1-2年 / 学历不限；薪资：3000-6000元/月,学历不限,3.0,58同城,2026-09-25 10:17:29,411722,上蔡县,驻马店市,2024-2026,58_上蔡县_2024_2026.csv
4242,王先生,薄薄饼小吃女后厨杂工/3千起,驻马店市,驻马店-驿城,3000.0,6000.0,岗位：薄薄饼小吃女后厨杂工/3千起；标签：招5人 / 经验不限 / 学历不限；薪资：3000-6000元/月,学历不限,5.0,58同城,2026-09-25 10:17:29,411722,上蔡县,驻马店市,2024-2026,58_上蔡县_2024_2026.csv
4243,毅然闵老板E,餐饮店店员/营业员2000起,驻马店市,驻马店周边-其他,2000.0,3000.0,岗位：餐饮店店员/营业员2000起；标签：包吃；薪资：2000-3000元/月,未注明,,58同城,2026-09-25 10:17:29,411722,上蔡县,驻马店市,2024-2026,58_上蔡县_2024_2026.csv
4244,闫女士,营业员/NPC,驻马店市,驻马店-确山,2500.0,3000.0,岗位：营业员/NPC；标签：经验不限 / 学历不限；薪资：2500-3000元/月,学历不限,,58同城,2026-09-25 10:17:29,411722,上蔡县,驻马店市,2024-2026,58_上蔡县_2024_2026.csv
4245,军,养老院护工/护理包吃包住,驻马店市,驻马店-驿城,3000.0,4000.0,岗位：养老院护工/护理包吃包住；标签：包住 / 包吃；薪资：3000-4000元/月,未注明,,58同城,2026-09-25 10:17:29,411722,上蔡县,驻马店市,2024-2026,58_上蔡县_2024_2026.csv
4246,毅然闵老板E,小吃店服务员/2000起,驻马店市,驻马店周边-其他,2000.0,4000.0,岗位：小吃店服务员/2000起；标签：饭补；薪资：2000-4000元/月,未注明,,58同城,2026-09-25 10:17:29,411722,上蔡县,驻马店市,2024-2026,58_上蔡县_2024_2026.csv
4247,陈亚辉,艾唯诺理发店/美发助理/学徒2k起,驻马店市,驻马店-驿城,2000.0,2500.0,岗位：艾唯诺理发店/美发助理/学徒2k起；标签：包吃；薪资：2000-2500元/月,未注明,,58同城,2026-09-25 10:17:29,411722,上蔡县,驻马店市,2024-2026,58_上蔡县_2024_2026.csv
4248,裴博士爱纳凉,云海幼儿园早教/幼教话补加班补助周末双休,驻马店市,驻马店-上蔡,3000.0,4500.0,岗位：云海幼儿园早教/幼教话补加班补助周末双休；标签：包吃 / 周末双休 / 加班补助 / 话补；薪资：3000-4500元/月,未注明,,58同城,2026-09-25 10:17:52,411722,上蔡县,驻马店市,2024-2026,58_上蔡县_2024_2026.csv
4249,陈女士,艺考服表老师兼职全职皆可,驻马店市,驻马店-上蔡,3000.0,4500.0,岗位：艺考服表老师兼职全职皆可；标签：经验1年以下 / 学历大专；薪资：3000-4500元/月,大专,,58同城,2026-09-25 10:17:56,411722,上蔡县,驻马店市,2024-2026,58_上蔡县_2024_2026.csv
4250,十分完美DE隋同学,上蔡百城诚招客服/助理3千起,驻马店市,驻马店-上蔡,3000.0,5500.0,岗位：上蔡百城诚招客服/助理3千起；标签：加班补助；薪资：3000-5500元/月,未注明,,58同城,2026-09-25 10:18:13,411722,上蔡县,驻马店市,2024-2026,58_上蔡县_2024_2026.csv
4251,武女士,上蔡县诚聘运营10000... 小程序,驻马店市,驻马店-上蔡,4000.0,10000.0,岗位：上蔡县诚聘运营10000... 小程序；标签：招5人 / 经验1-2年 / 学历不限；薪资：4000-10000元/月,学历不限,5.0,58同城,2026-09-25 10:19:15,411722,上蔡县,驻马店市,2024-2026,58_上蔡县_2024_2026.csv
4252,aopasskxa,美甲师,驻马店市,上蔡-老汽车站,2000.0,6000.0,岗位：美甲师；标签：经验1-2年 / 学历不限；薪资：2000-6000元/月,学历不限,,58同城,2026-09-25 10:19:46,411722,上蔡县,驻马店市,2024-2026,58_上蔡县_2024_2026.csv
4253,李先生,尚秀美发店/美发助理/学徒,驻马店市,驻马店-上蔡,2000.0,2500.0,岗位：尚秀美发店/美发助理/学徒；标签：招1人 / 经验不限 / 学历不限；薪资：2000-2500元/月,学历不限,1.0,58同城,2026-09-25 10:19:46,411722,上蔡县,驻马店市,2024-2026,58_上蔡县_2024_2026.csv
4254,vvv,上蔡招聘美容师3500起待遇好,驻马店市,驻马店周边-其他,3500.0,6000.0,岗位：上蔡招聘美容师3500起待遇好；标签：招1人 / 经验不限 / 学历不限；薪资：3500-6000元/月,学历不限,1.0,58同城,2026-09-25 10:19:50,411722,上蔡县,驻马店市,2024-2026,58_上蔡县_2024_2026.csv
4255,爱闻花香的徐小宁,美发助理/学徒,驻马店市,驻马店-上蔡,2000.0,2500.0,岗位：美发助理/学徒；标签：经验不限 / 学历不限；薪资：2000-2500元/月,学历不限,,58同城,2026-09-25 10:19:50,411722,上蔡县,驻马店市,2024-2026,58_上蔡县_2024_2026.csv
4256,aopasskxa,指尖日记美容美甲店/美睫师/2500起,驻马店市,上蔡-老汽车站,2500.0,8000.0,岗位：指尖日记美容美甲店/美睫师/2500起；标签：招1人 / 经验1-2年 / 学历不限；薪资：2500-8000元/月,学历不限,1.0,58同城,2026-09-25 10:19:50,411722,上蔡县,驻马店市,2024-2026,58_上蔡县_2024_2026.csv
4257,vvv,上蔡关瑞女子诚招美容师3千起,驻马店市,驻马店周边-其他,3000.0,6000.0,岗位：上蔡关瑞女子诚招美容师3千起；标签：招1人 / 经验不限 / 学历不限；薪资：3000-6000元/月,学历不限,1.0,58同城,2026-09-25 10:19:50,411722,上蔡县,驻马店市,2024-2026,58_上蔡县_2024_2026.csv
4258,,ealwy4tx6·家电维修 服务区域：西平、上蔡,驻马店市,上蔡县,,,岗位：ealwy4tx6·家电维修 服务区域：西平、上蔡,未注明,,58同城,2026-09-25 10:20:10,411722,上蔡县,驻马店市,2024-2026,58_上蔡县_2024_2026.csv
4259,,驻马店美食·美食 服务区域：驿城、西平、上蔡、平舆、确山...,驻马店市,上蔡县,,,岗位：驻马店美食·美食 服务区域：驿城、西平、上蔡、平舆、确山...,未注明,,58同城,2026-09-25 10:20:10,411722,上蔡县,驻马店市,2024-2026,58_上蔡县_2024_2026.csv
4260,,易约到家·美体瘦身 服务区域：驿城、西平、上蔡、平舆、确山...,驻马店市,上蔡县,,,岗位：易约到家·美体瘦身 服务区域：驿城、西平、上蔡、平舆、确山...,未注明,,58同城,2026-09-25 10:20:10,411722,上蔡县,驻马店市,2024-2026,58_上蔡县_2024_2026.csv
4261,,东莞市虎门辉腾美发店·美体瘦身 服务区域：驿城、西平、上蔡、平舆、确山...,驻马店市,上蔡县,,,岗位：东莞市虎门辉腾美发店·美体瘦身 服务区域：驿城、西平、上蔡、平舆、确山...,未注明,,58同城,2026-09-25 10:20:10,411722,上蔡县,驻马店市,2024-2026,58_上蔡县_2024_2026.csv
4262,,蓉江新区恩宝饮品店（个体工商户）·外卖 服务区域：驿城、西平、上蔡、平舆、确山...,驻马店市,上蔡县,,,岗位：蓉江新区恩宝饮品店（个体工商户）·外卖 服务区域：驿城、西平、上蔡、平舆、确山...,未注明,,58同城,2026-09-25 10:20:10,411722,上蔡县,驻马店市,2024-2026,58_上蔡县_2024_2026.csv
4263,,驻马店市驿城区极速开锁中心·开锁/换锁/修锁 服务区域：驻马店周边、驿城、西平、上蔡、确山...,驻马店市,上蔡县,,,岗位：驻马店市驿城区极速开锁中心·开锁/换锁/修锁 服务区域：驻马店周边、驿城、西平、上蔡、确山...,未注明,,58同城,2026-09-25 10:20:10,411722,上蔡县,驻马店市,2024-2026,58_上蔡县_2024_2026.csv
4264,,章贡区海平食品店（个体工商户）·外卖 服务区域：驿城、西平、上蔡、平舆、确山...,驻马店市,上蔡县,,,岗位：章贡区海平食品店（个体工商户）·外卖 服务区域：驿城、西平、上蔡、平舆、确山...,未注明,,58同城,2026-09-25 10:20:10,411722,上蔡县,驻马店市,2024-2026,58_上蔡县_2024_2026.csv
4265,,章贡区古明飞餐饮店（个体工商户）·美食 服务区域：驿城、西平、上蔡、平舆、确山...,驻马店市,上蔡县,,,岗位：章贡区古明飞餐饮店（个体工商户）·美食 服务区域：驿城、西平、上蔡、平舆、确山...,未注明,,58同城,2026-09-25 10:20:10,411722,上蔡县,驻马店市,2024-2026,58_上蔡县_2024_2026.csv
4266,,赣州蓉江新区潭东镇格乐食品商行（个体工商户）·外卖 服务区域：驿城、西平、上蔡、平舆、确山...,驻马店市,上蔡县,,,岗位：赣州蓉江新区潭东镇格乐食品商行（个体工商户）·外卖 服务区域：驿城、西平、上蔡、平舆、确山...,未注明,,58同城,2026-09-25 10:20:10,411722,上蔡县,驻马店市,2024-2026,58_上蔡县_2024_2026.csv
4267,,章贡区古明飞餐饮店（个体工商户）·外卖 服务区域：驿城、西平、上蔡、平舆、确山...,驻马店市,上蔡县,,,岗位：章贡区古明飞餐饮店（个体工商户）·外卖 服务区域：驿城、西平、上蔡、平舆、确山...,未注明,,58同城,2026-09-25 10:20:10,411722,上蔡县,驻马店市,2024-2026,58_上蔡县_2024_2026.csv
4268,,驻马店市驿城区友谊家电维修中心·二手家电 服务区域：驿城、西平、上蔡、平舆、确山...,驻马店市,上蔡县,,,岗位：驻马店市驿城区友谊家电维修中心·二手家电 服务区域：驿城、西平、上蔡、平舆、确山...,未注明,,58同城,2026-09-25 10:20:10,411722,上蔡县,驻马店市,2024-2026,58_上蔡县_2024_2026.csv
4269,,章贡区海平食品店（个体工商户）·美食 服务区域：驿城、西平、上蔡、平舆、确山...,驻马店市,上蔡县,,,岗位：章贡区海平食品店（个体工商户）·美食 服务区域：驿城、西平、上蔡、平舆、确山...,未注明,,58同城,2026-09-25 10:20:10,411722,上蔡县,驻马店市,2024-2026,58_上蔡县_2024_2026.csv
4270,,驻马店快餐/团膳·快餐/团膳 服务区域：驿城、西平、上蔡、平舆、确山...,驻马店市,上蔡县,,,岗位：驻马店快餐/团膳·快餐/团膳 服务区域：驿城、西平、上蔡、平舆、确山...,未注明,,58同城,2026-09-25 10:20:10,411722,上蔡县,驻马店市,2024-2026,58_上蔡县_2024_2026.csv
4271,,小武旧货回收·空调回收 服务区域：驿城、西平、上蔡、平舆、确山...,驻马店市,上蔡县,,,岗位：小武旧货回收·空调回收 服务区域：驿城、西平、上蔡、平舆、确山...,未注明,,58同城,2026-09-25 10:20:10,411722,上蔡县,驻马店市,2024-2026,58_上蔡县_2024_2026.csv
4272,平凡之路,中餐厅后厨/前台服务员,驻马店市,驻马店-平舆,3000.0,4500.0,岗位：中餐厅后厨/前台服务员；标签：包吃 / 加班补助；薪资：3000-4500元/月,未注明,,58同城,2026-09-25 10:20:26,411723,平舆县,驻马店市,2024-2026,58_平舆县_2024_2026.csv
4273,招聘专员,平舆诚招验光师/4千起待遇好,驻马店市,平舆-华联商厦,4000.0,6000.0,岗位：平舆诚招验光师/4千起待遇好；标签：招10人 / 经验1年以下 / 学历不限；薪资：4000-6000元/月,学历不限,10.0,58同城,2026-09-25 10:20:26,411723,平舆县,驻马店市,2024-2026,58_平舆县_2024_2026.csv
4274,吹风散步的你,养生保健店/足疗师包吃包... 小程序,驻马店市,平舆-华联商厦,7000.0,12500.0,岗位：养生保健店/足疗师包吃包... 小程序；标签：包住 / 包吃；薪资：7000-12500元/月,未注明,,58同城,2026-09-25 10:20:26,411723,平舆县,驻马店市,2024-2026,58_平舆县_2024_2026.csv
4275,看月亮的树梢,汽车销售服务公司/机修工/3千起,驻马店市,驻马店-平舆,3000.0,5000.0,岗位：汽车销售服务公司/机修工/3千起；标签：包吃；薪资：3000-5000元/月,未注明,,58同城,2026-09-25 10:20:26,411723,平舆县,驻马店市,2024-2026,58_平舆县_2024_2026.csv
4276,马女士,道路收费员/五险一金/包吃住,驻马店市,驻马店-平舆,4000.0,4500.0,岗位：道路收费员/五险一金/包吃住；标签：五险一金 / 包住 / 包吃 / 加班补助；薪资：4000-4500元/月,未注明,,58同城,2026-09-25 10:20:26,411723,平舆县,驻马店市,2024-2026,58_平舆县_2024_2026.csv
4277,雷生,招聘CNC数控加工中心编程,驻马店市,驻马店-平舆,6000.0,8000.0,岗位：招聘CNC数控加工中心编程；标签：包住 / 包吃；薪资：6000-8000元/月,未注明,,58同城,2026-09-25 10:20:26,411723,平舆县,驻马店市,2024-2026,58_平舆县_2024_2026.csv
4278,朱林,餐饮店后厨,驻马店市,平舆-华联商厦,3000.0,4000.0,岗位：餐饮店后厨；标签：经验不限 / 学历不限；薪资：3000-4000元/月,学历不限,,58同城,2026-09-25 10:20:26,411723,平舆县,驻马店市,2024-2026,58_平舆县_2024_2026.csv
4279,余音袅袅的安老板,服饰商店/服装销售2500起,驻马店市,驻马店-平舆,2500.0,4500.0,岗位：服饰商店/服装销售2500起；标签：经验不限 / 学历不限；薪资：2500-4500元/月,学历不限,,58同城,2026-09-25 10:20:26,411723,平舆县,驻马店市,2024-2026,58_平舆县_2024_2026.csv
4280,棉花抱抱,绘梦室内装饰工作室/木工/3千起,驻马店市,驻马店-平舆,3000.0,4500.0,岗位：绘梦室内装饰工作室/木工/3千起；标签：经验不限 / 学历不限；薪资：3000-4500元/月,学历不限,,58同城,2026-09-25 10:20:26,411723,平舆县,驻马店市,2024-2026,58_平舆县_2024_2026.csv
4281,大道朝天,商超/零售店员/营业员3000起,驻马店市,驻马店-平舆,3000.0,6000.0,岗位：商超/零售店员/营业员3000起；标签：招3人 / 经验1-2年 / 学历不限；薪资：3000-6000元/月,学历不限,3.0,58同城,2026-09-25 10:20:26,411723,平舆县,驻马店市,2024-2026,58_平舆县_2024_2026.csv
4282,王女士,(央企)招聘售后服务经理和准主管名2名,驻马店市,平舆-清河大道,3000.0,9000.0,岗位：(央企)招聘售后服务经理和准主管名2名；标签：年底双薪 / 周末双休 / 交通补助 / 话补；薪资：3000-9000元/月,未注明,,58同城,2026-09-25 10:20:26,411723,平舆县,驻马店市,2024-2026,58_平舆县_2024_2026.csv
4283,文师傅想竞争,助教,驻马店市,平舆-华联商厦,2500.0,5000.0,岗位：助教；标签：经验不限 / 学历不限；薪资：2500-5000元/月,学历不限,,58同城,2026-09-25 10:20:26,411723,平舆县,驻马店市,2024-2026,58_平舆县_2024_2026.csv
4284,庞师傅要启发,抖音主播助理工作时间灵活,驻马店市,驻马店-平舆,3000.0,4500.0,岗位：抖音主播助理工作时间灵活；标签：经验不限 / 学历不限；薪资：3000-4500元/月,学历不限,,58同城,2026-09-25 10:20:26,411723,平舆县,驻马店市,2024-2026,58_平舆县_2024_2026.csv
4285,A真诚,餐饮店后厨,驻马店市,平舆-清河大道,2500.0,3500.0,岗位：餐饮店后厨；标签：经验1-2年 / 学历不限；薪资：2500-3500元/月,学历不限,,58同城,2026-09-25 10:20:26,411723,平舆县,驻马店市,2024-2026,58_平舆县_2024_2026.csv
4286,爱吃橘子的小女孩,火锅店配菜/打荷包住空调wifi,驻马店市,平舆-华联商厦,3000.0,5000.0,岗位：火锅店配菜/打荷包住空调wifi；标签：加班补助 / 包住 / 包吃；薪资：3000-5000元/月,未注明,,58同城,2026-09-25 10:20:26,411723,平舆县,驻马店市,2024-2026,58_平舆县_2024_2026.csv
4287,ccc,烧烤店饭店主管包吃包住工作餐标高,驻马店市,驻马店-平舆,3500.0,5000.0,岗位：烧烤店饭店主管包吃包住工作餐标高；标签：包住 / 包吃；薪资：3500-5000元/月,未注明,,58同城,2026-09-25 10:20:26,411723,平舆县,驻马店市,2024-2026,58_平舆县_2024_2026.csv
4288,社会小白,简萌百货商行/主播助理工作时间灵活,驻马店市,平舆-华联商厦,2500.0,4500.0,岗位：简萌百货商行/主播助理工作时间灵活；标签：经验不限 / 学历不限；薪资：2500-4500元/月,学历不限,,58同城,2026-09-25 10:20:26,411723,平舆县,驻马店市,2024-2026,58_平舆县_2024_2026.csv
4289,姚帅,石材厂安装工工作时间灵活,驻马店市,平舆-清河大道,4000.0,8000.0,岗位：石材厂安装工工作时间灵活；标签：经验不限 / 学历不限；薪资：4000-8000元/月,学历不限,,58同城,2026-09-25 10:20:26,411723,平舆县,驻马店市,2024-2026,58_平舆县_2024_2026.csv
4290,糖原来是甜的,中餐厅/中餐厨师/2000起,驻马店市,平舆-华联商厦,2000.0,3500.0,岗位：中餐厅/中餐厨师/2000起；标签：经验不限 / 学历不限；薪资：2000-3500元/月,学历不限,,58同城,2026-09-25 10:20:26,411723,平舆县,驻马店市,2024-2026,58_平舆县_2024_2026.csv
4291,招聘专员,平舆招聘美甲师,驻马店市,平舆-华联商厦,3000.0,8000.0,岗位：平舆招聘美甲师；标签：经验1年以下 / 学历不限；薪资：3000-8000元/月,学历不限,,58同城,2026-09-25 10:20:26,411723,平舆县,驻马店市,2024-2026,58_平舆县_2024_2026.csv
4292,Jiang,平舆县乐乐服饰店/国内电商运营/3千起,驻马店市,驻马店-平舆,5000.0,8000.0,岗位：平舆县乐乐服饰店/国内电商运营/3千起；标签：加班补助；薪资：5000-8000元/月,未注明,,58同城,2026-09-25 10:20:26,411723,平舆县,驻马店市,2024-2026,58_平舆县_2024_2026.csv
4293,A0平舆好孝心,健康管理机构健康咨询工作时间灵活,驻马店市,驻马店-平舆,3000.0,5000.0,岗位：健康管理机构健康咨询工作时间灵活；标签：经验1-2年 / 学历不限；薪资：3000-5000元/月,学历不限,,58同城,2026-09-25 10:20:26,411723,平舆县,驻马店市,2024-2026,58_平舆县_2024_2026.csv
4294,立讯HR总经理,好活日结240/天电子厂普工轻松好上手,驻马店市,驻马店-平舆,6000.0,7000.0,岗位：好活日结240/天电子厂普工轻松好上手；标签：五险 / 包住 / 包吃 / 加班补助；薪资：6000-7000元/月,未注明,,58同城,2026-09-25 10:20:26,411723,平舆县,驻马店市,2024-2026,58_平舆县_2024_2026.csv
4295,哼歌跳舞的兔,服务员,驻马店市,驻马店-平舆,2600.0,4000.0,岗位：服务员；标签：经验不限 / 学历不限；薪资：2600-4000元/月,学历不限,,58同城,2026-09-25 10:20:26,411723,平舆县,驻马店市,2024-2026,58_平舆县_2024_2026.csv
4296,石青丽,平舆招聘后厨师傅4000起,驻马店市,平舆-清河大道,4000.0,6000.0,岗位：平舆招聘后厨师傅4000起；标签：招10人 / 经验1年以下 / 学历不限；薪资：4000-6000元/月,学历不限,10.0,58同城,2026-09-25 10:20:26,411723,平舆县,驻马店市,2024-2026,58_平舆县_2024_2026.csv
4297,郑女士,9千包吃住招健身教练学徒,驻马店市,驻马店-平舆,6000.0,13000.0,岗位：9千包吃住招健身教练学徒；标签：包住 / 五险一金 / 包吃；薪资：6000-13000元/月,未注明,,58同城,2026-09-25 10:20:26,411723,平舆县,驻马店市,2024-2026,58_平舆县_2024_2026.csv
4298,李,乐吧自助KTV门店店长/学历经验,驻马店市,驻马店-平舆,3000.0,5000.0,岗位：乐吧自助KTV门店店长/学历经验；标签：招1人 / 经验不限 / 学历不限；薪资：3000-5000元/月,学历不限,1.0,58同城,2026-09-25 10:20:26,411723,平舆县,驻马店市,2024-2026,58_平舆县_2024_2026.csv
4299,雷生,诚招普工/操作工6k起,驻马店市,驻马店-平舆,6000.0,7500.0,岗位：诚招普工/操作工6k起；标签：招6人 / 经验不限 / 学历不限；薪资：6000-7500元/月,学历不限,6.0,58同城,2026-09-25 10:20:26,411723,平舆县,驻马店市,2024-2026,58_平舆县_2024_2026.csv
4300,钟女士,平舆站点招聘外卖骑手,驻马店市,平舆-清河大道,4000.0,8000.0,岗位：平舆站点招聘外卖骑手；标签：加班补助；薪资：4000-8000元/月,未注明,,58同城,2026-09-25 10:20:26,411723,平舆县,驻马店市,2024-2026,58_平舆县_2024_2026.csv
4301,张先生,电子厂普工/操作工饭补包住包吃,驻马店市,驻马店-驿城,5500.0,7000.0,岗位：电子厂普工/操作工饭补包住包吃；标签：包住 / 包吃 / 加班补助 / 饭补；薪资：5500-7000元/月,未注明,,58同城,2026-09-25 10:20:30,411723,平舆县,驻马店市,2024-2026,58_平舆县_2024_2026.csv
4302,张女士,诚招招聘专员,驻马店市,驻马店-驿城,3000.0,4500.0,岗位：诚招招聘专员；标签：招10人 / 经验不限 / 学历大专；薪资：3000-4500元/月,大专,10.0,58同城,2026-09-25 10:20:30,411723,平舆县,驻马店市,2024-2026,58_平舆县_2024_2026.csv
4303,爱泡温泉的汤,其他职位 小程序,驻马店市,驻马店-驿城,2000.0,4000.0,岗位：其他职位 小程序；标签：经验不限 / 学历不限；薪资：2000-4000元/月,学历不限,,58同城,2026-09-25 10:20:30,411723,平舆县,驻马店市,2024-2026,58_平舆县_2024_2026.csv
4304,张女士,诚招人事助理,驻马店市,驿城-天中广场,2500.0,5000.0,岗位：诚招人事助理；标签：招5人 / 经验不限 / 学历不限；薪资：2500-5000元/月,学历不限,5.0,58同城,2026-09-25 10:20:30,411723,平舆县,驻马店市,2024-2026,58_平舆县_2024_2026.csv
4305,王先生,小区巡逻坐岗保安有空调,驻马店市,驻马店-驿城,4500.0,5000.0,岗位：小区巡逻坐岗保安有空调；标签：五险 / 包住 / 包吃；薪资：4500-5000元/月,未注明,,58同城,2026-09-25 10:20:30,411723,平舆县,驻马店市,2024-2026,58_平舆县_2024_2026.csv
4306,武女士,上蔡县诚招运营10000加,驻马店市,驻马店-上蔡,4000.0,10000.0,岗位：上蔡县诚招运营10000加；标签：招5人 / 经验1-2年 / 学历不限；薪资：4000-10000元/月,学历不限,5.0,58同城,2026-09-25 10:20:30,411723,平舆县,驻马店市,2024-2026,58_平舆县_2024_2026.csv
4307,王先生,物业公司保安/包吃包住五险,驻马店市,驻马店-驿城,4500.0,5000.0,岗位：物业公司保安/包吃包住五险；标签：五险 / 包住 / 包吃；薪资：4500-5000元/月,未注明,,58同城,2026-09-25 10:20:30,411723,平舆县,驻马店市,2024-2026,58_平舆县_2024_2026.csv
4308,月亮下数蚂蚁,食品/鸡排店店员/营业员,驻马店市,上蔡-老汽车站,2500.0,3000.0,岗位：食品/鸡排店店员/营业员；标签：招2人 / 经验不限 / 学历不限；薪资：2500-3000元/月,学历不限,2.0,58同城,2026-09-25 10:20:30,411723,平舆县,驻马店市,2024-2026,58_平舆县_2024_2026.csv
4309,尼先生,上蔡诚聘饮品店店长5千加,驻马店市,驻马店周边-其他,4000.0,7000.0,岗位：上蔡诚聘饮品店店长5千加；标签：招2人 / 经验1年以下 / 学历不限；薪资：4000-7000元/月,学历不限,2.0,58同城,2026-09-25 10:20:30,411723,平舆县,驻马店市,2024-2026,58_平舆县_2024_2026.csv
4310,陈先生,室内保安包吃住可带手机,驻马店市,驻马店-新蔡,4500.0,5000.0,岗位：室内保安包吃住可带手机；标签：五险 / 包住 / 包吃 / 年底双薪；薪资：4500-5000元/月,未注明,,58同城,2026-09-25 10:20:30,411723,平舆县,驻马店市,2024-2026,58_平舆县_2024_2026.csv
4311,招聘专员,在线客服居家兼职操作简单,驻马店市,驿城-丹尼斯,4500.0,5700.0,岗位：在线客服居家兼职操作简单；标签：五险一金；薪资：4500-5700元/月,未注明,,58同城,2026-09-25 10:20:30,411723,平舆县,驻马店市,2024-2026,58_平舆县_2024_2026.csv
4312,康老板想诉说,奶茶/饮品师,驻马店市,驻马店周边-其他,3000.0,5000.0,岗位：奶茶/饮品师；标签：经验不限 / 学历不限；薪资：3000-5000元/月,学历不限,,58同城,2026-09-25 10:20:30,411723,平舆县,驻马店市,2024-2026,58_平舆县_2024_2026.csv
4313,尼先生,上蔡诚招饮品店店长5千加,驻马店市,驻马店周边-其他,5000.0,7000.0,岗位：上蔡诚招饮品店店长5千加；标签：招2人 / 经验不限 / 学历不限；薪资：5000-7000元/月,学历不限,2.0,58同城,2026-09-25 10:20:30,411723,平舆县,驻马店市,2024-2026,58_平舆县_2024_2026.csv
4314,蘑菇撑小伞,上蔡诚招会计5千加五险一金包吃住,驻马店市,驻马店-上蔡,4500.0,6000.0,岗位：上蔡诚招会计5千加五险一金包吃住；标签：五险一金；薪资：4500-6000元/月,未注明,,58同城,2026-09-25 10:20:30,411723,平舆县,驻马店市,2024-2026,58_平舆县_2024_2026.csv
4315,黔先生,采购专员在家供应商资料整理,驻马店市,驿城-丹尼斯,4200.0,5600.0,岗位：采购专员在家供应商资料整理；标签：五险一金；薪资：4200-5600元/月,未注明,,58同城,2026-09-25 10:20:30,411723,平舆县,驻马店市,2024-2026,58_平舆县_2024_2026.csv
4316,黔先生,网络客服居家办公轻松上手,驻马店市,驿城-丹尼斯,4600.0,5700.0,岗位：网络客服居家办公轻松上手；标签：五险一金；薪资：4600-5700元/月,未注明,,58同城,2026-09-25 10:20:30,411723,平舆县,驻马店市,2024-2026,58_平舆县_2024_2026.csv
4317,慢吞吞的小蜗牛,木火餐饮招聘后厨帮工,驻马店市,驿城-丹尼斯,3000.0,3500.0,岗位：木火餐饮招聘后厨帮工；标签：招5人 / 经验不限 / 学历不限；薪资：3000-3500元/月,学历不限,5.0,58同城,2026-09-25 10:20:30,411723,平舆县,驻马店市,2024-2026,58_平舆县_2024_2026.csv
4318,潘先生,诚聘人事助理3千加待遇好,驻马店市,驻马店-驿城,3000.0,5000.0,岗位：诚聘人事助理3千加待遇好；标签：经验不限 / 学历大专；薪资：3000-5000元/月,大专,,58同城,2026-09-25 10:20:30,411723,平舆县,驻马店市,2024-2026,58_平舆县_2024_2026.csv
4319,悄悄许个心愿,餐饮收银,驻马店市,驻马店-泌阳,2000.0,3000.0,岗位：餐饮收银；标签：经验不限 / 学历不限；薪资：2000-3000元/月,学历不限,,58同城,2026-09-25 10:20:30,411723,平舆县,驻马店市,2024-2026,58_平舆县_2024_2026.csv
4320,黔先生,运营五险双休线上来做,驻马店市,驿城-丹尼斯,4600.0,5400.0,岗位：运营五险双休线上来做；标签：五险一金；薪资：4600-5400元/月,未注明,,58同城,2026-09-25 10:20:30,411723,平舆县,驻马店市,2024-2026,58_平舆县_2024_2026.csv
4321,总哼小曲的阿霞,市区电子厂普工6000-7000,驻马店市,驻马店-驿城,6000.0,7000.0,岗位：市区电子厂普工6000-7000；标签：包住 / 包吃；薪资：6000-7000元/月,未注明,,58同城,2026-09-25 10:20:30,411723,平舆县,驻马店市,2024-2026,58_平舆县_2024_2026.csv
4322,招聘专员,客房保洁,驻马店市,驻马店周边-其他,2500.0,4500.0,岗位：客房保洁；标签：经验不限 / 学历不限；薪资：2500-4500元/月,学历不限,,58同城,2026-09-25 10:20:30,411723,平舆县,驻马店市,2024-2026,58_平舆县_2024_2026.csv
4323,王先生,薄薄饼小吃女后厨杂工/3千起,驻马店市,驻马店-驿城,3000.0,6000.0,岗位：薄薄饼小吃女后厨杂工/3千起；标签：招5人 / 经验不限 / 学历不限；薪资：3000-6000元/月,学历不限,5.0,58同城,2026-09-25 10:20:30,411723,平舆县,驻马店市,2024-2026,58_平舆县_2024_2026.csv
4324,毅然闵老板E,餐饮店店员/营业员2000起,驻马店市,驻马店周边-其他,2000.0,3000.0,岗位：餐饮店店员/营业员2000起；标签：包吃；薪资：2000-3000元/月,未注明,,58同城,2026-09-25 10:20:30,411723,平舆县,驻马店市,2024-2026,58_平舆县_2024_2026.csv
4325,闫女士,营业员/NPC,驻马店市,驻马店-确山,2500.0,3000.0,岗位：营业员/NPC；标签：经验不限 / 学历不限；薪资：2500-3000元/月,学历不限,,58同城,2026-09-25 10:20:30,411723,平舆县,驻马店市,2024-2026,58_平舆县_2024_2026.csv
4326,军,养老院护工/护理包吃包住,驻马店市,驻马店-驿城,3000.0,4000.0,岗位：养老院护工/护理包吃包住；标签：包住 / 包吃；薪资：3000-4000元/月,未注明,,58同城,2026-09-25 10:20:30,411723,平舆县,驻马店市,2024-2026,58_平舆县_2024_2026.csv
4327,毅然闵老板E,小吃店服务员/2000起,驻马店市,驻马店周边-其他,2000.0,4000.0,岗位：小吃店服务员/2000起；标签：饭补；薪资：2000-4000元/月,未注明,,58同城,2026-09-25 10:20:30,411723,平舆县,驻马店市,2024-2026,58_平舆县_2024_2026.csv
4328,陈亚辉,艾唯诺理发店/美发助理/学徒2k起,驻马店市,驻马店-驿城,2000.0,2500.0,岗位：艾唯诺理发店/美发助理/学徒2k起；标签：包吃；薪资：2000-2500元/月,未注明,,58同城,2026-09-25 10:20:30,411723,平舆县,驻马店市,2024-2026,58_平舆县_2024_2026.csv
4329,吹风散步的你,养生保健店/足疗师包吃包住,驻马店市,平舆-华联商厦,7000.0,12500.0,岗位：养生保健店/足疗师包吃包住；标签：包住 / 包吃；薪资：7000-12500元/月,未注明,,58同城,2026-09-25 10:20:57,411723,平舆县,驻马店市,2024-2026,58_平舆县_2024_2026.csv
4330,秦先生,涵玲服装三店/服装销售/3千起,驻马店市,平舆-清河大道,3000.0,8000.0,岗位：涵玲服装三店/服装销售/3千起；标签：经验不限 / 学历不限；薪资：3000-8000元/月,学历不限,,58同城,2026-09-25 10:21:20,411723,平舆县,驻马店市,2024-2026,58_平舆县_2024_2026.csv
4331,看月亮的树梢,汽修店汽修工3000起,驻马店市,驻马店-平舆,3000.0,4500.0,岗位：汽修店汽修工3000起；标签：包吃；薪资：3000-4500元/月,未注明,,58同城,2026-09-25 10:21:20,411723,平舆县,驻马店市,2024-2026,58_平舆县_2024_2026.csv
4332,爱听故事的悠悠,文员电商不加班五险一金,驻马店市,驻马店-平舆,5000.0,7000.0,岗位：文员电商不加班五险一金；标签：五险一金 / 包吃 / 包住 / 年底双薪；薪资：5000-7000元/月,未注明,,58同城,2026-09-25 10:21:57,411723,平舆县,驻马店市,2024-2026,58_平舆县_2024_2026.csv
4333,李女士,装卸/搬运工包吃交通补助包住,驻马店市,平舆-清河大道,6900.0,7000.0,岗位：装卸/搬运工包吃交通补助包住；标签：五险 / 包住 / 包吃 / 交通补助；薪资：6900-7000元/月,未注明,,58同城,2026-09-25 10:21:57,411723,平舆县,驻马店市,2024-2026,58_平舆县_2024_2026.csv
4334,贾先生,平舆县诚招运营专员,驻马店市,驻马店-平舆,2500.0,4500.0,岗位：平舆县诚招运营专员；标签：招4人 / 经验不限 / 学历不限；薪资：2500-4500元/月,学历不限,4.0,58同城,2026-09-25 10:22:18,411723,平舆县,驻马店市,2024-2026,58_平舆县_2024_2026.csv
4335,招聘专员,平舆美甲店招聘美甲师/3千起,驻马店市,平舆-华联商厦,3000.0,5000.0,岗位：平舆美甲店招聘美甲师/3千起；标签：经验1年以下 / 学历不限；薪资：3000-5000元/月,学历不限,,58同城,2026-09-25 10:22:54,411723,平舆县,驻马店市,2024-2026,58_平舆县_2024_2026.csv
4336,黄女士,火焰美容美体店/美容师3千起,驻马店市,驻马店-平舆,3000.0,5000.0,岗位：火焰美容美体店/美容师3千起；标签：招1人 / 经验不限 / 学历不限；薪资：3000-5000元/月,学历不限,1.0,58同城,2026-09-25 10:22:58,411723,平舆县,驻马店市,2024-2026,58_平舆县_2024_2026.csv
4337,,恩佳食品销售店·外卖 服务区域：平舆、确山,驻马店市,平舆县,,,岗位：恩佳食品销售店·外卖 服务区域：平舆、确山,未注明,,58同城,2026-09-25 10:23:13,411723,平舆县,驻马店市,2024-2026,58_平舆县_2024_2026.csv
4338,,驻马店市驿城区轩艺钢结构·租赁 服务区域：驿城、西平、上蔡、平舆、确山...,驻马店市,平舆县,,,岗位：驻马店市驿城区轩艺钢结构·租赁 服务区域：驿城、西平、上蔡、平舆、确山...,未注明,,58同城,2026-09-25 10:23:13,411723,平舆县,驻马店市,2024-2026,58_平舆县_2024_2026.csv
4339,,专业净水家电服务·家电维修 服务区域：驿城、西平、上蔡、平舆、确山...,驻马店市,平舆县,,,岗位：专业净水家电服务·家电维修 服务区域：驿城、西平、上蔡、平舆、确山...,未注明,,58同城,2026-09-25 10:23:13,411723,平舆县,驻马店市,2024-2026,58_平舆县_2024_2026.csv
4340,,章贡区古明飞餐饮店（个体工商户）·外卖 服务区域：驿城、西平、上蔡、平舆、确山...,驻马店市,平舆县,,,岗位：章贡区古明飞餐饮店（个体工商户）·外卖 服务区域：驿城、西平、上蔡、平舆、确山...,未注明,,58同城,2026-09-25 10:23:13,411723,平舆县,驻马店市,2024-2026,58_平舆县_2024_2026.csv
4341,,雪绒花家政·提前 服务区域：驿城、西平、上蔡、平舆、确山...,驻马店市,平舆县,,,岗位：雪绒花家政·提前 服务区域：驿城、西平、上蔡、平舆、确山...,未注明,,58同城,2026-09-25 10:23:13,411723,平舆县,驻马店市,2024-2026,58_平舆县_2024_2026.csv
4342,,章贡区海平食品店（个体工商户）·美食 服务区域：驿城、西平、上蔡、平舆、确山...,驻马店市,平舆县,,,岗位：章贡区海平食品店（个体工商户）·美食 服务区域：驿城、西平、上蔡、平舆、确山...,未注明,,58同城,2026-09-25 10:23:13,411723,平舆县,驻马店市,2024-2026,58_平舆县_2024_2026.csv
4343,,赵批发采购·箱包/饰品 服务区域：驿城、西平、上蔡、平舆、确山...,驻马店市,平舆县,,,岗位：赵批发采购·箱包/饰品 服务区域：驿城、西平、上蔡、平舆、确山...,未注明,,58同城,2026-09-25 10:23:13,411723,平舆县,驻马店市,2024-2026,58_平舆县_2024_2026.csv
4344,,驻马店快餐/团膳·快餐/团膳 服务区域：驿城、西平、上蔡、平舆、确山...,驻马店市,平舆县,,,岗位：驻马店快餐/团膳·快餐/团膳 服务区域：驿城、西平、上蔡、平舆、确山...,未注明,,58同城,2026-09-25 10:23:13,411723,平舆县,驻马店市,2024-2026,58_平舆县_2024_2026.csv
4345,,章贡区古明飞餐饮店（个体工商户）·美食 服务区域：驿城、西平、上蔡、平舆、确山...,驻马店市,平舆县,,,岗位：章贡区古明飞餐饮店（个体工商户）·美食 服务区域：驿城、西平、上蔡、平舆、确山...,未注明,,58同城,2026-09-25 10:23:13,411723,平舆县,驻马店市,2024-2026,58_平舆县_2024_2026.csv
4346,,驻马店美食·美食 服务区域：驿城、西平、上蔡、平舆、确山...,驻马店市,平舆县,,,岗位：驻马店美食·美食 服务区域：驿城、西平、上蔡、平舆、确山...,未注明,,58同城,2026-09-25 10:23:13,411723,平舆县,驻马店市,2024-2026,58_平舆县_2024_2026.csv
4347,,赣州蓉江新区潭东镇格乐食品商行（个体工商户）·外卖 服务区域：驿城、西平、上蔡、平舆、确山...,驻马店市,平舆县,,,岗位：赣州蓉江新区潭东镇格乐食品商行（个体工商户）·外卖 服务区域：驿城、西平、上蔡、平舆、确山...,未注明,,58同城,2026-09-25 10:23:13,411723,平舆县,驻马店市,2024-2026,58_平舆县_2024_2026.csv
4348,,东海县平明镇康达百货商店·美食 服务区域：驿城、西平、上蔡、平舆、确山...,驻马店市,平舆县,,,岗位：东海县平明镇康达百货商店·美食 服务区域：驿城、西平、上蔡、平舆、确山...,未注明,,58同城,2026-09-25 10:23:13,411723,平舆县,驻马店市,2024-2026,58_平舆县_2024_2026.csv
4349,,亚飞电工·快速上门 服务区域：驿城、西平、上蔡、平舆、确山...,驻马店市,平舆县,,,岗位：亚飞电工·快速上门 服务区域：驿城、西平、上蔡、平舆、确山...,未注明,,58同城,2026-09-25 10:23:13,411723,平舆县,驻马店市,2024-2026,58_平舆县_2024_2026.csv
4350,,驻马店市驿城区来金家政服务中心·搬家 服务区域：驿城、西平、上蔡、平舆、确山...,驻马店市,平舆县,,,岗位：驻马店市驿城区来金家政服务中心·搬家 服务区域：驿城、西平、上蔡、平舆、确山...,未注明,,58同城,2026-09-25 10:23:13,411723,平舆县,驻马店市,2024-2026,58_平舆县_2024_2026.csv
4351,乐优传媒,乐优文化传媒/主播助理包住,驻马店市,正阳-钟鼓楼市场,3500.0,5500.0,岗位：乐优文化传媒/主播助理包住；标签：包住；薪资：3500-5500元/月,未注明,,58同城,2026-09-25 10:23:29,411724,正阳县,驻马店市,2024-2026,58_正阳县_2024_2026.csv
4352,王菲,超市营业员,驻马店市,驻马店-正阳,2000.0,2500.0,岗位：超市营业员；标签：招2人 / 经验不限 / 学历不限；薪资：2000-2500元/月,学历不限,2.0,58同城,2026-09-25 10:23:29,411724,正阳县,驻马店市,2024-2026,58_正阳县_2024_2026.csv
4353,候小堤,正阳诚招西点店领班450... 小程序,驻马店市,正阳-钟鼓楼市场,4500.0,5500.0,岗位：正阳诚招西点店领班450... 小程序；标签：招10人 / 经验1年以下 / 学历高中；薪资：4500-5500元/月,高中,10.0,58同城,2026-09-25 10:23:29,411724,正阳县,驻马店市,2024-2026,58_正阳县_2024_2026.csv
4354,候小堤,正阳诚聘西点烘焙主管6千加,驻马店市,正阳-钟鼓楼市场,5500.0,6000.0,岗位：正阳诚聘西点烘焙主管6千加；标签：招20人 / 经验3-5年 / 学历高中；薪资：5500-6000元/月,高中,20.0,58同城,2026-09-25 10:23:29,411724,正阳县,驻马店市,2024-2026,58_正阳县_2024_2026.csv
4355,候小堤,正阳县诚聘面包烘培店长5千起,驻马店市,正阳-钟鼓楼市场,5000.0,6500.0,岗位：正阳县诚聘面包烘培店长5千起；标签：招5人 / 经验3-5年 / 学历高中；薪资：5000-6500元/月,高中,5.0,58同城,2026-09-25 10:23:29,411724,正阳县,驻马店市,2024-2026,58_正阳县_2024_2026.csv
4356,乐优传媒,乐优文化传媒有限公司讲解员包住,驻马店市,正阳-钟鼓楼市场,3000.0,5000.0,岗位：乐优文化传媒有限公司讲解员包住；标签：包住；薪资：3000-5000元/月,未注明,,58同城,2026-09-25 10:23:29,411724,正阳县,驻马店市,2024-2026,58_正阳县_2024_2026.csv
4357,坚定信念de巫总,正阳县科牧生物有限公司销售专员包住话补交,驻马店市,驻马店-正阳,4000.0,9000.0,岗位：正阳县科牧生物有限公司销售专员包住话补交；标签：包住 / 饭补 / 话补；薪资：4000-9000元/月,未注明,,58同城,2026-09-25 10:23:29,411724,正阳县,驻马店市,2024-2026,58_正阳县_2024_2026.csv
4358,朱先生,早教/幼教包住包吃周末双休,驻马店市,驻马店-正阳,2500.0,3500.0,岗位：早教/幼教包住包吃周末双休；标签：包住 / 包吃 / 周末双休；薪资：2500-3500元/月,未注明,,58同城,2026-09-25 10:23:29,411724,正阳县,驻马店市,2024-2026,58_正阳县_2024_2026.csv
4359,爱逛花市的小林,中餐厅服务员工作餐标高免费工服,驻马店市,驻马店-正阳,2500.0,4000.0,岗位：中餐厅服务员工作餐标高免费工服；标签：经验不限 / 学历不限；薪资：2500-4000元/月,学历不限,,58同城,2026-09-25 10:23:29,411724,正阳县,驻马店市,2024-2026,58_正阳县_2024_2026.csv
4360,隗先生,诚招三角洲代练数名,驻马店市,正阳-钟鼓楼市场,4000.0,8000.0,岗位：诚招三角洲代练数名；标签：包住 / 包吃 / 年底双薪 / 周末双休；薪资：4000-8000元/月,未注明,,58同城,2026-09-25 10:23:29,411724,正阳县,驻马店市,2024-2026,58_正阳县_2024_2026.csv
4361,爱养宠物DE胡同学,诚招正阳白酒销售无责加提成,驻马店市,驻马店-正阳,5000.0,8000.0,岗位：诚招正阳白酒销售无责加提成；标签：招10人 / 经验不限 / 学历不限；薪资：5000-8000元/月,学历不限,10.0,58同城,2026-09-25 10:23:29,411724,正阳县,驻马店市,2024-2026,58_正阳县_2024_2026.csv
4362,候小堤,正阳县面包烘培店员/营业员3800起,驻马店市,正阳-钟鼓楼市场,3500.0,5000.0,岗位：正阳县面包烘培店员/营业员3800起；标签：招5人 / 经验不限 / 学历不限；薪资：3500-5000元/月,学历不限,5.0,58同城,2026-09-25 10:23:29,411724,正阳县,驻马店市,2024-2026,58_正阳县_2024_2026.csv
4363,招聘专员,小吃店服务员包吃免费工服工作餐标高,驻马店市,正阳-钟鼓楼市场,3000.0,3500.0,岗位：小吃店服务员包吃免费工服工作餐标高；标签：包吃；薪资：3000-3500元/月,未注明,,58同城,2026-09-25 10:23:29,411724,正阳县,驻马店市,2024-2026,58_正阳县_2024_2026.csv
4364,朱先生,中央厨房/面点师2500起,驻马店市,驻马店-正阳,2500.0,3000.0,岗位：中央厨房/面点师2500起；标签：经验1年以下 / 学历不限；薪资：2500-3000元/月,学历不限,,58同城,2026-09-25 10:23:29,411724,正阳县,驻马店市,2024-2026,58_正阳县_2024_2026.csv
4365,王先生,汽车公司直招专车专线司机房补包住饭补,驻马店市,正阳-钟鼓楼市场,6500.0,7000.0,岗位：汽车公司直招专车专线司机房补包住饭补；标签：包住 / 房补 / 饭补；薪资：6500-7000元/月,未注明,,58同城,2026-09-25 10:23:29,411724,正阳县,驻马店市,2024-2026,58_正阳县_2024_2026.csv
4366,周飞宁,卡诺电气招聘电工,驻马店市,正阳-钟鼓楼市场,5000.0,6000.0,岗位：卡诺电气招聘电工；标签：招10人 / 经验不限 / 学历大专；薪资：5000-6000元/月,大专,10.0,58同城,2026-09-25 10:23:29,411724,正阳县,驻马店市,2024-2026,58_正阳县_2024_2026.csv
4367,oH_Ho,车辆维修服务公司/汽车维修学徒,驻马店市,驻马店-正阳,2500.0,4500.0,岗位：车辆维修服务公司/汽车维修学徒；标签：招5人 / 经验不限 / 学历不限；薪资：2500-4500元/月,学历不限,5.0,58同城,2026-09-25 10:23:29,411724,正阳县,驻马店市,2024-2026,58_正阳县_2024_2026.csv
4368,黄先生,乐优文化传媒/主播/讲解员3500起,驻马店市,正阳-钟鼓楼市场,3500.0,8000.0,岗位：乐优文化传媒/主播/讲解员3500起；标签：经验不限 / 学历不限；薪资：3500-8000元/月,学历不限,,58同城,2026-09-25 10:23:29,411724,正阳县,驻马店市,2024-2026,58_正阳县_2024_2026.csv
4369,孙女士,上五休二月薪8千（五险一金）普工可短期,驻马店市,正阳-钟鼓楼市场,8000.0,8500.0,岗位：上五休二月薪8千（五险一金）普工可短期；标签：五险一金 / 五险 / 包住 / 包吃；薪资：8000-8500元/月,未注明,,58同城,2026-09-25 10:23:29,411724,正阳县,驻马店市,2024-2026,58_正阳县_2024_2026.csv
4370,和博士要干活,主播,驻马店市,正阳-钟鼓楼市场,4000.0,9000.0,岗位：主播；标签：加班补助 / 饭补；薪资：4000-9000元/月,未注明,,58同城,2026-09-25 10:23:29,411724,正阳县,驻马店市,2024-2026,58_正阳县_2024_2026.csv
4371,和博士要干活,导购员,驻马店市,正阳-钟鼓楼市场,3000.0,7000.0,岗位：导购员；标签：饭补 / 加班补助；薪资：3000-7000元/月,未注明,,58同城,2026-09-25 10:23:29,411724,正阳县,驻马店市,2024-2026,58_正阳县_2024_2026.csv
4372,付先生,月薪9千招健身教练助教,驻马店市,驻马店-正阳,6000.0,12000.0,岗位：月薪9千招健身教练助教；标签：包住 / 包吃 / 五险一金；薪资：6000-12000元/月,未注明,,58同城,2026-09-25 10:23:29,411724,正阳县,驻马店市,2024-2026,58_正阳县_2024_2026.csv
4373,李女士,电子厂普工五险加班补助包住5K-7K,驻马店市,驻马店-正阳,5500.0,8000.0,岗位：电子厂普工五险加班补助包住5K-7K；标签：五险 / 包住 / 加班补助；薪资：5500-8000元/月,未注明,,58同城,2026-09-25 10:23:29,411724,正阳县,驻马店市,2024-2026,58_正阳县_2024_2026.csv
4374,谭女士,电池厂普工不穿无尘衣月入7K,驻马店市,驻马店-正阳,6000.0,8000.0,岗位：电池厂普工不穿无尘衣月入7K；标签：包住 / 加班补助；薪资：6000-8000元/月,未注明,,58同城,2026-09-25 10:23:29,411724,正阳县,驻马店市,2024-2026,58_正阳县_2024_2026.csv
4375,刘先生,长期工汽车零配件普工275一天包吃住,驻马店市,驻马店-正阳,7000.0,7500.0,岗位：长期工汽车零配件普工275一天包吃住；标签：五险一金 / 五险 / 包住 / 包吃；薪资：7000-7500元/月,未注明,,58同城,2026-09-25 10:23:29,411724,正阳县,驻马店市,2024-2026,58_正阳县_2024_2026.csv
4376,张女士,物业直招小区保安6k可预支,驻马店市,正阳-钟鼓楼市场,5500.0,6500.0,岗位：物业直招小区保安6k可预支；标签：五险 / 包住 / 包吃；薪资：5500-6500元/月,未注明,,58同城,2026-09-25 10:23:29,411724,正阳县,驻马店市,2024-2026,58_正阳县_2024_2026.csv
4377,路雁凌,正阳诚招销售4000加提成,驻马店市,驻马店-正阳,3000.0,6000.0,岗位：正阳诚招销售4000加提成；标签：饭补 / 加班补助 / 五险一金 / 话补；薪资：3000-6000元/月,未注明,,58同城,2026-09-25 10:23:29,411724,正阳县,驻马店市,2024-2026,58_正阳县_2024_2026.csv
4378,正阳牧原肉食,包装工,驻马店市,驻马店-正阳,5000.0,7000.0,岗位：包装工；标签：五险一金 / 包住；薪资：5000-7000元/月,未注明,,58同城,2026-09-25 10:23:29,411724,正阳县,驻马店市,2024-2026,58_正阳县_2024_2026.csv
4379,正阳牧原肉食,副产技工普工,驻马店市,驻马店-正阳,5000.0,7000.0,岗位：副产技工普工；标签：五险一金 / 包住；薪资：5000-7000元/月,未注明,,58同城,2026-09-25 10:23:29,411724,正阳县,驻马店市,2024-2026,58_正阳县_2024_2026.csv
4380,张先生,电子厂普工/操作工饭补包住包吃,驻马店市,驻马店-驿城,5500.0,7000.0,岗位：电子厂普工/操作工饭补包住包吃；标签：包住 / 包吃 / 加班补助 / 饭补；薪资：5500-7000元/月,未注明,,58同城,2026-09-25 10:23:34,411724,正阳县,驻马店市,2024-2026,58_正阳县_2024_2026.csv
4381,张女士,诚招招聘专员,驻马店市,驻马店-驿城,3000.0,4500.0,岗位：诚招招聘专员；标签：招10人 / 经验不限 / 学历大专；薪资：3000-4500元/月,大专,10.0,58同城,2026-09-25 10:23:34,411724,正阳县,驻马店市,2024-2026,58_正阳县_2024_2026.csv
4382,爱泡温泉的汤,其他职位 小程序,驻马店市,驻马店-驿城,2000.0,4000.0,岗位：其他职位 小程序；标签：经验不限 / 学历不限；薪资：2000-4000元/月,学历不限,,58同城,2026-09-25 10:23:34,411724,正阳县,驻马店市,2024-2026,58_正阳县_2024_2026.csv
4383,张女士,诚招人事助理,驻马店市,驿城-天中广场,2500.0,5000.0,岗位：诚招人事助理；标签：招5人 / 经验不限 / 学历不限；薪资：2500-5000元/月,学历不限,5.0,58同城,2026-09-25 10:23:34,411724,正阳县,驻马店市,2024-2026,58_正阳县_2024_2026.csv
4384,王先生,小区巡逻坐岗保安有空调,驻马店市,驻马店-驿城,4500.0,5000.0,岗位：小区巡逻坐岗保安有空调；标签：五险 / 包住 / 包吃；薪资：4500-5000元/月,未注明,,58同城,2026-09-25 10:23:34,411724,正阳县,驻马店市,2024-2026,58_正阳县_2024_2026.csv
4385,武女士,上蔡县诚招运营10000加,驻马店市,驻马店-上蔡,4000.0,10000.0,岗位：上蔡县诚招运营10000加；标签：招5人 / 经验1-2年 / 学历不限；薪资：4000-10000元/月,学历不限,5.0,58同城,2026-09-25 10:23:34,411724,正阳县,驻马店市,2024-2026,58_正阳县_2024_2026.csv
4386,月亮下数蚂蚁,食品/鸡排店店员/营业员,驻马店市,上蔡-老汽车站,2500.0,3000.0,岗位：食品/鸡排店店员/营业员；标签：招2人 / 经验不限 / 学历不限；薪资：2500-3000元/月,学历不限,2.0,58同城,2026-09-25 10:23:34,411724,正阳县,驻马店市,2024-2026,58_正阳县_2024_2026.csv
4387,马女士,道路收费员/五险一金/包吃住,驻马店市,驻马店-平舆,4000.0,4500.0,岗位：道路收费员/五险一金/包吃住；标签：五险一金 / 包住 / 包吃 / 加班补助；薪资：4000-4500元/月,未注明,,58同城,2026-09-25 10:23:34,411724,正阳县,驻马店市,2024-2026,58_正阳县_2024_2026.csv
4388,尼先生,上蔡诚聘饮品店店长5千加,驻马店市,驻马店周边-其他,4000.0,7000.0,岗位：上蔡诚聘饮品店店长5千加；标签：招2人 / 经验1年以下 / 学历不限；薪资：4000-7000元/月,学历不限,2.0,58同城,2026-09-25 10:23:34,411724,正阳县,驻马店市,2024-2026,58_正阳县_2024_2026.csv
4389,陈先生,室内保安包吃住可带手机,驻马店市,驻马店-新蔡,4500.0,5000.0,岗位：室内保安包吃住可带手机；标签：五险 / 包住 / 包吃 / 年底双薪；薪资：4500-5000元/月,未注明,,58同城,2026-09-25 10:23:34,411724,正阳县,驻马店市,2024-2026,58_正阳县_2024_2026.csv
4390,招聘专员,在线客服居家兼职操作简单,驻马店市,驿城-丹尼斯,4500.0,5700.0,岗位：在线客服居家兼职操作简单；标签：五险一金；薪资：4500-5700元/月,未注明,,58同城,2026-09-25 10:23:34,411724,正阳县,驻马店市,2024-2026,58_正阳县_2024_2026.csv
4391,康老板想诉说,奶茶/饮品师,驻马店市,驻马店周边-其他,3000.0,5000.0,岗位：奶茶/饮品师；标签：经验不限 / 学历不限；薪资：3000-5000元/月,学历不限,,58同城,2026-09-25 10:23:34,411724,正阳县,驻马店市,2024-2026,58_正阳县_2024_2026.csv
4392,尼先生,上蔡诚招饮品店店长5千加,驻马店市,驻马店周边-其他,5000.0,7000.0,岗位：上蔡诚招饮品店店长5千加；标签：招2人 / 经验不限 / 学历不限；薪资：5000-7000元/月,学历不限,2.0,58同城,2026-09-25 10:23:34,411724,正阳县,驻马店市,2024-2026,58_正阳县_2024_2026.csv
4393,蘑菇撑小伞,上蔡诚招会计5千加五险一金包吃住,驻马店市,驻马店-上蔡,4500.0,6000.0,岗位：上蔡诚招会计5千加五险一金包吃住；标签：五险一金；薪资：4500-6000元/月,未注明,,58同城,2026-09-25 10:23:34,411724,正阳县,驻马店市,2024-2026,58_正阳县_2024_2026.csv
4394,黔先生,采购专员在家供应商资料整理,驻马店市,驿城-丹尼斯,4200.0,5600.0,岗位：采购专员在家供应商资料整理；标签：五险一金；薪资：4200-5600元/月,未注明,,58同城,2026-09-25 10:23:34,411724,正阳县,驻马店市,2024-2026,58_正阳县_2024_2026.csv
4395,黔先生,网络客服居家办公轻松上手,驻马店市,驿城-丹尼斯,4600.0,5700.0,岗位：网络客服居家办公轻松上手；标签：五险一金；薪资：4600-5700元/月,未注明,,58同城,2026-09-25 10:23:34,411724,正阳县,驻马店市,2024-2026,58_正阳县_2024_2026.csv
4396,慢吞吞的小蜗牛,木火餐饮招聘后厨帮工,驻马店市,驿城-丹尼斯,3000.0,3500.0,岗位：木火餐饮招聘后厨帮工；标签：招5人 / 经验不限 / 学历不限；薪资：3000-3500元/月,学历不限,5.0,58同城,2026-09-25 10:23:34,411724,正阳县,驻马店市,2024-2026,58_正阳县_2024_2026.csv
4397,潘先生,诚聘人事助理3千加待遇好,驻马店市,驻马店-驿城,3000.0,5000.0,岗位：诚聘人事助理3千加待遇好；标签：经验不限 / 学历大专；薪资：3000-5000元/月,大专,,58同城,2026-09-25 10:23:34,411724,正阳县,驻马店市,2024-2026,58_正阳县_2024_2026.csv
4398,悄悄许个心愿,餐饮收银,驻马店市,驻马店-泌阳,2000.0,3000.0,岗位：餐饮收银；标签：经验不限 / 学历不限；薪资：2000-3000元/月,学历不限,,58同城,2026-09-25 10:23:34,411724,正阳县,驻马店市,2024-2026,58_正阳县_2024_2026.csv
4399,黔先生,运营五险双休线上来做,驻马店市,驿城-丹尼斯,4600.0,5400.0,岗位：运营五险双休线上来做；标签：五险一金；薪资：4600-5400元/月,未注明,,58同城,2026-09-25 10:23:34,411724,正阳县,驻马店市,2024-2026,58_正阳县_2024_2026.csv
4400,总哼小曲的阿霞,市区电子厂普工6000-7000,驻马店市,驻马店-驿城,6000.0,7000.0,岗位：市区电子厂普工6000-7000；标签：包住 / 包吃；薪资：6000-7000元/月,未注明,,58同城,2026-09-25 10:23:34,411724,正阳县,驻马店市,2024-2026,58_正阳县_2024_2026.csv
4401,招聘专员,客房保洁,驻马店市,驻马店周边-其他,2500.0,4500.0,岗位：客房保洁；标签：经验不限 / 学历不限；薪资：2500-4500元/月,学历不限,,58同城,2026-09-25 10:23:34,411724,正阳县,驻马店市,2024-2026,58_正阳县_2024_2026.csv
4402,大道朝天,商超/零售店员/营业员3000起,驻马店市,驻马店-平舆,3000.0,6000.0,岗位：商超/零售店员/营业员3000起；标签：招3人 / 经验1-2年 / 学历不限；薪资：3000-6000元/月,学历不限,3.0,58同城,2026-09-25 10:23:34,411724,正阳县,驻马店市,2024-2026,58_正阳县_2024_2026.csv
4403,王先生,薄薄饼小吃女后厨杂工/3千起,驻马店市,驻马店-驿城,3000.0,6000.0,岗位：薄薄饼小吃女后厨杂工/3千起；标签：招5人 / 经验不限 / 学历不限；薪资：3000-6000元/月,学历不限,5.0,58同城,2026-09-25 10:23:34,411724,正阳县,驻马店市,2024-2026,58_正阳县_2024_2026.csv
4404,毅然闵老板E,餐饮店店员/营业员2000起,驻马店市,驻马店周边-其他,2000.0,3000.0,岗位：餐饮店店员/营业员2000起；标签：包吃；薪资：2000-3000元/月,未注明,,58同城,2026-09-25 10:23:34,411724,正阳县,驻马店市,2024-2026,58_正阳县_2024_2026.csv
4405,闫女士,营业员/NPC,驻马店市,驻马店-确山,2500.0,3000.0,岗位：营业员/NPC；标签：经验不限 / 学历不限；薪资：2500-3000元/月,学历不限,,58同城,2026-09-25 10:23:34,411724,正阳县,驻马店市,2024-2026,58_正阳县_2024_2026.csv
4406,军,养老院护工/护理包吃包住,驻马店市,驻马店-驿城,3000.0,4000.0,岗位：养老院护工/护理包吃包住；标签：包住 / 包吃；薪资：3000-4000元/月,未注明,,58同城,2026-09-25 10:23:34,411724,正阳县,驻马店市,2024-2026,58_正阳县_2024_2026.csv
4407,毅然闵老板E,小吃店服务员/2000起,驻马店市,驻马店周边-其他,2000.0,4000.0,岗位：小吃店服务员/2000起；标签：饭补；薪资：2000-4000元/月,未注明,,58同城,2026-09-25 10:23:34,411724,正阳县,驻马店市,2024-2026,58_正阳县_2024_2026.csv
4408,陈亚辉,艾唯诺理发店/美发助理/学徒2k起,驻马店市,驻马店-驿城,2000.0,2500.0,岗位：艾唯诺理发店/美发助理/学徒2k起；标签：包吃；薪资：2000-2500元/月,未注明,,58同城,2026-09-25 10:23:34,411724,正阳县,驻马店市,2024-2026,58_正阳县_2024_2026.csv
4409,总哼小曲的阿霞,市区普工5500-7000。,驻马店市,驻马店-驿城,5500.0,7000.0,岗位：市区普工5500-7000。；标签：包住；薪资：5500-7000元/月,未注明,,58同城,2026-09-25 10:23:34,411724,正阳县,驻马店市,2024-2026,58_正阳县_2024_2026.csv
4410,张先生,电子厂普工/操作工饭补包住包吃,驻马店市,驻马店-驿城,5500.0,7000.0,岗位：电子厂普工/操作工饭补包住包吃；标签：包住 / 包吃 / 加班补助 / 饭补；薪资：5500-7000元/月,未注明,,58同城,2026-09-25 10:26:37,411725,确山县,驻马店市,2024-2026,58_确山县_2024_2026.csv
4411,张女士,诚招招聘专员,驻马店市,驻马店-驿城,3000.0,4500.0,岗位：诚招招聘专员；标签：招10人 / 经验不限 / 学历大专；薪资：3000-4500元/月,大专,10.0,58同城,2026-09-25 10:26:37,411725,确山县,驻马店市,2024-2026,58_确山县_2024_2026.csv
4412,爱泡温泉的汤,其他职位 小程序,驻马店市,驻马店-驿城,2000.0,4000.0,岗位：其他职位 小程序；标签：经验不限 / 学历不限；薪资：2000-4000元/月,学历不限,,58同城,2026-09-25 10:26:37,411725,确山县,驻马店市,2024-2026,58_确山县_2024_2026.csv
4413,张女士,诚招人事助理,驻马店市,驿城-天中广场,2500.0,5000.0,岗位：诚招人事助理；标签：招5人 / 经验不限 / 学历不限；薪资：2500-5000元/月,学历不限,5.0,58同城,2026-09-25 10:26:37,411725,确山县,驻马店市,2024-2026,58_确山县_2024_2026.csv
4414,王先生,小区巡逻坐岗保安有空调,驻马店市,驻马店-驿城,4500.0,5000.0,岗位：小区巡逻坐岗保安有空调；标签：五险 / 包住 / 包吃；薪资：4500-5000元/月,未注明,,58同城,2026-09-25 10:26:37,411725,确山县,驻马店市,2024-2026,58_确山县_2024_2026.csv
4415,武女士,上蔡县诚招运营10000加,驻马店市,驻马店-上蔡,4000.0,10000.0,岗位：上蔡县诚招运营10000加；标签：招5人 / 经验1-2年 / 学历不限；薪资：4000-10000元/月,学历不限,5.0,58同城,2026-09-25 10:26:37,411725,确山县,驻马店市,2024-2026,58_确山县_2024_2026.csv
4416,王先生,物业公司保安/包吃包住五险,驻马店市,驻马店-驿城,4500.0,5000.0,岗位：物业公司保安/包吃包住五险；标签：五险 / 包住 / 包吃；薪资：4500-5000元/月,未注明,,58同城,2026-09-25 10:26:37,411725,确山县,驻马店市,2024-2026,58_确山县_2024_2026.csv
4417,爱爬山DE全总,其他职位,驻马店市,驻马店-西平,2000.0,5000.0,岗位：其他职位；标签：经验不限 / 学历不限；薪资：2000-5000元/月,学历不限,,58同城,2026-09-25 10:26:37,411725,确山县,驻马店市,2024-2026,58_确山县_2024_2026.csv
4418,月亮下数蚂蚁,食品/鸡排店店员/营业员,驻马店市,上蔡-老汽车站,2500.0,3000.0,岗位：食品/鸡排店店员/营业员；标签：招2人 / 经验不限 / 学历不限；薪资：2500-3000元/月,学历不限,2.0,58同城,2026-09-25 10:26:37,411725,确山县,驻马店市,2024-2026,58_确山县_2024_2026.csv
4419,马女士,道路收费员/五险一金/包吃住,驻马店市,驻马店-平舆,4000.0,4500.0,岗位：道路收费员/五险一金/包吃住；标签：五险一金 / 包住 / 包吃 / 加班补助；薪资：4000-4500元/月,未注明,,58同城,2026-09-25 10:26:37,411725,确山县,驻马店市,2024-2026,58_确山县_2024_2026.csv
4420,用户42806,上蔡诚招营业厅营业员,驻马店市,驻马店-上蔡,2500.0,5000.0,岗位：上蔡诚招营业厅营业员；标签：招5人 / 经验1年以下 / 学历高中；薪资：2500-5000元/月,高中,5.0,58同城,2026-09-25 10:26:37,411725,确山县,驻马店市,2024-2026,58_确山县_2024_2026.csv
4421,尼先生,上蔡诚聘饮品店店长5千加,驻马店市,驻马店周边-其他,4000.0,7000.0,岗位：上蔡诚聘饮品店店长5千加；标签：招2人 / 经验1年以下 / 学历不限；薪资：4000-7000元/月,学历不限,2.0,58同城,2026-09-25 10:26:37,411725,确山县,驻马店市,2024-2026,58_确山县_2024_2026.csv
4422,陈先生,室内保安包吃住可带手机,驻马店市,驻马店-新蔡,4500.0,5000.0,岗位：室内保安包吃住可带手机；标签：五险 / 包住 / 包吃 / 年底双薪；薪资：4500-5000元/月,未注明,,58同城,2026-09-25 10:26:37,411725,确山县,驻马店市,2024-2026,58_确山县_2024_2026.csv
4423,招聘专员,在线客服居家兼职操作简单,驻马店市,驿城-丹尼斯,4500.0,5700.0,岗位：在线客服居家兼职操作简单；标签：五险一金；薪资：4500-5700元/月,未注明,,58同城,2026-09-25 10:26:37,411725,确山县,驻马店市,2024-2026,58_确山县_2024_2026.csv
4424,康老板想诉说,奶茶/饮品师,驻马店市,驻马店周边-其他,3000.0,5000.0,岗位：奶茶/饮品师；标签：经验不限 / 学历不限；薪资：3000-5000元/月,学历不限,,58同城,2026-09-25 10:26:37,411725,确山县,驻马店市,2024-2026,58_确山县_2024_2026.csv
4425,尼先生,上蔡诚招饮品店店长5千加,驻马店市,驻马店周边-其他,5000.0,7000.0,岗位：上蔡诚招饮品店店长5千加；标签：招2人 / 经验不限 / 学历不限；薪资：5000-7000元/月,学历不限,2.0,58同城,2026-09-25 10:26:37,411725,确山县,驻马店市,2024-2026,58_确山县_2024_2026.csv
4426,蘑菇撑小伞,上蔡诚招会计5千加五险一金包吃住,驻马店市,驻马店-上蔡,4500.0,6000.0,岗位：上蔡诚招会计5千加五险一金包吃住；标签：五险一金；薪资：4500-6000元/月,未注明,,58同城,2026-09-25 10:26:37,411725,确山县,驻马店市,2024-2026,58_确山县_2024_2026.csv
4427,黔先生,采购专员在家供应商资料整理,驻马店市,驿城-丹尼斯,4200.0,5600.0,岗位：采购专员在家供应商资料整理；标签：五险一金；薪资：4200-5600元/月,未注明,,58同城,2026-09-25 10:26:37,411725,确山县,驻马店市,2024-2026,58_确山县_2024_2026.csv
4428,慢吞吞的小蜗牛,木火餐饮招聘后厨帮工,驻马店市,驿城-丹尼斯,3000.0,3500.0,岗位：木火餐饮招聘后厨帮工；标签：招5人 / 经验不限 / 学历不限；薪资：3000-3500元/月,学历不限,5.0,58同城,2026-09-25 10:26:37,411725,确山县,驻马店市,2024-2026,58_确山县_2024_2026.csv
4429,捡到星星的米米,其他职位,驻马店市,驿城-天中广场,2500.0,4000.0,岗位：其他职位；标签：经验不限 / 学历不限；薪资：2500-4000元/月,学历不限,,58同城,2026-09-25 10:26:37,411725,确山县,驻马店市,2024-2026,58_确山县_2024_2026.csv
4430,黔先生,网络客服居家办公轻松上手,驻马店市,驿城-丹尼斯,4600.0,5700.0,岗位：网络客服居家办公轻松上手；标签：五险一金；薪资：4600-5700元/月,未注明,,58同城,2026-09-25 10:26:37,411725,确山县,驻马店市,2024-2026,58_确山县_2024_2026.csv
4431,潘先生,诚聘人事助理3千加待遇好,驻马店市,驻马店-驿城,3000.0,5000.0,岗位：诚聘人事助理3千加待遇好；标签：经验不限 / 学历大专；薪资：3000-5000元/月,大专,,58同城,2026-09-25 10:26:37,411725,确山县,驻马店市,2024-2026,58_确山县_2024_2026.csv
4432,悄悄许个心愿,餐饮收银,驻马店市,驻马店-泌阳,2000.0,3000.0,岗位：餐饮收银；标签：经验不限 / 学历不限；薪资：2000-3000元/月,学历不限,,58同城,2026-09-25 10:26:37,411725,确山县,驻马店市,2024-2026,58_确山县_2024_2026.csv
4433,黔先生,运营五险双休线上来做,驻马店市,驿城-丹尼斯,4600.0,5400.0,岗位：运营五险双休线上来做；标签：五险一金；薪资：4600-5400元/月,未注明,,58同城,2026-09-25 10:26:37,411725,确山县,驻马店市,2024-2026,58_确山县_2024_2026.csv
4434,总哼小曲的阿霞,市区电子厂普工6000-7000,驻马店市,驻马店-驿城,6000.0,7000.0,岗位：市区电子厂普工6000-7000；标签：包住 / 包吃；薪资：6000-7000元/月,未注明,,58同城,2026-09-25 10:26:37,411725,确山县,驻马店市,2024-2026,58_确山县_2024_2026.csv
4435,招聘专员,客房保洁,驻马店市,驻马店周边-其他,2500.0,4500.0,岗位：客房保洁；标签：经验不限 / 学历不限；薪资：2500-4500元/月,学历不限,,58同城,2026-09-25 10:26:37,411725,确山县,驻马店市,2024-2026,58_确山县_2024_2026.csv
4436,大道朝天,商超/零售店员/营业员3000起,驻马店市,驻马店-平舆,3000.0,6000.0,岗位：商超/零售店员/营业员3000起；标签：招3人 / 经验1-2年 / 学历不限；薪资：3000-6000元/月,学历不限,3.0,58同城,2026-09-25 10:26:37,411725,确山县,驻马店市,2024-2026,58_确山县_2024_2026.csv
4437,王先生,薄薄饼小吃女后厨杂工/3千起,驻马店市,驻马店-驿城,3000.0,6000.0,岗位：薄薄饼小吃女后厨杂工/3千起；标签：招5人 / 经验不限 / 学历不限；薪资：3000-6000元/月,学历不限,5.0,58同城,2026-09-25 10:26:37,411725,确山县,驻马店市,2024-2026,58_确山县_2024_2026.csv
4438,毅然闵老板E,餐饮店店员/营业员2000起,驻马店市,驻马店周边-其他,2000.0,3000.0,岗位：餐饮店店员/营业员2000起；标签：包吃；薪资：2000-3000元/月,未注明,,58同城,2026-09-25 10:26:37,411725,确山县,驻马店市,2024-2026,58_确山县_2024_2026.csv
4439,闫女士,营业员/NPC,驻马店市,驻马店-确山,2500.0,3000.0,岗位：营业员/NPC；标签：经验不限 / 学历不限；薪资：2500-3000元/月,学历不限,,58同城,2026-09-25 10:26:37,411725,确山县,驻马店市,2024-2026,58_确山县_2024_2026.csv
4440,啊biu,中餐厅服务员2000起,驻马店市,驻马店-确山,2000.0,2500.0,岗位：中餐厅服务员2000起；标签：包吃；薪资：2000-2500元/月,未注明,,58同城,2026-09-25 10:27:03,411725,确山县,驻马店市,2024-2026,58_确山县_2024_2026.csv
4441,贝贝,饮品店奶茶/饮品师五险,驻马店市,驻马店-确山,2500.0,4500.0,岗位：饮品店奶茶/饮品师五险；标签：五险；薪资：2500-4500元/月,未注明,,58同城,2026-09-25 10:27:23,411725,确山县,驻马店市,2024-2026,58_确山县_2024_2026.csv
4442,岳先生,确山县慧同珠宝店/珠宝销售五险,驻马店市,驻马店-确山,2000.0,8000.0,岗位：确山县慧同珠宝店/珠宝销售五险；标签：五险；薪资：2000-8000元/月,未注明,,58同城,2026-09-25 10:27:23,411725,确山县,驻马店市,2024-2026,58_确山县_2024_2026.csv
4443,李女士,诚聘卸板工包吃住,驻马店市,驻马店-确山,3300.0,5000.0,岗位：诚聘卸板工包吃住；标签：包住 / 包吃；薪资：3300-5000元/月,未注明,,58同城,2026-09-25 10:28:12,411725,确山县,驻马店市,2024-2026,58_确山县_2024_2026.csv
4444,小花点点头,淘宝运营,驻马店市,驻马店-确山,2500.0,3000.0,岗位：淘宝运营；标签：招1人 / 经验不限 / 学历不限；薪资：2500-3000元/月,学历不限,1.0,58同城,2026-09-25 10:28:23,411725,确山县,驻马店市,2024-2026,58_确山县_2024_2026.csv
4445,画圈圈的笔,舍艺健康管理工作室/足疗师/4千起,驻马店市,驻马店-确山,5000.0,10000.0,岗位：舍艺健康管理工作室/足疗师/4千起；标签：包住 / 包吃；薪资：5000-10000元/月,未注明,,58同城,2026-09-25 10:28:54,411725,确山县,驻马店市,2024-2026,58_确山县_2024_2026.csv
4446,,恩佳食品销售店·外卖 服务区域：确山、平舆,驻马店市,确山县,,,岗位：恩佳食品销售店·外卖 服务区域：确山、平舆,未注明,,58同城,2026-09-25 10:29:18,411725,确山县,驻马店市,2024-2026,58_确山县_2024_2026.csv
4447,,章贡区古明飞餐饮店（个体工商户）·外卖 服务区域：驿城、西平、上蔡、平舆、确山...,驻马店市,确山县,,,岗位：章贡区古明飞餐饮店（个体工商户）·外卖 服务区域：驿城、西平、上蔡、平舆、确山...,未注明,,58同城,2026-09-25 10:29:18,411725,确山县,驻马店市,2024-2026,58_确山县_2024_2026.csv
4448,,家具瓷砖修复美容·家具维修 服务区域：驿城、西平、上蔡、平舆、确山...,驻马店市,确山县,,,岗位：家具瓷砖修复美容·家具维修 服务区域：驿城、西平、上蔡、平舆、确山...,未注明,,58同城,2026-09-25 10:29:18,411725,确山县,驻马店市,2024-2026,58_确山县_2024_2026.csv
4449,,恩佳食品销售店·外卖 服务区域：平舆、确山,驻马店市,确山县,,,岗位：恩佳食品销售店·外卖 服务区域：平舆、确山,未注明,,58同城,2026-09-25 10:29:18,411725,确山县,驻马店市,2024-2026,58_确山县_2024_2026.csv
4450,,盛达物资回收·空调回收 服务区域：驿城、西平、上蔡、平舆、确山...,驻马店市,确山县,,,岗位：盛达物资回收·空调回收 服务区域：驿城、西平、上蔡、平舆、确山...,未注明,,58同城,2026-09-25 10:29:18,411725,确山县,驻马店市,2024-2026,58_确山县_2024_2026.csv
4451,,雪绒花家政·提前 服务区域：驿城、西平、上蔡、平舆、确山...,驻马店市,确山县,,,岗位：雪绒花家政·提前 服务区域：驿城、西平、上蔡、平舆、确山...,未注明,,58同城,2026-09-25 10:29:18,411725,确山县,驻马店市,2024-2026,58_确山县_2024_2026.csv
4452,,章贡区海平食品店（个体工商户）·美食 服务区域：驿城、西平、上蔡、平舆、确山...,驻马店市,确山县,,,岗位：章贡区海平食品店（个体工商户）·美食 服务区域：驿城、西平、上蔡、平舆、确山...,未注明,,58同城,2026-09-25 10:29:18,411725,确山县,驻马店市,2024-2026,58_确山县_2024_2026.csv
4453,,驻马店酒店/厨房/文娱设备回收·酒店/厨房/文娱设备回收 服务区域：驿城、西平、上蔡、平舆、确山...,驻马店市,确山县,,,岗位：驻马店酒店/厨房/文娱设备回收·酒店/厨房/文娱设备回收 服务区域：驿城、西平、上蔡、平舆、确山...,未注明,,58同城,2026-09-25 10:29:18,411725,确山县,驻马店市,2024-2026,58_确山县_2024_2026.csv
4454,,驻马店快餐/团膳·快餐/团膳 服务区域：驿城、西平、上蔡、平舆、确山...,驻马店市,确山县,,,岗位：驻马店快餐/团膳·快餐/团膳 服务区域：驿城、西平、上蔡、平舆、确山...,未注明,,58同城,2026-09-25 10:29:18,411725,确山县,驻马店市,2024-2026,58_确山县_2024_2026.csv
4455,,章贡区古明飞餐饮店（个体工商户）·美食 服务区域：驿城、西平、上蔡、平舆、确山...,驻马店市,确山县,,,岗位：章贡区古明飞餐饮店（个体工商户）·美食 服务区域：驿城、西平、上蔡、平舆、确山...,未注明,,58同城,2026-09-25 10:29:18,411725,确山县,驻马店市,2024-2026,58_确山县_2024_2026.csv
4456,,驻马店美食·美食 服务区域：驿城、西平、上蔡、平舆、确山...,驻马店市,确山县,,,岗位：驻马店美食·美食 服务区域：驿城、西平、上蔡、平舆、确山...,未注明,,58同城,2026-09-25 10:29:18,411725,确山县,驻马店市,2024-2026,58_确山县_2024_2026.csv
4457,,驻马店同城到家防水补漏·房屋维修/防水 服务区域：驿城、西平、上蔡、平舆、确山...,驻马店市,确山县,,,岗位：驻马店同城到家防水补漏·房屋维修/防水 服务区域：驿城、西平、上蔡、平舆、确山...,未注明,,58同城,2026-09-25 10:29:18,411725,确山县,驻马店市,2024-2026,58_确山县_2024_2026.csv
4458,,沙发翻新·沙发维修护理 服务区域：驿城、西平、上蔡、平舆、确山...,驻马店市,确山县,,,岗位：沙发翻新·沙发维修护理 服务区域：驿城、西平、上蔡、平舆、确山...,未注明,,58同城,2026-09-25 10:29:18,411725,确山县,驻马店市,2024-2026,58_确山县_2024_2026.csv
4459,,大明物资回收·高价回收 服务区域：驿城、西平、上蔡、平舆、确山...,驻马店市,确山县,,,岗位：大明物资回收·高价回收 服务区域：驿城、西平、上蔡、平舆、确山...,未注明,,58同城,2026-09-25 10:29:18,411725,确山县,驻马店市,2024-2026,58_确山县_2024_2026.csv
4460,,赣州蓉江新区潭东镇格乐食品商行（个体工商户）·外卖 服务区域：驿城、西平、上蔡、平舆、确山...,驻马店市,确山县,,,岗位：赣州蓉江新区潭东镇格乐食品商行（个体工商户）·外卖 服务区域：驿城、西平、上蔡、平舆、确山...,未注明,,58同城,2026-09-25 10:29:18,411725,确山县,驻马店市,2024-2026,58_确山县_2024_2026.csv
4461,,东海县平明镇康达百货商店·美食 服务区域：驿城、西平、上蔡、平舆、确山...,驻马店市,确山县,,,岗位：东海县平明镇康达百货商店·美食 服务区域：驿城、西平、上蔡、平舆、确山...,未注明,,58同城,2026-09-25 10:29:18,411725,确山县,驻马店市,2024-2026,58_确山县_2024_2026.csv
4462,,车赢天下租车·租车 服务区域：驿城、西平、上蔡、平舆、确山...,驻马店市,确山县,,,岗位：车赢天下租车·租车 服务区域：驿城、西平、上蔡、平舆、确山...,未注明,,58同城,2026-09-25 10:29:25,411725,确山县,驻马店市,2024-2026,58_确山县_2024_2026.csv
4463,张先生,电子厂普工/操作工饭补包住包吃,驻马店市,驻马店-驿城,5500.0,7000.0,岗位：电子厂普工/操作工饭补包住包吃；标签：包住 / 包吃 / 加班补助 / 饭补；薪资：5500-7000元/月,未注明,,58同城,2026-09-25 10:29:43,411726,泌阳县,驻马店市,2024-2026,58_泌阳县_2024_2026.csv
4464,张女士,诚招招聘专员,驻马店市,驻马店-驿城,3000.0,4500.0,岗位：诚招招聘专员；标签：招10人 / 经验不限 / 学历大专；薪资：3000-4500元/月,大专,10.0,58同城,2026-09-25 10:29:43,411726,泌阳县,驻马店市,2024-2026,58_泌阳县_2024_2026.csv
4465,爱泡温泉的汤,其他职位 小程序,驻马店市,驻马店-驿城,2000.0,4000.0,岗位：其他职位 小程序；标签：经验不限 / 学历不限；薪资：2000-4000元/月,学历不限,,58同城,2026-09-25 10:29:43,411726,泌阳县,驻马店市,2024-2026,58_泌阳县_2024_2026.csv
4466,张女士,诚招人事助理,驻马店市,驿城-天中广场,2500.0,5000.0,岗位：诚招人事助理；标签：招5人 / 经验不限 / 学历不限；薪资：2500-5000元/月,学历不限,5.0,58同城,2026-09-25 10:29:43,411726,泌阳县,驻马店市,2024-2026,58_泌阳县_2024_2026.csv
4467,王先生,小区巡逻坐岗保安有空调,驻马店市,驻马店-驿城,4500.0,5000.0,岗位：小区巡逻坐岗保安有空调；标签：五险 / 包住 / 包吃；薪资：4500-5000元/月,未注明,,58同城,2026-09-25 10:29:43,411726,泌阳县,驻马店市,2024-2026,58_泌阳县_2024_2026.csv
4468,武女士,上蔡县诚招运营10000加,驻马店市,驻马店-上蔡,4000.0,10000.0,岗位：上蔡县诚招运营10000加；标签：招5人 / 经验1-2年 / 学历不限；薪资：4000-10000元/月,学历不限,5.0,58同城,2026-09-25 10:29:43,411726,泌阳县,驻马店市,2024-2026,58_泌阳县_2024_2026.csv
4469,王先生,物业公司保安/包吃包住五险,驻马店市,驻马店-驿城,4500.0,5000.0,岗位：物业公司保安/包吃包住五险；标签：五险 / 包住 / 包吃；薪资：4500-5000元/月,未注明,,58同城,2026-09-25 10:29:43,411726,泌阳县,驻马店市,2024-2026,58_泌阳县_2024_2026.csv
4470,爱爬山DE全总,其他职位,驻马店市,驻马店-西平,2000.0,5000.0,岗位：其他职位；标签：经验不限 / 学历不限；薪资：2000-5000元/月,学历不限,,58同城,2026-09-25 10:29:43,411726,泌阳县,驻马店市,2024-2026,58_泌阳县_2024_2026.csv
4471,月亮下数蚂蚁,食品/鸡排店店员/营业员,驻马店市,上蔡-老汽车站,2500.0,3000.0,岗位：食品/鸡排店店员/营业员；标签：招2人 / 经验不限 / 学历不限；薪资：2500-3000元/月,学历不限,2.0,58同城,2026-09-25 10:29:43,411726,泌阳县,驻马店市,2024-2026,58_泌阳县_2024_2026.csv
4472,马女士,道路收费员/五险一金/包吃住,驻马店市,驻马店-平舆,4000.0,4500.0,岗位：道路收费员/五险一金/包吃住；标签：五险一金 / 包住 / 包吃 / 加班补助；薪资：4000-4500元/月,未注明,,58同城,2026-09-25 10:29:43,411726,泌阳县,驻马店市,2024-2026,58_泌阳县_2024_2026.csv
4473,用户42806,上蔡诚招营业厅营业员,驻马店市,驻马店-上蔡,2500.0,5000.0,岗位：上蔡诚招营业厅营业员；标签：招5人 / 经验1年以下 / 学历高中；薪资：2500-5000元/月,高中,5.0,58同城,2026-09-25 10:29:43,411726,泌阳县,驻马店市,2024-2026,58_泌阳县_2024_2026.csv
4474,尼先生,上蔡诚聘饮品店店长5千加,驻马店市,驻马店周边-其他,4000.0,7000.0,岗位：上蔡诚聘饮品店店长5千加；标签：招2人 / 经验1年以下 / 学历不限；薪资：4000-7000元/月,学历不限,2.0,58同城,2026-09-25 10:29:43,411726,泌阳县,驻马店市,2024-2026,58_泌阳县_2024_2026.csv
4475,陈先生,室内保安包吃住可带手机,驻马店市,驻马店-新蔡,4500.0,5000.0,岗位：室内保安包吃住可带手机；标签：五险 / 包住 / 包吃 / 年底双薪；薪资：4500-5000元/月,未注明,,58同城,2026-09-25 10:29:43,411726,泌阳县,驻马店市,2024-2026,58_泌阳县_2024_2026.csv
4476,招聘专员,在线客服居家兼职操作简单,驻马店市,驿城-丹尼斯,4500.0,5700.0,岗位：在线客服居家兼职操作简单；标签：五险一金；薪资：4500-5700元/月,未注明,,58同城,2026-09-25 10:29:43,411726,泌阳县,驻马店市,2024-2026,58_泌阳县_2024_2026.csv
4477,康老板想诉说,奶茶/饮品师,驻马店市,驻马店周边-其他,3000.0,5000.0,岗位：奶茶/饮品师；标签：经验不限 / 学历不限；薪资：3000-5000元/月,学历不限,,58同城,2026-09-25 10:29:43,411726,泌阳县,驻马店市,2024-2026,58_泌阳县_2024_2026.csv
4478,尼先生,上蔡诚招饮品店店长5千加,驻马店市,驻马店周边-其他,5000.0,7000.0,岗位：上蔡诚招饮品店店长5千加；标签：招2人 / 经验不限 / 学历不限；薪资：5000-7000元/月,学历不限,2.0,58同城,2026-09-25 10:29:43,411726,泌阳县,驻马店市,2024-2026,58_泌阳县_2024_2026.csv
4479,蘑菇撑小伞,上蔡诚招会计5千加五险一金包吃住,驻马店市,驻马店-上蔡,4500.0,6000.0,岗位：上蔡诚招会计5千加五险一金包吃住；标签：五险一金；薪资：4500-6000元/月,未注明,,58同城,2026-09-25 10:29:43,411726,泌阳县,驻马店市,2024-2026,58_泌阳县_2024_2026.csv
4480,黔先生,采购专员在家供应商资料整理,驻马店市,驿城-丹尼斯,4200.0,5600.0,岗位：采购专员在家供应商资料整理；标签：五险一金；薪资：4200-5600元/月,未注明,,58同城,2026-09-25 10:29:43,411726,泌阳县,驻马店市,2024-2026,58_泌阳县_2024_2026.csv
4481,慢吞吞的小蜗牛,木火餐饮招聘后厨帮工,驻马店市,驿城-丹尼斯,3000.0,3500.0,岗位：木火餐饮招聘后厨帮工；标签：招5人 / 经验不限 / 学历不限；薪资：3000-3500元/月,学历不限,5.0,58同城,2026-09-25 10:29:43,411726,泌阳县,驻马店市,2024-2026,58_泌阳县_2024_2026.csv
4482,捡到星星的米米,其他职位,驻马店市,驿城-天中广场,2500.0,4000.0,岗位：其他职位；标签：经验不限 / 学历不限；薪资：2500-4000元/月,学历不限,,58同城,2026-09-25 10:29:43,411726,泌阳县,驻马店市,2024-2026,58_泌阳县_2024_2026.csv
4483,黔先生,网络客服居家办公轻松上手,驻马店市,驿城-丹尼斯,4600.0,5700.0,岗位：网络客服居家办公轻松上手；标签：五险一金；薪资：4600-5700元/月,未注明,,58同城,2026-09-25 10:29:43,411726,泌阳县,驻马店市,2024-2026,58_泌阳县_2024_2026.csv
4484,潘先生,诚聘人事助理3千加待遇好,驻马店市,驻马店-驿城,3000.0,5000.0,岗位：诚聘人事助理3千加待遇好；标签：经验不限 / 学历大专；薪资：3000-5000元/月,大专,,58同城,2026-09-25 10:29:43,411726,泌阳县,驻马店市,2024-2026,58_泌阳县_2024_2026.csv
4485,悄悄许个心愿,餐饮收银,驻马店市,驻马店-泌阳,2000.0,3000.0,岗位：餐饮收银；标签：经验不限 / 学历不限；薪资：2000-3000元/月,学历不限,,58同城,2026-09-25 10:29:43,411726,泌阳县,驻马店市,2024-2026,58_泌阳县_2024_2026.csv
4486,黔先生,运营五险双休线上来做,驻马店市,驿城-丹尼斯,4600.0,5400.0,岗位：运营五险双休线上来做；标签：五险一金；薪资：4600-5400元/月,未注明,,58同城,2026-09-25 10:29:43,411726,泌阳县,驻马店市,2024-2026,58_泌阳县_2024_2026.csv
4487,总哼小曲的阿霞,市区电子厂普工6000-7000,驻马店市,驻马店-驿城,6000.0,7000.0,岗位：市区电子厂普工6000-7000；标签：包住 / 包吃；薪资：6000-7000元/月,未注明,,58同城,2026-09-25 10:29:43,411726,泌阳县,驻马店市,2024-2026,58_泌阳县_2024_2026.csv
4488,用户42806,上蔡诚聘手机营业厅营业员,驻马店市,驻马店-上蔡,2500.0,5000.0,岗位：上蔡诚聘手机营业厅营业员；标签：招5人 / 经验1年以下 / 学历高中；薪资：2500-5000元/月,高中,5.0,58同城,2026-09-25 10:29:43,411726,泌阳县,驻马店市,2024-2026,58_泌阳县_2024_2026.csv
4489,招聘专员,客房保洁,驻马店市,驻马店周边-其他,2500.0,4500.0,岗位：客房保洁；标签：经验不限 / 学历不限；薪资：2500-4500元/月,学历不限,,58同城,2026-09-25 10:29:43,411726,泌阳县,驻马店市,2024-2026,58_泌阳县_2024_2026.csv
4490,大道朝天,商超/零售店员/营业员3000起,驻马店市,驻马店-平舆,3000.0,6000.0,岗位：商超/零售店员/营业员3000起；标签：招3人 / 经验1-2年 / 学历不限；薪资：3000-6000元/月,学历不限,3.0,58同城,2026-09-25 10:29:43,411726,泌阳县,驻马店市,2024-2026,58_泌阳县_2024_2026.csv
4491,王先生,薄薄饼小吃女后厨杂工/3千起,驻马店市,驻马店-驿城,3000.0,6000.0,岗位：薄薄饼小吃女后厨杂工/3千起；标签：招5人 / 经验不限 / 学历不限；薪资：3000-6000元/月,学历不限,5.0,58同城,2026-09-25 10:29:43,411726,泌阳县,驻马店市,2024-2026,58_泌阳县_2024_2026.csv
4492,毅然闵老板E,餐饮店店员/营业员2000起,驻马店市,驻马店周边-其他,2000.0,3000.0,岗位：餐饮店店员/营业员2000起；标签：包吃；薪资：2000-3000元/月,未注明,,58同城,2026-09-25 10:29:43,411726,泌阳县,驻马店市,2024-2026,58_泌阳县_2024_2026.csv
4493,poison,服务员,驻马店市,驻马店-泌阳,2000.0,2500.0,岗位：服务员；标签：包吃；薪资：2000-2500元/月,未注明,,58同城,2026-09-25 10:30:06,411726,泌阳县,驻马店市,2024-2026,58_泌阳县_2024_2026.csv
4494,孙女士,泌阳急招裁剪组长5千加,驻马店市,驻马店-泌阳,4500.0,5500.0,岗位：泌阳急招裁剪组长5千加；标签：招3人 / 经验1-2年 / 学历不限；薪资：4500-5500元/月,学历不限,3.0,58同城,2026-09-25 10:30:23,411726,泌阳县,驻马店市,2024-2026,58_泌阳县_2024_2026.csv
4495,孙女士,泌阳诚聘车间主任5千加包吃,驻马店市,驻马店-泌阳,5000.0,6000.0,岗位：泌阳诚聘车间主任5千加包吃；标签：招3人 / 经验3-5年 / 学历不限；薪资：5000-6000元/月,学历不限,3.0,58同城,2026-09-25 10:30:23,411726,泌阳县,驻马店市,2024-2026,58_泌阳县_2024_2026.csv
4496,付女士,卤肉师傅/包住两人间淋浴,驻马店市,驻马店-泌阳,3000.0,5500.0,岗位：卤肉师傅/包住两人间淋浴；标签：包住 / 包吃；薪资：3000-5500元/月,未注明,,58同城,2026-09-25 10:30:35,411726,泌阳县,驻马店市,2024-2026,58_泌阳县_2024_2026.csv
4497,彭先生,泌阳诚招烘焙运营经理主管4k起,驻马店市,驻马店-泌阳,4000.0,6000.0,岗位：泌阳诚招烘焙运营经理主管4k起；标签：经验1-2年 / 学历不限；薪资：4000-6000元/月,学历不限,,58同城,2026-09-25 10:31:28,411726,泌阳县,驻马店市,2024-2026,58_泌阳县_2024_2026.csv
4498,涟漪,新媒体运营/多媒体运营学历大专,驻马店市,驻马店-泌阳,3000.0,6000.0,岗位：新媒体运营/多媒体运营学历大专；标签：包吃；薪资：3000-6000元/月,未注明,,58同城,2026-09-25 10:31:28,411726,泌阳县,驻马店市,2024-2026,58_泌阳县_2024_2026.csv
4499,指尖微风起,泌阳美容店诚招美容师,驻马店市,驻马店-泌阳,3000.0,6000.0,岗位：泌阳美容店诚招美容师；标签：招10人 / 经验不限 / 学历不限；薪资：3000-6000元/月,学历不限,10.0,58同城,2026-09-25 10:32:11,411726,泌阳县,驻马店市,2024-2026,58_泌阳县_2024_2026.csv
4500,,恩佳食品销售店·外卖 服务区域：泌阳、新蔡,驻马店市,泌阳县,,,岗位：恩佳食品销售店·外卖 服务区域：泌阳、新蔡,未注明,,58同城,2026-09-25 10:32:26,411726,泌阳县,驻马店市,2024-2026,58_泌阳县_2024_2026.csv
4501,,恩佳食品销售店·鲜花绿植 服务区域：泌阳、新蔡,驻马店市,泌阳县,,,岗位：恩佳食品销售店·鲜花绿植 服务区域：泌阳、新蔡,未注明,,58同城,2026-09-25 10:32:26,411726,泌阳县,驻马店市,2024-2026,58_泌阳县_2024_2026.csv
4502,李老师,新姿烫染旗舰店头疗师2000起,驻马店市,汝南-古城大道,2000.0,4000.0,岗位：新姿烫染旗舰店头疗师2000起；标签：经验不限 / 学历不限；薪资：2000-4000元/月,学历不限,,58同城,2026-09-25 10:32:43,411727,汝南县,驻马店市,2024-2026,58_汝南县_2024_2026.csv
4503,捡石子的乐乐,仓库管理早九晚五薪资6000,驻马店市,汝南-古城大道,5000.0,8000.0,岗位：仓库管理早九晚五薪资6000；标签：五险一金 / 包吃 / 包住 / 周末双休；薪资：5000-8000元/月,未注明,,58同城,2026-09-25 10:32:43,411727,汝南县,驻马店市,2024-2026,58_汝南县_2024_2026.csv
4504,刘女士,汝南诚招营业员3000起 小程序,驻马店市,驻马店-汝南,3500.0,6000.0,岗位：汝南诚招营业员3000起 小程序；标签：招10人 / 经验不限 / 学历不限；薪资：3500-6000元/月,学历不限,10.0,58同城,2026-09-25 10:32:43,411727,汝南县,驻马店市,2024-2026,58_汝南县_2024_2026.csv
4505,汝南县天中酒业,汝南诚招酒厂门店营业员,驻马店市,驻马店-汝南,3000.0,6000.0,岗位：汝南诚招酒厂门店营业员；标签：招10人 / 经验不限 / 学历不限；薪资：3000-6000元/月,学历不限,10.0,58同城,2026-09-25 10:32:43,411727,汝南县,驻马店市,2024-2026,58_汝南县_2024_2026.csv
4506,308,销售专员,驻马店市,驻马店-汝南,2500.0,3000.0,岗位：销售专员；标签：经验不限 / 学历不限；薪资：2500-3000元/月,学历不限,,58同城,2026-09-25 10:32:43,411727,汝南县,驻马店市,2024-2026,58_汝南县_2024_2026.csv
4507,新怡超市,超市店长/8k起,驻马店市,驻马店-汝南,8000.0,13000.0,岗位：超市店长/8k起；标签：经验10年以上 / 学历不限；薪资：8000-13000元/月,学历不限,,58同城,2026-09-25 10:32:43,411727,汝南县,驻马店市,2024-2026,58_汝南县_2024_2026.csv
4508,曾凡强,动物医院前台接待五险一金加班补助年底双薪,驻马店市,驻马店-汝南,2500.0,5000.0,岗位：动物医院前台接待五险一金加班补助年底双薪；标签：五险一金 / 年底双薪 / 加班补助；薪资：2500-5000元/月,未注明,,58同城,2026-09-25 10:32:43,411727,汝南县,驻马店市,2024-2026,58_汝南县_2024_2026.csv
4509,爱转交的冷同学,火锅店服务员免费工服包吃工作餐标高,驻马店市,驻马店-汝南,2500.0,3500.0,岗位：火锅店服务员免费工服包吃工作餐标高；标签：包吃；薪资：2500-3500元/月,未注明,,58同城,2026-09-25 10:32:43,411727,汝南县,驻马店市,2024-2026,58_汝南县_2024_2026.csv
4510,招聘专员,汝南县忠信达信息技术有限公司招聘采购专员,驻马店市,驻马店-汝南,3500.0,4500.0,岗位：汝南县忠信达信息技术有限公司招聘采购专员；标签：招1人 / 经验1-2年 / 学历大专；薪资：3500-4500元/月,大专,1.0,58同城,2026-09-25 10:32:43,411727,汝南县,驻马店市,2024-2026,58_汝南县_2024_2026.csv
4511,值得庆贺DE稽老板,财务会计/3500起,驻马店市,驻马店-汝南,3500.0,4000.0,岗位：财务会计/3500起；标签：包吃；薪资：3500-4000元/月,未注明,,58同城,2026-09-25 10:32:43,411727,汝南县,驻马店市,2024-2026,58_汝南县_2024_2026.csv
4512,付艳丽,诚招保险贷款专员4千加,驻马店市,汝南-古城大道,4000.0,6000.0,岗位：诚招保险贷款专员4千加；标签：五险一金 / 年底双薪 / 周末双休；薪资：4000-6000元/月,未注明,,58同城,2026-09-25 10:32:43,411727,汝南县,驻马店市,2024-2026,58_汝南县_2024_2026.csv
4513,石女士,家装工装设计师,驻马店市,汝南-古城大道,10000.0,20000.0,岗位：家装工装设计师；标签：话补；薪资：10000-20000元/月,未注明,,58同城,2026-09-25 10:32:43,411727,汝南县,驻马店市,2024-2026,58_汝南县_2024_2026.csv
4514,勤恳踏实的谈师傅,汝南县机械厂焊工包住加班补助饭补,驻马店市,驻马店-汝南,8000.0,25000.0,岗位：汝南县机械厂焊工包住加班补助饭补；标签：包住 / 加班补助 / 饭补；薪资：8000-25000元/月,未注明,,58同城,2026-09-25 10:32:43,411727,汝南县,驻马店市,2024-2026,58_汝南县_2024_2026.csv
4515,张先生,汝南县金铺镇张凯农机配件店/售后支持/五,驻马店市,驻马店-汝南,2500.0,5000.0,岗位：汝南县金铺镇张凯农机配件店/售后支持/五；标签：五险一金；薪资：2500-5000元/月,未注明,,58同城,2026-09-25 10:32:43,411727,汝南县,驻马店市,2024-2026,58_汝南县_2024_2026.csv
4516,张先生,售后服务专员,驻马店市,驻马店-汝南,2500.0,5000.0,岗位：售后服务专员；标签：五险一金；薪资：2500-5000元/月,未注明,,58同城,2026-09-25 10:32:43,411727,汝南县,驻马店市,2024-2026,58_汝南县_2024_2026.csv
4517,爱追蝴蝶的阿乐,商超/销售专员工作时间灵活,驻马店市,汝南-古城大道,3000.0,20000.0,岗位：商超/销售专员工作时间灵活；标签：周末双休；薪资：3000-20000元/月,未注明,,58同城,2026-09-25 10:32:43,411727,汝南县,驻马店市,2024-2026,58_汝南县_2024_2026.csv
4518,招聘专员,汝南忠信达信息公司诚聘采购经理/产品经理,驻马店市,驻马店-汝南,4000.0,5000.0,岗位：汝南忠信达信息公司诚聘采购经理/产品经理；标签：招1人 / 经验1-2年 / 学历大专；薪资：4000-5000元/月,大专,1.0,58同城,2026-09-25 10:32:43,411727,汝南县,驻马店市,2024-2026,58_汝南县_2024_2026.csv
4519,张显风,湘味塘餐饮饭店/服务员/3000起,驻马店市,驻马店-汝南,3000.0,4500.0,岗位：湘味塘餐饮饭店/服务员/3000起；标签：招1人 / 经验不限 / 学历不限；薪资：3000-4500元/月,学历不限,1.0,58同城,2026-09-25 10:32:43,411727,汝南县,驻马店市,2024-2026,58_汝南县_2024_2026.csv
4520,田女士,星越俱乐部厅/服务员前台2500起,驻马店市,汝南-古城大道,2500.0,3500.0,岗位：星越俱乐部厅/服务员前台2500起；标签：经验1-2年 / 学历不限；薪资：2500-3500元/月,学历不限,,58同城,2026-09-25 10:32:43,411727,汝南县,驻马店市,2024-2026,58_汝南县_2024_2026.csv
4521,陈女士,汝南县广成小学/小学老师/包住周末双休包,驻马店市,驻马店-汝南,2000.0,3000.0,岗位：汝南县广成小学/小学老师/包住周末双休包；标签：包住 / 包吃 / 周末双休；薪资：2000-3000元/月,未注明,,58同城,2026-09-25 10:32:43,411727,汝南县,驻马店市,2024-2026,58_汝南县_2024_2026.csv
4522,用户59067,中餐厅厨师包吃免费工服,驻马店市,驻马店-汝南,5000.0,8000.0,岗位：中餐厅厨师包吃免费工服；标签：包吃；薪资：5000-8000元/月,未注明,,58同城,2026-09-25 10:32:43,411727,汝南县,驻马店市,2024-2026,58_汝南县_2024_2026.csv
4523,潘女士,市场营销专员,驻马店市,驻马店-汝南,3000.0,8000.0,岗位：市场营销专员；标签：经验不限 / 学历不限；薪资：3000-8000元/月,学历不限,,58同城,2026-09-25 10:32:43,411727,汝南县,驻马店市,2024-2026,58_汝南县_2024_2026.csv
4524,吴谦祎,钢琴教师,驻马店市,驻马店-汝南,,,岗位：钢琴教师；标签：经验不限 / 学历大专；薪资：面议,大专,,58同城,2026-09-25 10:32:43,411727,汝南县,驻马店市,2024-2026,58_汝南县_2024_2026.csv
4525,王先生,户用光伏运维（新蔡县）,驻马店市,驻马店-汝南,5000.0,6000.0,岗位：户用光伏运维（新蔡县）；标签：交通补助 / 加班补助；薪资：5000-6000元/月,未注明,,58同城,2026-09-25 10:32:43,411727,汝南县,驻马店市,2024-2026,58_汝南县_2024_2026.csv
4526,潘女士,诊所口腔医生1万起,驻马店市,驻马店-汝南,10000.0,22500.0,岗位：诊所口腔医生1万起；标签：招1人 / 经验1-2年 / 学历大专；薪资：10000-22500元/月,大专,1.0,58同城,2026-09-25 10:32:43,411727,汝南县,驻马店市,2024-2026,58_汝南县_2024_2026.csv
4527,张先生,八千招健身教练不会可培训,驻马店市,驻马店-汝南,6500.0,13500.0,岗位：八千招健身教练不会可培训；标签：包住 / 五险 / 包吃；薪资：6500-13500元/月,未注明,,58同城,2026-09-25 10:32:43,411727,汝南县,驻马店市,2024-2026,58_汝南县_2024_2026.csv
4528,娜娜,诚招客服专员3千加待遇好,驻马店市,驻马店-汝南,3000.0,5000.0,岗位：诚招客服专员3千加待遇好；标签：招10人 / 经验不限 / 学历不限；薪资：3000-5000元/月,学历不限,10.0,58同城,2026-09-25 10:32:43,411727,汝南县,驻马店市,2024-2026,58_汝南县_2024_2026.csv
4529,晏师傅要嘱咐,广告公司平面设计4k起管吃,驻马店市,驻马店-汝南,4000.0,7000.0,岗位：广告公司平面设计4k起管吃；标签：包吃；薪资：4000-7000元/月,未注明,,58同城,2026-09-25 10:32:43,411727,汝南县,驻马店市,2024-2026,58_汝南县_2024_2026.csv
4530,悄悄看星星的星仔,居家在线审核员日结260远程可做,驻马店市,汝南-古城大道,5000.0,8000.0,岗位：居家在线审核员日结260远程可做；标签：五险一金 / 包吃 / 包住 / 周末双休；薪资：5000-8000元/月,未注明,,58同城,2026-09-25 10:32:43,411727,汝南县,驻马店市,2024-2026,58_汝南县_2024_2026.csv
4531,晏师傅要嘱咐,普工/操作工4千起包吃加班补助,驻马店市,驻马店-汝南,4000.0,6500.0,岗位：普工/操作工4千起包吃加班补助；标签：包吃；薪资：4000-6500元/月,未注明,,58同城,2026-09-25 10:32:43,411727,汝南县,驻马店市,2024-2026,58_汝南县_2024_2026.csv
4532,张先生,电子厂普工/操作工饭补包住包吃,驻马店市,驻马店-驿城,5500.0,7000.0,岗位：电子厂普工/操作工饭补包住包吃；标签：包住 / 包吃 / 加班补助 / 饭补；薪资：5500-7000元/月,未注明,,58同城,2026-09-25 10:32:51,411727,汝南县,驻马店市,2024-2026,58_汝南县_2024_2026.csv
4533,张女士,诚招招聘专员,驻马店市,驻马店-驿城,3000.0,4500.0,岗位：诚招招聘专员；标签：招10人 / 经验不限 / 学历大专；薪资：3000-4500元/月,大专,10.0,58同城,2026-09-25 10:32:51,411727,汝南县,驻马店市,2024-2026,58_汝南县_2024_2026.csv
4534,爱泡温泉的汤,其他职位 小程序,驻马店市,驻马店-驿城,2000.0,4000.0,岗位：其他职位 小程序；标签：经验不限 / 学历不限；薪资：2000-4000元/月,学历不限,,58同城,2026-09-25 10:32:51,411727,汝南县,驻马店市,2024-2026,58_汝南县_2024_2026.csv
4535,张女士,诚招人事助理,驻马店市,驿城-天中广场,2500.0,5000.0,岗位：诚招人事助理；标签：招5人 / 经验不限 / 学历不限；薪资：2500-5000元/月,学历不限,5.0,58同城,2026-09-25 10:32:51,411727,汝南县,驻马店市,2024-2026,58_汝南县_2024_2026.csv
4536,王先生,小区巡逻坐岗保安有空调,驻马店市,驻马店-驿城,4500.0,5000.0,岗位：小区巡逻坐岗保安有空调；标签：五险 / 包住 / 包吃；薪资：4500-5000元/月,未注明,,58同城,2026-09-25 10:32:51,411727,汝南县,驻马店市,2024-2026,58_汝南县_2024_2026.csv
4537,武女士,上蔡县诚招运营10000加,驻马店市,驻马店-上蔡,4000.0,10000.0,岗位：上蔡县诚招运营10000加；标签：招5人 / 经验1-2年 / 学历不限；薪资：4000-10000元/月,学历不限,5.0,58同城,2026-09-25 10:32:51,411727,汝南县,驻马店市,2024-2026,58_汝南县_2024_2026.csv
4538,王先生,物业公司保安/包吃包住五险,驻马店市,驻马店-驿城,4500.0,5000.0,岗位：物业公司保安/包吃包住五险；标签：五险 / 包住 / 包吃；薪资：4500-5000元/月,未注明,,58同城,2026-09-25 10:32:51,411727,汝南县,驻马店市,2024-2026,58_汝南县_2024_2026.csv
4539,爱爬山DE全总,其他职位,驻马店市,驻马店-西平,2000.0,5000.0,岗位：其他职位；标签：经验不限 / 学历不限；薪资：2000-5000元/月,学历不限,,58同城,2026-09-25 10:32:51,411727,汝南县,驻马店市,2024-2026,58_汝南县_2024_2026.csv
4540,月亮下数蚂蚁,食品/鸡排店店员/营业员,驻马店市,上蔡-老汽车站,2500.0,3000.0,岗位：食品/鸡排店店员/营业员；标签：招2人 / 经验不限 / 学历不限；薪资：2500-3000元/月,学历不限,2.0,58同城,2026-09-25 10:32:51,411727,汝南县,驻马店市,2024-2026,58_汝南县_2024_2026.csv
4541,马女士,道路收费员/五险一金/包吃住,驻马店市,驻马店-平舆,4000.0,4500.0,岗位：道路收费员/五险一金/包吃住；标签：五险一金 / 包住 / 包吃 / 加班补助；薪资：4000-4500元/月,未注明,,58同城,2026-09-25 10:32:51,411727,汝南县,驻马店市,2024-2026,58_汝南县_2024_2026.csv
4542,用户42806,上蔡诚招营业厅营业员,驻马店市,驻马店-上蔡,2500.0,5000.0,岗位：上蔡诚招营业厅营业员；标签：招5人 / 经验1年以下 / 学历高中；薪资：2500-5000元/月,高中,5.0,58同城,2026-09-25 10:32:51,411727,汝南县,驻马店市,2024-2026,58_汝南县_2024_2026.csv
4543,尼先生,上蔡诚聘饮品店店长5千加,驻马店市,驻马店周边-其他,4000.0,7000.0,岗位：上蔡诚聘饮品店店长5千加；标签：招2人 / 经验1年以下 / 学历不限；薪资：4000-7000元/月,学历不限,2.0,58同城,2026-09-25 10:32:51,411727,汝南县,驻马店市,2024-2026,58_汝南县_2024_2026.csv
4544,陈先生,室内保安包吃住可带手机,驻马店市,驻马店-新蔡,4500.0,5000.0,岗位：室内保安包吃住可带手机；标签：五险 / 包住 / 包吃 / 年底双薪；薪资：4500-5000元/月,未注明,,58同城,2026-09-25 10:32:51,411727,汝南县,驻马店市,2024-2026,58_汝南县_2024_2026.csv
4545,招聘专员,在线客服居家兼职操作简单,驻马店市,驿城-丹尼斯,4500.0,5700.0,岗位：在线客服居家兼职操作简单；标签：五险一金；薪资：4500-5700元/月,未注明,,58同城,2026-09-25 10:32:51,411727,汝南县,驻马店市,2024-2026,58_汝南县_2024_2026.csv
4546,康老板想诉说,奶茶/饮品师,驻马店市,驻马店周边-其他,3000.0,5000.0,岗位：奶茶/饮品师；标签：经验不限 / 学历不限；薪资：3000-5000元/月,学历不限,,58同城,2026-09-25 10:32:51,411727,汝南县,驻马店市,2024-2026,58_汝南县_2024_2026.csv
4547,尼先生,上蔡诚招饮品店店长5千加,驻马店市,驻马店周边-其他,5000.0,7000.0,岗位：上蔡诚招饮品店店长5千加；标签：招2人 / 经验不限 / 学历不限；薪资：5000-7000元/月,学历不限,2.0,58同城,2026-09-25 10:32:51,411727,汝南县,驻马店市,2024-2026,58_汝南县_2024_2026.csv
4548,蘑菇撑小伞,上蔡诚招会计5千加五险一金包吃住,驻马店市,驻马店-上蔡,4500.0,6000.0,岗位：上蔡诚招会计5千加五险一金包吃住；标签：五险一金；薪资：4500-6000元/月,未注明,,58同城,2026-09-25 10:32:51,411727,汝南县,驻马店市,2024-2026,58_汝南县_2024_2026.csv
4549,黔先生,采购专员在家供应商资料整理,驻马店市,驿城-丹尼斯,4200.0,5600.0,岗位：采购专员在家供应商资料整理；标签：五险一金；薪资：4200-5600元/月,未注明,,58同城,2026-09-25 10:32:51,411727,汝南县,驻马店市,2024-2026,58_汝南县_2024_2026.csv
4550,慢吞吞的小蜗牛,木火餐饮招聘后厨帮工,驻马店市,驿城-丹尼斯,3000.0,3500.0,岗位：木火餐饮招聘后厨帮工；标签：招5人 / 经验不限 / 学历不限；薪资：3000-3500元/月,学历不限,5.0,58同城,2026-09-25 10:32:51,411727,汝南县,驻马店市,2024-2026,58_汝南县_2024_2026.csv
4551,捡到星星的米米,其他职位,驻马店市,驿城-天中广场,2500.0,4000.0,岗位：其他职位；标签：经验不限 / 学历不限；薪资：2500-4000元/月,学历不限,,58同城,2026-09-25 10:32:51,411727,汝南县,驻马店市,2024-2026,58_汝南县_2024_2026.csv
4552,黔先生,网络客服居家办公轻松上手,驻马店市,驿城-丹尼斯,4600.0,5700.0,岗位：网络客服居家办公轻松上手；标签：五险一金；薪资：4600-5700元/月,未注明,,58同城,2026-09-25 10:32:51,411727,汝南县,驻马店市,2024-2026,58_汝南县_2024_2026.csv
4553,潘先生,诚聘人事助理3千加待遇好,驻马店市,驻马店-驿城,3000.0,5000.0,岗位：诚聘人事助理3千加待遇好；标签：经验不限 / 学历大专；薪资：3000-5000元/月,大专,,58同城,2026-09-25 10:32:51,411727,汝南县,驻马店市,2024-2026,58_汝南县_2024_2026.csv
4554,悄悄许个心愿,餐饮收银,驻马店市,驻马店-泌阳,2000.0,3000.0,岗位：餐饮收银；标签：经验不限 / 学历不限；薪资：2000-3000元/月,学历不限,,58同城,2026-09-25 10:32:51,411727,汝南县,驻马店市,2024-2026,58_汝南县_2024_2026.csv
4555,黔先生,运营五险双休线上来做,驻马店市,驿城-丹尼斯,4600.0,5400.0,岗位：运营五险双休线上来做；标签：五险一金；薪资：4600-5400元/月,未注明,,58同城,2026-09-25 10:32:51,411727,汝南县,驻马店市,2024-2026,58_汝南县_2024_2026.csv
4556,总哼小曲的阿霞,市区电子厂普工6000-7000,驻马店市,驻马店-驿城,6000.0,7000.0,岗位：市区电子厂普工6000-7000；标签：包住 / 包吃；薪资：6000-7000元/月,未注明,,58同城,2026-09-25 10:32:51,411727,汝南县,驻马店市,2024-2026,58_汝南县_2024_2026.csv
4557,用户42806,上蔡诚聘手机营业厅营业员,驻马店市,驻马店-上蔡,2500.0,5000.0,岗位：上蔡诚聘手机营业厅营业员；标签：招5人 / 经验1年以下 / 学历高中；薪资：2500-5000元/月,高中,5.0,58同城,2026-09-25 10:32:51,411727,汝南县,驻马店市,2024-2026,58_汝南县_2024_2026.csv
4558,招聘专员,客房保洁,驻马店市,驻马店周边-其他,2500.0,4500.0,岗位：客房保洁；标签：经验不限 / 学历不限；薪资：2500-4500元/月,学历不限,,58同城,2026-09-25 10:32:51,411727,汝南县,驻马店市,2024-2026,58_汝南县_2024_2026.csv
4559,大道朝天,商超/零售店员/营业员3000起,驻马店市,驻马店-平舆,3000.0,6000.0,岗位：商超/零售店员/营业员3000起；标签：招3人 / 经验1-2年 / 学历不限；薪资：3000-6000元/月,学历不限,3.0,58同城,2026-09-25 10:32:51,411727,汝南县,驻马店市,2024-2026,58_汝南县_2024_2026.csv
4560,王先生,薄薄饼小吃女后厨杂工/3千起,驻马店市,驻马店-驿城,3000.0,6000.0,岗位：薄薄饼小吃女后厨杂工/3千起；标签：招5人 / 经验不限 / 学历不限；薪资：3000-6000元/月,学历不限,5.0,58同城,2026-09-25 10:32:51,411727,汝南县,驻马店市,2024-2026,58_汝南县_2024_2026.csv
4561,毅然闵老板E,餐饮店店员/营业员2000起,驻马店市,驻马店周边-其他,2000.0,3000.0,岗位：餐饮店店员/营业员2000起；标签：包吃；薪资：2000-3000元/月,未注明,,58同城,2026-09-25 10:32:51,411727,汝南县,驻马店市,2024-2026,58_汝南县_2024_2026.csv
4562,爱泡温泉的汤,其他职位,驻马店市,驻马店-驿城,2000.0,4000.0,岗位：其他职位；标签：经验不限 / 学历不限；薪资：2000-4000元/月,学历不限,,58同城,2026-09-25 10:32:59,411727,汝南县,驻马店市,2024-2026,58_汝南县_2024_2026.csv
4563,张女士,诚招招聘专员 小程序,驻马店市,驻马店-驿城,3000.0,4500.0,岗位：诚招招聘专员 小程序；标签：招10人 / 经验不限 / 学历大专；薪资：3000-4500元/月,大专,10.0,58同城,2026-09-25 10:32:59,411727,汝南县,驻马店市,2024-2026,58_汝南县_2024_2026.csv
4564,总哼小曲的阿霞,市区普工5500-7000。,驻马店市,驻马店-驿城,5500.0,7000.0,岗位：市区普工5500-7000。；标签：包住；薪资：5500-7000元/月,未注明,,58同城,2026-09-25 10:32:59,411727,汝南县,驻马店市,2024-2026,58_汝南县_2024_2026.csv
4565,潘女士,诊所口腔医生1万起 小程序,驻马店市,驻马店-汝南,10000.0,22500.0,岗位：诊所口腔医生1万起 小程序；标签：招1人 / 经验1-2年 / 学历大专；薪资：10000-22500元/月,大专,1.0,58同城,2026-09-25 10:33:47,411727,汝南县,驻马店市,2024-2026,58_汝南县_2024_2026.csv
4566,仰望星空的梦,居家审核员早九晚五薪资6000,驻马店市,汝南-古城大道,5000.0,8000.0,岗位：居家审核员早九晚五薪资6000；标签：五险一金 / 包吃 / 包住 / 周末双休；薪资：5000-8000元/月,未注明,,58同城,2026-09-25 10:34:19,411727,汝南县,驻马店市,2024-2026,58_汝南县_2024_2026.csv
4567,李老师,头疗师2500起,驻马店市,汝南-古城大道,2500.0,4500.0,岗位：头疗师2500起；标签：招1人 / 经验1-2年 / 学历不限；薪资：2500-4500元/月,学历不限,1.0,58同城,2026-09-25 10:35:07,411727,汝南县,驻马店市,2024-2026,58_汝南县_2024_2026.csv
4568,秀颜阁美容,汝南诚招美容师4千起,驻马店市,驻马店-汝南,4000.0,6500.0,岗位：汝南诚招美容师4千起；标签：招10人 / 经验不限 / 学历不限；薪资：4000-6500元/月,学历不限,10.0,58同城,2026-09-25 10:35:12,411727,汝南县,驻马店市,2024-2026,58_汝南县_2024_2026.csv
4569,李女士,日结160/天，包吃包住，56岁大龄普工,驻马店市,驻马店-遂平,5000.0,6000.0,岗位：日结160/天，包吃包住，56岁大龄普工；标签：包住 / 包吃；薪资：5000-6000元/月,未注明,,58同城,2026-09-25 10:35:48,411728,遂平县,驻马店市,2024-2026,58_遂平县_2024_2026.csv
4570,委婉动听的梁师傅,普工月6000-7000元，包吃住,驻马店市,驻马店-遂平,6000.0,7000.0,岗位：普工月6000-7000元，包吃住；标签：包住 / 包吃；薪资：6000-7000元/月,未注明,,58同城,2026-09-25 10:35:48,411728,遂平县,驻马店市,2024-2026,58_遂平县_2024_2026.csv
4571,于女士,药厂招聘技工日结300一... 小程序,驻马店市,驻马店-遂平,7000.0,8000.0,岗位：药厂招聘技工日结300一... 小程序；标签：五险一金 / 包住 / 包吃 / 年底双薪；薪资：7000-8000元/月,未注明,,58同城,2026-09-25 10:35:48,411728,遂平县,驻马店市,2024-2026,58_遂平县_2024_2026.csv
4572,陈女士,日结包食宿保底182元诚聘普工、包装工,驻马店市,驻马店-遂平,4500.0,7000.0,岗位：日结包食宿保底182元诚聘普工、包装工；标签：包住 / 包吃；薪资：4500-7000元/月,未注明,,58同城,2026-09-25 10:35:48,411728,遂平县,驻马店市,2024-2026,58_遂平县_2024_2026.csv
4573,胡女士,长白班可日结300一天药厂技工贴标签坐班,驻马店市,驻马店-遂平,8500.0,8900.0,岗位：长白班可日结300一天药厂技工贴标签坐班；标签：五险一金 / 包住 / 包吃 / 年底双薪；薪资：8500-8900元/月,未注明,,58同城,2026-09-25 10:35:48,411728,遂平县,驻马店市,2024-2026,58_遂平县_2024_2026.csv
4574,霍先生,电子厂普工/操作工包吃饭补房补,驻马店市,驻马店-遂平,5000.0,6000.0,岗位：电子厂普工/操作工包吃饭补房补；标签：包住 / 包吃 / 饭补 / 房补；薪资：5000-6000元/月,未注明,,58同城,2026-09-25 10:35:48,411728,遂平县,驻马店市,2024-2026,58_遂平县_2024_2026.csv
4575,霍先生,电子厂普工/操作工包住饭补包吃,驻马店市,驻马店-遂平,6000.0,7000.0,岗位：电子厂普工/操作工包住饭补包吃；标签：包住 / 包吃 / 饭补；薪资：6000-7000元/月,未注明,,58同城,2026-09-25 10:35:48,411728,遂平县,驻马店市,2024-2026,58_遂平县_2024_2026.csv
4576,张先生,技工食品厂饭补五险210/天,驻马店市,驻马店-遂平,6500.0,9500.0,岗位：技工食品厂饭补五险210/天；标签：五险 / 包住 / 包吃 / 饭补；薪资：6500-9500元/月,未注明,,58同城,2026-09-25 10:35:48,411728,遂平县,驻马店市,2024-2026,58_遂平县_2024_2026.csv
4577,霍先生,食品厂技工包住包吃五险180-300/天,驻马店市,驻马店-遂平,7000.0,9500.0,岗位：食品厂技工包住包吃五险180-300/天；标签：五险 / 包住 / 包吃；薪资：7000-9500元/月,未注明,,58同城,2026-09-25 10:35:48,411728,遂平县,驻马店市,2024-2026,58_遂平县_2024_2026.csv
4578,张经理,诚招视频拍摄剪辑直播运营,驻马店市,驻马店-遂平,4000.0,5500.0,岗位：诚招视频拍摄剪辑直播运营；标签：包住 / 包吃；薪资：4000-5500元/月,未注明,,58同城,2026-09-25 10:35:48,411728,遂平县,驻马店市,2024-2026,58_遂平县_2024_2026.csv
4579,张经理,招聘普工/装卸工/生产班长,驻马店市,驻马店-遂平,4000.0,6000.0,岗位：招聘普工/装卸工/生产班长；标签：包吃；薪资：4000-6000元/月,未注明,,58同城,2026-09-25 10:35:48,411728,遂平县,驻马店市,2024-2026,58_遂平县_2024_2026.csv
4580,张经理,遂平雪龙诚招制冷工,驻马店市,驻马店-遂平,3500.0,5000.0,岗位：遂平雪龙诚招制冷工；标签：包吃；薪资：3500-5000元/月,未注明,,58同城,2026-09-25 10:35:48,411728,遂平县,驻马店市,2024-2026,58_遂平县_2024_2026.csv
4581,张经理,诚仓管（成品库和原材料库的）,驻马店市,驻马店-遂平,3500.0,4000.0,岗位：诚仓管（成品库和原材料库的）；标签：包吃；薪资：3500-4000元/月,未注明,,58同城,2026-09-25 10:35:48,411728,遂平县,驻马店市,2024-2026,58_遂平县_2024_2026.csv
4582,张经理,招聘销售业务员,驻马店市,驻马店-遂平,5000.0,15000.0,岗位：招聘销售业务员；标签：包吃 / 饭补 / 加班补助 / 话补；薪资：5000-15000元/月,未注明,,58同城,2026-09-25 10:35:48,411728,遂平县,驻马店市,2024-2026,58_遂平县_2024_2026.csv
4583,张经理,诚聘机电维修工,驻马店市,驻马店-遂平,3000.0,6000.0,岗位：诚聘机电维修工；标签：包住 / 包吃；薪资：3000-6000元/月,未注明,,58同城,2026-09-25 10:35:48,411728,遂平县,驻马店市,2024-2026,58_遂平县_2024_2026.csv
4584,张经理,诚聘成本核算员/核算会计,驻马店市,驻马店-遂平,3500.0,4000.0,岗位：诚聘成本核算员/核算会计；标签：包住 / 包吃；薪资：3500-4000元/月,未注明,,58同城,2026-09-25 10:35:48,411728,遂平县,驻马店市,2024-2026,58_遂平县_2024_2026.csv
4585,郭女士,普工返费8500恒温车间管吃住管理好,驻马店市,驻马店-遂平,6500.0,8000.0,岗位：普工返费8500恒温车间管吃住管理好；标签：包住 / 包吃 / 加班补助；薪资：6500-8000元/月,未注明,,58同城,2026-09-25 10:35:48,411728,遂平县,驻马店市,2024-2026,58_遂平县_2024_2026.csv
4586,马女士,丝印工日结300/天长白班包吃住活轻松,驻马店市,驻马店-遂平,7500.0,8500.0,岗位：丝印工日结300/天长白班包吃住活轻松；标签：五险一金 / 房补 / 话补 / 饭补；薪资：7500-8500元/月,未注明,,58同城,2026-09-25 10:35:48,411728,遂平县,驻马店市,2024-2026,58_遂平县_2024_2026.csv
4587,喜欢吹泡泡的刘同学,无需经验周末双休包吃包住仓库管理员月7k,驻马店市,驻马店-遂平,7000.0,7500.0,岗位：无需经验周末双休包吃包住仓库管理员月7k；标签：五险一金 / 包住 / 包吃 / 周末双休；薪资：7000-7500元/月,未注明,,58同城,2026-09-25 10:35:48,411728,遂平县,驻马店市,2024-2026,58_遂平县_2024_2026.csv
4588,赵女士,300一天吹风机厂技工/包吃包住恒温车间,驻马店市,驻马店-遂平,7000.0,7500.0,岗位：300一天吹风机厂技工/包吃包住恒温车间；标签：五险 / 包住 / 包吃 / 加班补助；薪资：7000-7500元/月,未注明,,58同城,2026-09-25 10:35:48,411728,遂平县,驻马店市,2024-2026,58_遂平县_2024_2026.csv
4589,张先生,电子厂普工/操作工饭补包住包吃,驻马店市,驻马店-驿城,5500.0,7000.0,岗位：电子厂普工/操作工饭补包住包吃；标签：包住 / 包吃 / 加班补助 / 饭补；薪资：5500-7000元/月,未注明,,58同城,2026-09-25 10:36:00,411728,遂平县,驻马店市,2024-2026,58_遂平县_2024_2026.csv
4590,张女士,诚招招聘专员,驻马店市,驻马店-驿城,3000.0,4500.0,岗位：诚招招聘专员；标签：招10人 / 经验不限 / 学历大专；薪资：3000-4500元/月,大专,10.0,58同城,2026-09-25 10:36:00,411728,遂平县,驻马店市,2024-2026,58_遂平县_2024_2026.csv
4591,爱泡温泉的汤,其他职位 小程序,驻马店市,驻马店-驿城,2000.0,4000.0,岗位：其他职位 小程序；标签：经验不限 / 学历不限；薪资：2000-4000元/月,学历不限,,58同城,2026-09-25 10:36:00,411728,遂平县,驻马店市,2024-2026,58_遂平县_2024_2026.csv
4592,张女士,诚招人事助理,驻马店市,驿城-天中广场,2500.0,5000.0,岗位：诚招人事助理；标签：招5人 / 经验不限 / 学历不限；薪资：2500-5000元/月,学历不限,5.0,58同城,2026-09-25 10:36:00,411728,遂平县,驻马店市,2024-2026,58_遂平县_2024_2026.csv
4593,王先生,小区巡逻坐岗保安有空调,驻马店市,驻马店-驿城,4500.0,5000.0,岗位：小区巡逻坐岗保安有空调；标签：五险 / 包住 / 包吃；薪资：4500-5000元/月,未注明,,58同城,2026-09-25 10:36:00,411728,遂平县,驻马店市,2024-2026,58_遂平县_2024_2026.csv
4594,武女士,上蔡县诚招运营10000加,驻马店市,驻马店-上蔡,4000.0,10000.0,岗位：上蔡县诚招运营10000加；标签：招5人 / 经验1-2年 / 学历不限；薪资：4000-10000元/月,学历不限,5.0,58同城,2026-09-25 10:36:00,411728,遂平县,驻马店市,2024-2026,58_遂平县_2024_2026.csv
4595,王先生,物业公司保安/包吃包住五险,驻马店市,驻马店-驿城,4500.0,5000.0,岗位：物业公司保安/包吃包住五险；标签：五险 / 包住 / 包吃；薪资：4500-5000元/月,未注明,,58同城,2026-09-25 10:36:00,411728,遂平县,驻马店市,2024-2026,58_遂平县_2024_2026.csv
4596,爱爬山DE全总,其他职位,驻马店市,驻马店-西平,2000.0,5000.0,岗位：其他职位；标签：经验不限 / 学历不限；薪资：2000-5000元/月,学历不限,,58同城,2026-09-25 10:36:00,411728,遂平县,驻马店市,2024-2026,58_遂平县_2024_2026.csv
4597,月亮下数蚂蚁,食品/鸡排店店员/营业员,驻马店市,上蔡-老汽车站,2500.0,3000.0,岗位：食品/鸡排店店员/营业员；标签：招2人 / 经验不限 / 学历不限；薪资：2500-3000元/月,学历不限,2.0,58同城,2026-09-25 10:36:00,411728,遂平县,驻马店市,2024-2026,58_遂平县_2024_2026.csv
4598,马女士,道路收费员/五险一金/包吃住,驻马店市,驻马店-平舆,4000.0,4500.0,岗位：道路收费员/五险一金/包吃住；标签：五险一金 / 包住 / 包吃 / 加班补助；薪资：4000-4500元/月,未注明,,58同城,2026-09-25 10:36:00,411728,遂平县,驻马店市,2024-2026,58_遂平县_2024_2026.csv
4599,用户42806,上蔡诚招营业厅营业员,驻马店市,驻马店-上蔡,2500.0,5000.0,岗位：上蔡诚招营业厅营业员；标签：招5人 / 经验1年以下 / 学历高中；薪资：2500-5000元/月,高中,5.0,58同城,2026-09-25 10:36:00,411728,遂平县,驻马店市,2024-2026,58_遂平县_2024_2026.csv
4600,尼先生,上蔡诚聘饮品店店长5千加,驻马店市,驻马店周边-其他,4000.0,7000.0,岗位：上蔡诚聘饮品店店长5千加；标签：招2人 / 经验1年以下 / 学历不限；薪资：4000-7000元/月,学历不限,2.0,58同城,2026-09-25 10:36:00,411728,遂平县,驻马店市,2024-2026,58_遂平县_2024_2026.csv
4601,陈先生,室内保安包吃住可带手机,驻马店市,驻马店-新蔡,4500.0,5000.0,岗位：室内保安包吃住可带手机；标签：五险 / 包住 / 包吃 / 年底双薪；薪资：4500-5000元/月,未注明,,58同城,2026-09-25 10:36:00,411728,遂平县,驻马店市,2024-2026,58_遂平县_2024_2026.csv
4602,招聘专员,在线客服居家兼职操作简单,驻马店市,驿城-丹尼斯,4500.0,5700.0,岗位：在线客服居家兼职操作简单；标签：五险一金；薪资：4500-5700元/月,未注明,,58同城,2026-09-25 10:36:00,411728,遂平县,驻马店市,2024-2026,58_遂平县_2024_2026.csv
4603,康老板想诉说,奶茶/饮品师,驻马店市,驻马店周边-其他,3000.0,5000.0,岗位：奶茶/饮品师；标签：经验不限 / 学历不限；薪资：3000-5000元/月,学历不限,,58同城,2026-09-25 10:36:00,411728,遂平县,驻马店市,2024-2026,58_遂平县_2024_2026.csv
4604,尼先生,上蔡诚招饮品店店长5千加,驻马店市,驻马店周边-其他,5000.0,7000.0,岗位：上蔡诚招饮品店店长5千加；标签：招2人 / 经验不限 / 学历不限；薪资：5000-7000元/月,学历不限,2.0,58同城,2026-09-25 10:36:00,411728,遂平县,驻马店市,2024-2026,58_遂平县_2024_2026.csv
4605,蘑菇撑小伞,上蔡诚招会计5千加五险一金包吃住,驻马店市,驻马店-上蔡,4500.0,6000.0,岗位：上蔡诚招会计5千加五险一金包吃住；标签：五险一金；薪资：4500-6000元/月,未注明,,58同城,2026-09-25 10:36:00,411728,遂平县,驻马店市,2024-2026,58_遂平县_2024_2026.csv
4606,黔先生,采购专员在家供应商资料整理,驻马店市,驿城-丹尼斯,4200.0,5600.0,岗位：采购专员在家供应商资料整理；标签：五险一金；薪资：4200-5600元/月,未注明,,58同城,2026-09-25 10:36:00,411728,遂平县,驻马店市,2024-2026,58_遂平县_2024_2026.csv
4607,慢吞吞的小蜗牛,木火餐饮招聘后厨帮工,驻马店市,驿城-丹尼斯,3000.0,3500.0,岗位：木火餐饮招聘后厨帮工；标签：招5人 / 经验不限 / 学历不限；薪资：3000-3500元/月,学历不限,5.0,58同城,2026-09-25 10:36:00,411728,遂平县,驻马店市,2024-2026,58_遂平县_2024_2026.csv
4608,捡到星星的米米,其他职位,驻马店市,驿城-天中广场,2500.0,4000.0,岗位：其他职位；标签：经验不限 / 学历不限；薪资：2500-4000元/月,学历不限,,58同城,2026-09-25 10:36:00,411728,遂平县,驻马店市,2024-2026,58_遂平县_2024_2026.csv
4609,黔先生,网络客服居家办公轻松上手,驻马店市,驿城-丹尼斯,4600.0,5700.0,岗位：网络客服居家办公轻松上手；标签：五险一金；薪资：4600-5700元/月,未注明,,58同城,2026-09-25 10:36:00,411728,遂平县,驻马店市,2024-2026,58_遂平县_2024_2026.csv
4610,潘先生,诚聘人事助理3千加待遇好,驻马店市,驻马店-驿城,3000.0,5000.0,岗位：诚聘人事助理3千加待遇好；标签：经验不限 / 学历大专；薪资：3000-5000元/月,大专,,58同城,2026-09-25 10:36:00,411728,遂平县,驻马店市,2024-2026,58_遂平县_2024_2026.csv
4611,悄悄许个心愿,餐饮收银,驻马店市,驻马店-泌阳,2000.0,3000.0,岗位：餐饮收银；标签：经验不限 / 学历不限；薪资：2000-3000元/月,学历不限,,58同城,2026-09-25 10:36:00,411728,遂平县,驻马店市,2024-2026,58_遂平县_2024_2026.csv
4612,黔先生,运营五险双休线上来做,驻马店市,驿城-丹尼斯,4600.0,5400.0,岗位：运营五险双休线上来做；标签：五险一金；薪资：4600-5400元/月,未注明,,58同城,2026-09-25 10:36:00,411728,遂平县,驻马店市,2024-2026,58_遂平县_2024_2026.csv
4613,总哼小曲的阿霞,市区电子厂普工6000-7000,驻马店市,驻马店-驿城,6000.0,7000.0,岗位：市区电子厂普工6000-7000；标签：包住 / 包吃；薪资：6000-7000元/月,未注明,,58同城,2026-09-25 10:36:00,411728,遂平县,驻马店市,2024-2026,58_遂平县_2024_2026.csv
4614,用户42806,上蔡诚聘手机营业厅营业员,驻马店市,驻马店-上蔡,2500.0,5000.0,岗位：上蔡诚聘手机营业厅营业员；标签：招5人 / 经验1年以下 / 学历高中；薪资：2500-5000元/月,高中,5.0,58同城,2026-09-25 10:36:00,411728,遂平县,驻马店市,2024-2026,58_遂平县_2024_2026.csv
4615,招聘专员,客房保洁,驻马店市,驻马店周边-其他,2500.0,4500.0,岗位：客房保洁；标签：经验不限 / 学历不限；薪资：2500-4500元/月,学历不限,,58同城,2026-09-25 10:36:00,411728,遂平县,驻马店市,2024-2026,58_遂平县_2024_2026.csv
4616,大道朝天,商超/零售店员/营业员3000起,驻马店市,驻马店-平舆,3000.0,6000.0,岗位：商超/零售店员/营业员3000起；标签：招3人 / 经验1-2年 / 学历不限；薪资：3000-6000元/月,学历不限,3.0,58同城,2026-09-25 10:36:00,411728,遂平县,驻马店市,2024-2026,58_遂平县_2024_2026.csv
4617,王先生,薄薄饼小吃女后厨杂工/3千起,驻马店市,驻马店-驿城,3000.0,6000.0,岗位：薄薄饼小吃女后厨杂工/3千起；标签：招5人 / 经验不限 / 学历不限；薪资：3000-6000元/月,学历不限,5.0,58同城,2026-09-25 10:36:00,411728,遂平县,驻马店市,2024-2026,58_遂平县_2024_2026.csv
4618,毅然闵老板E,餐饮店店员/营业员2000起,驻马店市,驻马店周边-其他,2000.0,3000.0,岗位：餐饮店店员/营业员2000起；标签：包吃；薪资：2000-3000元/月,未注明,,58同城,2026-09-25 10:36:00,411728,遂平县,驻马店市,2024-2026,58_遂平县_2024_2026.csv
4619,郭先生,急聘操作普工日结240工作简单不要求经验,驻马店市,驻马店-遂平,7000.0,8000.0,岗位：急聘操作普工日结240工作简单不要求经验；标签：包住 / 包吃；薪资：7000-8000元/月,未注明,,58同城,2026-09-25 10:36:19,411728,遂平县,驻马店市,2024-2026,58_遂平县_2024_2026.csv
4620,华伟,汉唐一号保健服务店/保健技师/6千起,驻马店市,驻马店-遂平,6000.0,8000.0,岗位：汉唐一号保健服务店/保健技师/6千起；标签：经验不限 / 学历不限；薪资：6000-8000元/月,学历不限,,58同城,2026-09-25 10:36:24,411728,遂平县,驻马店市,2024-2026,58_遂平县_2024_2026.csv
4621,毛先生,顺丰大件收派员（驻马店遂平县）需自带车,驻马店市,驻马店-遂平,8000.0,10000.0,岗位：顺丰大件收派员（驻马店遂平县）需自带车；标签：招6人 / 经验不限 / 学历不限；薪资：8000-10000元/月,学历不限,6.0,58同城,2026-09-25 10:37:03,411728,遂平县,驻马店市,2024-2026,58_遂平县_2024_2026.csv
4622,追云朵的风筝,遂平配送配车诚聘C本司机会开4.2米车,驻马店市,驻马店-遂平,5500.0,9000.0,岗位：遂平配送配车诚聘C本司机会开4.2米车；标签：交通补助；薪资：5500-9000元/月,未注明,,58同城,2026-09-25 10:37:11,411728,遂平县,驻马店市,2024-2026,58_遂平县_2024_2026.csv
4623,喜欢吹泡泡的刘同学,仓库管理员包住五险一金包吃月7k,驻马店市,驻马店-遂平,6500.0,7000.0,岗位：仓库管理员包住五险一金包吃月7k；标签：五险一金 / 包住 / 包吃 / 周末双休；薪资：6500-7000元/月,未注明,,58同城,2026-09-25 10:37:23,411728,遂平县,驻马店市,2024-2026,58_遂平县_2024_2026.csv
4624,李女士,北区普工快递临时工5K,驻马店市,驻马店-遂平,5000.0,5500.0,岗位：北区普工快递临时工5K；标签：经验不限 / 学历不限；薪资：5000-5500元/月,学历不限,,58同城,2026-09-25 10:37:23,411728,遂平县,驻马店市,2024-2026,58_遂平县_2024_2026.csv
4625,崔女士,装卸工/搬运工包吃包住360/天,驻马店市,驻马店-遂平,6500.0,7000.0,岗位：装卸工/搬运工包吃包住360/天；标签：五险 / 包住 / 包吃 / 加班补助；薪资：6500-7000元/月,未注明,,58同城,2026-09-25 10:37:23,411728,遂平县,驻马店市,2024-2026,58_遂平县_2024_2026.csv
4626,唯美烫染造型,唯美理发店/美发助理/学徒2000起,驻马店市,遂平-建设路,2000.0,3000.0,岗位：唯美理发店/美发助理/学徒2000起；标签：经验不限 / 学历不限；薪资：2000-3000元/月,学历不限,,58同城,2026-09-25 10:38:14,411728,遂平县,驻马店市,2024-2026,58_遂平县_2024_2026.csv
4627,,驻马店保姆/月嫂·保姆/月嫂 服务区域：遂平,驻马店市,遂平县,,,岗位：驻马店保姆/月嫂·保姆/月嫂 服务区域：遂平,未注明,,58同城,2026-09-25 10:38:38,411728,遂平县,驻马店市,2024-2026,58_遂平县_2024_2026.csv
4628,军临天下,养生保健馆收银员包吃加班补助,驻马店市,新蔡-新蔡市民之家,2800.0,3000.0,岗位：养生保健馆收银员包吃加班补助；标签：包吃 / 加班补助；薪资：2800-3000元/月,未注明,,58同城,2026-09-25 10:38:54,411729,新蔡县,驻马店市,2024-2026,58_新蔡县_2024_2026.csv
4629,王先生,停车场坐岗保安可带朋友,驻马店市,驻马店-新蔡,4500.0,5000.0,岗位：停车场坐岗保安可带朋友；标签：五险 / 包住 / 包吃；薪资：4500-5000元/月,未注明,,58同城,2026-09-25 10:38:54,411729,新蔡县,驻马店市,2024-2026,58_新蔡县_2024_2026.csv
4630,军临天下,娱乐场所收银员加班补助包... 小程序,驻马店市,新蔡-新蔡市民之家,2800.0,3000.0,岗位：娱乐场所收银员加班补助包... 小程序；标签：包住 / 包吃 / 加班补助；薪资：2800-3000元/月,未注明,,58同城,2026-09-25 10:38:54,411729,新蔡县,驻马店市,2024-2026,58_新蔡县_2024_2026.csv
4631,宝玲玲,食堂厨师/包住包吃,驻马店市,驻马店-新蔡,3000.0,5000.0,岗位：食堂厨师/包住包吃；标签：包住 / 包吃；薪资：3000-5000元/月,未注明,,58同城,2026-09-25 10:38:54,411729,新蔡县,驻马店市,2024-2026,58_新蔡县_2024_2026.csv
4632,王先生,保安包吃住待遇好可预支,驻马店市,驻马店-新蔡,4500.0,5000.0,岗位：保安包吃住待遇好可预支；标签：五险 / 包住 / 包吃；薪资：4500-5000元/月,未注明,,58同城,2026-09-25 10:38:54,411729,新蔡县,驻马店市,2024-2026,58_新蔡县_2024_2026.csv
4633,李女士,服装店/门店店长3500起,驻马店市,新蔡-百家福广场,3500.0,6000.0,岗位：服装店/门店店长3500起；标签：加班补助；薪资：3500-6000元/月,未注明,,58同城,2026-09-25 10:38:54,411729,新蔡县,驻马店市,2024-2026,58_新蔡县_2024_2026.csv
4634,宝玲玲,中餐厅服务员/杂工2300--2500,驻马店市,驻马店-新蔡,2200.0,3000.0,岗位：中餐厅服务员/杂工2300--2500；标签：招1人 / 经验不限 / 学历不限；薪资：2200-3000元/月,学历不限,1.0,58同城,2026-09-25 10:38:54,411729,新蔡县,驻马店市,2024-2026,58_新蔡县_2024_2026.csv
4635,坐在屋顶吹风,新蔡诚招餐饮店员包吃住免费工服,驻马店市,新蔡-新蔡市民之家,2500.0,3500.0,岗位：新蔡诚招餐饮店员包吃住免费工服；标签：招6人 / 经验1年以下 / 学历不限；薪资：2500-3500元/月,学历不限,6.0,58同城,2026-09-25 10:38:54,411729,新蔡县,驻马店市,2024-2026,58_新蔡县_2024_2026.csv
4636,酸奶咕嘟嘟,超市理货员拣货员,驻马店市,新蔡-百家福广场,2500.0,3000.0,岗位：超市理货员拣货员；标签：经验不限 / 学历不限；薪资：2500-3000元/月,学历不限,,58同城,2026-09-25 10:38:54,411729,新蔡县,驻马店市,2024-2026,58_新蔡县_2024_2026.csv
4637,陈先生,室内保安包吃住可带手机,驻马店市,驻马店-新蔡,4500.0,5000.0,岗位：室内保安包吃住可带手机；标签：五险 / 包住 / 包吃 / 年底双薪；薪资：4500-5000元/月,未注明,,58同城,2026-09-25 10:38:54,411729,新蔡县,驻马店市,2024-2026,58_新蔡县_2024_2026.csv
4638,58用户,医院小儿推拿师3千起,驻马店市,新蔡-百家福广场,3000.0,7000.0,岗位：医院小儿推拿师3千起；标签：经验1-2年 / 学历不限；薪资：3000-7000元/月,学历不限,,58同城,2026-09-25 10:38:54,411729,新蔡县,驻马店市,2024-2026,58_新蔡县_2024_2026.csv
4639,A春夏秋,服装销售,驻马店市,驻马店-新蔡,4000.0,6000.0,岗位：服装销售；标签：经验不限 / 学历不限；薪资：4000-6000元/月,学历不限,,58同城,2026-09-25 10:38:54,411729,新蔡县,驻马店市,2024-2026,58_新蔡县_2024_2026.csv
4640,Zane,蓝天教育咨询管理有限公司/面点师,驻马店市,驻马店-新蔡,2500.0,4500.0,岗位：蓝天教育咨询管理有限公司/面点师；标签：招2人 / 经验1-2年 / 学历不限；薪资：2500-4500元/月,学历不限,2.0,58同城,2026-09-25 10:38:54,411729,新蔡县,驻马店市,2024-2026,58_新蔡县_2024_2026.csv
4641,芦老板想梦想,美体师,驻马店市,新蔡-新蔡市民之家,3000.0,8000.0,岗位：美体师；标签：经验不限 / 学历不限；薪资：3000-8000元/月,学历不限,,58同城,2026-09-25 10:38:54,411729,新蔡县,驻马店市,2024-2026,58_新蔡县_2024_2026.csv
4642,时经理,门窗经营部安装工4500起,驻马店市,驻马店-新蔡,4500.0,5000.0,岗位：门窗经营部安装工4500起；标签：经验1-2年 / 学历不限；薪资：4500-5000元/月,学历不限,,58同城,2026-09-25 10:38:54,411729,新蔡县,驻马店市,2024-2026,58_新蔡县_2024_2026.csv
4643,贺先生,数据线分拣280一天包吃包住16岁以上,驻马店市,驻马店-新蔡,6000.0,8000.0,岗位：数据线分拣280一天包吃包住16岁以上；标签：五险一金 / 包住 / 包吃 / 周末双休；薪资：6000-8000元/月,未注明,,58同城,2026-09-25 10:38:54,411729,新蔡县,驻马店市,2024-2026,58_新蔡县_2024_2026.csv
4644,太完美_姜总,中餐厅夜市厨师6千起,驻马店市,驻马店-新蔡,6000.0,6500.0,岗位：中餐厅夜市厨师6千起；标签：经验3-5年 / 学历不限；薪资：6000-6500元/月,学历不限,,58同城,2026-09-25 10:38:54,411729,新蔡县,驻马店市,2024-2026,58_新蔡县_2024_2026.csv
4645,捡石头的晶晶,急聘贴标普工日结220-240包吃包住,驻马店市,驻马店-新蔡,6000.0,7000.0,岗位：急聘贴标普工日结220-240包吃包住；标签：招50人 / 经验不限 / 学历不限；薪资：6000-7000元/月,学历不限,50.0,58同城,2026-09-25 10:38:54,411729,新蔡县,驻马店市,2024-2026,58_新蔡县_2024_2026.csv
4646,王先生,诚聘护士,驻马店市,驻马店-新蔡,2000.0,5000.0,岗位：诚聘护士；标签：五险一金 / 包吃；薪资：2000-5000元/月,未注明,,58同城,2026-09-25 10:38:54,411729,新蔡县,驻马店市,2024-2026,58_新蔡县_2024_2026.csv
4647,捡石头的晶晶,耳机包装工7500/月长白班包吃包住周结,驻马店市,驻马店-新蔡,6000.0,7000.0,岗位：耳机包装工7500/月长白班包吃包住周结；标签：包住 / 包吃 / 加班补助；薪资：6000-7000元/月,未注明,,58同城,2026-09-25 10:38:54,411729,新蔡县,驻马店市,2024-2026,58_新蔡县_2024_2026.csv
4648,李女士,包吃住小区物业保安当天入职,驻马店市,新蔡-新蔡市民之家,4500.0,5000.0,岗位：包吃住小区物业保安当天入职；标签：五险一金 / 五险 / 包住 / 包吃；薪资：4500-5000元/月,未注明,,58同城,2026-09-25 10:38:54,411729,新蔡县,驻马店市,2024-2026,58_新蔡县_2024_2026.csv
4649,李女士,普工/日结240/人走账清,驻马店市,驻马店-新蔡,6500.0,7500.0,岗位：普工/日结240/人走账清；标签：五险一金 / 包住 / 包吃 / 年底双薪；薪资：6500-7500元/月,未注明,,58同城,2026-09-25 10:38:54,411729,新蔡县,驻马店市,2024-2026,58_新蔡县_2024_2026.csv
4650,王先生,精神病医院医技科医生4k起,驻马店市,驻马店-新蔡,4000.0,6000.0,岗位：精神病医院医技科医生4k起；标签：经验1-2年 / 学历大专；薪资：4000-6000元/月,大专,,58同城,2026-09-25 10:38:54,411729,新蔡县,驻马店市,2024-2026,58_新蔡县_2024_2026.csv
4651,邓女士,普工/操作工6500-7500元/月,驻马店市,驻马店-新蔡,6000.0,7000.0,岗位：普工/操作工6500-7500元/月；标签：五险一金 / 包住 / 五险 / 包吃；薪资：6000-7000元/月,未注明,,58同城,2026-09-25 10:38:54,411729,新蔡县,驻马店市,2024-2026,58_新蔡县_2024_2026.csv
4652,李女士,急招健身教练新手-包教会,驻马店市,驻马店-新蔡,8000.0,12000.0,岗位：急招健身教练新手-包教会；标签：五险一金 / 包住 / 包吃；薪资：8000-12000元/月,未注明,,58同城,2026-09-25 10:38:54,411729,新蔡县,驻马店市,2024-2026,58_新蔡县_2024_2026.csv
4653,陈先生,天猫养车汽车维修师傅包吃包住,驻马店市,驻马店-新蔡,7000.0,10000.0,岗位：天猫养车汽车维修师傅包吃包住；标签：包住 / 包吃；薪资：7000-10000元/月,未注明,,58同城,2026-09-25 10:38:54,411729,新蔡县,驻马店市,2024-2026,58_新蔡县_2024_2026.csv
4654,冯女士,急招二保焊氩弧焊/9000/月/包住宿,驻马店市,驻马店-新蔡,8500.0,10000.0,岗位：急招二保焊氩弧焊/9000/月/包住宿；标签：包住 / 包吃；薪资：8500-10000元/月,未注明,,58同城,2026-09-25 10:38:54,411729,新蔡县,驻马店市,2024-2026,58_新蔡县_2024_2026.csv
4655,司女士,坐班岗位电子产品组装，无经验直接上岗,驻马店市,驻马店-新蔡,5500.0,7000.0,岗位：坐班岗位电子产品组装，无经验直接上岗；标签：五险 / 包住 / 包吃；薪资：5500-7000元/月,未注明,,58同城,2026-09-25 10:38:54,411729,新蔡县,驻马店市,2024-2026,58_新蔡县_2024_2026.csv
4656,时经理,门窗厂普工/操作工4500起,驻马店市,驻马店-新蔡,4500.0,6500.0,岗位：门窗厂普工/操作工4500起；标签：招3人 / 经验不限 / 学历不限；薪资：4500-6500元/月,学历不限,3.0,58同城,2026-09-25 10:38:54,411729,新蔡县,驻马店市,2024-2026,58_新蔡县_2024_2026.csv
4657,张先生,驿城区车辆厂诚招二保焊可培训,驻马店市,驻马店-新蔡,7000.0,8000.0,岗位：驿城区车辆厂诚招二保焊可培训；标签：包住 / 包吃 / 加班补助；薪资：7000-8000元/月,未注明,,58同城,2026-09-25 10:38:54,411729,新蔡县,驻马店市,2024-2026,58_新蔡县_2024_2026.csv
4658,张先生,电子厂普工/操作工饭补包住包吃,驻马店市,驻马店-驿城,5500.0,7000.0,岗位：电子厂普工/操作工饭补包住包吃；标签：包住 / 包吃 / 加班补助 / 饭补；薪资：5500-7000元/月,未注明,,58同城,2026-09-25 10:39:02,411729,新蔡县,驻马店市,2024-2026,58_新蔡县_2024_2026.csv
4659,张女士,诚招招聘专员,驻马店市,驻马店-驿城,3000.0,4500.0,岗位：诚招招聘专员；标签：招10人 / 经验不限 / 学历大专；薪资：3000-4500元/月,大专,10.0,58同城,2026-09-25 10:39:02,411729,新蔡县,驻马店市,2024-2026,58_新蔡县_2024_2026.csv
4660,爱泡温泉的汤,其他职位 小程序,驻马店市,驻马店-驿城,2000.0,4000.0,岗位：其他职位 小程序；标签：经验不限 / 学历不限；薪资：2000-4000元/月,学历不限,,58同城,2026-09-25 10:39:02,411729,新蔡县,驻马店市,2024-2026,58_新蔡县_2024_2026.csv
4661,张女士,诚招人事助理,驻马店市,驿城-天中广场,2500.0,5000.0,岗位：诚招人事助理；标签：招5人 / 经验不限 / 学历不限；薪资：2500-5000元/月,学历不限,5.0,58同城,2026-09-25 10:39:02,411729,新蔡县,驻马店市,2024-2026,58_新蔡县_2024_2026.csv
4662,王先生,小区巡逻坐岗保安有空调,驻马店市,驻马店-驿城,4500.0,5000.0,岗位：小区巡逻坐岗保安有空调；标签：五险 / 包住 / 包吃；薪资：4500-5000元/月,未注明,,58同城,2026-09-25 10:39:02,411729,新蔡县,驻马店市,2024-2026,58_新蔡县_2024_2026.csv
4663,武女士,上蔡县诚招运营10000加,驻马店市,驻马店-上蔡,4000.0,10000.0,岗位：上蔡县诚招运营10000加；标签：招5人 / 经验1-2年 / 学历不限；薪资：4000-10000元/月,学历不限,5.0,58同城,2026-09-25 10:39:02,411729,新蔡县,驻马店市,2024-2026,58_新蔡县_2024_2026.csv
4664,王先生,物业公司保安/包吃包住五险,驻马店市,驻马店-驿城,4500.0,5000.0,岗位：物业公司保安/包吃包住五险；标签：五险 / 包住 / 包吃；薪资：4500-5000元/月,未注明,,58同城,2026-09-25 10:39:02,411729,新蔡县,驻马店市,2024-2026,58_新蔡县_2024_2026.csv
4665,爱爬山DE全总,其他职位,驻马店市,驻马店-西平,2000.0,5000.0,岗位：其他职位；标签：经验不限 / 学历不限；薪资：2000-5000元/月,学历不限,,58同城,2026-09-25 10:39:02,411729,新蔡县,驻马店市,2024-2026,58_新蔡县_2024_2026.csv
4666,月亮下数蚂蚁,食品/鸡排店店员/营业员,驻马店市,上蔡-老汽车站,2500.0,3000.0,岗位：食品/鸡排店店员/营业员；标签：招2人 / 经验不限 / 学历不限；薪资：2500-3000元/月,学历不限,2.0,58同城,2026-09-25 10:39:02,411729,新蔡县,驻马店市,2024-2026,58_新蔡县_2024_2026.csv
4667,马女士,道路收费员/五险一金/包吃住,驻马店市,驻马店-平舆,4000.0,4500.0,岗位：道路收费员/五险一金/包吃住；标签：五险一金 / 包住 / 包吃 / 加班补助；薪资：4000-4500元/月,未注明,,58同城,2026-09-25 10:39:02,411729,新蔡县,驻马店市,2024-2026,58_新蔡县_2024_2026.csv
4668,用户42806,上蔡诚招营业厅营业员,驻马店市,驻马店-上蔡,2500.0,5000.0,岗位：上蔡诚招营业厅营业员；标签：招5人 / 经验1年以下 / 学历高中；薪资：2500-5000元/月,高中,5.0,58同城,2026-09-25 10:39:02,411729,新蔡县,驻马店市,2024-2026,58_新蔡县_2024_2026.csv
4669,尼先生,上蔡诚聘饮品店店长5千加,驻马店市,驻马店周边-其他,4000.0,7000.0,岗位：上蔡诚聘饮品店店长5千加；标签：招2人 / 经验1年以下 / 学历不限；薪资：4000-7000元/月,学历不限,2.0,58同城,2026-09-25 10:39:02,411729,新蔡县,驻马店市,2024-2026,58_新蔡县_2024_2026.csv
4670,招聘专员,在线客服居家兼职操作简单,驻马店市,驿城-丹尼斯,4500.0,5700.0,岗位：在线客服居家兼职操作简单；标签：五险一金；薪资：4500-5700元/月,未注明,,58同城,2026-09-25 10:39:02,411729,新蔡县,驻马店市,2024-2026,58_新蔡县_2024_2026.csv
4671,康老板想诉说,奶茶/饮品师,驻马店市,驻马店周边-其他,3000.0,5000.0,岗位：奶茶/饮品师；标签：经验不限 / 学历不限；薪资：3000-5000元/月,学历不限,,58同城,2026-09-25 10:39:02,411729,新蔡县,驻马店市,2024-2026,58_新蔡县_2024_2026.csv
4672,尼先生,上蔡诚招饮品店店长5千加,驻马店市,驻马店周边-其他,5000.0,7000.0,岗位：上蔡诚招饮品店店长5千加；标签：招2人 / 经验不限 / 学历不限；薪资：5000-7000元/月,学历不限,2.0,58同城,2026-09-25 10:39:02,411729,新蔡县,驻马店市,2024-2026,58_新蔡县_2024_2026.csv
4673,蘑菇撑小伞,上蔡诚招会计5千加五险一金包吃住,驻马店市,驻马店-上蔡,4500.0,6000.0,岗位：上蔡诚招会计5千加五险一金包吃住；标签：五险一金；薪资：4500-6000元/月,未注明,,58同城,2026-09-25 10:39:02,411729,新蔡县,驻马店市,2024-2026,58_新蔡县_2024_2026.csv
4674,黔先生,采购专员在家供应商资料整理,驻马店市,驿城-丹尼斯,4200.0,5600.0,岗位：采购专员在家供应商资料整理；标签：五险一金；薪资：4200-5600元/月,未注明,,58同城,2026-09-25 10:39:02,411729,新蔡县,驻马店市,2024-2026,58_新蔡县_2024_2026.csv
4675,慢吞吞的小蜗牛,木火餐饮招聘后厨帮工,驻马店市,驿城-丹尼斯,3000.0,3500.0,岗位：木火餐饮招聘后厨帮工；标签：招5人 / 经验不限 / 学历不限；薪资：3000-3500元/月,学历不限,5.0,58同城,2026-09-25 10:39:02,411729,新蔡县,驻马店市,2024-2026,58_新蔡县_2024_2026.csv
4676,捡到星星的米米,其他职位,驻马店市,驿城-天中广场,2500.0,4000.0,岗位：其他职位；标签：经验不限 / 学历不限；薪资：2500-4000元/月,学历不限,,58同城,2026-09-25 10:39:02,411729,新蔡县,驻马店市,2024-2026,58_新蔡县_2024_2026.csv
4677,黔先生,网络客服居家办公轻松上手,驻马店市,驿城-丹尼斯,4600.0,5700.0,岗位：网络客服居家办公轻松上手；标签：五险一金；薪资：4600-5700元/月,未注明,,58同城,2026-09-25 10:39:02,411729,新蔡县,驻马店市,2024-2026,58_新蔡县_2024_2026.csv
4678,潘先生,诚聘人事助理3千加待遇好,驻马店市,驻马店-驿城,3000.0,5000.0,岗位：诚聘人事助理3千加待遇好；标签：经验不限 / 学历大专；薪资：3000-5000元/月,大专,,58同城,2026-09-25 10:39:02,411729,新蔡县,驻马店市,2024-2026,58_新蔡县_2024_2026.csv
4679,悄悄许个心愿,餐饮收银,驻马店市,驻马店-泌阳,2000.0,3000.0,岗位：餐饮收银；标签：经验不限 / 学历不限；薪资：2000-3000元/月,学历不限,,58同城,2026-09-25 10:39:02,411729,新蔡县,驻马店市,2024-2026,58_新蔡县_2024_2026.csv
4680,黔先生,运营五险双休线上来做,驻马店市,驿城-丹尼斯,4600.0,5400.0,岗位：运营五险双休线上来做；标签：五险一金；薪资：4600-5400元/月,未注明,,58同城,2026-09-25 10:39:02,411729,新蔡县,驻马店市,2024-2026,58_新蔡县_2024_2026.csv
4681,总哼小曲的阿霞,市区电子厂普工6000-7000,驻马店市,驻马店-驿城,6000.0,7000.0,岗位：市区电子厂普工6000-7000；标签：包住 / 包吃；薪资：6000-7000元/月,未注明,,58同城,2026-09-25 10:39:02,411729,新蔡县,驻马店市,2024-2026,58_新蔡县_2024_2026.csv
4682,用户42806,上蔡诚聘手机营业厅营业员,驻马店市,驻马店-上蔡,2500.0,5000.0,岗位：上蔡诚聘手机营业厅营业员；标签：招5人 / 经验1年以下 / 学历高中；薪资：2500-5000元/月,高中,5.0,58同城,2026-09-25 10:39:02,411729,新蔡县,驻马店市,2024-2026,58_新蔡县_2024_2026.csv
4683,招聘专员,客房保洁,驻马店市,驻马店周边-其他,2500.0,4500.0,岗位：客房保洁；标签：经验不限 / 学历不限；薪资：2500-4500元/月,学历不限,,58同城,2026-09-25 10:39:02,411729,新蔡县,驻马店市,2024-2026,58_新蔡县_2024_2026.csv
4684,大道朝天,商超/零售店员/营业员3000起,驻马店市,驻马店-平舆,3000.0,6000.0,岗位：商超/零售店员/营业员3000起；标签：招3人 / 经验1-2年 / 学历不限；薪资：3000-6000元/月,学历不限,3.0,58同城,2026-09-25 10:39:02,411729,新蔡县,驻马店市,2024-2026,58_新蔡县_2024_2026.csv
4685,王先生,薄薄饼小吃女后厨杂工/3千起,驻马店市,驻马店-驿城,3000.0,6000.0,岗位：薄薄饼小吃女后厨杂工/3千起；标签：招5人 / 经验不限 / 学历不限；薪资：3000-6000元/月,学历不限,5.0,58同城,2026-09-25 10:39:02,411729,新蔡县,驻马店市,2024-2026,58_新蔡县_2024_2026.csv
4686,毅然闵老板E,餐饮店店员/营业员2000起,驻马店市,驻马店周边-其他,2000.0,3000.0,岗位：餐饮店店员/营业员2000起；标签：包吃；薪资：2000-3000元/月,未注明,,58同城,2026-09-25 10:39:02,411729,新蔡县,驻马店市,2024-2026,58_新蔡县_2024_2026.csv
4687,柳先生,新蔡县招停车管理员,驻马店市,驻马店-新蔡,2500.0,4000.0,岗位：新蔡县招停车管理员；标签：经验不限 / 学历不限；薪资：2500-4000元/月,学历不限,,58同城,2026-09-25 10:39:33,411729,新蔡县,驻马店市,2024-2026,58_新蔡县_2024_2026.csv
4688,爱骑单车的欣欣,新蔡诚招药店执业药师,驻马店市,驻马店-新蔡,3000.0,4500.0,岗位：新蔡诚招药店执业药师；标签：招5人 / 经验1-2年 / 学历不限；薪资：3000-4500元/月,学历不限,5.0,58同城,2026-09-25 10:39:42,411729,新蔡县,驻马店市,2024-2026,58_新蔡县_2024_2026.csv
4689,爱骑单车的欣欣,新蔡诚聘药店执业药师待遇好,驻马店市,驻马店-新蔡,3000.0,4500.0,岗位：新蔡诚聘药店执业药师待遇好；标签：招3人 / 经验不限 / 学历不限；薪资：3000-4500元/月,学历不限,3.0,58同城,2026-09-25 10:39:42,411729,新蔡县,驻马店市,2024-2026,58_新蔡县_2024_2026.csv
4690,爱骑单车的欣欣,新蔡药店诚招执业药师,驻马店市,驻马店-新蔡,3000.0,4500.0,岗位：新蔡药店诚招执业药师；标签：招3人 / 经验1-2年 / 学历不限；薪资：3000-4500元/月,学历不限,3.0,58同城,2026-09-25 10:39:42,411729,新蔡县,驻马店市,2024-2026,58_新蔡县_2024_2026.csv
4691,爱骑单车的欣欣,新蔡招聘药店执业药师,驻马店市,驻马店-新蔡,3000.0,4500.0,岗位：新蔡招聘药店执业药师；标签：招2人 / 经验1-2年 / 学历不限；薪资：3000-4500元/月,学历不限,2.0,58同城,2026-09-25 10:39:42,411729,新蔡县,驻马店市,2024-2026,58_新蔡县_2024_2026.csv
4692,爱骑单车的欣欣,新蔡诚聘执业药师,驻马店市,驻马店-新蔡,3000.0,4500.0,岗位：新蔡诚聘执业药师；标签：招5人 / 经验1-2年 / 学历不限；薪资：3000-4500元/月,学历不限,5.0,58同城,2026-09-25 10:39:42,411729,新蔡县,驻马店市,2024-2026,58_新蔡县_2024_2026.csv
4693,欧先生,数据采集,驻马店市,新蔡-百家福广场,3000.0,4500.0,岗位：数据采集；标签：经验不限 / 学历不限；薪资：3000-4500元/月,学历不限,,58同城,2026-09-25 10:40:47,411729,新蔡县,驻马店市,2024-2026,58_新蔡县_2024_2026.csv
4694,招聘专员,新蔡县诚招美容学徒,驻马店市,驻马店-新蔡,2500.0,4500.0,岗位：新蔡县诚招美容学徒；标签：招2人 / 经验不限 / 学历不限；薪资：2500-4500元/月,学历不限,2.0,58同城,2026-09-25 10:41:18,411729,新蔡县,驻马店市,2024-2026,58_新蔡县_2024_2026.csv
4695,招聘专员,新蔡县诚聘美容学徒,驻马店市,驻马店-新蔡,2500.0,4500.0,岗位：新蔡县诚聘美容学徒；标签：招2人 / 经验不限 / 学历不限；薪资：2500-4500元/月,学历不限,2.0,58同城,2026-09-25 10:41:18,411729,新蔡县,驻马店市,2024-2026,58_新蔡县_2024_2026.csv
4696,用户73826,新蔡乌密草招聘染发养发护肤学徒,驻马店市,驻马店-新蔡,3000.0,5000.0,岗位：新蔡乌密草招聘染发养发护肤学徒；标签：经验不限 / 学历不限；薪资：3000-5000元/月,学历不限,,58同城,2026-09-25 10:41:22,411729,新蔡县,驻马店市,2024-2026,58_新蔡县_2024_2026.csv
4697,夜晚数星星的娃,新蔡美丝美发店/发型师/美发实习生,驻马店市,驻马店-新蔡,2500.0,5000.0,岗位：新蔡美丝美发店/发型师/美发实习生；标签：招2人 / 经验1-2年 / 学历不限；薪资：2500-5000元/月,学历不限,2.0,58同城,2026-09-25 10:41:22,411729,新蔡县,驻马店市,2024-2026,58_新蔡县_2024_2026.csv
4698,陈跃卫,新蔡5-8千招美容师（可新手有社保）,驻马店市,新蔡-百家福广场,5000.0,8000.0,岗位：新蔡5-8千招美容师（可新手有社保）；标签：五险一金 / 包住 / 加班补助；薪资：5000-8000元/月,未注明,,58同城,2026-09-25 10:41:27,411729,新蔡县,驻马店市,2024-2026,58_新蔡县_2024_2026.csv
4699,爱骑单车的欣欣,新蔡诚招药店执业药师 小程序,驻马店市,驻马店-新蔡,3000.0,4500.0,岗位：新蔡诚招药店执业药师 小程序；标签：招5人 / 经验1-2年 / 学历不限；薪资：3000-4500元/月,学历不限,5.0,58同城,2026-09-25 10:41:31,411729,新蔡县,驻马店市,2024-2026,58_新蔡县_2024_2026.csv
4700,,金牌商家·汽车维修保养 服务区域：驿城、驻马店周边、正阳、泌阳、新蔡...,驻马店市,新蔡县,,,岗位：金牌商家·汽车维修保养 服务区域：驿城、驻马店周边、正阳、泌阳、新蔡...,未注明,,58同城,2026-09-25 10:41:43,411729,新蔡县,驻马店市,2024-2026,58_新蔡县_2024_2026.csv
4701,孔先生,急招保安待遇优厚包吃住工作轻松稳定环境好,省直辖县级行政区划,济源,4500.0,5000.0,岗位：急招保安待遇优厚包吃住工作轻松稳定环境好；标签：五险一金 / 包吃 / 包住 / 年底双薪；薪资：4500-5000元/月,未注明,,58同城,2026-09-25 10:42:00,419001,济源市,省直辖县级行政区划,2024-2026,58_济源市_2024_2026.csv
4702,货运娟娟,招济源配送饲料百货c本司机不装卸,省直辖县级行政区划,济源,6000.0,8000.0,岗位：招济源配送饲料百货c本司机不装卸；标签：五险 / 包住；薪资：6000-8000元/月,未注明,,58同城,2026-09-25 10:42:00,419001,济源市,省直辖县级行政区划,2024-2026,58_济源市_2024_2026.csv
4703,康先生,物业保安可预支包吃住 小程序,省直辖县级行政区划,济源,4500.0,5000.0,岗位：物业保安可预支包吃住 小程序；标签：五险一金 / 包吃 / 包住 / 年底双薪；薪资：4500-5000元/月,未注明,,58同城,2026-09-25 10:42:00,419001,济源市,省直辖县级行政区划,2024-2026,58_济源市_2024_2026.csv
4704,夏先生,商场保安招人，工作轻松，环境干净舒适,省直辖县级行政区划,济源,4500.0,5000.0,岗位：商场保安招人，工作轻松，环境干净舒适；标签：五险一金 / 包吃 / 包住 / 年底双薪；薪资：4500-5000元/月,未注明,,58同城,2026-09-25 10:42:00,419001,济源市,省直辖县级行政区划,2024-2026,58_济源市_2024_2026.csv
4705,彭先生,玩具厂天结280包装工包食宿0费用入职,省直辖县级行政区划,济源周边-五龙口镇,7900.0,8000.0,岗位：玩具厂天结280包装工包食宿0费用入职；标签：五险一金 / 话补 / 房补 / 五险；薪资：7900-8000元/月,未注明,,58同城,2026-09-25 10:42:00,419001,济源市,省直辖县级行政区划,2024-2026,58_济源市_2024_2026.csv
4706,赵女士,岗亭保安登记事儿少包吃住,省直辖县级行政区划,龙泉-亚桥城区,4500.0,5000.0,岗位：岗亭保安登记事儿少包吃住；标签：五险一金 / 五险 / 饭补 / 加班补助；薪资：4500-5000元/月,未注明,,58同城,2026-09-25 10:42:00,419001,济源市,省直辖县级行政区划,2024-2026,58_济源市_2024_2026.csv
4707,华夏良子罗经理,8K中医推拿按摩师包吃住不会均可,省直辖县级行政区划,天坛-天坛城区,8000.0,12000.0,岗位：8K中医推拿按摩师包吃住不会均可；标签：五险一金 / 包吃 / 包住 / 交通补助；薪资：8000-12000元/月,未注明,,58同城,2026-09-25 10:42:00,419001,济源市,省直辖县级行政区划,2024-2026,58_济源市_2024_2026.csv
4708,费同学爱劳动,医院护工/护理学历高中,省直辖县级行政区划,济水-济水城区,2500.0,4500.0,岗位：医院护工/护理学历高中；标签：加班补助；薪资：2500-4500元/月,未注明,,58同城,2026-09-25 10:42:00,419001,济源市,省直辖县级行政区划,2024-2026,58_济源市_2024_2026.csv
4709,刘女士,健身教练学徒不会可培养,省直辖县级行政区划,济源,6000.0,10000.0,岗位：健身教练学徒不会可培养；标签：包住 / 五险；薪资：6000-10000元/月,未注明,,58同城,2026-09-25 10:42:00,419001,济源市,省直辖县级行政区划,2024-2026,58_济源市_2024_2026.csv
4710,把头发扎成团,内容审核优薪福利岗七千保底,省直辖县级行政区划,济源,6000.0,8000.0,岗位：内容审核优薪福利岗七千保底；标签：五险一金 / 包吃 / 包住 / 年底双薪；薪资：6000-8000元/月,未注明,,58同城,2026-09-25 10:42:00,419001,济源市,省直辖县级行政区划,2024-2026,58_济源市_2024_2026.csv
4711,赵先生崔女士,诊所护士2500起,省直辖县级行政区划,济水-济水城区,2500.0,3500.0,岗位：诊所护士2500起；标签：招2人 / 经验不限 / 学历大专；薪资：2500-3500元/月,大专,2.0,58同城,2026-09-25 10:42:00,419001,济源市,省直辖县级行政区划,2024-2026,58_济源市_2024_2026.csv
4712,奋斗拼搏曲老板C,电动车维修3k起,省直辖县级行政区划,济水-济水城区,3000.0,4500.0,岗位：电动车维修3k起；标签：饭补；薪资：3000-4500元/月,未注明,,58同城,2026-09-25 10:42:00,419001,济源市,省直辖县级行政区划,2024-2026,58_济源市_2024_2026.csv
4713,总在蹦跳的李小妹,服装/品牌服装店长4000起,省直辖县级行政区划,济水-济水城区,4000.0,6000.0,岗位：服装/品牌服装店长4000起；标签：招1人 / 经验3-5年 / 学历不限；薪资：4000-6000元/月,学历不限,1.0,58同城,2026-09-25 10:42:00,419001,济源市,省直辖县级行政区划,2024-2026,58_济源市_2024_2026.csv
4714,张女士,格朋娱乐工作室/剧本杀（DM）加班补助年,省直辖县级行政区划,龙泉-亚桥城区,3500.0,7500.0,岗位：格朋娱乐工作室/剧本杀（DM）加班补助年；标签：包住 / 年底双薪 / 交通补助 / 加班补助；薪资：3500-7500元/月,未注明,,58同城,2026-09-25 10:42:00,419001,济源市,省直辖县级行政区划,2024-2026,58_济源市_2024_2026.csv
4715,贾凯新,洗车店洗车工包吃饭补,省直辖县级行政区划,济水-济水城区,2500.0,4500.0,岗位：洗车店洗车工包吃饭补；标签：包吃 / 饭补；薪资：2500-4500元/月,未注明,,58同城,2026-09-25 10:42:00,419001,济源市,省直辖县级行政区划,2024-2026,58_济源市_2024_2026.csv
4716,爱捡石头的小钱,家具安装工,省直辖县级行政区划,济源-龙泉,3500.0,5000.0,岗位：家具安装工；标签：招5人 / 经验不限 / 学历不限；薪资：3500-5000元/月,学历不限,5.0,58同城,2026-09-25 10:42:00,419001,济源市,省直辖县级行政区划,2024-2026,58_济源市_2024_2026.csv
4717,爱修筑的穆老板,急招护工8500起(接受新手）,省直辖县级行政区划,济水-济水城区,8500.0,15000.0,岗位：急招护工8500起(接受新手）；标签：招20人 / 经验不限 / 学历不限；薪资：8500-15000元/月,学历不限,20.0,58同城,2026-09-25 10:42:00,419001,济源市,省直辖县级行政区划,2024-2026,58_济源市_2024_2026.csv
4718,周先生,月薪过万-招健身教练学徒,省直辖县级行政区划,济源,6000.0,12000.0,岗位：月薪过万-招健身教练学徒；标签：包住 / 五险一金 / 包吃；薪资：6000-12000元/月,未注明,,58同城,2026-09-25 10:42:00,419001,济源市,省直辖县级行政区划,2024-2026,58_济源市_2024_2026.csv
4719,用户36586,食品店店员/营业员学历大专,省直辖县级行政区划,济源周边-轵城镇,3000.0,5000.0,岗位：食品店店员/营业员学历大专；标签：招1人 / 经验1-2年 / 学历大专；薪资：3000-5000元/月,大专,1.0,58同城,2026-09-25 10:42:00,419001,济源市,省直辖县级行政区划,2024-2026,58_济源市_2024_2026.csv
4720,马明霞,朝瑞机械加工厂CNC/数控工程师包吃加班,省直辖县级行政区划,济源-双桥,4000.0,6000.0,岗位：朝瑞机械加工厂CNC/数控工程师包吃加班；标签：五险 / 包吃 / 加班补助；薪资：4000-6000元/月,未注明,,58同城,2026-09-25 10:42:00,419001,济源市,省直辖县级行政区划,2024-2026,58_济源市_2024_2026.csv
4721,A_姚毛,三合热能环保有限公司/机械制图/五险,省直辖县级行政区划,济源-天坛,6000.0,10000.0,岗位：三合热能环保有限公司/机械制图/五险；标签：五险；薪资：6000-10000元/月,未注明,,58同城,2026-09-25 10:42:00,419001,济源市,省直辖县级行政区划,2024-2026,58_济源市_2024_2026.csv
4722,大石头,餐饮店店员/营业员白/夜/倒班多班次可选,省直辖县级行政区划,玉泉-玉泉城区,2500.0,4500.0,岗位：餐饮店店员/营业员白/夜/倒班多班次可选；标签：招10人 / 经验不限 / 学历高中；薪资：2500-4500元/月,高中,10.0,58同城,2026-09-25 10:42:00,419001,济源市,省直辖县级行政区划,2024-2026,58_济源市_2024_2026.csv
4723,张女士,宠物医院/宠物医生助理包住包吃,省直辖县级行政区划,济源周边-沁园街道,2000.0,4000.0,岗位：宠物医院/宠物医生助理包住包吃；标签：包住 / 包吃；薪资：2000-4000元/月,未注明,,58同城,2026-09-25 10:42:00,419001,济源市,省直辖县级行政区划,2024-2026,58_济源市_2024_2026.csv
4724,练总要提醒,烧烤店/烧烤师傅2500起,省直辖县级行政区划,天坛-天坛城区,2500.0,4500.0,岗位：烧烤店/烧烤师傅2500起；标签：经验6-7年 / 学历不限；薪资：2500-4500元/月,学历不限,,58同城,2026-09-25 10:42:00,419001,济源市,省直辖县级行政区划,2024-2026,58_济源市_2024_2026.csv
4725,贾女士,鑫悦迪汽车销售有限公司新媒体直播运营2.,省直辖县级行政区划,济源-玉泉,2500.0,8000.0,岗位：鑫悦迪汽车销售有限公司新媒体直播运营2.；标签：经验不限 / 学历不限；薪资：2500-8000元/月,学历不限,,58同城,2026-09-25 10:42:00,419001,济源市,省直辖县级行政区划,2024-2026,58_济源市_2024_2026.csv
4726,袁经理,济源直招化肥配送司机,省直辖县级行政区划,济源,6500.0,8000.0,岗位：济源直招化肥配送司机；标签：招5人 / 经验不限 / 学历不限；薪资：6500-8000元/月,学历不限,5.0,58同城,2026-09-25 10:42:00,419001,济源市,省直辖县级行政区划,2024-2026,58_济源市_2024_2026.csv
4727,颜女士,向日葵口腔门诊部/口腔医生五险,省直辖县级行政区划,沁园-沁园城区,6000.0,25000.0,岗位：向日葵口腔门诊部/口腔医生五险；标签：五险；薪资：6000-25000元/月,未注明,,58同城,2026-09-25 10:42:00,419001,济源市,省直辖县级行政区划,2024-2026,58_济源市_2024_2026.csv
4728,喜欢吹泡泡的刘同学,仓库管理员包住包吃五险一金月7k,省直辖县级行政区划,济源周边-轵城镇,6500.0,7000.0,岗位：仓库管理员包住包吃五险一金月7k；标签：五险一金 / 包住 / 包吃 / 周末双休；薪资：6500-7000元/月,未注明,,58同城,2026-09-25 10:42:00,419001,济源市,省直辖县级行政区划,2024-2026,58_济源市_2024_2026.csv
4729,总爱蹦蹦跳的米米,诚聘济源周边配送副食品司机，早8晚6,省直辖县级行政区划,济源周边-承留镇,6000.0,8000.0,岗位：诚聘济源周边配送副食品司机，早8晚6；标签：包住 / 饭补；薪资：6000-8000元/月,未注明,,58同城,2026-09-25 10:42:00,419001,济源市,省直辖县级行政区划,2024-2026,58_济源市_2024_2026.csv
4730,马女士,急招济源配送饮料C证司机不装卸,省直辖县级行政区划,济源-天坛,6000.0,8000.0,岗位：急招济源配送饮料C证司机不装卸；标签：五险 / 包住；薪资：6000-8000元/月,未注明,,58同城,2026-09-25 10:42:00,419001,济源市,省直辖县级行政区划,2024-2026,58_济源市_2024_2026.csv
4731,杨女士,急招电子厂冲压工300/天不体检管吃住,省直辖县级行政区划,济源-沁园,7000.0,7500.0,岗位：急招电子厂冲压工300/天不体检管吃住；标签：五险一金 / 交通补助；薪资：7000-7500元/月,未注明,,58同城,2026-09-25 10:42:05,419001,济源市,省直辖县级行政区划,2024-2026,58_济源市_2024_2026.csv
4732,何先生,无需经验周末双休包吃包住仓库管理员月7k,省直辖县级行政区划,济源-龙泉,6500.0,7000.0,岗位：无需经验周末双休包吃包住仓库管理员月7k；标签：五险一金 / 包住 / 包吃 / 周末双休；薪资：6500-7000元/月,未注明,,58同城,2026-09-25 10:42:05,419001,济源市,省直辖县级行政区划,2024-2026,58_济源市_2024_2026.csv
4733,秦女士,招小车司机负责机场商务接... 小程序,省直辖县级行政区划,济源-济水,6500.0,7000.0,岗位：招小车司机负责机场商务接... 小程序；标签：五险 / 包住 / 加班补助 / 房补；薪资：6500-7000元/月,未注明,,58同城,2026-09-25 10:42:05,419001,济源市,省直辖县级行政区划,2024-2026,58_济源市_2024_2026.csv
4734,郑先生,电子厂质量检测员300一天活简单包吃住,省直辖县级行政区划,济源-轵城,7000.0,8000.0,岗位：电子厂质量检测员300一天活简单包吃住；标签：五险一金 / 包住 / 包吃 / 交通补助；薪资：7000-8000元/月,未注明,,58同城,2026-09-25 10:42:05,419001,济源市,省直辖县级行政区划,2024-2026,58_济源市_2024_2026.csv
4735,喜欢散步的阿花,质检员上班转一转280一天,省直辖县级行政区划,济源,6000.0,8000.0,岗位：质检员上班转一转280一天；标签：五险一金 / 包吃 / 包住 / 年底双薪；薪资：6000-8000元/月,未注明,,58同城,2026-09-25 10:42:05,419001,济源市,省直辖县级行政区划,2024-2026,58_济源市_2024_2026.csv
4736,晋先生,电子厂调色月8000包食宿可预支,省直辖县级行政区划,济源-轵城,6000.0,7000.0,岗位：电子厂调色月8000包食宿可预支；标签：五险一金 / 包吃 / 包住 / 饭补；薪资：6000-7000元/月,未注明,,58同城,2026-09-25 10:42:05,419001,济源市,省直辖县级行政区划,2024-2026,58_济源市_2024_2026.csv
4737,喜欢吹泡泡的刘同学,无需经验周末双休包吃包住仓库管理员月7k,省直辖县级行政区划,玉泉-玉泉城区,6500.0,7000.0,岗位：无需经验周末双休包吃包住仓库管理员月7k；标签：五险一金 / 包住 / 包吃 / 周末双休；薪资：6500-7000元/月,未注明,,58同城,2026-09-25 10:42:05,419001,济源市,省直辖县级行政区划,2024-2026,58_济源市_2024_2026.csv
4738,郭女士,急招310/天可短期包住包吃冲压工,省直辖县级行政区划,济源,8000.0,9000.0,岗位：急招310/天可短期包住包吃冲压工；标签：包住 / 包吃；薪资：8000-9000元/月,未注明,,58同城,2026-09-25 10:42:05,419001,济源市,省直辖县级行政区划,2024-2026,58_济源市_2024_2026.csv
4739,冯女士,给公司开车400一天包住,省直辖县级行政区划,济源周边-亚桥乡,5000.0,6000.0,岗位：给公司开车400一天包住；标签：包住 / 房补；薪资：5000-6000元/月,未注明,,58同城,2026-09-25 10:42:05,419001,济源市,省直辖县级行政区划,2024-2026,58_济源市_2024_2026.csv
4740,biubiubiu,消防设施操作员/五险,省直辖县级行政区划,济源-济水,3000.0,4500.0,岗位：消防设施操作员/五险；标签：五险；薪资：3000-4500元/月,未注明,,58同城,2026-09-25 10:42:05,419001,济源市,省直辖县级行政区划,2024-2026,58_济源市_2024_2026.csv
4741,杨经理,班车司机,省直辖县级行政区划,济水-济水城区,6900.0,7000.0,岗位：班车司机；标签：五险一金 / 包住 / 交通补助；薪资：6900-7000元/月,未注明,,58同城,2026-09-25 10:42:05,419001,济源市,省直辖县级行政区划,2024-2026,58_济源市_2024_2026.csv
4742,喜欢吹泡泡的刘同学,无需经验周末双休包吃包住仓库管理员月7k,省直辖县级行政区划,济水-济水城区,7000.0,7500.0,岗位：无需经验周末双休包吃包住仓库管理员月7k；标签：五险一金 / 包住 / 包吃 / 周末双休；薪资：7000-7500元/月,未注明,,58同城,2026-09-25 10:42:05,419001,济源市,省直辖县级行政区划,2024-2026,58_济源市_2024_2026.csv
4743,陈先生,电子厂大量招聘，面试就通过,省直辖县级行政区划,济源-沁园,5000.0,7000.0,岗位：电子厂大量招聘，面试就通过；标签：包住 / 包吃；薪资：5000-7000元/月,未注明,,58同城,2026-09-25 10:42:05,419001,济源市,省直辖县级行政区划,2024-2026,58_济源市_2024_2026.csv
4744,董先生,大型电子厂CNC技术员55/小时,省直辖县级行政区划,济源-沁园,10000.0,14000.0,岗位：大型电子厂CNC技术员55/小时；标签：包住；薪资：10000-14000元/月,未注明,,58同城,2026-09-25 10:42:05,419001,济源市,省直辖县级行政区划,2024-2026,58_济源市_2024_2026.csv
4745,潘女士,医院咨询顾问五险（济源）,省直辖县级行政区划,济源,6000.0,15000.0,岗位：医院咨询顾问五险（济源）；标签：五险；薪资：6000-15000元/月,未注明,,58同城,2026-09-25 10:42:05,419001,济源市,省直辖县级行政区划,2024-2026,58_济源市_2024_2026.csv
4746,花猫打滚,制衣行缝纫工五险包吃,省直辖县级行政区划,济源-济水,2500.0,4500.0,岗位：制衣行缝纫工五险包吃；标签：五险 / 包吃；薪资：2500-4500元/月,未注明,,58同城,2026-09-25 10:42:05,419001,济源市,省直辖县级行政区划,2024-2026,58_济源市_2024_2026.csv
4747,喜欢吹泡泡的刘同学,无需经验周末双休包吃包住仓库管理员月7k,省直辖县级行政区划,济源周边-轵城镇,7000.0,7500.0,岗位：无需经验周末双休包吃包住仓库管理员月7k；标签：五险一金 / 包住 / 包吃 / 周末双休；薪资：7000-7500元/月,未注明,,58同城,2026-09-25 10:42:05,419001,济源市,省直辖县级行政区划,2024-2026,58_济源市_2024_2026.csv
4748,自律给自由,托管辅导老师工作时间灵活,省直辖县级行政区划,济源-天坛,2000.0,5000.0,岗位：托管辅导老师工作时间灵活；标签：招8人 / 经验1-2年 / 学历不限；薪资：2000-5000元/月,学历不限,8.0,58同城,2026-09-25 10:42:05,419001,济源市,省直辖县级行政区划,2024-2026,58_济源市_2024_2026.csv
4749,月亮打盹时,数学伴学师,省直辖县级行政区划,济水-济水城区,3000.0,8000.0,岗位：数学伴学师；标签：五险；薪资：3000-8000元/月,未注明,,58同城,2026-09-25 10:42:05,419001,济源市,省直辖县级行政区划,2024-2026,58_济源市_2024_2026.csv
4750,柯博士要复习,自动化设备调试技术员接受实习生,省直辖县级行政区划,济源-承留,6000.0,7500.0,岗位：自动化设备调试技术员接受实习生；标签：包住；薪资：6000-7500元/月,未注明,,58同城,2026-09-25 10:42:05,419001,济源市,省直辖县级行政区划,2024-2026,58_济源市_2024_2026.csv
4751,元气满满_闵同学,烫染技师学徒,省直辖县级行政区划,济源-玉泉,2000.0,4000.0,岗位：烫染技师学徒；标签：招4人 / 经验不限 / 学历不限；薪资：2000-4000元/月,学历不限,4.0,58同城,2026-09-25 10:42:05,419001,济源市,省直辖县级行政区划,2024-2026,58_济源市_2024_2026.csv
4752,售后客资长青,保单服务专员,省直辖县级行政区划,济源周边-沁园街道,,,岗位：保单服务专员；标签：招3人 / 经验不限 / 学历大专；薪资：面议,大专,3.0,58同城,2026-09-25 10:42:05,419001,济源市,省直辖县级行政区划,2024-2026,58_济源市_2024_2026.csv
4753,售后客资长青,保险顾问,省直辖县级行政区划,济源周边-沁园街道,3000.0,4500.0,岗位：保险顾问；标签：招5人 / 经验不限 / 学历大专；薪资：3000-4500元/月,大专,5.0,58同城,2026-09-25 10:42:05,419001,济源市,省直辖县级行政区划,2024-2026,58_济源市_2024_2026.csv
4754,招聘专员,急聘淘宝运营（包吃住）,省直辖县级行政区划,上街-济源路,4000.0,8000.0,岗位：急聘淘宝运营（包吃住）；标签：包住 / 包吃；薪资：4000-8000元/月,未注明,,58同城,2026-09-25 10:44:02,419001,济源市,省直辖县级行政区划,2024-2026,58_济源市_2024_2026.csv
