ad_id,county_code,county_name,prefecture,工作城市,工作区域,企业名称,招聘岗位,最低月薪,最高月薪,学历要求,招聘人数,要求大专及以上,要求本科及以上,要求硕士及以上,学历不限,学历未注明,学历标准分类,来源平台,抓取时间
1,410122,中牟县,郑州市,郑州市,中牟-中牟城区,陈先生,郑州韵达直招维保员,4000.0,5000.0,未注明,,0,0,0,0,1,未注明,58同城,2026-09-24 20:10:28
2,410122,中牟县,郑州市,郑州市,中牟-中牟城区,付先生,富泰京精密电子厂机械维修/保养包住,5000.0,7000.0,未注明,,0,0,0,0,1,未注明,58同城,2026-09-24 20:10:28
3,410122,中牟县,郑州市,郑州市,中牟-中牟城区,招聘专员,直播运营,18000.0,26000.0,学历不限,1.0,0,0,0,1,0,学历不限,58同城,2026-09-24 20:10:33
4,410122,中牟县,郑州市,郑州市,中牟-中牟城区,招聘专员,武术教练,5000.0,8000.0,学历不限,1.0,0,0,0,1,0,学历不限,58同城,2026-09-24 20:10:38
5,410122,中牟县,郑州市,郑州市,中牟-中牟城区,招聘专员,建筑机电工程师,7000.0,9000.0,学历不限,1.0,0,0,0,1,0,学历不限,58同城,2026-09-24 20:10:38
6,410122,中牟县,郑州市,郑州市,中牟-中牟城区,招聘专员,游戏客服,5000.0,10000.0,学历不限,1.0,0,0,0,1,0,学历不限,58同城,2026-09-24 20:10:59
7,410122,中牟县,郑州市,郑州市,中牟-中牟城区,果冻摇尾巴,超市卖场经理/5000起,5000.0,8000.0,学历不限,1.0,0,0,0,1,0,学历不限,58同城,2026-09-24 20:11:03
8,410122,中牟县,郑州市,郑州市,郑州-中牟,王女士,急招C证小车司机一名，月... 小程序,9000.0,12000.0,未注明,,0,0,0,0,1,未注明,58同城,2026-09-24 20:11:12
9,410122,中牟县,郑州市,郑州市,郑州-中牟,王女士,无责保底8K招司机,8000.0,12000.0,未注明,,0,0,0,0,1,未注明,58同城,2026-09-24 20:11:12
10,410122,中牟县,郑州市,郑州市,中牟-中牟城区,边先生,不租不购招聘专职司机月薪8千多,7000.0,10000.0,学历不限,2.0,0,0,0,1,0,学历不限,58同城,2026-09-24 20:11:16
11,410122,中牟县,郑州市,郑州市,中牟-中牟城区,魏女士,日结260元分拣仓储男女不限,7000.0,8000.0,未注明,,0,0,0,0,1,未注明,58同城,2026-09-24 20:11:36
12,410122,中牟县,郑州市,郑州市,郑州-中牟,张先生,小件快递分拣装卸包吃住无押金242一天,5500.0,7000.0,未注明,,0,0,0,0,1,未注明,58同城,2026-09-24 20:11:36
13,410122,中牟县,郑州市,郑州市,郑州-中牟,冯先生,包吃住日薪242元小快递分拣理货,6000.0,8000.0,未注明,,0,0,0,0,1,未注明,58同城,2026-09-24 20:11:36
14,410122,中牟县,郑州市,郑州市,中牟-中牟城区,冯女士,长白班包吃住日结300交社保男女不限,6500.0,7500.0,未注明,,0,0,0,0,1,未注明,58同城,2026-09-24 20:11:36
15,410122,中牟县,郑州市,郑州市,中牟-中牟城区,晓行夜宿de栗老板,（空）配/理/拣/发货导入装车,4500.0,7500.0,学历不限,5.0,0,0,0,1,0,学历不限,58同城,2026-09-24 20:11:36
16,410122,中牟县,郑州市,郑州市,中牟-中牟城区,高女士,物流小件分拣220/天可短期,6000.0,7500.0,未注明,,0,0,0,0,1,未注明,58同城,2026-09-24 20:11:36
17,410181,巩义市,郑州市,郑州市,郑州-巩义,招聘专员,台球助教工作,5000.0,7000.0,学历不限,8.0,0,0,0,1,0,学历不限,58同城,2026-09-24 21:42:34
18,410181,巩义市,郑州市,郑州市,郑州-巩义,刘先生,纯开车司机，时间自由,7000.0,9500.0,未注明,,0,0,0,0,1,未注明,58同城,2026-09-24 21:43:16
19,410182,荥阳市,郑州市,郑州市,荥阳-荥阳城区,晨曦小鹿,16-55日结280电子厂普工/操作工,4500.0,7000.0,未注明,,0,0,0,0,1,未注明,58同城,2026-09-24 20:13:23
20,410182,荥阳市,郑州市,郑州市,荥阳-荥阳城区,陈经理,龙门加工中心师傅8k起,8000.0,11000.0,学历不限,1.0,0,0,0,1,0,学历不限,58同城,2026-09-24 20:13:23
21,410182,荥阳市,郑州市,郑州市,荥阳-荥阳城区,晨曦小鹿,16-55日结280电子... 小程序,4500.0,7000.0,未注明,,0,0,0,0,1,未注明,58同城,2026-09-24 20:13:27
22,410182,荥阳市,郑州市,郑州市,荥阳-荥阳城区,招聘专员,机械工程师 小程序,10000.0,15000.0,学历不限,1.0,0,0,0,1,0,学历不限,58同城,2026-09-24 20:13:31
23,410182,荥阳市,郑州市,郑州市,荥阳-荥阳城区,李春莲,CNC/数控工程师,4000.0,6000.0,学历不限,1.0,0,0,0,1,0,学历不限,58同城,2026-09-24 20:13:31
24,410182,荥阳市,郑州市,郑州市,郑州-荥阳,王先生,机电工程师/五险包住,6000.0,10000.0,未注明,,0,0,0,0,1,未注明,58同城,2026-09-24 20:13:36
25,410182,荥阳市,郑州市,郑州市,郑州-荥阳,周秀娟,机电工程师,5000.0,6000.0,学历不限,1.0,0,0,0,1,0,学历不限,58同城,2026-09-24 20:13:36
26,410182,荥阳市,郑州市,郑州市,郑州-荥阳,樊书欣,诚聘仓库管理员有经验优先,3000.0,4000.0,学历不限,1.0,0,0,0,1,0,学历不限,58同城,2026-09-24 20:14:31
27,410183,新密市,郑州市,郑州市,郑州-新密,王遂贵,CNC/数控工程师,8000.0,10000.0,学历不限,1.0,0,0,0,1,0,学历不限,58同城,2026-09-24 20:14:55
28,410184,新郑市,郑州市,郑州市,郑州-新郑,郭先生,收入稳定做司机，上班工作不受气,8000.0,12000.0,未注明,,0,0,0,0,1,未注明,58同城,2026-09-24 20:16:19
29,410184,新郑市,郑州市,郑州市,郑州-新郑,咕噜咕噜,郑州比亚迪招聘机修工（包住五险一金）,6000.0,8000.0,未注明,,0,0,0,0,1,未注明,58同城,2026-09-24 20:16:19
30,410184,新郑市,郑州市,郑州市,郑州-新郑,雷女士,足疗师/包吃包住,6500.0,11000.0,学历不限,1.0,0,0,0,1,0,学历不限,58同城,2026-09-24 20:16:19
31,410184,新郑市,郑州市,郑州市,郑州-新郑,咕噜咕噜,郑州比亚迪招聘机修工（包... 小程序,6000.0,8000.0,未注明,,0,0,0,0,1,未注明,58同城,2026-09-24 20:16:31
32,410184,新郑市,郑州市,郑州市,郑州-新郑,刘教练,跆拳道教练,4000.0,8000.0,学历不限,1.0,0,0,0,1,0,学历不限,58同城,2026-09-24 20:16:35
33,410184,新郑市,郑州市,郑州市,郑州-新郑,王女士,线上倾诉服务员6k单间包... 小程序,6000.0,8000.0,未注明,,0,0,0,0,1,未注明,58同城,2026-09-24 20:16:48
34,410184,新郑市,郑州市,郑州市,郑州-新郑,甘于奉献de田同学,忆梦阁养生保健店/按摩师/14500起,14500.0,15000.0,学历不限,,0,0,0,1,0,学历不限,58同城,2026-09-24 20:16:48
35,410184,新郑市,郑州市,郑州市,郑州-新郑,陈小姐,天跃新材料科技/销售工程师话补五险,4000.0,12000.0,未注明,,0,0,0,0,1,未注明,58同城,2026-09-24 20:16:57
36,410184,新郑市,郑州市,郑州市,郑州-新郑,王先生,郭店物流园招4.2米高栏车司机不装卸7K,7000.0,10500.0,学历不限,5.0,0,0,0,1,0,学历不限,58同城,2026-09-24 20:17:02
37,410184,新郑市,郑州市,郑州市,新郑-新郑城区,刘先生,新人可带薪培训商务司机岗位,6000.0,8500.0,未注明,,0,0,0,0,1,未注明,58同城,2026-09-24 20:17:02
38,410184,新郑市,郑州市,郑州市,郑州-新郑,许先生,日结300一天急招理货普工分拣普工,5500.0,7500.0,未注明,,0,0,0,0,1,未注明,58同城,2026-09-24 20:17:23
39,410184,新郑市,郑州市,郑州市,郑州-新郑,王女士,日结不体检不面试300/天快递分拣包吃住,6000.0,8000.0,未注明,,0,0,0,0,1,未注明,58同城,2026-09-24 20:17:23
40,410185,登封市,郑州市,郑州市,登封市,,恩佳食品销售店·外卖 服务区域：登封、巩义,,,未注明,,0,0,0,0,1,未注明,58同城,2026-09-24 21:47:40
41,410185,登封市,郑州市,郑州市,登封市,,郑州周边游·登封 服务区域：金水,,,未注明,,0,0,0,0,1,未注明,58同城,2026-09-24 21:47:40
42,410185,登封市,郑州市,郑州市,登封市,,郑州周边游·登封 服务区域：管城,,,未注明,,0,0,0,0,1,未注明,58同城,2026-09-24 21:47:40
43,410221,杞县,开封市,开封市,杞县,爱种花的小雅,急招杞县建材配送C证司机不装不卸,6500.0,8000.0,未注明,,0,0,0,0,1,未注明,58同城,2026-09-24 20:19:14
44,410221,杞县,开封市,开封市,杞县-其他,李先生,抖音PK主播（全职兼职均可）18-45岁,5000.0,8000.0,未注明,,0,0,0,0,1,未注明,58同城,2026-09-24 20:19:14
45,410221,杞县,开封市,开封市,城关-城关城区,杞县外卖员直聘,茶饮店员 小程序,,,学历不限,5.0,0,0,0,1,0,学历不限,58同城,2026-09-24 20:19:14
46,410221,杞县,开封市,开封市,杞县-其他,李先生,6000无基础主播/18-45岁,5000.0,10000.0,学历不限,5.0,0,0,0,1,0,学历不限,58同城,2026-09-24 20:19:14
47,410221,杞县,开封市,开封市,杞县-其他,李先生,无基础主播5千起/18-45岁,5000.0,12000.0,学历不限,5.0,0,0,0,1,0,学历不限,58同城,2026-09-24 20:19:14
48,410221,杞县,开封市,开封市,杞县-其他,李先生,急招娱乐主播5K-12K/18-45岁,5000.0,12000.0,学历不限,10.0,0,0,0,1,0,学历不限,58同城,2026-09-24 20:19:14
49,410221,杞县,开封市,开封市,其他-其它乡镇,李鑫,食堂厨师试用期4000，转正5000+,3000.0,5000.0,未注明,,0,0,0,0,1,未注明,58同城,2026-09-24 20:19:14
50,410221,杞县,开封市,开封市,杞县-其他,李先生,娱乐主播（零基础，兼职全职均可）,5000.0,8000.0,学历不限,20.0,0,0,0,1,0,学历不限,58同城,2026-09-24 20:19:14
51,410221,杞县,开封市,开封市,杞县-其他,李先生,娱乐主播5千起/全职兼职均可18-45岁,5000.0,12000.0,学历不限,5.0,0,0,0,1,0,学历不限,58同城,2026-09-24 20:19:14
52,410221,杞县,开封市,开封市,城关-城关城区,rnxrv_au1,杞县台球厅店员负责收银工作,2300.0,4500.0,学历不限,1.0,0,0,0,1,0,学历不限,58同城,2026-09-24 20:19:14
53,410221,杞县,开封市,开封市,城关-城关城区,杞县外卖员直聘,杞县招聘业务经理四千以上薪资,4000.0,5000.0,未注明,,0,0,0,0,1,未注明,58同城,2026-09-24 20:19:14
54,410221,杞县,开封市,开封市,杞县-五里河,把日记本藏好,美甲师,2000.0,5000.0,学历不限,,0,0,0,1,0,学历不限,58同城,2026-09-24 20:19:14
55,410221,杞县,开封市,开封市,其他-其它乡镇,燕子,杞县房产经纪人,5000.0,10000.0,未注明,,0,0,0,0,1,未注明,58同城,2026-09-24 20:19:14
56,410221,杞县,开封市,开封市,杞县-其他,赵经理,郑州可元装饰有限公司/财务会计/2千起,2000.0,3000.0,未注明,,0,0,0,0,1,未注明,58同城,2026-09-24 20:19:14
57,410221,杞县,开封市,开封市,杞县-五里河,树影下的微光,销售顾问,2500.0,5000.0,学历不限,,0,0,0,1,0,学历不限,58同城,2026-09-24 20:19:14
58,410221,杞县,开封市,开封市,杞县-其他,彭女士,杞县如奕美容美甲店/美容师/2500起,2500.0,5000.0,学历不限,4.0,0,0,0,1,0,学历不限,58同城,2026-09-24 20:19:14
59,410221,杞县,开封市,开封市,其他-其它乡镇,用户18890,烧烤店服务员2500起,2500.0,4500.0,学历不限,1.0,0,0,0,1,0,学历不限,58同城,2026-09-24 20:19:14
60,410221,杞县,开封市,开封市,五里河-五里河城区,杞县外卖员直聘,急招送餐员满十八周岁,4000.0,8000.0,未注明,,0,0,0,0,1,未注明,58同城,2026-09-24 20:19:14
61,410221,杞县,开封市,开封市,杞县-其他,李先生,居家抖音主播/18-45岁,5000.0,8000.0,学历不限,10.0,0,0,0,1,0,学历不限,58同城,2026-09-24 20:19:14
62,410221,杞县,开封市,开封市,开封-杞县,钟女士,急招开封配件配送C1司机不装卸,6500.0,9000.0,未注明,,0,0,0,0,1,未注明,58同城,2026-09-24 20:19:14
63,410221,杞县,开封市,开封市,五里河-五里河城区,杞县外卖员直聘,杞县招聘送餐骑手,4000.0,8000.0,未注明,,0,0,0,0,1,未注明,58同城,2026-09-24 20:19:14
64,410221,杞县,开封市,开封市,杞县,王先生,急/300一天玩具厂印刷/长白班,7000.0,8000.0,未注明,,0,0,0,0,1,未注明,58同城,2026-09-24 20:19:14
65,410221,杞县,开封市,开封市,杞县,杨先生,电子厂印刷工月入8500手工活可预支,8000.0,8500.0,未注明,,0,0,0,0,1,未注明,58同城,2026-09-24 20:19:14
66,410221,杞县,开封市,开封市,杞县,王先生,给公司开车周结,5500.0,6000.0,未注明,,0,0,0,0,1,未注明,58同城,2026-09-24 20:19:14
67,410221,杞县,开封市,开封市,杞县,张女士,丝印工加班补助周末双休饭补,7500.0,8000.0,未注明,,0,0,0,0,1,未注明,58同城,2026-09-24 20:19:14
68,410221,杞县,开封市,开封市,五里河-五里河城区,李先生,蓝牙耳机厂锻造工300不体检可预支,8500.0,9000.0,未注明,,0,0,0,0,1,未注明,58同城,2026-09-24 20:19:14
69,410221,杞县,开封市,开封市,杞县,黄女士,给公司老板开车，小车司机，包住宿,5500.0,6000.0,未注明,,0,0,0,0,1,未注明,58同城,2026-09-24 20:19:14
70,410221,杞县,开封市,开封市,杞县-五里河,喝奶茶的嘴巴,班车司机工资日结,5500.0,5800.0,未注明,,0,0,0,0,1,未注明,58同城,2026-09-24 20:19:14
71,410221,杞县,开封市,开封市,杞县,李女士,给公司开车包住,5500.0,6000.0,未注明,,0,0,0,0,1,未注明,58同城,2026-09-24 20:19:14
72,410221,杞县,开封市,开封市,城关-城关城区,招聘主管,咖啡师,2000.0,3000.0,学历不限,,0,0,0,1,0,学历不限,58同城,2026-09-24 20:19:14
73,410221,杞县,开封市,开封市,开封,用户74120,服装熨烫工有经验直接打我电话,3000.0,7000.0,未注明,,0,0,0,0,1,未注明,58同城,2026-09-24 20:19:34
74,410221,杞县,开封市,开封市,龙亭-万达广场,爱吹口哨的明明,巡逻岗保安，五险包吃住,4500.0,5000.0,未注明,,0,0,0,0,1,未注明,58同城,2026-09-24 20:19:34
75,410221,杞县,开封市,开封市,开封-龙亭,张飞,商超/零售店员/营业员工... 小程序,3000.0,3500.0,学历不限,1.0,0,0,0,1,0,学历不限,58同城,2026-09-24 20:19:34
76,410221,杞县,开封市,开封市,开封-龙亭,子默,前台/接待包住,3000.0,4500.0,未注明,,0,0,0,0,1,未注明,58同城,2026-09-24 20:19:34
77,410221,杞县,开封市,开封市,开封-龙亭,可爱的老板,五大街方中山收银员3直接打电话,2500.0,3000.0,未注明,,0,0,0,0,1,未注明,58同城,2026-09-24 20:19:34
78,410221,杞县,开封市,开封市,开封-龙亭,于女士,正式工，入职缴纳五险一金,4000.0,7000.0,未注明,,0,0,0,0,1,未注明,58同城,2026-09-24 20:19:34
79,410221,杞县,开封市,开封市,开封-龙亭,人事经理,国企装配工日薪300管吃住,4000.0,7000.0,未注明,,0,0,0,0,1,未注明,58同城,2026-09-24 20:19:34
80,410221,杞县,开封市,开封市,开封-鼓楼,华先生,半导体工厂普工正式工月薪8000提供食宿,7500.0,8500.0,未注明,,0,0,0,0,1,未注明,58同城,2026-09-24 20:19:34
81,410221,杞县,开封市,开封市,开封,贾女士,跟车乘务6K上几休几五险一金包吃住稳定,5000.0,6000.0,未注明,,0,0,0,0,1,未注明,58同城,2026-09-24 20:19:34
82,410221,杞县,开封市,开封市,顺河-顺河回族区,小鹿眨眨眼,烤鸭店店员,3000.0,3500.0,学历不限,1.0,0,0,0,1,0,学历不限,58同城,2026-09-24 20:19:34
83,410221,杞县,开封市,开封市,开封-龙亭,宋先生,招投标资料员,3000.0,7000.0,未注明,,0,0,0,0,1,未注明,58同城,2026-09-24 20:19:34
84,410221,杞县,开封市,开封市,开封,波波,技工,6000.0,12000.0,未注明,,0,0,0,0,1,未注明,58同城,2026-09-24 20:19:34
85,410221,杞县,开封市,开封市,开封-龙亭,花露水晒透,全盛摆件工5000起,5000.0,7000.0,未注明,,0,0,0,0,1,未注明,58同城,2026-09-24 20:19:34
86,410221,杞县,开封市,开封市,开封-龙亭,人事经理,新泉汽配厂普工正式工五险一金包吃包住月入,5000.0,7000.0,未注明,,0,0,0,0,1,未注明,58同城,2026-09-24 20:19:34
87,410221,杞县,开封市,开封市,祥符-金帝商贸城,张经理,诚聘超市快消品促销有意者电话联系,3000.0,6000.0,未注明,,0,0,0,0,1,未注明,58同城,2026-09-24 20:19:34
88,410221,杞县,开封市,开封市,开封,爱喝彩的赖同学,餐饮店店员/营业员2500起,2500.0,3000.0,学历不限,,0,0,0,1,0,学历不限,58同城,2026-09-24 20:19:34
89,410221,杞县,开封市,开封市,开封-龙亭,宋先生,测量组长,3000.0,6000.0,未注明,,0,0,0,0,1,未注明,58同城,2026-09-24 20:19:34
90,410221,杞县,开封市,开封市,开封-顺河,果冻小鱼游,火锅店后厨杂工3000起,3000.0,3500.0,学历不限,3.0,0,0,0,1,0,学历不限,58同城,2026-09-24 20:19:34
91,410221,杞县,开封市,开封市,龙亭-龙亭区,小黄,其他职位,2000.0,2500.0,学历不限,,0,0,0,1,0,学历不限,58同城,2026-09-24 20:19:34
92,410221,杞县,开封市,开封市,禹王台-禹王台区,回收二手设备,商店送货工人，,2800.0,4000.0,未注明,,0,0,0,0,1,未注明,58同城,2026-09-24 20:19:34
93,410221,杞县,开封市,开封市,开封,张经理,钳工,4000.0,4500.0,未注明,,0,0,0,0,1,未注明,58同城,2026-09-24 20:19:34
94,410221,杞县,开封市,开封市,龙亭-龙亭区,用户67696,店员/营业员,2500.0,4000.0,学历不限,2.0,0,0,0,1,0,学历不限,58同城,2026-09-24 20:19:34
95,410221,杞县,开封市,开封市,龙亭-龙亭区,书卷气de丁师傅,医学检验师,,,未注明,,0,0,0,0,1,未注明,58同城,2026-09-24 20:19:34
96,410221,杞县,开封市,开封市,开封,孙女士,开封急招中秋月饼配送C证司机不装卸,6000.0,8000.0,未注明,,0,0,0,0,1,未注明,58同城,2026-09-24 20:19:34
97,410221,杞县,开封市,开封市,开封-龙亭,赵女士,原谷原麦橄榄城店招聘营业员,3500.0,4500.0,未注明,,0,0,0,0,1,未注明,58同城,2026-09-24 20:19:34
98,410221,杞县,开封市,开封市,开封,张先生,耳机贴签/管吃住/日/结260/天下班发,6500.0,8500.0,未注明,,0,0,0,0,1,未注明,58同城,2026-09-24 20:19:34
99,410221,杞县,开封市,开封市,开封-龙亭,申女士,景区营业员,3000.0,3500.0,学历不限,,0,0,0,1,0,学历不限,58同城,2026-09-24 20:19:34
100,410221,杞县,开封市,开封市,鼓楼-鼓楼区,杨志领,食品/饮料店员/营业员3000起,3000.0,5000.0,学历不限,,0,0,0,1,0,学历不限,58同城,2026-09-24 20:19:34
101,410221,杞县,开封市,开封市,龙亭-龙亭区,赵先生,商业招商主管,3700.0,4000.0,未注明,,0,0,0,0,1,未注明,58同城,2026-09-24 20:19:34
102,410221,杞县,开封市,开封市,开封-龙亭,赵女士,开封原谷原麦鼎力国际店招储备店长,5000.0,6000.0,未注明,,0,0,0,0,1,未注明,58同城,2026-09-24 20:19:34
103,410222,通许县,开封市,开封市,通许-通许县,贾女士,通许县急招C1货车司机,9000.0,9500.0,学历不限,1.0,0,0,0,1,0,学历不限,58同城,2026-09-24 20:21:32
104,410222,通许县,开封市,开封市,开封-通许,刘先生,急招通许农副产品配送C证司机不装卸,6000.0,8000.0,未注明,,0,0,0,0,1,未注明,58同城,2026-09-24 20:21:32
105,410222,通许县,开封市,开封市,通许,杨先生,包装普工工厂送被褥长白班... 小程序,7500.0,8000.0,未注明,,0,0,0,0,1,未注明,58同城,2026-09-24 20:21:32
106,410222,通许县,开封市,开封市,通许,品鸿供应链06,（通许）往返专线C证货运司机,6000.0,7900.0,未注明,,0,0,0,0,1,未注明,58同城,2026-09-24 20:21:32
107,410222,通许县,开封市,开封市,通许-通许县,kkkkk,酒店/前台年底双薪五险饭补,3000.0,4500.0,未注明,,0,0,0,0,1,未注明,58同城,2026-09-24 20:21:32
108,410222,通许县,开封市,开封市,通许-通许县,李先生,鑫藏医药物流内勤3.5k起,3500.0,5500.0,未注明,,0,0,0,0,1,未注明,58同城,2026-09-24 20:21:32
109,410222,通许县,开封市,开封市,通许-通许县,内心赞许DE卢师傅,8K零基础宝妈日结主播易上手直接打电话,5000.0,8000.0,学历不限,,0,0,0,1,0,学历不限,58同城,2026-09-24 20:21:32
110,410222,通许县,开封市,开封市,通许-通许县,爱哼歌的陈同学,收银员,2500.0,3000.0,学历不限,,0,0,0,1,0,学历不限,58同城,2026-09-24 20:21:32
111,410222,通许县,开封市,开封市,开封-通许,张先生,急招健身教练无经验可培养,6000.0,12000.0,未注明,,0,0,0,0,1,未注明,58同城,2026-09-24 20:21:32
112,410222,通许县,开封市,开封市,通许,梦里飞飞飞,货运司机7500起,7500.0,8000.0,学历不限,6.0,0,0,0,1,0,学历不限,58同城,2026-09-24 20:21:32
113,410222,通许县,开封市,开封市,通许-通许县,岳女士,客服专员/助理,3000.0,5000.0,学历不限,,0,0,0,1,0,学历不限,58同城,2026-09-24 20:21:32
114,410222,通许县,开封市,开封市,通许-通许县,脑袋转得快,财务出纳,3500.0,5000.0,学历不限,2.0,0,0,0,1,0,学历不限,58同城,2026-09-24 20:21:32
115,410222,通许县,开封市,开封市,通许-通许县,张坤,小吃店服务员2000起,2000.0,3500.0,学历不限,1.0,0,0,0,1,0,学历不限,58同城,2026-09-24 20:21:32
116,410222,通许县,开封市,开封市,通许-通许县,爱玩沙子的小沙堡,电器公司销售专员2500起,2500.0,4500.0,高中,,0,0,0,0,0,高中/中专,58同城,2026-09-24 20:21:32
117,410222,通许县,开封市,开封市,通许县-通许县城,予礼花草集,数据采集,3500.0,8000.0,学历不限,,0,0,0,1,0,学历不限,58同城,2026-09-24 20:21:32
118,410222,通许县,开封市,开封市,通许-通许县,岳女士,河南狼直投实业有限公司通许分公司电话销售,3000.0,5000.0,高中,,0,0,0,0,0,高中/中专,58同城,2026-09-24 20:21:32
119,410222,通许县,开封市,开封市,通许,付先生,通许工作轻松的主播助理,3000.0,5000.0,学历不限,3.0,0,0,0,1,0,学历不限,58同城,2026-09-24 20:21:32
120,410222,通许县,开封市,开封市,通许-通许县,尉氏货拉拉招聘01,货运司机话补饭补,6000.0,8000.0,未注明,,0,0,0,0,1,未注明,58同城,2026-09-24 20:21:32
121,410222,通许县,开封市,开封市,通许县-通许县城,芝麻糊糊,奶茶/饮品师,2500.0,4500.0,学历不限,,0,0,0,1,0,学历不限,58同城,2026-09-24 20:21:32
122,410222,通许县,开封市,开封市,通许-通许县,招聘专员,商超/零售销售专员学历经验不限,2500.0,3000.0,学历不限,,0,0,0,1,0,学历不限,58同城,2026-09-24 20:21:32
123,410222,通许县,开封市,开封市,通许,吕老师,聘高中地理和初中历史老师杞县希望高中,4000.0,8000.0,未注明,,0,0,0,0,1,未注明,58同城,2026-09-24 20:21:32
124,410222,通许县,开封市,开封市,通许县-通许县城,用户29838,台球服务部前台/接待2k起,2000.0,2500.0,未注明,,0,0,0,0,1,未注明,58同城,2026-09-24 20:21:32
125,410222,通许县,开封市,开封市,通许-通许县,相当完美DE兰博士,酒店鞋房服务员2000起,2000.0,4500.0,学历不限,,0,0,0,1,0,学历不限,58同城,2026-09-24 20:21:32
126,410222,通许县,开封市,开封市,通许-通许县,李先生,通许视频聊天主播工作轻松氛围好,4500.0,6500.0,学历不限,1.0,0,0,0,1,0,学历不限,58同城,2026-09-24 20:21:32
127,410222,通许县,开封市,开封市,通许-通许县,用户46034,火锅店小吃厨师/麻辣烫师傅4k起,4000.0,6000.0,未注明,,0,0,0,0,1,未注明,58同城,2026-09-24 20:21:32
128,410222,通许县,开封市,开封市,通许-通许县,阿阳,翠翠美容店/美容师4千起,4000.0,7000.0,学历不限,,0,0,0,1,0,学历不限,58同城,2026-09-24 20:21:32
129,410222,通许县,开封市,开封市,通许-通许县,潘女士,急聘招聘专员只负责招聘工作25-45岁,3000.0,5000.0,学历不限,2.0,0,0,0,1,0,学历不限,58同城,2026-09-24 20:21:32
130,410222,通许县,开封市,开封市,通许-通许县,58用户,执业药师/驻店药师,3000.0,5000.0,学历不限,,0,0,0,1,0,学历不限,58同城,2026-09-24 20:21:32
131,410222,通许县,开封市,开封市,通许-通许县,招聘专员,发型师,3000.0,5000.0,学历不限,,0,0,0,1,0,学历不限,58同城,2026-09-24 20:21:32
132,410222,通许县,开封市,开封市,通许-通许县,坐在树上的星,居家审核员五险齐全周末双休,5000.0,8000.0,未注明,,0,0,0,0,1,未注明,58同城,2026-09-24 20:21:32
133,410222,通许县,开封市,开封市,通许,付先生,通许主播经纪人接收小白,3000.0,5000.0,学历不限,3.0,0,0,0,1,0,学历不限,58同城,2026-09-24 20:21:36
134,410222,通许县,开封市,开封市,通许-通许县,58用户,汽车零配件销售,,,未注明,,0,0,0,0,1,未注明,58同城,2026-09-24 20:21:36
135,410222,通许县,开封市,开封市,通许,付先生,通许急聘主播经纪人不会免... 小程序,3000.0,5000.0,学历不限,3.0,0,0,0,1,0,学历不限,58同城,2026-09-24 20:21:36
136,410222,通许县,开封市,开封市,通许县-通许县城,用户45507,诊所口腔执业医生3千起,3000.0,8000.0,学历不限,1.0,0,0,0,1,0,学历不限,58同城,2026-09-24 20:21:36
137,410223,尉氏县,开封市,开封市,尉氏,喜欢彩虹的小小,尉氏急招百货日用品司机不装卸,6000.0,8000.0,未注明,,0,0,0,0,1,未注明,58同城,2026-09-24 20:23:23
138,410223,尉氏县,开封市,开封市,尉氏,总爱翻白眼的姑娘,急招尉氏送副食品C本司机,6000.0,8000.0,未注明,,0,0,0,0,1,未注明,58同城,2026-09-24 20:23:23
139,410223,尉氏县,开封市,开封市,开封-尉氏,欧先生,7k可享入职奖比亚迪郑州... 小程序,5000.0,7000.0,未注明,,0,0,0,0,1,未注明,58同城,2026-09-24 20:23:23
140,410223,尉氏县,开封市,开封市,尉氏,丁先生,诚聘设备机修工薪资高待遇好,5000.0,8000.0,学历不限,3.0,0,0,0,1,0,学历不限,58同城,2026-09-24 20:23:23
141,410223,尉氏县,开封市,开封市,开封-尉氏,爱穿花裙的孙小妹,尉氏工业园直招送货司机不装不卸,6000.0,8000.0,未注明,,0,0,0,0,1,未注明,58同城,2026-09-24 20:23:23
142,410223,尉氏县,开封市,开封市,开封-尉氏,朱先生,比亚迪岗位多多普工技工,6000.0,8500.0,未注明,,0,0,0,0,1,未注明,58同城,2026-09-24 20:23:23
143,410223,尉氏县,开封市,开封市,尉氏-尉氏县,找份工作,服务员,2000.0,3000.0,学历不限,2.0,0,0,0,1,0,学历不限,58同城,2026-09-24 20:23:23
144,410223,尉氏县,开封市,开封市,尉氏县-尉氏汽车站,喜欢哼歌的小嘴,小吃/快餐店服务员工作餐标高免费工服,2600.0,3500.0,学历不限,2.0,0,0,0,1,0,学历不限,58同城,2026-09-24 20:23:23
145,410223,尉氏县,开封市,开封市,尉东市场-八房井购物中心,晚霞酿的酒,服装纺织厂包装工2400起,2400.0,3000.0,学历不限,1.0,0,0,0,1,0,学历不限,58同城,2026-09-24 20:23:23
146,410223,尉氏县,开封市,开封市,尉氏-尉氏县,魏女士,服饰商店/服装销售3千起,3000.0,8000.0,学历不限,3.0,0,0,0,1,0,学历不限,58同城,2026-09-24 20:23:23
147,410223,尉氏县,开封市,开封市,尉氏-尉氏县,丁先生,汽车/汽配厂普工/操作工6300起,6300.0,7000.0,学历不限,1.0,0,0,0,1,0,学历不限,58同城,2026-09-24 20:23:23
148,410223,尉氏县,开封市,开封市,开封-尉氏,等雨停的窗,诚聘二保焊/五险包住包吃,5000.0,8000.0,未注明,,0,0,0,0,1,未注明,58同城,2026-09-24 20:23:23
149,410223,尉氏县,开封市,开封市,尉东市场-八房井购物中心,食荤者,烧烤帮工,2000.0,4000.0,未注明,,0,0,0,0,1,未注明,58同城,2026-09-24 20:23:23
150,410223,尉氏县,开封市,开封市,尉氏-尉氏县,郭先生,商贸类会计,3500.0,4500.0,未注明,,0,0,0,0,1,未注明,58同城,2026-09-24 20:23:23
151,410223,尉氏县,开封市,开封市,开封-尉氏,等雨停的窗,急聘激光切割工包吃包住,5000.0,8000.0,未注明,,0,0,0,0,1,未注明,58同城,2026-09-24 20:23:23
152,410223,尉氏县,开封市,开封市,尉氏-尉氏县,sanlaodao,小吃店服务员2500起,2500.0,3000.0,未注明,,0,0,0,0,1,未注明,58同城,2026-09-24 20:23:23
153,410223,尉氏县,开封市,开封市,尉氏,招聘专员,开封冰雨药业有限公司/会计/包吃周末双休,2500.0,4500.0,未注明,,0,0,0,0,1,未注明,58同城,2026-09-24 20:23:23
154,410223,尉氏县,开封市,开封市,尉氏-尉氏县,陈先生,急招集成房屋公司油漆工,4500.0,10000.0,学历不限,,0,0,0,1,0,学历不限,58同城,2026-09-24 20:23:23
155,410223,尉氏县,开封市,开封市,尉氏-尉氏县,优美动听晏老板F,潘阳建材贸易商行/办公室文员/3千起,3000.0,5500.0,未注明,,0,0,0,0,1,未注明,58同城,2026-09-24 20:23:23
156,410223,尉氏县,开封市,开封市,尉氏-尉氏县,王老利,尉氏县老利农机有限公司/新媒体运营工作时,4000.0,6000.0,学历不限,,0,0,0,1,0,学历不限,58同城,2026-09-24 20:23:23
157,410223,尉氏县,开封市,开封市,尉氏-尉氏县,博文双语学校,尉氏县博文双语学校/体育教师/包住包吃周,2500.0,4500.0,未注明,,0,0,0,0,1,未注明,58同城,2026-09-24 20:23:23
158,410223,尉氏县,开封市,开封市,尉氏-尉氏县,陈先生,集装箱3D广告设计师,3000.0,8000.0,学历不限,,0,0,0,1,0,学历不限,58同城,2026-09-24 20:23:23
159,410223,尉氏县,开封市,开封市,尉氏-尉氏县,闫女士,钢结构厂国内电商运营周末双休包吃五险,7000.0,10000.0,未注明,,0,0,0,0,1,未注明,58同城,2026-09-24 20:23:23
160,410223,尉氏县,开封市,开封市,尉氏-尉氏县,用户78404,营业员,2500.0,4500.0,学历不限,,0,0,0,1,0,学历不限,58同城,2026-09-24 20:23:23
161,410223,尉氏县,开封市,开封市,尉氏-尉氏县,捷诚科技商行,宽带装维/五险一金,2500.0,11000.0,未注明,,0,0,0,0,1,未注明,58同城,2026-09-24 20:23:23
162,410223,尉氏县,开封市,开封市,尉氏-尉氏县,HAONONG,河南昊农生态肥业有限公司/普工/操作工加,3500.0,5000.0,未注明,,0,0,0,0,1,未注明,58同城,2026-09-24 20:23:23
163,410223,尉氏县,开封市,开封市,尉氏-尉东市场,操蛋的人生,月薪3200起诚聘客服,3200.0,12000.0,学历不限,,0,0,0,1,0,学历不限,58同城,2026-09-24 20:23:23
164,410223,尉氏县,开封市,开封市,开封-尉氏,杨先生,急招尉氏啤酒配送C本不装卸司机,6000.0,8000.0,未注明,,0,0,0,0,1,未注明,58同城,2026-09-24 20:23:23
165,410223,尉氏县,开封市,开封市,尉氏-尉氏县,苏先生,APp聊天客服,3500.0,9000.0,学历不限,,0,0,0,1,0,学历不限,58同城,2026-09-24 20:23:23
166,410223,尉氏县,开封市,开封市,尉氏县-尉氏县城,一切皆有可能_,尉氏县李宁/阿迪/耐克店长导购,4500.0,6000.0,未注明,,0,0,0,0,1,未注明,58同城,2026-09-24 20:23:23
167,410223,尉氏县,开封市,开封市,尉氏,传诵不已的阮师傅,维也纳酒店餐饮部大堂经理,6000.0,10000.0,学历不限,3.0,0,0,0,1,0,学历不限,58同城,2026-09-24 20:23:27
168,410223,尉氏县,开封市,开封市,尉氏,丁先生,化验员,5000.0,7000.0,大专,5.0,1,0,0,0,0,大专及以上,58同城,2026-09-24 20:23:27
169,410223,尉氏县,开封市,开封市,尉氏县-尉氏汽车站,赵女士,五险加年终奖诚聘兽药发酵... 小程序,4500.0,10000.0,未注明,,0,0,0,0,1,未注明,58同城,2026-09-24 20:23:27
170,410223,尉氏县,开封市,开封市,尉氏,传诵不已的阮师傅,酒店餐饮部经理,6000.0,10000.0,未注明,,0,0,0,0,1,未注明,58同城,2026-09-24 20:23:27
171,410223,尉氏县,开封市,开封市,尉氏-尉氏县,博文双语学校,尉氏县博文双语学校/英语老师/包吃包住周,4000.0,8000.0,未注明,,0,0,0,0,1,未注明,58同城,2026-09-24 20:23:27
172,410223,尉氏县,开封市,开封市,尉氏县-尉氏汽车站,一帆_,篮球教练,1500.0,3300.0,本科,3.0,1,1,0,0,0,大专及以上,58同城,2026-09-24 20:23:27
173,410223,尉氏县,开封市,开封市,尉氏,栖云客服招聘中,诚聘自媒体运营,3000.0,5000.0,学历不限,2.0,0,0,0,1,0,学历不限,58同城,2026-09-24 20:23:27
174,410223,尉氏县,开封市,开封市,尉氏,付先生,尉氏主播经纪人3000起接受小白,3000.0,6000.0,学历不限,10.0,0,0,0,1,0,学历不限,58同城,2026-09-24 20:23:27
175,410223,尉氏县,开封市,开封市,尉氏,青涩DE管博士,医院执业药师,4000.0,5000.0,学历不限,3.0,0,0,0,1,0,学历不限,58同城,2026-09-24 20:23:27
176,410223,尉氏县,开封市,开封市,尉氏,丁先生,化验员有矿石解析能力及行业相关经验,5000.0,7000.0,大专,5.0,1,0,0,0,0,大专及以上,58同城,2026-09-24 20:23:27
177,410223,尉氏县,开封市,开封市,尉氏-尉氏县,张驰,保单销售专员工作轻松简单,2000.0,5000.0,高中,,0,0,0,0,0,高中/中专,58同城,2026-09-24 20:23:27
178,410223,尉氏县,开封市,开封市,尉氏县-尉氏县城,表达力强_耿同学,柒号美容美发店/养发师/1000起,1000.0,3000.0,学历不限,1.0,0,0,0,1,0,学历不限,58同城,2026-09-24 20:23:27
179,410223,尉氏县,开封市,开封市,尉氏-尉氏县,招聘专员,药店执业药师/驻店药师2000起,2000.0,3500.0,学历不限,1.0,0,0,0,1,0,学历不限,58同城,2026-09-24 20:23:27
180,410223,尉氏县,开封市,开封市,尉氏,杨先生,中国人寿保险销售顾问,3000.0,10000.0,学历不限,10.0,0,0,0,1,0,学历不限,58同城,2026-09-24 20:23:27
181,410223,尉氏县,开封市,开封市,尉氏-尉氏县,张驰,车险续保专员高提成,4000.0,8000.0,学历不限,,0,0,0,1,0,学历不限,58同城,2026-09-24 20:23:27
182,410223,尉氏县,开封市,开封市,尉氏,杨先生,中国人寿保险咨询顾问,3000.0,10000.0,学历不限,10.0,0,0,0,1,0,学历不限,58同城,2026-09-24 20:23:27
183,410223,尉氏县,开封市,开封市,尉氏-尉氏县,张驰,高提成资时间自由保险销售顾问,4000.0,8000.0,学历不限,,0,0,0,1,0,学历不限,58同城,2026-09-24 20:23:27
184,410223,尉氏县,开封市,开封市,尉氏,杨先生,中国人寿保险销售经理,3000.0,10000.0,学历不限,10.0,0,0,0,1,0,学历不限,58同城,2026-09-24 20:23:27
185,410223,尉氏县,开封市,开封市,尉氏-尉氏县,张驰,高提成人寿保险经纪人,4000.0,8000.0,学历不限,,0,0,0,1,0,学历不限,58同城,2026-09-24 20:23:27
186,410223,尉氏县,开封市,开封市,尉氏,杨先生,人寿保险销售顾问,3000.0,10000.0,学历不限,10.0,0,0,0,1,0,学历不限,58同城,2026-09-24 20:23:27
187,410223,尉氏县,开封市,开封市,尉氏-尉氏县,张驰,诚聘保险销售专员,4000.0,8000.0,学历不限,,0,0,0,1,0,学历不限,58同城,2026-09-24 20:23:27
188,410223,尉氏县,开封市,开封市,尉氏,吕老师,诚聘高中物理教师杞县希望高中,7000.0,14000.0,本科,2.0,1,1,0,0,0,大专及以上,58同城,2026-09-24 20:23:27
189,410223,尉氏县,开封市,开封市,尉氏-尉氏县,温柔甜美伏老板X,急聘有经验设计师待遇好请直接带电话,4000.0,8500.0,大专,2.0,1,0,0,0,0,大专及以上,58同城,2026-09-24 20:23:27
190,410223,尉氏县,开封市,开封市,尉氏-尉氏县,温柔甜美伏老板X,月薪4000起诚聘有经验设计师直接打电话,4000.0,7000.0,未注明,,0,0,0,0,1,未注明,58同城,2026-09-24 20:23:27
191,410225,兰考县,开封市,开封市,兰考-兰考县,招聘专员,打字客服/在线客服/游戏客服,3000.0,4000.0,学历不限,,0,0,0,1,0,学历不限,58同城,2026-09-24 20:25:05
192,410225,兰考县,开封市,开封市,兰考-兰考县,翟先生,聊天客服,3000.0,5000.0,学历不限,,0,0,0,1,0,学历不限,58同城,2026-09-24 20:25:05
193,410225,兰考县,开封市,开封市,开封-兰考,邵先生,兰考外卖骑士 小程序,8000.0,8500.0,未注明,,0,0,0,0,1,未注明,58同城,2026-09-24 20:25:05
194,410225,兰考县,开封市,开封市,兰考县-兰考县城,齐钇茗,河南风行工艺品有限公司力工包吃饭补包住,2500.0,4500.0,未注明,,0,0,0,0,1,未注明,58同城,2026-09-24 20:25:05
195,410225,兰考县,开封市,开封市,兰考-兰考县,待她笑靥如花,亚马逊网络在线客服3千至四千,3000.0,5000.0,学历不限,2.0,0,0,0,1,0,学历不限,58同城,2026-09-24 20:25:05
196,410225,兰考县,开封市,开封市,兰考,爱绘图de辛师傅,货运公司招聘C本货运司机不装不卸,6500.0,8000.0,学历不限,6.0,0,0,0,1,0,学历不限,58同城,2026-09-24 20:25:05
197,410225,兰考县,开封市,开封市,兰考-兰考县,谷先生,建筑装饰公司视频拍摄3千起,3000.0,4500.0,学历不限,1.0,0,0,0,1,0,学历不限,58同城,2026-09-24 20:25:05
198,410225,兰考县,开封市,开封市,兰考-兰考县,拍星星的徐同学,台球厅台球助教5千起仅女生,5000.0,7000.0,学历不限,,0,0,0,1,0,学历不限,58同城,2026-09-24 20:25:05
199,410225,兰考县,开封市,开封市,兰考-空港,张先生,保健服务部/足疗师房补饭补,4500.0,8000.0,未注明,,0,0,0,0,1,未注明,58同城,2026-09-24 20:25:05
200,410225,兰考县,开封市,开封市,开封-兰考,郑女士,1万包吃住招健身教练学徒,6500.0,13000.0,未注明,,0,0,0,0,1,未注明,58同城,2026-09-24 20:25:05
201,410225,兰考县,开封市,开封市,兰考-兰考县,王先生,小吃店服务员2000起,2000.0,3000.0,学历不限,,0,0,0,1,0,学历不限,58同城,2026-09-24 20:25:05
202,410225,兰考县,开封市,开封市,兰考县-兰考县城,爱邮购的银博士,兰栖酒店/前台,2500.0,4000.0,学历不限,1.0,0,0,0,1,0,学历不限,58同城,2026-09-24 20:25:05
203,410225,兰考县,开封市,开封市,兰考,喜欢捏橡皮的可可,质检员上班转一转280一天,6000.0,8000.0,未注明,,0,0,0,0,1,未注明,58同城,2026-09-24 20:25:05
204,410225,兰考县,开封市,开封市,兰考县-兰考县城,T丰姿绰约涂博士,中餐厅服务员/免费工服包吃,3000.0,4000.0,未注明,,0,0,0,0,1,未注明,58同城,2026-09-24 20:25:05
205,410225,兰考县,开封市,开封市,兰考,Qtpapa,生产文员,2000.0,4000.0,高中,21.0,0,0,0,0,0,高中/中专,58同城,2026-09-24 20:25:05
206,410225,兰考县,开封市,开封市,兰考-兰考县,董女士,兰考饿了么直聘骑手日结提供装备,8000.0,8500.0,未注明,,0,0,0,0,1,未注明,58同城,2026-09-24 20:25:05
207,410225,兰考县,开封市,开封市,兰考-兰考县,卞女士,采购跟单员,6000.0,7000.0,高中,1.0,0,0,0,0,0,高中/中专,58同城,2026-09-24 20:25:05
208,410225,兰考县,开封市,开封市,兰考-空港,捡石子的乐乐,居家审核员作息轻松月薪六千,5000.0,8000.0,未注明,,0,0,0,0,1,未注明,58同城,2026-09-24 20:25:05
209,410225,兰考县,开封市,开封市,兰考-兰考县,宋先生,数据标注/AI训练师,3000.0,5000.0,学历不限,,0,0,0,1,0,学历不限,58同城,2026-09-24 20:25:05
210,410225,兰考县,开封市,开封市,兰考-空港,徐先生,兰考县允昌商贸有限公司门店店长3000起,3000.0,5000.0,未注明,,0,0,0,0,1,未注明,58同城,2026-09-24 20:25:05
211,410225,兰考县,开封市,开封市,兰考-兰考县,招聘专员,便利店店员/营业员学历经验不限,3000.0,4000.0,学历不限,,0,0,0,1,0,学历不限,58同城,2026-09-24 20:25:05
212,410225,兰考县,开封市,开封市,兰考-空港,张先生,兰考急招餐饮店店长4000起,4000.0,6000.0,学历不限,1.0,0,0,0,1,0,学历不限,58同城,2026-09-24 20:25:05
213,410225,兰考县,开封市,开封市,兰考,闻桂花的人,内容审核优薪福利岗七千保底,6000.0,8000.0,未注明,,0,0,0,0,1,未注明,58同城,2026-09-24 20:25:05
214,410225,兰考县,开封市,开封市,兰考-兰考县,Everythingtome,兰考县雲海招聘武术搏击教练周内双休,3000.0,6000.0,未注明,,0,0,0,0,1,未注明,58同城,2026-09-24 20:25:05
215,410225,兰考县,开封市,开封市,兰考-兰考县,张先生,兰考县张艳伟理发店美发助理/学徒2千起,2000.0,2500.0,学历不限,,0,0,0,1,0,学历不限,58同城,2026-09-24 20:25:05
216,410225,兰考县,开封市,开封市,兰考县-兰考县城,张先生,口腔医生3000起,3000.0,5000.0,学历不限,,0,0,0,1,0,学历不限,58同城,2026-09-24 20:25:05
217,410225,兰考县,开封市,开封市,兰考-兰考县,赵女士,萘欧美甲店/美甲师/3000到5000,3000.0,4500.0,学历不限,1.0,0,0,0,1,0,学历不限,58同城,2026-09-24 20:25:05
218,410225,兰考县,开封市,开封市,兰考县-兰考县城,用户64506,百货批发商行/电商运营2500起,2500.0,4500.0,未注明,,0,0,0,0,1,未注明,58同城,2026-09-24 20:25:05
219,410225,兰考县,开封市,开封市,兰考-兰考县,用户83376,餐饮店后厨杂工18岁以上,2000.0,2500.0,学历不限,1.0,0,0,0,1,0,学历不限,58同城,2026-09-24 20:25:05
220,410225,兰考县,开封市,开封市,兰考-兰考县,董女士,兰考饿了么日结299,7000.0,8000.0,未注明,,0,0,0,0,1,未注明,58同城,2026-09-24 20:25:05
221,410307,偃师区,洛阳市,洛阳市,洛阳-偃师市,杨先生,急招偃师日用百货配送C本司机不装卸,6000.0,8000.0,未注明,,0,0,0,0,1,未注明,58同城,2026-09-24 20:26:52
222,410307,偃师区,洛阳市,洛阳市,偃师-岳滩,王女士,技术员,4000.0,5000.0,大专,3.0,1,0,0,0,0,大专及以上,58同城,2026-09-24 20:26:52
223,410307,偃师区,洛阳市,洛阳市,偃师市-顾县镇,用户78504,中餐厅后厨包住洗衣机四人... 小程序,2500.0,5000.0,未注明,,0,0,0,0,1,未注明,58同城,2026-09-24 20:26:52
224,410307,偃师区,洛阳市,洛阳市,其他-杜甫大道,刘建华,钢球生产工序操作工,5500.0,8500.0,未注明,,0,0,0,0,1,未注明,58同城,2026-09-24 20:26:52
225,410307,偃师区,洛阳市,洛阳市,偃师,何先生,靓顺管道设备服务公司文员包住饭补五险,3500.0,5000.0,未注明,,0,0,0,0,1,未注明,58同城,2026-09-24 20:26:52
226,410307,偃师区,洛阳市,洛阳市,偃师,鲍龙,羽毛球馆羽毛球教练加班补助包住包吃,6000.0,10000.0,未注明,,0,0,0,0,1,未注明,58同城,2026-09-24 20:26:52
227,410307,偃师区,洛阳市,洛阳市,其他-杜甫大道,赵女士,美容馆/美容学徒(澜澜团队急招),2000.0,5000.0,学历不限,,0,0,0,1,0,学历不限,58同城,2026-09-24 20:26:52
228,410307,偃师区,洛阳市,洛阳市,偃师市-其他,宋女士,连锁店养发师美容店长5000起/洛阳偃师,5000.0,10000.0,学历不限,1.0,0,0,0,1,0,学历不限,58同城,2026-09-24 20:26:52
229,410307,偃师区,洛阳市,洛阳市,偃师,yanshiruixin,办公室文员,3000.0,5000.0,学历不限,5.0,0,0,0,1,0,学历不限,58同城,2026-09-24 20:26:52
230,410307,偃师区,洛阳市,洛阳市,偃师市-其他,腾讯新闻,生鲜超市理货员,2500.0,3000.0,未注明,,0,0,0,0,1,未注明,58同城,2026-09-24 20:26:52
231,410307,偃师区,洛阳市,洛阳市,其他-杜甫大道,洛阳市宸邦实业有限公司,客户邀约专员,3000.0,10000.0,学历不限,2.0,0,0,0,1,0,学历不限,58同城,2026-09-24 20:26:52
232,410307,偃师区,洛阳市,洛阳市,其他-杜甫大道,赵女士,美容师-时间自由-可双休(澜澜团队急招),3000.0,6000.0,学历不限,,0,0,0,1,0,学历不限,58同城,2026-09-24 20:26:52
233,410307,偃师区,洛阳市,洛阳市,偃师-其他,左女士,商品混凝土公司销售/五险包吃包住,5000.0,10000.0,未注明,,0,0,0,0,1,未注明,58同城,2026-09-24 20:26:52
234,410307,偃师区,洛阳市,洛阳市,偃师-顾县镇,招聘专员,洛阳市偃师区星潮贝品母婴用品店店员/营业,2000.0,5000.0,学历不限,,0,0,0,1,0,学历不限,58同城,2026-09-24 20:26:52
235,410307,偃师区,洛阳市,洛阳市,洛阳-偃师市,李先生,八千直招仓库装卸工包吃住,7000.0,8500.0,未注明,,0,0,0,0,1,未注明,58同城,2026-09-24 20:26:52
236,410307,偃师区,洛阳市,洛阳市,洛阳-偃师市,李先生,偃师安能八千包吃住直招仓库操作工,5000.0,7000.0,未注明,,0,0,0,0,1,未注明,58同城,2026-09-24 20:26:52
237,410307,偃师区,洛阳市,洛阳市,偃师-顾县镇,何先生,设备维修焊工,6000.0,10000.0,未注明,,0,0,0,0,1,未注明,58同城,2026-09-24 20:26:52
238,410307,偃师区,洛阳市,洛阳市,偃师市-其他,杨女士,绣花厂/看机器杂工/包住加班补助包吃,3500.0,5000.0,未注明,,0,0,0,0,1,未注明,58同城,2026-09-24 20:26:52
239,410307,偃师区,洛阳市,洛阳市,偃师市-其他,王先生,金钥匙双语学校/招生专员周末双休包住包吃,3000.0,4500.0,未注明,,0,0,0,0,1,未注明,58同城,2026-09-24 20:26:52
240,410307,偃师区,洛阳市,洛阳市,偃师市-其他,叶衍团,沐足养生店/按摩师饭补包住年底双薪,14500.0,15000.0,未注明,,0,0,0,0,1,未注明,58同城,2026-09-24 20:26:52
241,410307,偃师区,洛阳市,洛阳市,偃师市-其他,草莓味的风,陇源鞋业商行/销售专员/4千起,4000.0,7000.0,学历不限,,0,0,0,1,0,学历不限,58同城,2026-09-24 20:26:52
242,410307,偃师区,洛阳市,洛阳市,偃师市-其他,招聘专员,火锅店服务员2500起,2500.0,3200.0,学历不限,,0,0,0,1,0,学历不限,58同城,2026-09-24 20:26:52
243,410307,偃师区,洛阳市,洛阳市,其他-杜甫大道,墨扣时尚男装,紧急招聘营业员，有无经验均可,3000.0,5000.0,学历不限,,0,0,0,1,0,学历不限,58同城,2026-09-24 20:26:52
244,410307,偃师区,洛阳市,洛阳市,洛阳-偃师市,李先生,偃师八千包吃住直招仓库普工,7000.0,8500.0,未注明,,0,0,0,0,1,未注明,58同城,2026-09-24 20:26:52
245,410307,偃师区,洛阳市,洛阳市,偃师市-其他,至死方休,中餐厅/中餐厨师/2000起,2000.0,5500.0,学历不限,,0,0,0,1,0,学历不限,58同城,2026-09-24 20:26:52
246,410307,偃师区,洛阳市,洛阳市,商城-世纪商城,聂女士,10086人工客服带薪培训,3000.0,6000.0,学历不限,100.0,0,0,0,1,0,学历不限,58同城,2026-09-24 20:26:52
247,410307,偃师区,洛阳市,洛阳市,偃师市-其他,大口浙江服饰,大口镇浙江服饰导购,3000.0,6000.0,学历不限,,0,0,0,1,0,学历不限,58同城,2026-09-24 20:26:52
248,410307,偃师区,洛阳市,洛阳市,其他-杜甫大道,T丰润封总,大口镇浙江服饰销售3000起,3000.0,6000.0,学历不限,1.0,0,0,0,1,0,学历不限,58同城,2026-09-24 20:26:52
249,410307,偃师区,洛阳市,洛阳市,其他-杜甫大道,无知的依赖,超越骆陀鞋业店京东运营3k起,3000.0,13500.0,学历不限,,0,0,0,1,0,学历不限,58同城,2026-09-24 20:26:52
250,410307,偃师区,洛阳市,洛阳市,偃师市-其他,数蚂蚁的彤彤,美容美甲店/美甲师/白/夜班多班次可选,3000.0,4500.0,学历不限,,0,0,0,1,0,学历不限,58同城,2026-09-24 20:26:52
251,410307,偃师区,洛阳市,洛阳市,涧西-万达广场,李女士,中国人寿保险人事助理五险一金周末双休,3000.0,5500.0,未注明,,0,0,0,0,1,未注明,58同城,2026-09-24 20:27:00
252,410307,偃师区,洛阳市,洛阳市,西工-周王城广场,于女士,食堂面点师包住年底双薪包吃,2500.0,3500.0,未注明,,0,0,0,0,1,未注明,58同城,2026-09-24 20:27:00
253,410307,偃师区,洛阳市,洛阳市,洛阳,刘先生,新媒体运营有拍摄剪辑经验 小程序,5000.0,10000.0,未注明,,0,0,0,0,1,未注明,58同城,2026-09-24 20:27:00
254,410307,偃师区,洛阳市,洛阳市,涧西-涧西周边,王女士,中餐厅餐饮主管店长包住四人间淋浴,3500.0,5500.0,未注明,,0,0,0,0,1,未注明,58同城,2026-09-24 20:27:00
255,410307,偃师区,洛阳市,洛阳市,西工-周王城广场,于先生,中餐厨师,4000.0,6000.0,学历不限,2.0,0,0,0,1,0,学历不限,58同城,2026-09-24 20:27:00
256,410307,偃师区,洛阳市,洛阳市,老城-丽景门,赵先生,熟食店店员营业员工作时间白夜兼职,3000.0,5000.0,中专/中技,,0,0,0,0,0,高中/中专,58同城,2026-09-24 20:27:00
257,410307,偃师区,洛阳市,洛阳市,洛阳-西工,姚先生,后厨帮工洗碗工,2500.0,3500.0,未注明,,0,0,0,0,1,未注明,58同城,2026-09-24 20:27:00
258,410307,偃师区,洛阳市,洛阳市,瀍河-瀍河周边,高女士,食品/店员/营业员工作时间灵活,2500.0,3500.0,未注明,,0,0,0,0,1,未注明,58同城,2026-09-24 20:27:00
259,410307,偃师区,洛阳市,洛阳市,洛阳-西工,罗先生,文化传媒公司主播助播4k起,4000.0,8000.0,学历不限,3.0,0,0,0,1,0,学历不限,58同城,2026-09-24 20:27:00
260,410307,偃师区,洛阳市,洛阳市,瀍河-瀍河周边,kqwa4e,财务其他,,,大专,,1,0,0,0,0,大专及以上,58同城,2026-09-24 20:27:00
261,410307,偃师区,洛阳市,洛阳市,洛龙-森林半岛,爱啼鸟的糜博士,烧烤店餐饮主管5千起,5000.0,7000.0,学历不限,1.0,0,0,0,1,0,学历不限,58同城,2026-09-24 20:27:00
262,410307,偃师区,洛阳市,洛阳市,洛阳-洛龙,王智卫,小吃/快餐店餐厅领班2000起,2000.0,5000.0,学历不限,1.0,0,0,0,1,0,学历不限,58同城,2026-09-24 20:27:00
263,410307,偃师区,洛阳市,洛阳市,洛龙-新区体育场,STAR,急招牛肉汤盛汤师傅,4000.0,5000.0,学历不限,,0,0,0,1,0,学历不限,58同城,2026-09-24 20:27:00
264,410307,偃师区,洛阳市,洛阳市,洛阳,洛阳快聘人力资源,洛龙区/汽配厂普工/操作工6k起,6500.0,8500.0,未注明,,0,0,0,0,1,未注明,58同城,2026-09-24 20:27:00
265,410307,偃师区,洛阳市,洛阳市,西工-王城公园,郝营,好汉建筑材料销售店营业员/营业员学历不限,2500.0,4000.0,未注明,,0,0,0,0,1,未注明,58同城,2026-09-24 20:27:00
266,410307,偃师区,洛阳市,洛阳市,涧西-万达广场,范先生,早餐店面点师包子工营业员包吃住,3000.0,4500.0,未注明,,0,0,0,0,1,未注明,58同城,2026-09-24 20:27:00
267,410307,偃师区,洛阳市,洛阳市,洛阳-洛龙,孟博先生,厨工,3000.0,4000.0,学历不限,,0,0,0,1,0,学历不限,58同城,2026-09-24 20:27:00
268,410307,偃师区,洛阳市,洛阳市,洛阳-汝阳,灵活de饶老板,食品/店员2000起,2000.0,4000.0,学历不限,,0,0,0,1,0,学历不限,58同城,2026-09-24 20:27:00
269,410307,偃师区,洛阳市,洛阳市,涧西-万达广场,陈女士,高端滋补保健营养品店员,3000.0,6000.0,学历不限,1.0,0,0,0,1,0,学历不限,58同城,2026-09-24 20:27:00
270,410307,偃师区,洛阳市,洛阳市,涧西-万达广场,用户29154,食品/饮料店员/营业员学历经验不限,3000.0,4500.0,学历不限,2.0,0,0,0,1,0,学历不限,58同城,2026-09-24 20:27:00
271,410307,偃师区,洛阳市,洛阳市,洛阳,洛阳快聘人力资源,宜阳汽配厂普工/操作工5000起,5000.0,8000.0,未注明,,0,0,0,0,1,未注明,58同城,2026-09-24 20:27:00
272,410307,偃师区,洛阳市,洛阳市,洛龙-洛龙周边,抱着抱枕发呆的阿甜,餐饮主管4500,4500.0,6000.0,未注明,,0,0,0,0,1,未注明,58同城,2026-09-24 20:27:00
273,410307,偃师区,洛阳市,洛阳市,涧西-涧西周边,玉,厨工,3000.0,3500.0,学历不限,1.0,0,0,0,1,0,学历不限,58同城,2026-09-24 20:27:00
274,410307,偃师区,洛阳市,洛阳市,洛龙-洛龙周边,闫女士,上一休一/夜间客服/白天可兼职,,,未注明,,0,0,0,0,1,未注明,58同城,2026-09-24 20:27:00
275,410307,偃师区,洛阳市,洛阳市,老城-北大街,招聘专员,食品/店员/营业员2000起,2000.0,3000.0,未注明,,0,0,0,0,1,未注明,58同城,2026-09-24 20:27:00
276,410307,偃师区,洛阳市,洛阳市,洛阳-涧西,vygln_au0,餐饮店店员/营业员,3000.0,4000.0,学历不限,1.0,0,0,0,1,0,学历不限,58同城,2026-09-24 20:27:00
277,410307,偃师区,洛阳市,洛阳市,洛阳-洛龙,高女士,诚聘自动焊焊工,5000.0,8000.0,未注明,,0,0,0,0,1,未注明,58同城,2026-09-24 20:27:00
278,410307,偃师区,洛阳市,洛阳市,洛阳-涧西,王女士,设备操作工/班组长/食品生产,3000.0,5000.0,未注明,,0,0,0,0,1,未注明,58同城,2026-09-24 20:27:00
279,410307,偃师区,洛阳市,洛阳市,西工-新都汇,用户62371,美甲师,2000.0,4000.0,学历不限,,0,0,0,1,0,学历不限,58同城,2026-09-24 20:27:00
280,410307,偃师区,洛阳市,洛阳市,洛龙-泉舜财富中心,招聘专员,运营五险双休远程欢迎上岗,4300.0,4800.0,未注明,,0,0,0,0,1,未注明,58同城,2026-09-24 20:27:00
281,410307,偃师区,洛阳市,洛阳市,偃师,何先生,靓顺管道设备服务公司文员... 小程序,3500.0,5000.0,未注明,,0,0,0,0,1,未注明,58同城,2026-09-24 20:27:24
282,410307,偃师区,洛阳市,洛阳市,偃师市-顾县镇,用户78504,中餐厅后厨包住洗衣机四人间,2500.0,5000.0,未注明,,0,0,0,0,1,未注明,58同城,2026-09-24 20:27:24
283,410307,偃师区,洛阳市,洛阳市,偃师市-其他,袁经理,会计,3000.0,4000.0,学历不限,,0,0,0,1,0,学历不限,58同城,2026-09-24 20:27:29
284,410307,偃师区,洛阳市,洛阳市,偃师市-顾县镇,韩先生,偃师包装工管吃住,4000.0,7500.0,未注明,,0,0,0,0,1,未注明,58同城,2026-09-24 20:27:29
285,410307,偃师区,洛阳市,洛阳市,洛阳-偃师市,翁先生,洛阳安能7千到1万诚聘物... 小程序,7000.0,10000.0,未注明,,0,0,0,0,1,未注明,58同城,2026-09-24 20:27:29
286,410307,偃师区,洛阳市,洛阳市,洛阳-偃师市,翁先生,洛阳安能七千到一万诚聘仓库操作工包吃住,7000.0,10000.0,未注明,,0,0,0,0,1,未注明,58同城,2026-09-24 20:27:29
287,410307,偃师区,洛阳市,洛阳市,洛阳-偃师市,翁先生,安能8千直招仓库普工包吃包住,7000.0,10000.0,未注明,,0,0,0,0,1,未注明,58同城,2026-09-24 20:27:29
288,410307,偃师区,洛阳市,洛阳市,商城-世纪商城,李英豪,厨师-待遇好-挣得多,3000.0,7000.0,未注明,,0,0,0,0,1,未注明,58同城,2026-09-24 20:27:29
289,410307,偃师区,洛阳市,洛阳市,偃师市-其他,王先生,招聘小学初中语数英理化教师各一名,2500.0,4000.0,未注明,,0,0,0,0,1,未注明,58同城,2026-09-24 20:27:29
290,410307,偃师区,洛阳市,洛阳市,商城-世纪商城,李英豪,前厅服务员-管吃住-不内耗,2800.0,3500.0,未注明,,0,0,0,0,1,未注明,58同城,2026-09-24 20:27:29
291,410307,偃师区,洛阳市,洛阳市,偃师,马女士,急/300一天口红厂印刷/长白班,6500.0,8500.0,未注明,,0,0,0,0,1,未注明,58同城,2026-09-24 20:27:29
292,410307,偃师区,洛阳市,洛阳市,偃师,张女士,丝印工/五险周末双休加班补助,7500.0,8000.0,未注明,,0,0,0,0,1,未注明,58同城,2026-09-24 20:27:29
293,410307,偃师区,洛阳市,洛阳市,偃师,判若鸿沟DE曲老板,班车司机,5500.0,6000.0,未注明,,0,0,0,0,1,未注明,58同城,2026-09-24 20:27:29
294,410307,偃师区,洛阳市,洛阳市,偃师,玩着积木的小小,酒店/客房服务员保洁3千起,2500.0,3000.0,学历不限,2.0,0,0,0,1,0,学历不限,58同城,2026-09-24 20:27:29
295,410307,偃师区,洛阳市,洛阳市,偃师,王女士,生产管理,5000.0,10000.0,大专,2.0,1,0,0,0,0,大专及以上,58同城,2026-09-24 20:27:29
296,410307,偃师区,洛阳市,洛阳市,商城-世纪商城,孔先生,偃师区诚聘护工8K入职缴纳五险带薪休假,5000.0,8000.0,未注明,,0,0,0,0,1,未注明,58同城,2026-09-24 20:27:29
297,410307,偃师区,洛阳市,洛阳市,偃师,爱坦白de隋博士,共享单车运维工作时间灵活,4500.0,6000.0,学历不限,2.0,0,0,0,1,0,学历不限,58同城,2026-09-24 20:27:29
298,410307,偃师区,洛阳市,洛阳市,偃师市-岳滩,李女士,工厂保洁8小时工作制，白班,2000.0,2500.0,未注明,,0,0,0,0,1,未注明,58同城,2026-09-24 20:27:29
299,410307,偃师区,洛阳市,洛阳市,偃师,娜娜,中医艾灸师(荣盛诚园店),4000.0,6000.0,未注明,,0,0,0,0,1,未注明,58同城,2026-09-24 20:27:29
300,410307,偃师区,洛阳市,洛阳市,偃师,娜娜,帝景花园店诚聘美容师、艾灸师、学徒,3000.0,5500.0,学历不限,,0,0,0,1,0,学历不限,58同城,2026-09-24 20:27:29
301,410307,偃师区,洛阳市,洛阳市,偃师,娜娜,养生馆中医艾灸养生（荣盛诚园店）,3000.0,5500.0,未注明,,0,0,0,0,1,未注明,58同城,2026-09-24 20:27:29
302,410307,偃师区,洛阳市,洛阳市,偃师,MT33990,BD经理,5000.0,6500.0,未注明,,0,0,0,0,1,未注明,58同城,2026-09-24 20:27:29
303,410307,偃师区,洛阳市,洛阳市,偃师市-商城,鑫悦汽车,汽车销售顾问话补房补饭补,4000.0,10000.0,未注明,,0,0,0,0,1,未注明,58同城,2026-09-24 20:27:29
304,410307,偃师区,洛阳市,洛阳市,偃师市-其他,刘先生,驾校职业培训讲师2k起,2000.0,5000.0,高中,1.0,0,0,0,0,0,高中/中专,58同城,2026-09-24 20:27:29
305,410307,偃师区,洛阳市,洛阳市,洛阳-偃师市,朴实的红布林,招募合伙人,,,大专,2.0,1,0,0,0,0,大专及以上,58同城,2026-09-24 20:27:29
306,410308,孟津区,洛阳市,洛阳市,桂花大道-其他,李先生,诚聘语音厅主播（线上）工作自由薪资高,8000.0,12000.0,学历不限,20.0,0,0,0,1,0,学历不限,58同城,2026-09-24 20:27:35
307,410308,孟津区,洛阳市,洛阳市,桂花大道-其他,135******56_ejp,招聘厨师5000起,5000.0,6000.0,学历不限,1.0,0,0,0,1,0,学历不限,58同城,2026-09-24 20:27:35
308,410308,孟津区,洛阳市,洛阳市,桂花大道-其他,李先生,诚聘专职语音厅主播（线下... 小程序,8000.0,12000.0,未注明,,0,0,0,0,1,未注明,58同城,2026-09-24 20:27:35
309,410308,孟津区,洛阳市,洛阳市,孟津-孟津休闲文化广场,3昊,机械厂CNC/数控操作工5千起,5000.0,9000.0,学历不限,1.0,0,0,0,1,0,学历不限,58同城,2026-09-24 20:27:35
310,410308,孟津区,洛阳市,洛阳市,孟津,廉经理,孟津麻屯液压机械工程师,6000.0,12000.0,未注明,,0,0,0,0,1,未注明,58同城,2026-09-24 20:27:35
311,410308,孟津区,洛阳市,洛阳市,桂花大道-其他,透亮de卜博士,诊所护士3000起,3000.0,5000.0,大专,,1,0,0,0,0,大专及以上,58同城,2026-09-24 20:27:35
312,410308,孟津区,洛阳市,洛阳市,孟津-孟津休闲文化广场,朱先生,黑科传媒/国内电商运营/2500起,2500.0,4500.0,未注明,,0,0,0,0,1,未注明,58同城,2026-09-24 20:27:35
313,410308,孟津区,洛阳市,洛阳市,桂花大道-其他,郭先生,机械厂质量管理/测试加班补助饭补包住,3000.0,5000.0,未注明,,0,0,0,0,1,未注明,58同城,2026-09-24 20:27:35
314,410308,孟津区,洛阳市,洛阳市,孟津,欧克精密招聘,数控调机师傅6千起,6000.0,8000.0,学历不限,5.0,0,0,0,1,0,学历不限,58同城,2026-09-24 20:27:35
315,410308,孟津区,洛阳市,洛阳市,桂花大道-其他,陆娜娜,美容院健康咨询/美容顾问,2000.0,6000.0,学历不限,20.0,0,0,0,1,0,学历不限,58同城,2026-09-24 20:27:35
316,410308,孟津区,洛阳市,洛阳市,桂花大道-其他,柏女士,孟津皮肤健康管理师/学徒,3000.0,6000.0,学历不限,10.0,0,0,0,1,0,学历不限,58同城,2026-09-24 20:27:35
317,410308,孟津区,洛阳市,洛阳市,孟津,马延峰,数控车工-要求2年以上经验-交社保,6000.0,8000.0,未注明,,0,0,0,0,1,未注明,58同城,2026-09-24 20:27:35
318,410308,孟津区,洛阳市,洛阳市,孟津,张经理,CNC数控操作工，数控车床，加工中心,7000.0,12000.0,未注明,,0,0,0,0,1,未注明,58同城,2026-09-24 20:27:35
319,410308,孟津区,洛阳市,洛阳市,孟津,廉经理,孟津麻屯数控加工中心师傅,6000.0,10000.0,未注明,,0,0,0,0,1,未注明,58同城,2026-09-24 20:27:35
320,410308,孟津区,洛阳市,洛阳市,孟津,马延峰,招技校数控cnc专业26应届毕业生10名,,,学历不限,5.0,0,0,0,1,0,学历不限,58同城,2026-09-24 20:27:35
321,410308,孟津区,洛阳市,洛阳市,孟津,A小情歌,机械加工厂CNC/数控工程师6k起,6000.0,9000.0,学历不限,,0,0,0,1,0,学历不限,58同城,2026-09-24 20:27:35
322,410308,孟津区,洛阳市,洛阳市,孟津-桂花大道,张博,牛场养殖/饲养员（可住可回家）,4500.0,5000.0,未注明,,0,0,0,0,1,未注明,58同城,2026-09-24 20:27:35
323,410308,孟津区,洛阳市,洛阳市,桂花大道-其他,漕老板想洒水,网络推广,3000.0,8000.0,学历不限,,0,0,0,1,0,学历不限,58同城,2026-09-24 20:27:35
324,410308,孟津区,洛阳市,洛阳市,孟津,招聘专员,总账会计,5000.0,7000.0,本科,8.0,1,1,0,0,0,大专及以上,58同城,2026-09-24 20:27:35
325,410308,孟津区,洛阳市,洛阳市,孟津-桂花大道,古香古色的大鸭梨,厨师,5500.0,6000.0,学历不限,,0,0,0,1,0,学历不限,58同城,2026-09-24 20:27:35
326,410308,孟津区,洛阳市,洛阳市,孟津,用户92862,"CNC编程操机,中走丝",,,学历不限,,0,0,0,1,0,学历不限,58同城,2026-09-24 20:27:35
327,410308,孟津区,洛阳市,洛阳市,孟津-孟津休闲文化广场,A梁彬,生态农业公司/农林技术人员年底双薪包住包,3000.0,4500.0,未注明,,0,0,0,0,1,未注明,58同城,2026-09-24 20:27:35
328,410308,孟津区,洛阳市,洛阳市,孟津,项目策划,中餐厅川湘菜厨师包住四人间空调,2500.0,7000.0,未注明,,0,0,0,0,1,未注明,58同城,2026-09-24 20:27:35
329,410308,孟津区,洛阳市,洛阳市,孟津,廖老板爱忍耐,洛阳浩天模具厂钻工/白/夜班多班次可选,4000.0,5000.0,学历不限,,0,0,0,1,0,学历不限,58同城,2026-09-24 20:27:35
330,410308,孟津区,洛阳市,洛阳市,孟津,马延峰,数控车工-管吃住-交社保,6000.0,8000.0,未注明,,0,0,0,0,1,未注明,58同城,2026-09-24 20:27:35
331,410308,孟津区,洛阳市,洛阳市,孟津,马延峰,数控车工师傅平轨机-管吃住-交社保,8000.0,12000.0,未注明,,0,0,0,0,1,未注明,58同城,2026-09-24 20:27:35
332,410308,孟津区,洛阳市,洛阳市,桂花大道-其他,姜丽,家装设计,,,未注明,,0,0,0,0,1,未注明,58同城,2026-09-24 20:27:35
333,410308,孟津区,洛阳市,洛阳市,孟津,孙丹丹,诚聘铆工焊工,7000.0,10000.0,未注明,,0,0,0,0,1,未注明,58同城,2026-09-24 20:27:35
334,410308,孟津区,洛阳市,洛阳市,孟津-孟津休闲文化广场,李女士,物业直招保安包吃住可以看手机,4500.0,5000.0,未注明,,0,0,0,0,1,未注明,58同城,2026-09-24 20:27:35
335,410308,孟津区,洛阳市,洛阳市,孟津-桂花大道,孟女士,物业小区坐岗保安有空调可看手机,4500.0,5000.0,未注明,,0,0,0,0,1,未注明,58同城,2026-09-24 20:27:35
336,410323,新安县,洛阳市,洛阳市,洛阳-新安,陈女士,新安磁涧开发区招聘采购,3000.0,3500.0,未注明,,0,0,0,0,1,未注明,58同城,2026-09-24 21:47:52
337,410323,新安县,洛阳市,洛阳市,新安-中心市场,富韵车装饰,食堂厨师免费工服包吃,2500.0,5500.0,未注明,,0,0,0,0,1,未注明,58同城,2026-09-24 21:47:52
338,410323,新安县,洛阳市,洛阳市,中心市场-新安城区,戴总爱缝纫,店员/营业员 小程序,2000.0,4000.0,学历不限,,0,0,0,1,0,学历不限,58同城,2026-09-24 21:47:52
339,410323,新安县,洛阳市,洛阳市,新安-洛新开发区,用户30497,装备制造公司生产主管/经理3000起,3000.0,4500.0,学历不限,,0,0,0,1,0,学历不限,58同城,2026-09-24 21:47:52
340,410323,新安县,洛阳市,洛阳市,中心市场-新安城区,刘先生,火锅店服务员/免费工服包吃,2000.0,3000.0,未注明,,0,0,0,0,1,未注明,58同城,2026-09-24 21:47:52
341,410323,新安县,洛阳市,洛阳市,新安-中心市场,2dkikv,CNC数控车床师傅,9000.0,14000.0,未注明,,0,0,0,0,1,未注明,58同城,2026-09-24 21:47:52
342,410323,新安县,洛阳市,洛阳市,洛阳-新安,张先生,急招健身教练无经验可培养,6000.0,12000.0,未注明,,0,0,0,0,1,未注明,58同城,2026-09-24 21:47:52
343,410323,新安县,洛阳市,洛阳市,新安-中心市场,陈女士,聘人事经理,3000.0,5500.0,未注明,,0,0,0,0,1,未注明,58同城,2026-09-24 21:47:52
344,410323,新安县,洛阳市,洛阳市,新安-洛新开发区,午后甜梦,CAD设计/制图五险,5000.0,7000.0,未注明,,0,0,0,0,1,未注明,58同城,2026-09-24 21:47:52
345,410323,新安县,洛阳市,洛阳市,新安,招聘专员,网络/在线客服五险话补,3000.0,4500.0,未注明,,0,0,0,0,1,未注明,58同城,2026-09-24 21:47:52
346,410323,新安县,洛阳市,洛阳市,新安,丁女士,技工,3000.0,4500.0,学历不限,4.0,0,0,0,1,0,学历不限,58同城,2026-09-24 21:47:52
347,410323,新安县,洛阳市,洛阳市,新安,喜欢画画的阿晴,水电工,2500.0,3500.0,未注明,,0,0,0,0,1,未注明,58同城,2026-09-24 21:47:52
348,410323,新安县,洛阳市,洛阳市,新安-洛新开发区,程先生,采购专员加班补助五险一金,3000.0,4500.0,未注明,,0,0,0,0,1,未注明,58同城,2026-09-24 21:47:52
349,410323,新安县,洛阳市,洛阳市,新安-中心市场,连女士,新安店美容养生艾灸/艾灸学徒,2000.0,8000.0,学历不限,10.0,0,0,0,1,0,学历不限,58同城,2026-09-24 21:47:52
350,410323,新安县,洛阳市,洛阳市,新安-中心市场,GOU,中餐厅厨师5500起,5500.0,7000.0,学历不限,1.0,0,0,0,1,0,学历不限,58同城,2026-09-24 21:47:52
351,410323,新安县,洛阳市,洛阳市,新安-中心市场,刘女士,零售连锁店门店店长包住五险,5000.0,7000.0,未注明,,0,0,0,0,1,未注明,58同城,2026-09-24 21:47:52
352,410323,新安县,洛阳市,洛阳市,新安-中心市场,洛阳得全机械,CNC数控工程师,4500.0,8000.0,未注明,,0,0,0,0,1,未注明,58同城,2026-09-24 21:47:52
353,410323,新安县,洛阳市,洛阳市,新安,招聘专员,服务员,3000.0,4500.0,学历不限,,0,0,0,1,0,学历不限,58同城,2026-09-24 21:47:52
354,410323,新安县,洛阳市,洛阳市,新安,E诚实正直左博士,跨境电商运营,3000.0,4500.0,学历不限,,0,0,0,1,0,学历不限,58同城,2026-09-24 21:47:52
355,410323,新安县,洛阳市,洛阳市,洛新开发区-洛新开发区片区,毛老板爱拥抱,遇见好车汽车服务有限公司视频剪辑/编辑包,3000.0,5000.0,未注明,,0,0,0,0,1,未注明,58同城,2026-09-24 21:47:52
356,410323,新安县,洛阳市,洛阳市,新安-洛新开发区,踮脚望天的小企鹅,机械设备厂数控龙门铣工8k起,8000.0,21000.0,学历不限,1.0,0,0,0,1,0,学历不限,58同城,2026-09-24 21:47:52
357,410323,新安县,洛阳市,洛阳市,新安-中心市场,赵宜静,小吃/后厨包吃,2000.0,3000.0,未注明,,0,0,0,0,1,未注明,58同城,2026-09-24 21:47:52
358,410323,新安县,洛阳市,洛阳市,新安-洛新开发区,无形,中餐厅服务员2000起,2000.0,2500.0,学历不限,,0,0,0,1,0,学历不限,58同城,2026-09-24 21:47:52
359,410323,新安县,洛阳市,洛阳市,新安-中心市场,李女士,带薪培训可就近安排聘/艾灸理疗师/2千起,2000.0,5000.0,学历不限,5.0,0,0,0,1,0,学历不限,58同城,2026-09-24 21:47:52
360,410323,新安县,洛阳市,洛阳市,中心市场-新安城区,邬女士,健康咨询/养生美容师,2000.0,6000.0,学历不限,,0,0,0,1,0,学历不限,58同城,2026-09-24 21:47:52
361,410323,新安县,洛阳市,洛阳市,新安,隔壁村的帅哥,跨境电商运营/学历经验不限,2500.0,4500.0,学历不限,1.0,0,0,0,1,0,学历不限,58同城,2026-09-24 21:47:52
362,410323,新安县,洛阳市,洛阳市,新安-中心市场,违规昵称,汽修店汽车维修学历不限,5000.0,7000.0,学历不限,,0,0,0,1,0,学历不限,58同城,2026-09-24 21:47:52
363,410323,新安县,洛阳市,洛阳市,新安-中心市场,爬树摘果子的果果,居家审核员五险齐全待遇优厚,5000.0,8000.0,未注明,,0,0,0,0,1,未注明,58同城,2026-09-24 21:47:52
364,410323,新安县,洛阳市,洛阳市,新安,陈女士,新安磁涧开发区急招仓库管理员包吃住,3000.0,3500.0,未注明,,0,0,0,0,1,未注明,58同城,2026-09-24 21:47:52
365,410323,新安县,洛阳市,洛阳市,洛新开发区-洛新开发区片区,何女士,化工厂普工/操作工加班补助五险周末双休,3000.0,4500.0,未注明,,0,0,0,0,1,未注明,58同城,2026-09-24 21:47:52
366,410323,新安县,洛阳市,洛阳市,新安-中心市场,孔先生,新安县8k聘护工免费住宿五险,5000.0,8000.0,未注明,,0,0,0,0,1,未注明,58同城,2026-09-24 21:47:56
367,410323,新安县,洛阳市,洛阳市,新安,洛阳龙新实业,化验员,,,未注明,,0,0,0,0,1,未注明,58同城,2026-09-24 21:47:56
368,410323,新安县,洛阳市,洛阳市,中心市场-新安城区,王先生,京东家电/空调工/工作时... 小程序,4000.0,8000.0,学历不限,6.0,0,0,0,1,0,学历不限,58同城,2026-09-24 21:47:56
369,410323,新安县,洛阳市,洛阳市,新安,洛阳龙新实业,实验室化验员,4500.0,6500.0,未注明,,0,0,0,0,1,未注明,58同城,2026-09-24 21:47:56
370,410323,新安县,洛阳市,洛阳市,新安,陆娜娜,营养师/美容学徒数名,2000.0,6000.0,学历不限,20.0,0,0,0,1,0,学历不限,58同城,2026-09-24 21:47:56
371,410323,新安县,洛阳市,洛阳市,新安,洛阳龙新实业,生产设备管理,4000.0,7000.0,未注明,,0,0,0,0,1,未注明,58同城,2026-09-24 21:47:56
372,410323,新安县,洛阳市,洛阳市,新安,洛阳龙新实业,安环员,4000.0,6000.0,未注明,,0,0,0,0,1,未注明,58同城,2026-09-24 21:47:56
373,410323,新安县,洛阳市,洛阳市,新安,丁女士,铆工/钣金工3k起,6500.0,8000.0,学历不限,1.0,0,0,0,1,0,学历不限,58同城,2026-09-24 21:47:56
374,410323,新安县,洛阳市,洛阳市,新安,柏女士,新安县养皮肤管理师/学徒,3000.0,6000.0,学历不限,20.0,0,0,0,1,0,学历不限,58同城,2026-09-24 21:47:56
375,410323,新安县,洛阳市,洛阳市,新安,冯女士,头疗师,2500.0,4500.0,学历不限,4.0,0,0,0,1,0,学历不限,58同城,2026-09-24 21:47:56
376,410323,新安县,洛阳市,洛阳市,新安-中心市场,李女士,健康养生工作室/头疗养发师/,2000.0,5000.0,学历不限,6.0,0,0,0,1,0,学历不限,58同城,2026-09-24 21:47:56
377,410323,新安县,洛阳市,洛阳市,新安,洛阳龙新实业,能源工程师,4000.0,7000.0,未注明,,0,0,0,0,1,未注明,58同城,2026-09-24 21:47:56
378,410323,新安县,洛阳市,洛阳市,新安,冯女士,养生馆理疗师2500千起,3000.0,4500.0,学历不限,,0,0,0,1,0,学历不限,58同城,2026-09-24 21:47:56
379,410323,新安县,洛阳市,洛阳市,新安,洛阳龙新实业,能源管理,4000.0,7000.0,未注明,,0,0,0,0,1,未注明,58同城,2026-09-24 21:47:56
380,410323,新安县,洛阳市,洛阳市,新安,冯女士,养生馆头疗2500起,2500.0,4500.0,学历不限,,0,0,0,1,0,学历不限,58同城,2026-09-24 21:47:56
381,410323,新安县,洛阳市,洛阳市,新安,洛阳龙新实业,法务专员,4000.0,6000.0,未注明,,0,0,0,0,1,未注明,58同城,2026-09-24 21:47:56
382,410323,新安县,洛阳市,洛阳市,新安-中心市场,李女士,知名连锁店诚聘带薪培训/头疗师/2千起,2000.0,5000.0,学历不限,6.0,0,0,0,1,0,学历不限,58同城,2026-09-24 21:47:56
383,410325,嵩县,洛阳市,洛阳市,嵩县-汽车站,何先生,足疗学徒/包住/包吃,12000.0,15000.0,未注明,,0,0,0,0,1,未注明,58同城,2026-09-24 20:33:44
384,410326,汝阳县,洛阳市,洛阳市,洛阳-汝阳,风清扬,汝阳短视频剪辑3k起(4-6小时）,3000.0,4500.0,未注明,,0,0,0,0,1,未注明,58同城,2026-09-24 20:34:31
385,410326,汝阳县,洛阳市,洛阳市,洛阳-汝阳,T迁就罗博士,拼多多运营类目寿衣,4500.0,12000.0,未注明,,0,0,0,0,1,未注明,58同城,2026-09-24 20:34:31
386,410326,汝阳县,洛阳市,洛阳市,洛阳-汝阳,非常紧张de曲总,简单收银员 小程序,2500.0,3000.0,未注明,,0,0,0,0,1,未注明,58同城,2026-09-24 20:34:31
387,410326,汝阳县,洛阳市,洛阳市,洛阳-汝阳,风清扬,汝阳美食主播6小时（上5休2）,5000.0,8000.0,未注明,,0,0,0,0,1,未注明,58同城,2026-09-24 20:34:31
388,410326,汝阳县,洛阳市,洛阳市,洛阳-汝阳,风清扬,汝阳区域经理（面议）,,,学历不限,1.0,0,0,0,1,0,学历不限,58同城,2026-09-24 20:34:31
389,410326,汝阳县,洛阳市,洛阳市,洛阳-汝阳,卍卍,建筑施工现场管理,5000.0,10000.0,大专,3.0,1,0,0,0,0,大专及以上,58同城,2026-09-24 20:34:31
390,410326,汝阳县,洛阳市,洛阳市,洛阳-汝阳,旅人,蛋糕/裱花师,3500.0,5000.0,学历不限,,0,0,0,1,0,学历不限,58同城,2026-09-24 20:34:31
391,410326,汝阳县,洛阳市,洛阳市,洛阳-汝阳,灵活de饶老板,食品/店员2000起,2000.0,4000.0,学历不限,,0,0,0,1,0,学历不限,58同城,2026-09-24 20:34:31
392,410326,汝阳县,洛阳市,洛阳市,洛阳-汝阳,风清扬,销售,3500.0,7000.0,学历不限,5.0,0,0,0,1,0,学历不限,58同城,2026-09-24 20:34:31
393,410326,汝阳县,洛阳市,洛阳市,洛阳-汝阳,招聘专员,洛阳博奕塑胶制品有限公司-会计-五险,5000.0,8500.0,未注明,,0,0,0,0,1,未注明,58同城,2026-09-24 20:34:31
394,410326,汝阳县,洛阳市,洛阳市,洛阳-汝阳,招聘专员,汽车运输公司会计五险,3000.0,6000.0,未注明,,0,0,0,0,1,未注明,58同城,2026-09-24 20:34:31
395,410326,汝阳县,洛阳市,洛阳市,洛阳-汝阳,溜达时哼歌的路人,汝阳县糖豆猩球娱乐店/店长包住加班补助,3000.0,4000.0,未注明,,0,0,0,0,1,未注明,58同城,2026-09-24 20:34:31
396,410326,汝阳县,洛阳市,洛阳市,洛阳-汝阳,任女士,门岗保安管吃住可带朋友,4500.0,5000.0,未注明,,0,0,0,0,1,未注明,58同城,2026-09-24 20:34:31
397,410326,汝阳县,洛阳市,洛阳市,洛阳-汝阳,招聘主管,发型师,3000.0,6500.0,学历不限,,0,0,0,1,0,学历不限,58同城,2026-09-24 20:34:31
398,410326,汝阳县,洛阳市,洛阳市,洛阳-汝阳,卍卍,建筑工程师,10000.0,11000.0,本科,7.0,1,1,0,0,0,大专及以上,58同城,2026-09-24 20:34:31
399,410326,汝阳县,洛阳市,洛阳市,洛阳-汝阳,李先生,普工300报销路费当天办理入住包吃包住,8000.0,8500.0,未注明,,0,0,0,0,1,未注明,58同城,2026-09-24 20:34:31
400,410326,汝阳县,洛阳市,洛阳市,洛阳-汝阳,风清扬,短视频剪辑3k起(4-6小时）,3000.0,4500.0,未注明,,0,0,0,0,1,未注明,58同城,2026-09-24 20:34:31
401,410326,汝阳县,洛阳市,洛阳市,汝阳-罗葛路,超,建筑工程公司市政工程师包住包吃,8000.0,10000.0,未注明,,0,0,0,0,1,未注明,58同城,2026-09-24 20:34:31
402,410326,汝阳县,洛阳市,洛阳市,洛阳-汝阳,招聘专员,商务专员,,,中专/中技,4.0,0,0,0,0,0,高中/中专,58同城,2026-09-24 20:34:31
403,410326,汝阳县,洛阳市,洛阳市,汝阳-罗葛路,刘昊尘,汝阳县育龙实验学校招聘小学英语中学语文,3000.0,7000.0,未注明,,0,0,0,0,1,未注明,58同城,2026-09-24 20:34:31
404,410326,汝阳县,洛阳市,洛阳市,洛阳-汝阳,风清扬,美食主播6小时（上5休2）,5000.0,8000.0,未注明,,0,0,0,0,1,未注明,58同城,2026-09-24 20:34:31
405,410326,汝阳县,洛阳市,洛阳市,洛阳-汝阳,孙先生,保安/包食宿/可带朋友,4000.0,5000.0,未注明,,0,0,0,0,1,未注明,58同城,2026-09-24 20:34:31
406,410326,汝阳县,洛阳市,洛阳市,涧西-万达广场,李女士,中国人寿保险人事助理五险一金周末双休,3000.0,5500.0,未注明,,0,0,0,0,1,未注明,58同城,2026-09-24 20:34:34
407,410326,汝阳县,洛阳市,洛阳市,西工-周王城广场,于女士,食堂面点师包住年底双薪包吃,2500.0,3500.0,未注明,,0,0,0,0,1,未注明,58同城,2026-09-24 20:34:34
408,410326,汝阳县,洛阳市,洛阳市,洛阳,刘先生,新媒体运营有拍摄剪辑经验 小程序,5000.0,10000.0,未注明,,0,0,0,0,1,未注明,58同城,2026-09-24 20:34:34
409,410326,汝阳县,洛阳市,洛阳市,涧西-涧西周边,王女士,中餐厅餐饮主管店长包住四人间淋浴,3500.0,5500.0,未注明,,0,0,0,0,1,未注明,58同城,2026-09-24 20:34:34
410,410326,汝阳县,洛阳市,洛阳市,西工-周王城广场,于先生,中餐厨师,4000.0,6000.0,学历不限,2.0,0,0,0,1,0,学历不限,58同城,2026-09-24 20:34:34
411,410326,汝阳县,洛阳市,洛阳市,老城-丽景门,赵先生,熟食店店员营业员工作时间白夜兼职,3000.0,5000.0,中专/中技,,0,0,0,0,0,高中/中专,58同城,2026-09-24 20:34:34
412,410326,汝阳县,洛阳市,洛阳市,洛阳-西工,姚先生,后厨帮工洗碗工,2500.0,3500.0,未注明,,0,0,0,0,1,未注明,58同城,2026-09-24 20:34:34
413,410326,汝阳县,洛阳市,洛阳市,瀍河-瀍河周边,高女士,食品/店员/营业员工作时间灵活,2500.0,3500.0,未注明,,0,0,0,0,1,未注明,58同城,2026-09-24 20:34:34
414,410326,汝阳县,洛阳市,洛阳市,洛阳-西工,罗先生,文化传媒公司主播助播4k起,4000.0,8000.0,学历不限,3.0,0,0,0,1,0,学历不限,58同城,2026-09-24 20:34:34
415,410326,汝阳县,洛阳市,洛阳市,瀍河-瀍河周边,kqwa4e,财务其他,,,大专,,1,0,0,0,0,大专及以上,58同城,2026-09-24 20:34:34
416,410326,汝阳县,洛阳市,洛阳市,洛龙-森林半岛,爱啼鸟的糜博士,烧烤店餐饮主管5千起,5000.0,7000.0,学历不限,1.0,0,0,0,1,0,学历不限,58同城,2026-09-24 20:34:34
417,410326,汝阳县,洛阳市,洛阳市,洛阳-洛龙,王智卫,小吃/快餐店餐厅领班2000起,2000.0,5000.0,学历不限,1.0,0,0,0,1,0,学历不限,58同城,2026-09-24 20:34:34
418,410326,汝阳县,洛阳市,洛阳市,洛龙-新区体育场,STAR,急招牛肉汤盛汤师傅,4000.0,5000.0,学历不限,,0,0,0,1,0,学历不限,58同城,2026-09-24 20:34:34
419,410326,汝阳县,洛阳市,洛阳市,洛阳,洛阳快聘人力资源,洛龙区/汽配厂普工/操作工6k起,6500.0,8500.0,未注明,,0,0,0,0,1,未注明,58同城,2026-09-24 20:34:34
420,410326,汝阳县,洛阳市,洛阳市,西工-王城公园,郝营,好汉建筑材料销售店营业员/营业员学历不限,2500.0,4000.0,未注明,,0,0,0,0,1,未注明,58同城,2026-09-24 20:34:34
421,410326,汝阳县,洛阳市,洛阳市,涧西-万达广场,范先生,早餐店面点师包子工营业员包吃住,3000.0,4500.0,未注明,,0,0,0,0,1,未注明,58同城,2026-09-24 20:34:34
422,410326,汝阳县,洛阳市,洛阳市,洛阳-洛龙,孟博先生,厨工,3000.0,4000.0,学历不限,,0,0,0,1,0,学历不限,58同城,2026-09-24 20:34:34
423,410326,汝阳县,洛阳市,洛阳市,涧西-万达广场,陈女士,高端滋补保健营养品店员,3000.0,6000.0,学历不限,1.0,0,0,0,1,0,学历不限,58同城,2026-09-24 20:34:34
424,410326,汝阳县,洛阳市,洛阳市,涧西-万达广场,用户29154,食品/饮料店员/营业员学历经验不限,3000.0,4500.0,学历不限,2.0,0,0,0,1,0,学历不限,58同城,2026-09-24 20:34:34
425,410326,汝阳县,洛阳市,洛阳市,洛阳,洛阳快聘人力资源,宜阳汽配厂普工/操作工5000起,5000.0,8000.0,未注明,,0,0,0,0,1,未注明,58同城,2026-09-24 20:34:34
426,410326,汝阳县,洛阳市,洛阳市,洛龙-洛龙周边,抱着抱枕发呆的阿甜,餐饮主管4500,4500.0,6000.0,未注明,,0,0,0,0,1,未注明,58同城,2026-09-24 20:34:34
427,410326,汝阳县,洛阳市,洛阳市,涧西-涧西周边,玉,厨工,3000.0,3500.0,学历不限,1.0,0,0,0,1,0,学历不限,58同城,2026-09-24 20:34:34
428,410326,汝阳县,洛阳市,洛阳市,洛龙-洛龙周边,闫女士,上一休一/夜间客服/白天可兼职,,,未注明,,0,0,0,0,1,未注明,58同城,2026-09-24 20:34:34
429,410326,汝阳县,洛阳市,洛阳市,老城-北大街,招聘专员,食品/店员/营业员2000起,2000.0,3000.0,未注明,,0,0,0,0,1,未注明,58同城,2026-09-24 20:34:34
430,410326,汝阳县,洛阳市,洛阳市,洛阳-涧西,vygln_au0,餐饮店店员/营业员,3000.0,4000.0,学历不限,1.0,0,0,0,1,0,学历不限,58同城,2026-09-24 20:34:34
431,410326,汝阳县,洛阳市,洛阳市,洛阳-洛龙,高女士,诚聘自动焊焊工,5000.0,8000.0,未注明,,0,0,0,0,1,未注明,58同城,2026-09-24 20:34:34
432,410326,汝阳县,洛阳市,洛阳市,洛阳-涧西,王女士,设备操作工/班组长/食品生产,3000.0,5000.0,未注明,,0,0,0,0,1,未注明,58同城,2026-09-24 20:34:34
433,410326,汝阳县,洛阳市,洛阳市,西工-新都汇,用户62371,美甲师,2000.0,4000.0,学历不限,,0,0,0,1,0,学历不限,58同城,2026-09-24 20:34:34
434,410326,汝阳县,洛阳市,洛阳市,洛龙-泉舜财富中心,招聘专员,运营五险双休远程欢迎上岗,4300.0,4800.0,未注明,,0,0,0,0,1,未注明,58同城,2026-09-24 20:34:34
435,410327,宜阳县,洛阳市,洛阳市,宜阳,王先生,客服专员/助理3500起,3500.0,12000.0,未注明,,0,0,0,0,1,未注明,58同城,2026-09-24 21:53:51
436,410327,宜阳县,洛阳市,洛阳市,城区-市中心,tve6kn,抖音店铺客服专员,2000.0,2500.0,学历不限,,0,0,0,1,0,学历不限,58同城,2026-09-24 21:53:51
437,410327,宜阳县,洛阳市,洛阳市,宜阳-城区,月亮湾的晚风,仓库管理员五险齐全周末双... 小程序,5000.0,8000.0,未注明,,0,0,0,0,1,未注明,58同城,2026-09-24 21:53:51
438,410327,宜阳县,洛阳市,洛阳市,宜阳-城区,用户65174,矿口超市店员/营业员2000起,2000.0,3000.0,学历不限,,0,0,0,1,0,学历不限,58同城,2026-09-24 21:53:51
439,410327,宜阳县,洛阳市,洛阳市,宜阳,张先生,房地产中介服务公司视频剪辑/编辑五险交通,3000.0,4500.0,未注明,,0,0,0,0,1,未注明,58同城,2026-09-24 21:53:51
440,410327,宜阳县,洛阳市,洛阳市,其他-宜阳其它,姜经理,洗碗摘菜打扫卫生半天工4小时,2000.0,2500.0,学历不限,,0,0,0,1,0,学历不限,58同城,2026-09-24 21:53:51
441,410327,宜阳县,洛阳市,洛阳市,城区-市中心,孤芳自赏,会计,3000.0,4500.0,大专,,1,0,0,0,0,大专及以上,58同城,2026-09-24 21:53:51
442,410327,宜阳县,洛阳市,洛阳市,宜阳-城区,冯先生,空调店店长3000起,3000.0,4500.0,学历不限,1.0,0,0,0,1,0,学历不限,58同城,2026-09-24 21:53:51
443,410327,宜阳县,洛阳市,洛阳市,宜阳-其他,Fairy,水果店店员/营业员2K,2000.0,4000.0,学历不限,1.0,0,0,0,1,0,学历不限,58同城,2026-09-24 21:53:51
444,410327,宜阳县,洛阳市,洛阳市,城区-市中心,画彩虹的笔芯,厨工,2000.0,3500.0,学历不限,,0,0,0,1,0,学历不限,58同城,2026-09-24 21:53:51
445,410327,宜阳县,洛阳市,洛阳市,宜阳-城区,最爱吃西瓜的果果,营业员,3000.0,6000.0,学历不限,1.0,0,0,0,1,0,学历不限,58同城,2026-09-24 21:53:51
446,410327,宜阳县,洛阳市,洛阳市,宜阳,林女士,古城机械厂新车间普工四千到八千,4000.0,8000.0,学历不限,50.0,0,0,0,1,0,学历不限,58同城,2026-09-24 21:53:51
447,410327,宜阳县,洛阳市,洛阳市,宜阳-其他,Fairy,水果店店员/营业员白/夜班多班次可选,2000.0,4000.0,学历不限,1.0,0,0,0,1,0,学历不限,58同城,2026-09-24 21:53:51
448,410327,宜阳县,洛阳市,洛阳市,宜阳,王先生,电商运营,,,未注明,,0,0,0,0,1,未注明,58同城,2026-09-24 21:53:51
449,410327,宜阳县,洛阳市,洛阳市,其他-宜阳其它,洛阳瑞得拖拉机,外贸销售(网络销售推广),4000.0,8000.0,未注明,,0,0,0,0,1,未注明,58同城,2026-09-24 21:53:51
450,410327,宜阳县,洛阳市,洛阳市,宜阳-城区,卖火锅的丹妮,火锅店服务员2500起,2500.0,3000.0,学历不限,1.0,0,0,0,1,0,学历不限,58同城,2026-09-24 21:53:51
451,410327,宜阳县,洛阳市,洛阳市,宜阳-城区,宫师傅爱减肥,电话销售/加班补助五险,4000.0,7000.0,未注明,,0,0,0,0,1,未注明,58同城,2026-09-24 21:53:51
452,410327,宜阳县,洛阳市,洛阳市,宜阳-城区,李先生,宜阳县宏诚电力工程有限公司水电工程师包吃,5500.0,7000.0,未注明,,0,0,0,0,1,未注明,58同城,2026-09-24 21:53:51
453,410327,宜阳县,洛阳市,洛阳市,宜阳-其他,宜阳概念行政店长李静,宜阳县李峰美发店/发型师/5千起,5000.0,7000.0,未注明,,0,0,0,0,1,未注明,58同城,2026-09-24 21:53:51
454,410327,宜阳县,洛阳市,洛阳市,宜阳-城区,招聘专员,游乐场驯马师包吃包住,3000.0,4500.0,未注明,,0,0,0,0,1,未注明,58同城,2026-09-24 21:53:51
455,410327,宜阳县,洛阳市,洛阳市,宜阳,小声嘀咕中,金融销售,2500.0,4500.0,学历不限,,0,0,0,1,0,学历不限,58同城,2026-09-24 21:53:51
456,410327,宜阳县,洛阳市,洛阳市,宜阳-其他,招聘专员,宜阳县慧发现美容美发店/美容师/4千起,4000.0,9000.0,学历不限,3.0,0,0,0,1,0,学历不限,58同城,2026-09-24 21:53:51
457,410327,宜阳县,洛阳市,洛阳市,城区-市中心,刘女士,汽车美容店洗车工2500起,2500.0,3500.0,未注明,,0,0,0,0,1,未注明,58同城,2026-09-24 21:53:51
458,410327,宜阳县,洛阳市,洛阳市,宜阳-城区,植总想拍摄,射击教练/3千起,3000.0,4500.0,学历不限,1.0,0,0,0,1,0,学历不限,58同城,2026-09-24 21:53:51
459,410327,宜阳县,洛阳市,洛阳市,宜阳-其他,后来,电力能源公司会计五险,3000.0,4000.0,未注明,,0,0,0,0,1,未注明,58同城,2026-09-24 21:53:51
460,410327,宜阳县,洛阳市,洛阳市,城区-市中心,爱琢磨的畅博士,烧烤店服务员/包吃工作餐标高,2000.0,2500.0,未注明,,0,0,0,0,1,未注明,58同城,2026-09-24 21:53:51
461,410327,宜阳县,洛阳市,洛阳市,宜阳,轻盈跳跃的李同学,服务员,2500.0,4500.0,学历不限,,0,0,0,1,0,学历不限,58同城,2026-09-24 21:53:51
462,410327,宜阳县,洛阳市,洛阳市,宜阳-其他,nravo_au5,宜阳县小居餐饮农家院餐饮店长包住现成被褥,4500.0,15000.0,未注明,,0,0,0,0,1,未注明,58同城,2026-09-24 21:53:51
463,410327,宜阳县,洛阳市,洛阳市,宜阳-城区,李女士,电话销售,2500.0,7000.0,未注明,,0,0,0,0,1,未注明,58同城,2026-09-24 21:53:51
464,410327,宜阳县,洛阳市,洛阳市,城区-市中心,蓝莓小丸子,口腔医生,6000.0,10000.0,学历不限,,0,0,0,1,0,学历不限,58同城,2026-09-24 21:53:51
465,410327,宜阳县,洛阳市,洛阳市,宜阳,小巧玲珑DE仲总,养发头疗师,3000.0,6000.0,学历不限,,0,0,0,1,0,学历不限,58同城,2026-09-24 21:53:55
466,410327,宜阳县,洛阳市,洛阳市,宜阳,小巧玲珑DE仲总,养发师,3000.0,6000.0,学历不限,,0,0,0,1,0,学历不限,58同城,2026-09-24 21:53:55
467,410328,洛宁县,洛阳市,洛阳市,洛阳-洛宁,卫女士,洛丹美容美发店/烫染技师/2千起,3000.0,7000.0,未注明,,0,0,0,0,1,未注明,58同城,2026-09-24 20:39:33
468,410329,伊川县,洛阳市,洛阳市,伊川-其他,品鸿供应链06,（伊川）往返专线C证货运司机,6000.0,7900.0,未注明,,0,0,0,0,1,未注明,58同城,2026-09-24 20:40:24
469,410329,伊川县,洛阳市,洛阳市,伊川-城区,用户24236,伊川县怡家宾馆/酒店前台收银/工作时间灵,2000.0,2100.0,学历不限,1.0,0,0,0,1,0,学历不限,58同城,2026-09-24 20:40:24
470,410329,伊川县,洛阳市,洛阳市,伊川-城区,l联环信息人事,后勤3000起 小程序,3000.0,4500.0,学历不限,5.0,0,0,0,1,0,学历不限,58同城,2026-09-24 20:40:24
471,410329,伊川县,洛阳市,洛阳市,伊川-城区,l联环信息人事,人事专员/助理3k起,3000.0,4500.0,学历不限,1.0,0,0,0,1,0,学历不限,58同城,2026-09-24 20:40:24
472,410329,伊川县,洛阳市,洛阳市,伊川-城区,l联环信息人事,前台/接待2.5k起,2500.0,4500.0,学历不限,1.0,0,0,0,1,0,学历不限,58同城,2026-09-24 20:40:24
473,410329,伊川县,洛阳市,洛阳市,其他-伊川其他,暗里着迷,电话客服3千起,3000.0,8000.0,学历不限,,0,0,0,1,0,学历不限,58同城,2026-09-24 20:40:24
474,410329,伊川县,洛阳市,洛阳市,伊川-城区,l联环信息人事,客服总监3k起,3000.0,4500.0,学历不限,1.0,0,0,0,1,0,学历不限,58同城,2026-09-24 20:40:24
475,410329,伊川县,洛阳市,洛阳市,伊川-城区,招聘专员,汽车洗车工,1500.0,3000.0,未注明,,0,0,0,0,1,未注明,58同城,2026-09-24 20:40:24
476,410329,伊川县,洛阳市,洛阳市,城区-伊川城区,风,土鸡刀削面师傅，炝锅刀削面师傅,5500.0,6000.0,学历不限,2.0,0,0,0,1,0,学历不限,58同城,2026-09-24 20:40:24
477,410329,伊川县,洛阳市,洛阳市,洛阳-伊川,李女士,急招健身教练新手-包教会,6000.0,12000.0,未注明,,0,0,0,0,1,未注明,58同城,2026-09-24 20:40:24
478,410329,伊川县,洛阳市,洛阳市,伊川-城区,杨先生,酒店店长,3000.0,4500.0,大专,,1,0,0,0,0,大专及以上,58同城,2026-09-24 20:40:24
479,410329,伊川县,洛阳市,洛阳市,伊川-城区,陈先生,火锅店服务员/包吃免费工服,2000.0,4000.0,未注明,,0,0,0,0,1,未注明,58同城,2026-09-24 20:40:24
480,410329,伊川县,洛阳市,洛阳市,伊川-城区,刘先生,汽车行业/数据标注/AI训练师五险,2500.0,5000.0,未注明,,0,0,0,0,1,未注明,58同城,2026-09-24 20:40:24
481,410329,伊川县,洛阳市,洛阳市,伊川,伊川县直聘,CNC/数控操作工-大平台-业务稳定,4000.0,8000.0,学历不限,5.0,0,0,0,1,0,学历不限,58同城,2026-09-24 20:40:24
482,410329,伊川县,洛阳市,洛阳市,伊川,伊川县直聘,CNC/数控操作工-管吃住-离家近,4000.0,8000.0,学历不限,5.0,0,0,0,1,0,学历不限,58同城,2026-09-24 20:40:24
483,410329,伊川县,洛阳市,洛阳市,伊川-城区,莱晴新材料,财务助理,2500.0,5000.0,学历不限,5.0,0,0,0,1,0,学历不限,58同城,2026-09-24 20:40:24
484,410329,伊川县,洛阳市,洛阳市,伊川-其他,众禾汽车销售有限公司,汽车服务公司销售顾问3k起,3000.0,5000.0,中专/中技,,0,0,0,0,0,高中/中专,58同城,2026-09-24 20:40:24
485,410329,伊川县,洛阳市,洛阳市,伊川-其他,用户14202,招聘会做新中式的美睫师3000起,2500.0,4500.0,学历不限,,0,0,0,1,0,学历不限,58同城,2026-09-24 20:40:24
486,410329,伊川县,洛阳市,洛阳市,城区-伊川城区,韩女士,快耳采耳（伊川店）招聘可视采耳师学徒,4000.0,8500.0,学历不限,10.0,0,0,0,1,0,学历不限,58同城,2026-09-24 20:40:24
487,410329,伊川县,洛阳市,洛阳市,伊川,蛤蛤蛤蛤蟆吃天鹅,初级机械设计工程师,7000.0,9000.0,本科,17.0,1,1,0,0,0,大专及以上,58同城,2026-09-24 20:40:24
488,410329,伊川县,洛阳市,洛阳市,伊川,于女士,药厂招聘技工日结300一天工作简单贴标签,7500.0,8500.0,未注明,,0,0,0,0,1,未注明,58同城,2026-09-24 20:40:24
489,410329,伊川县,洛阳市,洛阳市,其他-伊川其他,刘经理,电焊工-工作稳定-底薪6千起,6000.0,10000.0,未注明,,0,0,0,0,1,未注明,58同城,2026-09-24 20:40:24
490,410329,伊川县,洛阳市,洛阳市,伊川,快乐跳跃的小兔,药厂（铁饭碗）招技工日结300一天贴标签,9000.0,9500.0,未注明,,0,0,0,0,1,未注明,58同城,2026-09-24 20:40:24
491,410329,伊川县,洛阳市,洛阳市,伊川-城区,李先生,麦乐迪服务员+提成,2200.0,3500.0,未注明,,0,0,0,0,1,未注明,58同城,2026-09-24 20:40:24
492,410329,伊川县,洛阳市,洛阳市,伊川-城区,wenshuai,餐饮收银,2000.0,3000.0,学历不限,,0,0,0,1,0,学历不限,58同城,2026-09-24 20:40:24
493,410329,伊川县,洛阳市,洛阳市,其他-伊川其他,刘经理,氩弧焊二保焊-工作稳定-底薪6千起,6000.0,10000.0,学历不限,5.0,0,0,0,1,0,学历不限,58同城,2026-09-24 20:40:24
494,410329,伊川县,洛阳市,洛阳市,伊川-城区,蹦蹦跳跳的小邓,零售连锁店督导3000起,3000.0,6000.0,学历不限,5.0,0,0,0,1,0,学历不限,58同城,2026-09-24 20:40:24
495,410329,伊川县,洛阳市,洛阳市,伊川-城区,Floatingdream,伊川县潮衣酷服装店/服装销售2千起,2000.0,5000.0,学历不限,1.0,0,0,0,1,0,学历不限,58同城,2026-09-24 20:40:24
496,410329,伊川县,洛阳市,洛阳市,伊川-城区,用户21840,洛阳刘伊强口腔门诊/口腔护士五险,2500.0,3000.0,未注明,,0,0,0,0,1,未注明,58同城,2026-09-24 20:40:24
497,410329,伊川县,洛阳市,洛阳市,城区-伊川城区,林先生,招聘护工保洁,,,学历不限,3.0,0,0,0,1,0,学历不限,58同城,2026-09-24 20:40:24
498,410329,伊川县,洛阳市,洛阳市,城区-伊川城区,用户32831,烫染技师,,,学历不限,,0,0,0,1,0,学历不限,58同城,2026-09-24 20:40:29
499,410329,伊川县,洛阳市,洛阳市,伊川-城区,用户83107,监控维修维护/IT技术支持3500起,3500.0,5000.0,高中,1.0,0,0,0,0,0,高中/中专,58同城,2026-09-24 20:40:29
500,410329,伊川县,洛阳市,洛阳市,城区-伊川城区,林先生,聘彩超室医师需执业证 小程序,,,未注明,,0,0,0,0,1,未注明,58同城,2026-09-24 20:40:29
501,410329,伊川县,洛阳市,洛阳市,伊川-城区,守诚代理记账公司,代理记账公司财税主管5千起-交社保,5000.0,10000.0,学历不限,5.0,0,0,0,1,0,学历不限,58同城,2026-09-24 20:40:29
502,410329,伊川县,洛阳市,洛阳市,城区-伊川城区,李女士,团队经理人,6000.0,8000.0,未注明,,0,0,0,0,1,未注明,58同城,2026-09-24 20:40:29
503,410329,伊川县,洛阳市,洛阳市,伊川-城区,高先生,洛阳大街文化传媒有限公司/主播经纪人包住,1500.0,2000.0,未注明,,0,0,0,0,1,未注明,58同城,2026-09-24 20:40:29
504,410329,伊川县,洛阳市,洛阳市,伊川-城区,陆娜娜,养发师/养发学徒,2000.0,5000.0,学历不限,10.0,0,0,0,1,0,学历不限,58同城,2026-09-24 20:40:29
505,410329,伊川县,洛阳市,洛阳市,伊川-城区,冯女士,养发师/养发学徒可培养,2000.0,6000.0,学历不限,20.0,0,0,0,1,0,学历不限,58同城,2026-09-24 20:40:29
506,410329,伊川县,洛阳市,洛阳市,伊川-城区,伊川十月馨一站式母婴服务中心,母婴护理馆美容美体师,3000.0,4500.0,学历不限,5.0,0,0,0,1,0,学历不限,58同城,2026-09-24 20:40:29
507,410329,伊川县,洛阳市,洛阳市,伊川,赵先生,市场营销经理,5000.0,20000.0,学历不限,5.0,0,0,0,1,0,学历不限,58同城,2026-09-24 20:40:29
508,410329,伊川县,洛阳市,洛阳市,伊川-城区,陆娜娜,健康养生馆/理疗师3千起,3000.0,4500.0,学历不限,20.0,0,0,0,1,0,学历不限,58同城,2026-09-24 20:40:29
509,410329,伊川县,洛阳市,洛阳市,伊川-城区,陆娜娜,养生馆头疗养发师3千起,3000.0,5000.0,学历不限,20.0,0,0,0,1,0,学历不限,58同城,2026-09-24 20:40:29
510,410329,伊川县,洛阳市,洛阳市,伊川-城区,伊川十月馨一站式母婴服务中心,母婴护理馆产后康复师4千起,4000.0,10000.0,学历不限,1.0,0,0,0,1,0,学历不限,58同城,2026-09-24 20:40:29
511,410329,伊川县,洛阳市,洛阳市,伊川-城区,连女士,伊川店养生馆理疗师2千起,2000.0,6000.0,学历不限,20.0,0,0,0,1,0,学历不限,58同城,2026-09-24 20:40:29
512,410329,伊川县,洛阳市,洛阳市,伊川-城区,陆娜娜,养生馆艾灸理疗师2.5k起,2500.0,4500.0,学历不限,20.0,0,0,0,1,0,学历不限,58同城,2026-09-24 20:40:29
513,410329,伊川县,洛阳市,洛阳市,伊川-城区,小荷才露尖尖角,美容服务馆头疗师3千起,3000.0,5000.0,学历不限,1.0,0,0,0,1,0,学历不限,58同城,2026-09-24 20:40:29
514,410329,伊川县,洛阳市,洛阳市,伊川-城区,殷保辉,设计总监,3000.0,6000.0,学历不限,5.0,0,0,0,1,0,学历不限,58同城,2026-09-24 20:40:29
515,410421,宝丰县,平顶山市,平顶山市,硚口-宝丰,李女士,急招C1C2日结司机0元入职,7200.0,11000.0,未注明,,0,0,0,0,1,未注明,58同城,2026-09-24 20:42:39
516,410421,宝丰县,平顶山市,平顶山市,硚口-宝丰,舒女士,就近分配0元入职无押金供车包住配送员,7000.0,9500.0,未注明,,0,0,0,0,1,未注明,58同城,2026-09-24 20:42:39
517,410421,宝丰县,平顶山市,平顶山市,硚口-宝丰,马先生,KTV服务员包吃包住 小程序,5000.0,7000.0,未注明,,0,0,0,0,1,未注明,58同城,2026-09-24 20:42:39
518,410421,宝丰县,平顶山市,平顶山市,硚口-宝丰,柯女士,固定商家固定范围超市配送,6000.0,9500.0,未注明,,0,0,0,0,1,未注明,58同城,2026-09-24 20:42:39
519,410421,宝丰县,平顶山市,平顶山市,硚口-宝丰,走神时的李小哥,急聘文员双休五险一金7K包吃住,4500.0,7000.0,未注明,,0,0,0,0,1,未注明,58同城,2026-09-24 20:42:39
520,410421,宝丰县,平顶山市,平顶山市,硚口-宝丰,韩女士,姐妹就业最好的选择护理/护工包吃住,4000.0,8000.0,未注明,,0,0,0,0,1,未注明,58同城,2026-09-24 20:42:39
521,410421,宝丰县,平顶山市,平顶山市,硚口-宝丰,招聘专员,酒店前台包住包吃五险,3500.0,5000.0,未注明,,0,0,0,0,1,未注明,58同城,2026-09-24 20:42:39
522,410421,宝丰县,平顶山市,平顶山市,硚口-宝丰,赞许的齐老板,诚聘spa技师包吃住月过万,12000.0,15000.0,未注明,,0,0,0,0,1,未注明,58同城,2026-09-24 20:42:39
523,410421,宝丰县,平顶山市,平顶山市,硚口-宝丰,郑女士,美容师离家近福利好客源多带薪培训,5000.0,7000.0,学历不限,6.0,0,0,0,1,0,学历不限,58同城,2026-09-24 20:42:39
524,410421,宝丰县,平顶山市,平顶山市,硚口-宝丰,吴女士,维达纸巾打包7500一月坐岗包吃住买社保,6000.0,7000.0,未注明,,0,0,0,0,1,未注明,58同城,2026-09-24 20:42:39
525,410421,宝丰县,平顶山市,平顶山市,硚口-宝丰,莞尔lovey,软装家居销售岗位（硚口生活家驻场）,5000.0,10000.0,未注明,,0,0,0,0,1,未注明,58同城,2026-09-24 20:42:39
526,410421,宝丰县,平顶山市,平顶山市,硚口-宝丰,李女士,上班受气不如跑单（送餐员）自由等你来,6000.0,9900.0,未注明,,0,0,0,0,1,未注明,58同城,2026-09-24 20:42:39
527,410421,宝丰县,平顶山市,平顶山市,硚口-宝丰,招聘专员,需求分析师（大数据开发经验）,13000.0,16000.0,本科,8.0,1,1,0,0,0,大专及以上,58同城,2026-09-24 20:42:39
528,410421,宝丰县,平顶山市,平顶山市,硚口-宝丰,李先生,宠物医院院长,15000.0,20000.0,大专,10.0,1,0,0,0,0,大专及以上,58同城,2026-09-24 20:42:39
529,410421,宝丰县,平顶山市,平顶山市,硚口-宝丰,用户41688,康复治疗师,6000.0,7000.0,学历不限,1.0,0,0,0,1,0,学历不限,58同城,2026-09-24 20:42:39
530,410421,宝丰县,平顶山市,平顶山市,硚口-宝丰,田女士,维达纸巾包装包住包吃240-260天长白,5500.0,6500.0,未注明,,0,0,0,0,1,未注明,58同城,2026-09-24 20:42:39
531,410421,宝丰县,平顶山市,平顶山市,硚口-宝丰,赞许的齐老板,诚聘足疗按摩spa技师月过万,8000.0,12000.0,未注明,,0,0,0,0,1,未注明,58同城,2026-09-24 20:42:39
532,410421,宝丰县,平顶山市,平顶山市,硚口-宝丰,白先生,艳阳天酒店诚聘客户经理,6000.0,12000.0,未注明,,0,0,0,0,1,未注明,58同城,2026-09-24 20:42:39
533,410421,宝丰县,平顶山市,平顶山市,硚口-宝丰,毛女士,重生之我在武汉做高价招聘驻店配送员的一天,6500.0,9500.0,未注明,,0,0,0,0,1,未注明,58同城,2026-09-24 20:42:39
534,410421,宝丰县,平顶山市,平顶山市,硚口-宝丰,张总,葛洲坝城市花园保洁员休4天,2000.0,2500.0,未注明,,0,0,0,0,1,未注明,58同城,2026-09-24 20:42:39
535,410421,宝丰县,平顶山市,平顶山市,硚口-宝丰,徐女士,维达纸巾扫码坐岗260一天短期不体检,6500.0,8000.0,未注明,,0,0,0,0,1,未注明,58同城,2026-09-24 20:42:39
536,410421,宝丰县,平顶山市,平顶山市,硚口-宝丰,张女士,硚口写字楼保洁员,2500.0,3000.0,未注明,,0,0,0,0,1,未注明,58同城,2026-09-24 20:42:39
537,410421,宝丰县,平顶山市,平顶山市,硚口-宝丰,胡先生,6000起直招三甲医院护工/护理,6000.0,9000.0,未注明,,0,0,0,0,1,未注明,58同城,2026-09-24 20:42:39
538,410421,宝丰县,平顶山市,平顶山市,硚口-宝丰,罗女士,美甲师化妆师学徒助理包住,6000.0,10000.0,未注明,,0,0,0,0,1,未注明,58同城,2026-09-24 20:42:39
539,410421,宝丰县,平顶山市,平顶山市,硚口-宝丰,张女士,五险聘硚口写字楼保洁主管包住,3200.0,3600.0,未注明,,0,0,0,0,1,未注明,58同城,2026-09-24 20:42:39
540,410421,宝丰县,平顶山市,平顶山市,硚口-宝丰,赞许的齐老板,诚聘足疗修脚师包吃住可电联,8000.0,12000.0,未注明,,0,0,0,0,1,未注明,58同城,2026-09-24 20:42:39
541,410421,宝丰县,平顶山市,平顶山市,硚口-宝丰,招聘专员,医生助理,6000.0,8000.0,学历不限,1.0,0,0,0,1,0,学历不限,58同城,2026-09-24 20:42:39
542,410421,宝丰县,平顶山市,平顶山市,硚口-宝丰,小巧_洪师傅,药店药师薪资高交五险、节假日福利,4500.0,8000.0,未注明,,0,0,0,0,1,未注明,58同城,2026-09-24 20:42:39
543,410421,宝丰县,平顶山市,平顶山市,洪山-光谷软件园,万女士,急招便利店营业员有补贴电联,3500.0,6000.0,未注明,,0,0,0,0,1,未注明,58同城,2026-09-24 20:42:50
544,410421,宝丰县,平顶山市,平顶山市,武昌-中北路,万女士,超市店员/营业员饭补加班补助,3500.0,6000.0,未注明,,0,0,0,0,1,未注明,58同城,2026-09-24 20:42:50
545,410421,宝丰县,平顶山市,平顶山市,武昌-武昌火车站,李女士,客服专员五险 小程序,4000.0,6000.0,未注明,,0,0,0,0,1,未注明,58同城,2026-09-24 20:42:50
546,410421,宝丰县,平顶山市,平顶山市,江岸-江汉路,华师傅要暗示,电商仓库文员加班补助周末双休交通补助,6700.0,6800.0,未注明,,0,0,0,0,1,未注明,58同城,2026-09-24 20:42:50
547,410421,宝丰县,平顶山市,平顶山市,武昌-中北路,李经理,6千以上有经验电梯安装工,6000.0,12000.0,未注明,,0,0,0,0,1,未注明,58同城,2026-09-24 20:42:50
548,410421,宝丰县,平顶山市,平顶山市,江汉-万松园,指尖划星光,武汉餐厅招店员月薪3500-4500,3500.0,5500.0,学历不限,10.0,0,0,0,1,0,学历不限,58同城,2026-09-24 20:42:50
549,410421,宝丰县,平顶山市,平顶山市,武汉-汉南,彭女士,儿推馆小儿推拿师,5000.0,7000.0,未注明,,0,0,0,0,1,未注明,58同城,2026-09-24 20:42:50
550,410421,宝丰县,平顶山市,平顶山市,汉阳-鹦鹉,会笑的暖阳阳(已封禁),仓库文员五险年底双薪双休,5200.0,7800.0,未注明,,0,0,0,0,1,未注明,58同城,2026-09-24 20:42:50
551,410421,宝丰县,平顶山市,平顶山市,武昌-徐家棚,踮着脚尖跳的跳跳,餐饮收银,4200.0,5000.0,学历不限,,0,0,0,1,0,学历不限,58同城,2026-09-24 20:42:50
552,410421,宝丰县,平顶山市,平顶山市,江岸-三阳路,爱喝奶茶的星子,急聘三角洲跑刀原神洛克王国游戏代练,5000.0,8000.0,未注明,,0,0,0,0,1,未注明,58同城,2026-09-24 20:42:50
553,410421,宝丰县,平顶山市,平顶山市,江夏-纸坊,江夏区鑫名电动车,电动车维修工学徒工,3000.0,4000.0,未注明,,0,0,0,0,1,未注明,58同城,2026-09-24 20:42:50
554,410421,宝丰县,平顶山市,平顶山市,武汉-东西湖,李女士,急招健身教练新手-包教会,8000.0,16000.0,未注明,,0,0,0,0,1,未注明,58同城,2026-09-24 20:42:50
555,410421,宝丰县,平顶山市,平顶山市,江汉-万松园,张女士,武汉餐厅招店员就近分配月薪4000,3500.0,5000.0,学历不限,15.0,0,0,0,1,0,学历不限,58同城,2026-09-24 20:42:50
556,410421,宝丰县,平顶山市,平顶山市,硚口-古田,肖女士,餐具消毒公司直招机修工,5500.0,6000.0,中专/中技,,0,0,0,0,0,高中/中专,58同城,2026-09-24 20:42:50
557,410421,宝丰县,平顶山市,平顶山市,江汉-万松园,杨女士,三角洲原神崩铁绝区零鸣潮燕云游戏代练,4500.0,7500.0,学历不限,,0,0,0,1,0,学历不限,58同城,2026-09-24 20:42:50
558,410421,宝丰县,平顶山市,平顶山市,东西湖-金银湖,王小姐,网络/在线客服,3000.0,3500.0,学历不限,,0,0,0,1,0,学历不限,58同城,2026-09-24 20:42:50
559,410421,宝丰县,平顶山市,平顶山市,武昌-武泰闸,王荣全132******68,电器厂项目经理五险一金包住包吃,10000.0,12500.0,未注明,,0,0,0,0,1,未注明,58同城,2026-09-24 20:42:50
560,410421,宝丰县,平顶山市,平顶山市,青山-建设二路,啃苹果的团团,餐饮店店员,3500.0,4500.0,学历不限,1.0,0,0,0,1,0,学历不限,58同城,2026-09-24 20:42:50
561,410421,宝丰县,平顶山市,平顶山市,江岸-百步亭,爱爬山的马小妹,食品/店员/营业员3500起,3500.0,4500.0,未注明,,0,0,0,0,1,未注明,58同城,2026-09-24 20:42:50
562,410421,宝丰县,平顶山市,平顶山市,洪山-关山,熊先生,电动车维修/师傅及学徒包住包吃,2500.0,4500.0,未注明,,0,0,0,0,1,未注明,58同城,2026-09-24 20:42:50
563,410421,宝丰县,平顶山市,平顶山市,东西湖-吴家山,董先生,鑫广顺机械经营部/机修工包吃话补,4000.0,4500.0,未注明,,0,0,0,0,1,未注明,58同城,2026-09-24 20:42:50
564,410421,宝丰县,平顶山市,平顶山市,江岸-大智路,技先生,网络客服居家办公信息处理,4300.0,5000.0,未注明,,0,0,0,0,1,未注明,58同城,2026-09-24 20:42:50
565,410421,宝丰县,平顶山市,平顶山市,武昌-中北路,haze,食品店员/营业员加班补助饭补五险,4000.0,6000.0,未注明,,0,0,0,0,1,未注明,58同城,2026-09-24 20:42:50
566,410421,宝丰县,平顶山市,平顶山市,江夏-金融港,童先生,0费用白班质检6000包吃住,5000.0,6000.0,未注明,,0,0,0,0,1,未注明,58同城,2026-09-24 20:42:50
567,410421,宝丰县,平顶山市,平顶山市,东西湖-吴家山,徐先生,急招数控操作工包吃住,4000.0,8000.0,未注明,,0,0,0,0,1,未注明,58同城,2026-09-24 20:42:50
568,410421,宝丰县,平顶山市,平顶山市,洪山-卓刀泉,何先生,保洁,1500.0,1800.0,未注明,,0,0,0,0,1,未注明,58同城,2026-09-24 20:42:50
569,410421,宝丰县,平顶山市,平顶山市,武昌-水果湖,樱子,中餐厅服务员/包住洗衣机空调,3800.0,4500.0,未注明,,0,0,0,0,1,未注明,58同城,2026-09-24 20:42:50
570,410421,宝丰县,平顶山市,平顶山市,江夏-纸坊,陈先生,养生馆推拿师学历不限,3500.0,5500.0,学历不限,2.0,0,0,0,1,0,学历不限,58同城,2026-09-24 20:42:50
571,410421,宝丰县,平顶山市,平顶山市,洪山-光谷广场,V率真杨总,美甲师,4000.0,8000.0,学历不限,,0,0,0,1,0,学历不限,58同城,2026-09-24 20:42:50
572,410421,宝丰县,平顶山市,平顶山市,蔡甸-蔡甸城区,陈总,足疗师-40岁以内，7000-10000,7000.0,10000.0,未注明,,0,0,0,0,1,未注明,58同城,2026-09-24 20:42:50
573,410421,宝丰县,平顶山市,平顶山市,平顶山-宝丰,江女士,小厂贴标日日薪260包吃住非流水线坐班,6500.0,7500.0,未注明,,0,0,0,0,1,未注明,58同城,2026-09-24 20:43:10
574,410421,宝丰县,平顶山市,平顶山市,平顶山-宝丰,雷先生,宝丰房产置业顾问,2000.0,8000.0,学历不限,,0,0,0,1,0,学历不限,58同城,2026-09-24 20:43:22
575,410421,宝丰县,平顶山市,平顶山市,宝丰-宝丰县第一高级中学,YG,汽车维修师傅,4000.0,10000.0,未注明,,0,0,0,0,1,未注明,58同城,2026-09-24 20:43:27
576,410421,宝丰县,平顶山市,平顶山市,平顶山-宝丰,刘女士,养生馆招按摩师/美容推拿足疗学徒可培训,2500.0,8000.0,学历不限,8.0,0,0,0,1,0,学历不限,58同城,2026-09-24 20:43:31
577,410421,宝丰县,平顶山市,平顶山市,平顶山-宝丰,刘女士,足疗师按摩师2500-8... 小程序,2000.0,8000.0,未注明,,0,0,0,0,1,未注明,58同城,2026-09-24 20:43:31
578,410421,宝丰县,平顶山市,平顶山市,平顶山-宝丰,刘女士,养生馆招聘按摩师/推拿师/足疗师,3000.0,8000.0,未注明,,0,0,0,0,1,未注明,58同城,2026-09-24 20:43:31
579,410421,宝丰县,平顶山市,平顶山市,宝丰-新世纪商贸,刘女士,按摩师五险一金年底双薪包吃包住,5000.0,15000.0,未注明,,0,0,0,0,1,未注明,58同城,2026-09-24 20:43:31
580,410421,宝丰县,平顶山市,平顶山市,宝丰-新世纪商贸,李先生,招聘平顶山宝丰配送司机公司提供车不装卸,6000.0,8000.0,未注明,,0,0,0,0,1,未注明,58同城,2026-09-24 20:43:54
581,410421,宝丰县,平顶山市,平顶山市,平顶山-宝丰,李女士,货运公司C1货运司机5千起,5000.0,7500.0,学历不限,14.0,0,0,0,1,0,学历不限,58同城,2026-09-24 20:43:54
582,410421,宝丰县,平顶山市,平顶山市,平顶山-宝丰,程女士,急招铁路安检乘务地勤人员五险一金包吃包住,5500.0,6000.0,未注明,,0,0,0,0,1,未注明,58同城,2026-09-24 20:43:54
583,410421,宝丰县,平顶山市,平顶山市,宝丰-新世纪商贸,爱听雨的安静girl,货运司机/工作时间灵活不装不卸,5000.0,8000.0,未注明,,0,0,0,0,1,未注明,58同城,2026-09-24 20:43:59
584,410421,宝丰县,平顶山市,平顶山市,平顶山-宝丰,种向日葵的苗,宝丰c本司机附近商超送货只开车不装卸,6000.0,8000.0,学历不限,12.0,0,0,0,1,0,学历不限,58同城,2026-09-24 20:43:59
585,410421,宝丰县,平顶山市,平顶山市,平顶山-宝丰,尹女士,诚聘铁路地勤安检上一休一五险一金免费食宿,5000.0,6000.0,未注明,,0,0,0,0,1,未注明,58同城,2026-09-24 20:43:59
586,410421,宝丰县,平顶山市,平顶山市,平顶山-宝丰,陈女士,小车司机,3500.0,4000.0,学历不限,1.0,0,0,0,1,0,学历不限,58同城,2026-09-24 20:43:59
587,410422,叶县,平顶山市,平顶山市,平顶山-叶县,高女士,上五休二月薪8千（五险一金）锻造工包吃住,8000.0,8500.0,未注明,,0,0,0,0,1,未注明,58同城,2026-09-24 20:44:58
588,410422,叶县,平顶山市,平顶山市,平顶山-叶县,叶县北水闸雅迪快修,电动车/摩托车维修工1名,2000.0,3000.0,学历不限,1.0,0,0,0,1,0,学历不限,58同城,2026-09-24 20:45:06
589,410422,叶县,平顶山市,平顶山市,叶县-建业广场,总想爬树的阿木,促销/导购员,3000.0,4500.0,学历不限,,0,0,0,1,0,学历不限,58同城,2026-09-24 20:45:15
590,410422,叶县,平顶山市,平顶山市,平顶山,种向日葵的苗,叶县附近货运商超工厂食堂配送不装卸,6000.0,8000.0,学历不限,12.0,0,0,0,1,0,学历不限,58同城,2026-09-24 20:45:35
591,410422,叶县,平顶山市,平顶山市,平顶山-叶县,李先生,物流直招4.2米高栏车司... 小程序,6000.0,7000.0,未注明,,0,0,0,0,1,未注明,58同城,2026-09-24 20:45:40
592,410422,叶县,平顶山市,平顶山市,平顶山,货运娟娟,急招叶县配送烟草半成品c本司机不装卸,6000.0,8000.0,未注明,,0,0,0,0,1,未注明,58同城,2026-09-24 20:45:40
593,410422,叶县,平顶山市,平顶山市,叶县-建业广场,赵女士,叶县-货运司机-6千不做苦工只干轻松事,5500.0,5600.0,未注明,,0,0,0,0,1,未注明,58同城,2026-09-24 20:45:48
594,410422,叶县,平顶山市,平顶山市,平顶山-叶县,养花种草的喵,供应链管理公司/C本司机/4500起,4500.0,8000.0,学历不限,6.0,0,0,0,1,0,学历不限,58同城,2026-09-24 20:45:48
595,410422,叶县,平顶山市,平顶山市,平顶山-叶县,E朴实真诚段师傅,生鲜配送（不卖车不租车不交押金）,4000.0,7000.0,未注明,,0,0,0,0,1,未注明,58同城,2026-09-24 20:45:53
596,410423,鲁山县,平顶山市,平顶山市,平顶山-鲁山,帅气迷人de凌老板,养生馆推拿师包住包吃加班补助,3000.0,5000.0,未注明,,0,0,0,0,1,未注明,58同城,2026-09-24 20:46:50
597,410423,鲁山县,平顶山市,平顶山市,鲁山-鲁山汽车站,辛女士,电玩城维修技师,5000.0,6000.0,未注明,,0,0,0,0,1,未注明,58同城,2026-09-24 20:46:54
598,410423,鲁山县,平顶山市,平顶山市,平顶山-鲁山,木南,置业顾问,3800.0,8000.0,学历不限,6.0,0,0,0,1,0,学历不限,58同城,2026-09-24 20:46:59
599,410423,鲁山县,平顶山市,平顶山市,鲁山-鲁山汽车站,辛女士,鲁山本地招企宣主管交社保,5000.0,8000.0,未注明,,0,0,0,0,1,未注明,58同城,2026-09-24 20:47:03
600,410423,鲁山县,平顶山市,平顶山市,平顶山-鲁山,帅气迷人de凌老板,鲁山县凌氏保健服务店/采耳美容师包住包吃,4000.0,9000.0,未注明,,0,0,0,0,1,未注明,58同城,2026-09-24 20:47:11
601,410423,鲁山县,平顶山市,平顶山市,平顶山-鲁山,安好,游戏客服/2000起,2000.0,2500.0,未注明,,0,0,0,0,1,未注明,58同城,2026-09-24 20:47:11
602,410423,鲁山县,平顶山市,平顶山市,平顶山-鲁山,李女士,货运公司C1司机2.5k起,2500.0,4500.0,学历不限,16.0,0,0,0,1,0,学历不限,58同城,2026-09-24 20:47:32
603,410423,鲁山县,平顶山市,平顶山市,平顶山-鲁山,田女士,直招铁路乘务五险一金免费食宿带薪年假,5000.0,6000.0,未注明,,0,0,0,0,1,未注明,58同城,2026-09-24 20:47:37
604,410423,鲁山县,平顶山市,平顶山市,平顶山-湛河,种向日葵的苗,鲁山不装卸货运司机附近工厂送货,6000.0,8000.0,学历不限,12.0,0,0,0,1,0,学历不限,58同城,2026-09-24 20:47:37
605,410423,鲁山县,平顶山市,平顶山市,平顶山-鲁山,赵女士,鲁山菜篓儿商贸生鲜分拣员... 小程序,2000.0,2500.0,学历不限,5.0,0,0,0,1,0,学历不限,58同城,2026-09-24 20:47:53
606,410423,鲁山县,平顶山市,平顶山市,平顶山-鲁山,e8bxcc,鲁山本地好工作仓库管理员2名,3000.0,5000.0,学历不限,5.0,0,0,0,1,0,学历不限,58同城,2026-09-24 20:47:53
607,410425,郏县,平顶山市,平顶山市,平顶山-郏县,用户47273,郏县舍艺旗舰店/足疗师，包住，饭补,3000.0,6000.0,未注明,,0,0,0,0,1,未注明,58同城,2026-09-24 20:48:48
608,410425,郏县,平顶山市,平顶山市,平顶山-郏县,异常兴奋DE毕老板,网络/在线客服,2500.0,4500.0,学历不限,,0,0,0,1,0,学历不限,58同城,2026-09-24 20:48:48
609,410425,郏县,平顶山市,平顶山市,平顶山-新华,人力资源部,郏县连锁店店长,5000.0,7000.0,学历不限,1.0,0,0,0,1,0,学历不限,58同城,2026-09-24 20:48:53
610,410425,郏县,平顶山市,平顶山市,平顶山-郏县,李先生,急招4.2米高栏车司机无押金不装卸8K,5500.0,7000.0,学历不限,5.0,0,0,0,1,0,学历不限,58同城,2026-09-24 20:49:18
611,410425,郏县,平顶山市,平顶山市,平顶山-郏县,王女士,亿万互联网工作室/APP... 小程序,3500.0,8500.0,学历不限,,0,0,0,1,0,学历不限,58同城,2026-09-24 20:49:23
612,410425,郏县,平顶山市,平顶山市,平顶山-郏县,贺女士,郏县配送/轻松跑单就近分配/兼职全职均可,4000.0,8000.0,学历不限,15.0,0,0,0,1,0,学历不限,58同城,2026-09-24 20:49:31
613,410425,郏县,平顶山市,平顶山市,平顶山-郏县,周女士,郏县站点直招送餐员无需经验兼职/全职均可,4500.0,8000.0,学历不限,10.0,0,0,0,1,0,学历不限,58同城,2026-09-24 20:49:31
614,410425,郏县,平顶山市,平顶山市,平顶山-郏县,爱听故事的悠悠,文员订单管理做五休二,5000.0,7000.0,未注明,,0,0,0,0,1,未注明,58同城,2026-09-24 20:49:31
615,410425,郏县,平顶山市,平顶山市,平顶山-郏县,王女士,亿万互联网工作室/APP推广/3500起,3500.0,8500.0,学历不限,,0,0,0,1,0,学历不限,58同城,2026-09-24 20:49:35
616,410481,舞钢市,平顶山市,平顶山市,舞钢,黄先生,电子厂普工/操作工包住包吃300一天,7000.0,8000.0,未注明,,0,0,0,0,1,未注明,58同城,2026-09-24 20:49:52
617,410481,舞钢市,平顶山市,平顶山市,舞钢,品鸿供应链06,（舞钢）往返专线C证货运司机,6500.0,7900.0,未注明,,0,0,0,0,1,未注明,58同城,2026-09-24 20:49:52
618,410481,舞钢市,平顶山市,平顶山市,城区-舞钢城区,socpn_p0,舞钢纺织接纱工（可带薪培... 小程序,3000.0,5500.0,未注明,,0,0,0,0,1,未注明,58同城,2026-09-24 20:49:52
619,410481,舞钢市,平顶山市,平顶山市,舞钢-城区,杨先生,生产统计员,4000.0,5000.0,未注明,,0,0,0,0,1,未注明,58同城,2026-09-24 20:49:52
620,410481,舞钢市,平顶山市,平顶山市,舞钢,判若鸿沟DE曲老板,班车司机,5500.0,6000.0,未注明,,0,0,0,0,1,未注明,58同城,2026-09-24 20:49:52
621,410481,舞钢市,平顶山市,平顶山市,舞钢-城区,何先生,卫生院招聘医生,6000.0,10000.0,未注明,,0,0,0,0,1,未注明,58同城,2026-09-24 20:49:52
622,410481,舞钢市,平顶山市,平顶山市,舞钢,董首一,舞钢牙博士招聘客服主管,5000.0,8000.0,未注明,,0,0,0,0,1,未注明,58同城,2026-09-24 20:49:52
623,410481,舞钢市,平顶山市,平顶山市,平顶山-舞钢,哼着歌走过的街,招舞钢农资物料配送C1司机不装卸,6000.0,8000.0,未注明,,0,0,0,0,1,未注明,58同城,2026-09-24 20:49:52
624,410481,舞钢市,平顶山市,平顶山市,舞钢-城区,用户53226,雍福汇养生保健店/足疗采耳师/包住包吃,6000.0,10000.0,未注明,,0,0,0,0,1,未注明,58同城,2026-09-24 20:49:52
625,410481,舞钢市,平顶山市,平顶山市,舞钢-城区,马女士,国企车险内勤/办公室行政班/入职交五险,5000.0,8000.0,未注明,,0,0,0,0,1,未注明,58同城,2026-09-24 20:49:52
626,410481,舞钢市,平顶山市,平顶山市,平顶山-舞钢,刘女士,办公室内勤/入职可享带薪假期/五险一金,5000.0,8000.0,未注明,,0,0,0,0,1,未注明,58同城,2026-09-24 20:49:52
627,410481,舞钢市,平顶山市,平顶山市,舞钢-城区,郎老板要落泪,蛋糕/裱花师,3000.0,4000.0,学历不限,,0,0,0,1,0,学历不限,58同城,2026-09-24 20:49:52
628,410481,舞钢市,平顶山市,平顶山市,平顶山-舞钢,张先生,1万招健身教练不会可培训,6500.0,13000.0,未注明,,0,0,0,0,1,未注明,58同城,2026-09-24 20:49:52
629,410481,舞钢市,平顶山市,平顶山市,舞钢,董首一,牙博士口腔招聘有证财务会计,4000.0,5000.0,未注明,,0,0,0,0,1,未注明,58同城,2026-09-24 20:49:52
630,410481,舞钢市,平顶山市,平顶山市,其他-舞钢其他,用户16633,门窗厂学徒工2000起,2000.0,2500.0,学历不限,,0,0,0,1,0,学历不限,58同城,2026-09-24 20:49:52
631,410481,舞钢市,平顶山市,平顶山市,舞钢-城区,5e97lqqi5,服装网络销售早6晚2,3000.0,7000.0,高中,,0,0,0,0,0,高中/中专,58同城,2026-09-24 20:49:52
632,410481,舞钢市,平顶山市,平顶山市,其他-舞钢其他,SaMmI,新型建材公司普工/操作工包吃五险包住,3900.0,4000.0,未注明,,0,0,0,0,1,未注明,58同城,2026-09-24 20:49:52
633,410481,舞钢市,平顶山市,平顶山市,舞钢-其他,招聘专员,汽修连锁店汽车维修3k起,3000.0,6000.0,未注明,,0,0,0,0,1,未注明,58同城,2026-09-24 20:49:52
634,410481,舞钢市,平顶山市,平顶山市,舞钢-其他,高经理,机械厂普工/操作工,3500.0,5000.0,未注明,,0,0,0,0,1,未注明,58同城,2026-09-24 20:49:52
635,410481,舞钢市,平顶山市,平顶山市,其他-舞钢其他,杨先生,舞钢养殖场招聘养殖工人,4500.0,7000.0,未注明,,0,0,0,0,1,未注明,58同城,2026-09-24 20:49:52
636,410481,舞钢市,平顶山市,平顶山市,舞钢-城区,杨帆,酒店管理,,,大专,,1,0,0,0,0,大专及以上,58同城,2026-09-24 20:49:52
637,410481,舞钢市,平顶山市,平顶山市,舞钢-城区,58用户,眼镜店店员/营业员2500起,2500.0,4500.0,高中,1.0,0,0,0,0,0,高中/中专,58同城,2026-09-24 20:49:52
638,410481,舞钢市,平顶山市,平顶山市,舞钢-城区,为而不争,护士,,,学历不限,1.0,0,0,0,1,0,学历不限,58同城,2026-09-24 20:49:52
639,410481,舞钢市,平顶山市,平顶山市,舞钢-其他,招聘专员,汽车美容店汽车美容2500起,2500.0,6000.0,未注明,,0,0,0,0,1,未注明,58同城,2026-09-24 20:49:52
640,410481,舞钢市,平顶山市,平顶山市,舞钢-城区,胡先生,舞钢新媒体运营/3千,2500.0,3500.0,未注明,,0,0,0,0,1,未注明,58同城,2026-09-24 20:49:52
641,410481,舞钢市,平顶山市,平顶山市,舞钢-城区,紫藤,舞钢市朱兰科恩洗衣店营业员1900起,2000.0,2100.0,学历不限,1.0,0,0,0,1,0,学历不限,58同城,2026-09-24 20:49:52
642,410481,舞钢市,平顶山市,平顶山市,舞钢-城区,用户36311,教师,2500.0,3000.0,本科,,1,1,0,0,0,大专及以上,58同城,2026-09-24 20:49:52
643,410481,舞钢市,平顶山市,平顶山市,舞钢-城区,爱弹钢琴的雅雅,舞钢市润味火锅餐饮店服务员/2500起,2500.0,3000.0,学历不限,6.0,0,0,0,1,0,学历不限,58同城,2026-09-24 20:49:52
644,410481,舞钢市,平顶山市,平顶山市,舞钢,雅美口腔,口腔门诊/口腔医生学历经验不限,3000.0,5000.0,学历不限,,0,0,0,1,0,学历不限,58同城,2026-09-24 20:49:52
645,410481,舞钢市,平顶山市,平顶山市,其他-舞钢其他,杨先生,招聘种鸽养殖厂工人,4500.0,7000.0,未注明,,0,0,0,0,1,未注明,58同城,2026-09-24 20:49:52
646,410482,汝州市,平顶山市,平顶山市,汝州市-其他,爱抱毛绒熊的软,优修客装饰工程有限公司/氩弧焊工包住,3000.0,4500.0,未注明,,0,0,0,0,1,未注明,58同城,2026-09-24 20:52:07
647,410482,汝州市,平顶山市,平顶山市,汝州市-其他,爱吹泡泡的阿漾,宠物医院兽医工作时间灵活,3000.0,4500.0,未注明,,0,0,0,0,1,未注明,58同城,2026-09-24 20:52:07
648,410482,汝州市,平顶山市,平顶山市,汝州市-其他,饼干香香,外贸销售/销售包住饭补五... 小程序,2000.0,10000.0,未注明,,0,0,0,0,1,未注明,58同城,2026-09-24 20:52:07
649,410482,汝州市,平顶山市,平顶山市,汝州市-其他,爱吹泡泡的阿漾,宠物诊所兽医/执业兽医师工作时间灵活,2000.0,3000.0,未注明,,0,0,0,0,1,未注明,58同城,2026-09-24 20:52:07
650,410482,汝州市,平顶山市,平顶山市,汝州市-其他,qzqu59,安装工/安装师傅包吃包住农村天然气架空管,3000.0,9000.0,未注明,,0,0,0,0,1,未注明,58同城,2026-09-24 20:52:07
651,410482,汝州市,平顶山市,平顶山市,其他-其它乡镇,勿蹉跎,养殖场饲养员包住包吃,3500.0,3800.0,未注明,,0,0,0,0,1,未注明,58同城,2026-09-24 20:52:07
652,410482,汝州市,平顶山市,平顶山市,其他-其它乡镇,汝州市辰烨通讯店,庙下镇手机店手机销售,2000.0,4500.0,学历不限,,0,0,0,1,0,学历不限,58同城,2026-09-24 20:52:07
653,410482,汝州市,平顶山市,平顶山市,汝州,爱晒被子的暖洋洋,餐饮收银,3000.0,3500.0,学历不限,,0,0,0,1,0,学历不限,58同城,2026-09-24 20:52:07
654,410482,汝州市,平顶山市,平顶山市,汝州,马先生,物流普工日结270每天/0费用入职包吃住,4500.0,8500.0,未注明,,0,0,0,0,1,未注明,58同城,2026-09-24 20:52:07
655,410482,汝州市,平顶山市,平顶山市,其他-其它乡镇,勿蹉跎,农牧养殖/养殖包住包吃,3500.0,4000.0,未注明,,0,0,0,0,1,未注明,58同城,2026-09-24 20:52:07
656,410482,汝州市,平顶山市,平顶山市,平顶山-汝州市,爱穿花裙的孙小妹,汝州急招百货送货司机不装不卸公司提供车辆,6000.0,8000.0,未注明,,0,0,0,0,1,未注明,58同城,2026-09-24 20:52:07
657,410482,汝州市,平顶山市,平顶山市,汝州,姜女士,急招保安待遇优厚月休可调包吃住稳定上岗,4500.0,5000.0,未注明,,0,0,0,0,1,未注明,58同城,2026-09-24 20:52:07
658,410482,汝州市,平顶山市,平顶山市,汝州,李先生,物业保安可预支包吃住,4500.0,5000.0,未注明,,0,0,0,0,1,未注明,58同城,2026-09-24 20:52:07
659,410482,汝州市,平顶山市,平顶山市,汝州市-其他,暖暖抱抱的圆圆,运营专员/助理加班补助,3000.0,4500.0,未注明,,0,0,0,0,1,未注明,58同城,2026-09-24 20:52:07
660,410482,汝州市,平顶山市,平顶山市,汝州,晟坤重卡充电站,停车管理员,2800.0,3000.0,高中,1.0,0,0,0,0,0,高中/中专,58同城,2026-09-24 20:52:07
661,410482,汝州市,平顶山市,平顶山市,汝州,王先生,急招保安待遇优厚包吃住工作轻松稳定环境好,4500.0,5000.0,未注明,,0,0,0,0,1,未注明,58同城,2026-09-24 20:52:07
662,410482,汝州市,平顶山市,平顶山市,其他-其它乡镇,赵女士,美容师饭补免费工服加班补助,3000.0,7500.0,未注明,,0,0,0,0,1,未注明,58同城,2026-09-24 20:52:07
663,410482,汝州市,平顶山市,平顶山市,汝州市-其他,安静看书的苏,机械厂普工/操作工5千起,5000.0,6500.0,学历不限,,0,0,0,1,0,学历不限,58同城,2026-09-24 20:52:07
664,410482,汝州市,平顶山市,平顶山市,汝州-煤山,王先生,洗车工-管吃-工作简单易上手,3000.0,5000.0,学历不限,5.0,0,0,0,1,0,学历不限,58同城,2026-09-24 20:52:07
665,410482,汝州市,平顶山市,平顶山市,汝州市-其他,刘振,电话客服,5000.0,10000.0,未注明,,0,0,0,0,1,未注明,58同城,2026-09-24 20:52:07
666,410482,汝州市,平顶山市,平顶山市,汝州市-其他,闪丹,汝州市闪单商贸店/网络/在线客服2.5k,2500.0,4500.0,未注明,,0,0,0,0,1,未注明,58同城,2026-09-24 20:52:07
667,410482,汝州市,平顶山市,平顶山市,汝州市-其他,喜欢遛狗的小朱,游戏代练/陪玩加班补助包吃包住,2000.0,5000.0,未注明,,0,0,0,0,1,未注明,58同城,2026-09-24 20:52:07
668,410482,汝州市,平顶山市,平顶山市,汝州,黄女士,无夜班药厂技工300一天日结贴标签包吃住,9000.0,11000.0,未注明,,0,0,0,0,1,未注明,58同城,2026-09-24 20:52:07
669,410482,汝州市,平顶山市,平顶山市,其他-其它乡镇,张经理,姥家大锅台招聘女服务员数名,2000.0,3000.0,未注明,,0,0,0,0,1,未注明,58同城,2026-09-24 20:52:07
670,410482,汝州市,平顶山市,平顶山市,汝州,汝州和印招聘,平面设计-大平台-高待遇,3000.0,6000.0,学历不限,5.0,0,0,0,1,0,学历不限,58同城,2026-09-24 20:52:07
671,410482,汝州市,平顶山市,平顶山市,平顶山-汝州市,李女士,急招健身教练新手-包教会,6000.0,12000.0,未注明,,0,0,0,0,1,未注明,58同城,2026-09-24 20:52:07
672,410482,汝州市,平顶山市,平顶山市,煤山-煤山城区,爱看星星的阿美,电商运营专员/助理2.5k起,2000.0,3000.0,学历不限,,0,0,0,1,0,学历不限,58同城,2026-09-24 20:52:07
673,410482,汝州市,平顶山市,平顶山市,平顶山-汝州市,李老师,汝州市丽宝寄宿学校/幼儿园教师/加班补助,3000.0,5000.0,未注明,,0,0,0,0,1,未注明,58同城,2026-09-24 20:52:07
674,410482,汝州市,平顶山市,平顶山市,汝州-其他,刘振,带薪培训不限经验电话客服,4000.0,8000.0,未注明,,0,0,0,0,1,未注明,58同城,2026-09-24 20:52:07
675,410482,汝州市,平顶山市,平顶山市,汝州-其他,刘振,诚聘销售精英挑战,3500.0,5500.0,未注明,,0,0,0,0,1,未注明,58同城,2026-09-24 20:52:07
676,410482,汝州市,平顶山市,平顶山市,汝州市-其他,淡然,汝州制梁场/材料员包住包吃,4500.0,5000.0,未注明,,0,0,0,0,1,未注明,58同城,2026-09-24 20:52:12
677,410482,汝州市,平顶山市,平顶山市,其他-其它乡镇,邵先生,零售连锁店储备店长3k起,3000.0,6000.0,大专,,1,0,0,0,0,大专及以上,58同城,2026-09-24 20:52:12
678,410482,汝州市,平顶山市,平顶山市,汝州市-其他,樊经理,住宅/建筑设计师3k起 小程序,3000.0,10000.0,学历不限,,0,0,0,1,0,学历不限,58同城,2026-09-24 20:52:12
679,410482,汝州市,平顶山市,平顶山市,其他-其它乡镇,王女士,天毅广告装饰行/平面设计/4千起,4000.0,6000.0,学历不限,,0,0,0,1,0,学历不限,58同城,2026-09-24 20:52:12
680,410482,汝州市,平顶山市,平顶山市,汝州市-其他,上善若水,通信设备维护公司/通信技术工程师/3千起,3000.0,5000.0,学历不限,1.0,0,0,0,1,0,学历不限,58同城,2026-09-24 20:52:12
681,410482,汝州市,平顶山市,平顶山市,汝州市-其他,吕总,河南花旗装饰有限公司装修/装潢设计年底双,3000.0,4500.0,未注明,,0,0,0,0,1,未注明,58同城,2026-09-24 20:52:12
682,410482,汝州市,平顶山市,平顶山市,汝州市-其他,森弟弟,汽车美容店美容洗车2000起,2000.0,4000.0,学历不限,,0,0,0,1,0,学历不限,58同城,2026-09-24 20:52:12
683,410482,汝州市,平顶山市,平顶山市,汝州,李女士,长白班药厂技工300一天日结贴标签坐班,9000.0,11000.0,未注明,,0,0,0,0,1,未注明,58同城,2026-09-24 20:52:12
684,410482,汝州市,平顶山市,平顶山市,其他-其它乡镇,A美家装饰向超,装饰材料经营部/市场营销专员/2500起,2500.0,4500.0,学历不限,1.0,0,0,0,1,0,学历不限,58同城,2026-09-24 20:52:12
685,410482,汝州市,平顶山市,平顶山市,汝州市-其他,刘先生,美容美体馆/美容师包住,4000.0,7000.0,未注明,,0,0,0,0,1,未注明,58同城,2026-09-24 20:52:12
686,410482,汝州市,平顶山市,平顶山市,其他-其它乡镇,史先生,名流造型会所美发助理/学徒3千起,3000.0,5000.0,未注明,,0,0,0,0,1,未注明,58同城,2026-09-24 20:52:12
687,410482,汝州市,平顶山市,平顶山市,其他-其它乡镇,余芃苇,急聘店面销售,3000.0,6000.0,未注明,,0,0,0,0,1,未注明,58同城,2026-09-24 20:52:12
688,410482,汝州市,平顶山市,平顶山市,汝州-其他,余芃苇,汝州欣辉实业急招设计师,5000.0,10000.0,未注明,,0,0,0,0,1,未注明,58同城,2026-09-24 20:52:12
689,410482,汝州市,平顶山市,平顶山市,汝州-其他,余芃苇,汝州欣辉实业招家具设计师,5000.0,10000.0,学历不限,5.0,0,0,0,1,0,学历不限,58同城,2026-09-24 20:52:12
690,410482,汝州市,平顶山市,平顶山市,其他-其它乡镇,刘女士,月子服务中心美体师3千起,3000.0,6000.0,学历不限,5.0,0,0,0,1,0,学历不限,58同城,2026-09-24 20:52:12
691,410482,汝州市,平顶山市,平顶山市,汝州市-其他,樊经理,豪宅/室内设计师4k起,4000.0,10000.0,学历不限,,0,0,0,1,0,学历不限,58同城,2026-09-24 20:52:12
692,410482,汝州市,平顶山市,平顶山市,汝州,王先生,无夜班药厂技工日结300一天管吃住贴标签,9000.0,11000.0,未注明,,0,0,0,0,1,未注明,58同城,2026-09-24 20:52:12
693,410482,汝州市,平顶山市,平顶山市,其他-其它乡镇,李女士,美术老师-待遇好-环境好,3000.0,5000.0,学历不限,5.0,0,0,0,1,0,学历不限,58同城,2026-09-24 20:52:12
694,410482,汝州市,平顶山市,平顶山市,其他-其它乡镇,汝州市辰烨通讯店,手机店营业员/店员/2500起25岁以上,2500.0,4500.0,学历不限,,0,0,0,1,0,学历不限,58同城,2026-09-24 20:52:12
695,410482,汝州市,平顶山市,平顶山市,汝州,梁先生,润滑油销售经理-能开车-挣得多,8000.0,12000.0,学历不限,5.0,0,0,0,1,0,学历不限,58同城,2026-09-24 20:52:12
696,410482,汝州市,平顶山市,平顶山市,汝州,徐经理,服务员,2500.0,3500.0,未注明,,0,0,0,0,1,未注明,58同城,2026-09-24 20:52:12
697,410482,汝州市,平顶山市,平顶山市,其他-其它乡镇,乐购超市,超市果蔬区理货员缴纳养老金补贴,3000.0,3500.0,学历不限,2.0,0,0,0,1,0,学历不限,58同城,2026-09-24 20:52:12
698,410482,汝州市,平顶山市,平顶山市,汝州,常常迷路的路,药厂（铁饭碗）招技工日结300一天贴标签,9000.0,9500.0,未注明,,0,0,0,0,1,未注明,58同城,2026-09-24 20:52:12
699,410482,汝州市,平顶山市,平顶山市,临汝-临汝城区,徐经理,勤杂工2500起,2500.0,3500.0,学历不限,,0,0,0,1,0,学历不限,58同城,2026-09-24 20:52:12
700,410482,汝州市,平顶山市,平顶山市,煤山-煤山城区,汝州移动客服中心,移动10086纯接听客服（月休8-9天）,4000.0,8000.0,未注明,,0,0,0,0,1,未注明,58同城,2026-09-24 20:52:12
701,410482,汝州市,平顶山市,平顶山市,煤山-煤山城区,汝州移动客服中心,汝州客服中心招聘客服（上2休1）,3500.0,6500.0,未注明,,0,0,0,0,1,未注明,58同城,2026-09-24 20:52:12
702,410482,汝州市,平顶山市,平顶山市,煤山-煤山城区,汝州移动客服中心,10086纯接听客服（月休8-9天）,3500.0,6500.0,未注明,,0,0,0,0,1,未注明,58同城,2026-09-24 20:52:12
703,410482,汝州市,平顶山市,平顶山市,煤山-煤山城区,汝州移动客服中心,不加班客服（月休8-9天）,3500.0,6500.0,未注明,,0,0,0,0,1,未注明,58同城,2026-09-24 20:52:12
704,410482,汝州市,平顶山市,平顶山市,煤山-煤山城区,汝州移动客服中心,移动坐席代表（上2休1）不销售,3500.0,6500.0,未注明,,0,0,0,0,1,未注明,58同城,2026-09-24 20:52:12
705,410482,汝州市,平顶山市,平顶山市,煤山-煤山城区,汝州移动客服中心,无销售客服（月休8-9天）社保,4000.0,8000.0,未注明,,0,0,0,0,1,未注明,58同城,2026-09-24 20:52:12
706,410482,汝州市,平顶山市,平顶山市,汝州,总爱数蚂蚁的蚂蚁,买手,3000.0,4500.0,学历不限,5.0,0,0,0,1,0,学历不限,58同城,2026-09-24 20:52:16
707,410482,汝州市,平顶山市,平顶山市,汝州,汝州市鸿浩智能科技有限公司,内容审核标注,3000.0,6000.0,学历不限,5.0,0,0,0,1,0,学历不限,58同城,2026-09-24 20:52:16
708,410482,汝州市,平顶山市,平顶山市,汝州,李素团,金融分析师-管培训易上手... 小程序,2000.0,3500.0,未注明,,0,0,0,0,1,未注明,58同城,2026-09-24 20:52:16
709,410482,汝州市,平顶山市,平顶山市,汝州,汝州市雅迪电动车,网络数据运营3000起,3000.0,6000.0,学历不限,5.0,0,0,0,1,0,学历不限,58同城,2026-09-24 20:52:16
710,410482,汝州市,平顶山市,平顶山市,汝州,旺家旺超市,甜点/面包师-裱花师,4000.0,5500.0,学历不限,1.0,0,0,0,1,0,学历不限,58同城,2026-09-24 20:52:16
711,410482,汝州市,平顶山市,平顶山市,汝州,总爱数蚂蚁的蚂蚁,名品代购/买手2500起,2500.0,4500.0,学历不限,1.0,0,0,0,1,0,学历不限,58同城,2026-09-24 20:52:16
712,410482,汝州市,平顶山市,平顶山市,汝州市-煤山,用户56291,架子鼓老师工作时间灵活,2000.0,3500.0,学历不限,,0,0,0,1,0,学历不限,58同城,2026-09-24 20:52:16
713,410482,汝州市,平顶山市,平顶山市,汝州,侯女士,汽车定损/理赔,3000.0,5500.0,学历不限,,0,0,0,1,0,学历不限,58同城,2026-09-24 20:52:16
714,410482,汝州市,平顶山市,平顶山市,汝州,汝州美团外卖,团购BD经理,4000.0,6000.0,学历不限,3.0,0,0,0,1,0,学历不限,58同城,2026-09-24 20:52:16
715,410482,汝州市,平顶山市,平顶山市,汝州,侯女士,区域总监,4000.0,4500.0,学历不限,,0,0,0,1,0,学历不限,58同城,2026-09-24 20:52:16
716,410482,汝州市,平顶山市,平顶山市,汝州,李素团,综合金融专员-时间自由-半天班,2000.0,4000.0,未注明,,0,0,0,0,1,未注明,58同城,2026-09-24 20:52:16
717,410482,汝州市,平顶山市,平顶山市,汝州,侯女士,金融销售,3000.0,5000.0,学历不限,,0,0,0,1,0,学历不限,58同城,2026-09-24 20:52:16
718,410482,汝州市,平顶山市,平顶山市,汝州,陈女士,法务助理3k起,3000.0,4000.0,大专,1.0,1,0,0,0,0,大专及以上,58同城,2026-09-24 20:52:16
719,410482,汝州市,平顶山市,平顶山市,临汝-临汝城区,黄先生,护士长,,,学历不限,5.0,0,0,0,1,0,学历不限,58同城,2026-09-24 20:52:16
720,410482,汝州市,平顶山市,平顶山市,平顶山,李先生,诚聘汝州货运不装卸纯开车... 小程序,6000.0,8000.0,未注明,,0,0,0,0,1,未注明,58同城,2026-09-24 20:53:26
721,410482,汝州市,平顶山市,平顶山市,平顶山,毛先生,顺丰快递员（平顶山汝州）,4500.0,7000.0,学历不限,5.0,0,0,0,1,0,学历不限,58同城,2026-09-24 20:53:43
722,410522,安阳县,安阳市,安阳市,安阳-安阳县,喜欢摸小猫的手,铆工,3000.0,7000.0,中专/中技,1.0,0,0,0,0,0,高中/中专,58同城,2026-09-24 20:54:04
723,410522,安阳县,安阳市,安阳市,安阳-安阳县,看蚂蚁的虫,急聘铁路安检地勤上一休一免费食宿五险一金,5000.0,6000.0,未注明,,0,0,0,0,1,未注明,58同城,2026-09-24 20:54:04
724,410522,安阳县,安阳市,安阳市,安阳-安阳县,高天,工厂物业维修工包住包吃 小程序,4500.0,8000.0,未注明,,0,0,0,0,1,未注明,58同城,2026-09-24 20:54:04
725,410522,安阳县,安阳市,安阳市,安阳-安阳县,树梢捉迷藏,其他职位,3000.0,5000.0,学历不限,,0,0,0,1,0,学历不限,58同城,2026-09-24 20:54:04
726,410522,安阳县,安阳市,安阳市,安阳-安阳县,黄先生,安阳比亚迪直招普工操作工入职缴纳五险一金,5500.0,8000.0,未注明,,0,0,0,0,1,未注明,58同城,2026-09-24 20:54:04
727,410522,安阳县,安阳市,安阳市,安阳-安阳县,马女士,比亚迪急招普工/操作工,5500.0,7000.0,未注明,,0,0,0,0,1,未注明,58同城,2026-09-24 20:54:04
728,410522,安阳县,安阳市,安阳市,安阳-安阳县,冯女士,比亚迪安阳普工6K-8K,5000.0,7000.0,未注明,,0,0,0,0,1,未注明,58同城,2026-09-24 20:54:04
729,410522,安阳县,安阳市,安阳市,安阳-安阳县,张女士,比亚迪直招/安阳操作工/五险一金包住,5000.0,8000.0,未注明,,0,0,0,0,1,未注明,58同城,2026-09-24 20:54:04
730,410522,安阳县,安阳市,安阳市,安阳-安阳县,岳女士,比亚迪普工（郑州港区比亚迪五险一金包住）,5000.0,7000.0,未注明,,0,0,0,0,1,未注明,58同城,2026-09-24 20:54:04
731,410522,安阳县,安阳市,安阳市,安阳-安阳县,翟先生,安阳比亚迪普工/操作工,5000.0,7000.0,未注明,,0,0,0,0,1,未注明,58同城,2026-09-24 20:54:04
732,410522,安阳县,安阳市,安阳市,安阳-安阳县,王子,美发店长/商业医疗保险周末双休交通补助,5000.0,10000.0,未注明,,0,0,0,0,1,未注明,58同城,2026-09-24 20:54:04
733,410522,安阳县,安阳市,安阳市,安阳-安阳县,遛小狗的徐小哥,比亚迪工厂直招急招（技工）五险一金包住宿,6000.0,9000.0,未注明,,0,0,0,0,1,未注明,58同城,2026-09-24 20:54:04
734,410522,安阳县,安阳市,安阳市,安阳县-城区,徐女士,急需6000高端家庭收纳师，可工资日结,6000.0,8000.0,学历不限,50.0,0,0,0,1,0,学历不限,58同城,2026-09-24 20:54:04
735,410522,安阳县,安阳市,安阳市,安阳-安阳县,张先生,安阳比亚迪-操作工-五险一金-包住宿,5000.0,7000.0,未注明,,0,0,0,0,1,未注明,58同城,2026-09-24 20:54:04
736,410522,安阳县,安阳市,安阳市,安阳县-城区,陈先生,安阳比亚迪直招、普工/操作工五险一金包住,6000.0,7000.0,未注明,,0,0,0,0,1,未注明,58同城,2026-09-24 20:54:04
737,410522,安阳县,安阳市,安阳市,安阳-安阳县,李先生,新媒体运营,5000.0,10000.0,未注明,,0,0,0,0,1,未注明,58同城,2026-09-24 20:54:04
738,410522,安阳县,安阳市,安阳市,安阳-安阳县,闫经理,物业管理客服专员/助理五险,3500.0,5000.0,未注明,,0,0,0,0,1,未注明,58同城,2026-09-24 20:54:04
739,410522,安阳县,安阳市,安阳市,安阳-安阳县,李女士,5k急招做饭家务阿姨时间灵活,5000.0,7000.0,未注明,,0,0,0,0,1,未注明,58同城,2026-09-24 20:54:04
740,410522,安阳县,安阳市,安阳市,安阳-安阳县,李女士,5k急需做饭阿姨周末双休包住包吃,3000.0,6000.0,未注明,,0,0,0,0,1,未注明,58同城,2026-09-24 20:54:04
741,410522,安阳县,安阳市,安阳市,安阳县-城区,最爱小鱼的萌萌,居家审核员五险双休作息稳定,5000.0,8000.0,未注明,,0,0,0,0,1,未注明,58同城,2026-09-24 20:54:04
742,410522,安阳县,安阳市,安阳市,安阳县-城区,徐女士,招7500专业产后康复师，工作环境好.,7500.0,9000.0,学历不限,30.0,0,0,0,1,0,学历不限,58同城,2026-09-24 20:54:04
743,410522,安阳县,安阳市,安阳市,安阳-安阳县,李女士,8K医院产后康复师,8000.0,10000.0,未注明,,0,0,0,0,1,未注明,58同城,2026-09-24 20:54:04
744,410522,安阳县,安阳市,安阳市,安阳-安阳县,闲人闲心,药店执业药师/驻店药师五险,3000.0,4500.0,未注明,,0,0,0,0,1,未注明,58同城,2026-09-24 20:54:04
745,410522,安阳县,安阳市,安阳市,安阳-安阳县,风清扬,手绘师,3000.0,5000.0,学历不限,10.0,0,0,0,1,0,学历不限,58同城,2026-09-24 20:54:04
746,410522,安阳县,安阳市,安阳市,文峰-万达广场,招聘主管,急招保安/交通补助包吃包住,4500.0,5000.0,未注明,,0,0,0,0,1,未注明,58同城,2026-09-24 20:54:08
747,410522,安阳县,安阳市,安阳市,安阳,郁女士,轻松岗位保安5K可预支,4000.0,5000.0,学历不限,3.0,0,0,0,1,0,学历不限,58同城,2026-09-24 20:54:08
748,410522,安阳县,安阳市,安阳市,内黄-万洋国际广场,小兔蹦蹦蹦,门岗保安无任何费用坐岗有... 小程序,4000.0,5000.0,未注明,,0,0,0,0,1,未注明,58同城,2026-09-24 20:54:08
749,410522,安阳县,安阳市,安阳市,其他-其它,捏橡皮泥的小星,居家客服早九晚五260一天,5000.0,8000.0,未注明,,0,0,0,0,1,未注明,58同城,2026-09-24 20:54:08
750,410522,安阳县,安阳市,安阳市,安阳-文峰,宋女士,巡逻保安包吃住五险,4500.0,5000.0,未注明,,0,0,0,0,1,未注明,58同城,2026-09-24 20:54:08
751,410522,安阳县,安阳市,安阳市,文峰-万达广场,程宁临,母婴导购,3000.0,6000.0,未注明,,0,0,0,0,1,未注明,58同城,2026-09-24 20:54:08
752,410522,安阳县,安阳市,安阳市,安阳-文峰,张女士,要30-45岁服务员包住（白班夜班可选）,4000.0,6000.0,未注明,,0,0,0,0,1,未注明,58同城,2026-09-24 20:54:08
753,410522,安阳县,安阳市,安阳市,龙安-钢城购物,和和,生物科技公司店员,2500.0,4500.0,学历不限,3.0,0,0,0,1,0,学历不限,58同城,2026-09-24 20:54:08
754,410522,安阳县,安阳市,安阳市,文峰-万达广场,彭先生,万达金街/招聘/美发助理/烫染师,2000.0,3000.0,学历不限,,0,0,0,1,0,学历不限,58同城,2026-09-24 20:54:08
755,410522,安阳县,安阳市,安阳市,北关-安阳站,吴女士,阳基科技监控门市部/IT技术支持/,2500.0,3000.0,中专/中技,1.0,0,0,0,0,0,高中/中专,58同城,2026-09-24 20:54:08
756,410522,安阳县,安阳市,安阳市,文峰-万达广场,程宁临,七年母婴店营业员优薪诚聘欢迎电话咨询,3000.0,6000.0,未注明,,0,0,0,0,1,未注明,58同城,2026-09-24 20:54:08
757,410522,安阳县,安阳市,安阳市,安阳-龙安,赵丽,河南耀彩工艺品有限责任公司/抖音运营/3,3000.0,5000.0,学历不限,,0,0,0,1,0,学历不限,58同城,2026-09-24 20:54:08
758,410522,安阳县,安阳市,安阳市,文峰-华强城,畅行汽修,汽车修理工,1500.0,3000.0,未注明,,0,0,0,0,1,未注明,58同城,2026-09-24 20:54:08
759,410522,安阳县,安阳市,安阳市,安阳-安阳县,高天,工厂物业维修工包住包吃,4500.0,8000.0,未注明,,0,0,0,0,1,未注明,58同城,2026-09-24 20:54:08
760,410522,安阳县,安阳市,安阳市,文峰-万达广场,招聘专员,火锅店后厨切配,3200.0,4000.0,未注明,,0,0,0,0,1,未注明,58同城,2026-09-24 20:54:08
761,410522,安阳县,安阳市,安阳市,安阳-文峰,安阳荷塘悦色,优秀采耳师,6000.0,10000.0,未注明,,0,0,0,0,1,未注明,58同城,2026-09-24 20:54:08
762,410522,安阳县,安阳市,安阳市,龙安-安阳商贸城,慈蔼de刁师傅,餐饮收银打包,2500.0,3500.0,未注明,,0,0,0,0,1,未注明,58同城,2026-09-24 20:54:08
763,410522,安阳县,安阳市,安阳市,文峰-华强城,畅行汽修,汽车维修学徒工,500.0,1000.0,未注明,,0,0,0,0,1,未注明,58同城,2026-09-24 20:54:08
764,410522,安阳县,安阳市,安阳市,安阳-文峰,招聘专员,在线客服线上兼职线上接待,4600.0,5700.0,未注明,,0,0,0,0,1,未注明,58同城,2026-09-24 20:54:08
765,410522,安阳县,安阳市,安阳市,安阳-文峰,招聘主管,羽毛球专卖店营业员2000起,2000.0,3000.0,学历不限,,0,0,0,1,0,学历不限,58同城,2026-09-24 20:54:08
766,410522,安阳县,安阳市,安阳市,安阳-文峰,小橘,酒店/客房经理包住包吃,3000.0,5000.0,未注明,,0,0,0,0,1,未注明,58同城,2026-09-24 20:54:08
767,410522,安阳县,安阳市,安阳市,安阳-文峰,郑先生,美甲师,3000.0,5000.0,学历不限,,0,0,0,1,0,学历不限,58同城,2026-09-24 20:54:08
768,410522,安阳县,安阳市,安阳市,安阳,刘社喜,机械设计制造工程师,6000.0,8000.0,未注明,,0,0,0,0,1,未注明,58同城,2026-09-24 20:54:08
769,410522,安阳县,安阳市,安阳市,安阳-文峰,小手比心的光,网店客服/电商客服2500,2500.0,3000.0,学历不限,2.0,0,0,0,1,0,学历不限,58同城,2026-09-24 20:54:08
770,410522,安阳县,安阳市,安阳市,安阳-文峰,王女士,网络科技公司客服专员/助理加班补助包住五,2500.0,4000.0,未注明,,0,0,0,0,1,未注明,58同城,2026-09-24 20:54:08
771,410522,安阳县,安阳市,安阳市,安阳-文峰,牛先生,郑州市金水区开垦招聘店员/营业员,3000.0,4000.0,中专/中技,4.0,0,0,0,0,0,高中/中专,58同城,2026-09-24 20:54:08
772,410522,安阳县,安阳市,安阳市,安阳,爱踢球的孙同学,急招文峰区百货配送C本司机不装卸,6300.0,8000.0,未注明,,0,0,0,0,1,未注明,58同城,2026-09-24 20:54:08
773,410522,安阳县,安阳市,安阳市,安阳-文峰,张女士,安阳市夜班,5000.0,8500.0,未注明,,0,0,0,0,1,未注明,58同城,2026-09-24 20:54:53
774,410522,安阳县,安阳市,安阳市,安阳-文峰,赵女士,『自由加班』日均280一天招配送员送餐员骑手,5000.0,8500.0,学历不限,10.0,0,0,0,1,0,学历不限,58同城,2026-09-24 20:54:53
775,410522,安阳县,安阳市,安阳市,龙安-安阳商贸城,张女士,晋升空间多自由加班月85... 小程序,5000.0,8500.0,未注明,,0,0,0,0,1,未注明,58同城,2026-09-24 20:54:53
776,410522,安阳县,安阳市,安阳市,安阳-文峰,张女士,挣钱不分男女/骑手派单挣钱/超时不扣费,5000.0,8000.0,未注明,,0,0,0,0,1,未注明,58同城,2026-09-24 20:54:53
777,410522,安阳县,安阳市,安阳市,安阳-龙安,赵女士,骑电动车：急招骑手提供车子装备差评超时不扣钱,5000.0,8500.0,学历不限,10.0,0,0,0,1,0,学历不限,58同城,2026-09-24 20:54:53
778,410522,安阳县,安阳市,安阳市,龙安-安阳商贸城,宋女士,单价高福利好骑手包车装备,5000.0,8000.0,未注明,,0,0,0,0,1,未注明,58同城,2026-09-24 20:54:53
779,410522,安阳县,安阳市,安阳市,安阳-文峰,张女士,安阳本地骑手/免押供车装/超时差评不扣钱,5000.0,7000.0,未注明,,0,0,0,0,1,未注明,58同城,2026-09-24 20:54:53
780,410522,安阳县,安阳市,安阳市,龙安-安阳商贸城,宋女士,无门槛包车包装备骑手,5000.0,8000.0,未注明,,0,0,0,0,1,未注明,58同城,2026-09-24 20:54:53
781,410522,安阳县,安阳市,安阳市,安阳-龙安,孟女士,东区铁西安钢就近安排送餐员,5000.0,8000.0,未注明,,0,0,0,0,1,未注明,58同城,2026-09-24 20:54:53
782,410522,安阳县,安阳市,安阳市,安阳-文峰,范女士,无需经验者有人带长短期皆可,5000.0,8500.0,学历不限,99.0,0,0,0,1,0,学历不限,58同城,2026-09-24 20:54:53
783,410522,安阳县,安阳市,安阳市,安阳-北关,157******89_jqh,服务员预定员收银员,2500.0,3500.0,未注明,,0,0,0,0,1,未注明,58同城,2026-09-24 20:54:53
784,410522,安阳县,安阳市,安阳市,安阳-龙安,宁静,SPA技师管吃住,8000.0,10000.0,学历不限,,0,0,0,1,0,学历不限,58同城,2026-09-24 20:54:53
785,410522,安阳县,安阳市,安阳市,安阳-文峰,Z,足疗按摩技师,9000.0,15000.0,未注明,,0,0,0,0,1,未注明,58同城,2026-09-24 20:54:53
786,410522,安阳县,安阳市,安阳市,文峰-万达广场,安阳荷塘悦色,荷塘悦色按摩师,8000.0,12000.0,未注明,,0,0,0,0,1,未注明,58同城,2026-09-24 20:54:53
787,410522,安阳县,安阳市,安阳市,安阳-文峰,安阳荷塘悦色,荷塘悦色足疗师义乌店,8000.0,13000.0,未注明,,0,0,0,0,1,未注明,58同城,2026-09-24 20:54:53
788,410522,安阳县,安阳市,安阳市,北关-安阳站,爱保密DE韦总,急聘铁路安检地勤上一休一免费食宿五险一金,4000.0,6000.0,未注明,,0,0,0,0,1,未注明,58同城,2026-09-24 20:54:53
789,410522,安阳县,安阳市,安阳市,安阳-安阳县,受到欢迎的申总,急聘铁路安检地勤上一休一免费食宿五险一金,5000.0,6000.0,未注明,,0,0,0,0,1,未注明,58同城,2026-09-24 20:54:53
790,410522,安阳县,安阳市,安阳市,安阳-安阳县,喜欢摸小猫的手,数控龙门加工中心师傅,6000.0,10000.0,学历不限,1.0,0,0,0,1,0,学历不限,58同城,2026-09-24 20:54:53
791,410522,安阳县,安阳市,安阳市,安阳-龙安,招聘专员,诚信招聘足疗修脚按摩师,2000.0,5000.0,学历不限,,0,0,0,1,0,学历不限,58同城,2026-09-24 20:54:53
792,410522,安阳县,安阳市,安阳市,安阳-文峰,张先生,小吃店服务员包住包吃加班补助,3000.0,3500.0,未注明,,0,0,0,0,1,未注明,58同城,2026-09-24 20:54:53
793,410522,安阳县,安阳市,安阳市,安阳-文峰,178******67_qxi,中餐厅服务员包住免费工服,3700.0,4500.0,未注明,,0,0,0,0,1,未注明,58同城,2026-09-24 20:54:53
794,410522,安阳县,安阳市,安阳市,安阳-文峰,m3wmih,博创机械有限公司/会计包吃周末双休,2000.0,3500.0,未注明,,0,0,0,0,1,未注明,58同城,2026-09-24 20:54:53
795,410522,安阳县,安阳市,安阳市,安阳-文峰,用户59640,空港新城饮品店奶茶/饮品师饭补加班补助,2500.0,4500.0,未注明,,0,0,0,0,1,未注明,58同城,2026-09-24 20:55:01
796,410522,安阳县,安阳市,安阳市,安阳-北关,张总,机修工,4500.0,6000.0,未注明,,0,0,0,0,1,未注明,58同城,2026-09-24 20:55:01
797,410522,安阳县,安阳市,安阳市,安阳-文峰,吕小哥奶茶店,饮品店奶茶/饮品师饭补加班补助年底双薪,2500.0,4500.0,未注明,,0,0,0,0,1,未注明,58同城,2026-09-24 20:55:01
798,410522,安阳县,安阳市,安阳市,安阳-北关,罗先生,磨工师傅数名,5000.0,9000.0,未注明,,0,0,0,0,1,未注明,58同城,2026-09-24 20:55:01
799,410522,安阳县,安阳市,安阳市,安阳-文峰,刘先生,人事助理,4000.0,5000.0,未注明,,0,0,0,0,1,未注明,58同城,2026-09-24 20:55:01
800,410522,安阳县,安阳市,安阳市,安阳-文峰,张女士,公司直招小车司机包吃住可日结无任何费用,6500.0,7000.0,未注明,,0,0,0,0,1,未注明,58同城,2026-09-24 20:55:01
801,410522,安阳县,安阳市,安阳市,安阳,陈先生,直招C1C2驾驶员给公司开车包住宿,6000.0,6500.0,未注明,,0,0,0,0,1,未注明,58同城,2026-09-24 20:55:01
802,410522,安阳县,安阳市,安阳市,安阳,于女士,满16-检测员260/天-免费吃住,7000.0,8000.0,未注明,,0,0,0,0,1,未注明,58同城,2026-09-24 20:55:01
803,410522,安阳县,安阳市,安阳市,安阳-文峰,于女士,满16岁检测员260/天人走账清,7000.0,8000.0,未注明,,0,0,0,0,1,未注明,58同城,2026-09-24 20:55:01
804,410522,安阳县,安阳市,安阳市,安阳-殷都,于女士,满16-检测员260/天人走账清,7000.0,8000.0,未注明,,0,0,0,0,1,未注明,58同城,2026-09-24 20:55:01
805,410522,安阳县,安阳市,安阳市,安阳-文峰,用户22684,文员,3500.0,6000.0,未注明,,0,0,0,0,1,未注明,58同城,2026-09-24 20:55:01
806,410522,安阳县,安阳市,安阳市,殷都-安阳西站,小巷里的笑声,居家审核员早九晚五薪资六千,5000.0,8000.0,未注明,,0,0,0,0,1,未注明,58同城,2026-09-24 20:55:01
807,410522,安阳县,安阳市,安阳市,殷都-安阳西站,悄悄放风筝,居家审核员五险双休作息稳定,5000.0,8000.0,未注明,,0,0,0,0,1,未注明,58同城,2026-09-24 20:55:01
808,410522,安阳县,安阳市,安阳市,安阳,03,线上审核咨询客服246一天,4300.0,7300.0,未注明,,0,0,0,0,1,未注明,58同城,2026-09-24 20:55:01
809,410522,安阳县,安阳市,安阳市,安阳-汤阴,谷女士,服装/业务生产跟单4千起,4000.0,5000.0,学历不限,1.0,0,0,0,1,0,学历不限,58同城,2026-09-24 20:55:01
810,410522,安阳县,安阳市,安阳市,安阳,晃悠悠的风筝,航运普工月1.2万,9000.0,12000.0,未注明,,0,0,0,0,1,未注明,58同城,2026-09-24 20:55:01
811,410522,安阳县,安阳市,安阳市,安阳,张总,对色师傅,10000.0,15000.0,未注明,,0,0,0,0,1,未注明,58同城,2026-09-24 20:55:01
812,410522,安阳县,安阳市,安阳市,安阳,坐秋千的然然,居家信息审核员时间自由无需经验,4000.0,6000.0,未注明,,0,0,0,0,1,未注明,58同城,2026-09-24 20:55:01
813,410523,汤阴县,安阳市,安阳市,安阳-汤阴,梁先生,三角洲行动跑刀（工作时间自由可居家办公）,3000.0,5000.0,学历不限,100.0,0,0,0,1,0,学历不限,58同城,2026-09-24 20:55:26
814,410523,汤阴县,安阳市,安阳市,汤阴-政通大道,Expect,广告业经营部客服专员/助理包住,3000.0,5000.0,未注明,,0,0,0,0,1,未注明,58同城,2026-09-24 20:55:43
815,410523,汤阴县,安阳市,安阳市,安阳-汤阴,货运运输,C本司机-到仓拉货-不装卸纯开车,7500.0,8000.0,未注明,,0,0,0,0,1,未注明,58同城,2026-09-24 20:56:14
816,410523,汤阴县,安阳市,安阳市,汤阴-政通大道,巨龙腾飞保老板A,招日用百货送货C证司机,7000.0,9500.0,学历不限,20.0,0,0,0,1,0,学历不限,58同城,2026-09-24 20:56:14
817,410523,汤阴县,安阳市,安阳市,安阳-汤阴,刘女士,汤阴本地夜班仓库验货员,4000.0,5400.0,中专/中技,1.0,0,0,0,0,0,高中/中专,58同城,2026-09-24 20:56:27
818,410526,滑县,安阳市,安阳市,安阳-滑县,马女士,招滑县配送日用百货不装卸C1司机,6000.0,8000.0,未注明,,0,0,0,0,1,未注明,58同城,2026-09-24 20:56:48
819,410526,滑县,安阳市,安阳市,滑县,袁经理,滑县急招农副产品配送司机不装卸,6500.0,8000.0,未注明,,0,0,0,0,1,未注明,58同城,2026-09-24 20:56:48
820,410526,滑县,安阳市,安阳市,滑县,李先生,物业保安可预支包吃住 小程序,4500.0,5000.0,未注明,,0,0,0,0,1,未注明,58同城,2026-09-24 20:56:48
821,410526,滑县,安阳市,安阳市,滑县,姜女士,急招保安待遇优厚月休可调包吃住稳定上岗,4500.0,5000.0,未注明,,0,0,0,0,1,未注明,58同城,2026-09-24 20:56:48
822,410526,滑县,安阳市,安阳市,滑县,王先生,急招保安待遇优厚包吃住工作轻松稳定环境好,4500.0,5000.0,未注明,,0,0,0,0,1,未注明,58同城,2026-09-24 20:56:48
823,410526,滑县,安阳市,安阳市,滑县-滑县其他,Jui733,台球厅台球助教2000起,2000.0,7000.0,学历不限,,0,0,0,1,0,学历不限,58同城,2026-09-24 20:56:48
824,410526,滑县,安阳市,安阳市,滑县-滑县城区,严老板爱滑雪,网络公司维修/直播职位2000起,2000.0,7500.0,学历不限,,0,0,0,1,0,学历不限,58同城,2026-09-24 20:56:48
825,410526,滑县,安阳市,安阳市,滑县-滑县城区,邵先生,滑县急招外卖员可马上拿钱,7500.0,8500.0,未注明,,0,0,0,0,1,未注明,58同城,2026-09-24 20:56:48
826,410526,滑县,安阳市,安阳市,滑县城区-光洋百货,一笑泯恩仇,食品店员/营业员2000起,2000.0,2500.0,学历不限,1.0,0,0,0,1,0,学历不限,58同城,2026-09-24 20:56:48
827,410526,滑县,安阳市,安阳市,滑县-滑县城区,宋女士,美甲师,2000.0,3500.0,学历不限,,0,0,0,1,0,学历不限,58同城,2026-09-24 20:56:48
828,410526,滑县,安阳市,安阳市,滑县其他-其它,爱鼓励DE万总,滑县杜杰医疗器械贸易有限公司会计/加班补,3000.0,5000.0,未注明,,0,0,0,0,1,未注明,58同城,2026-09-24 20:56:48
829,410526,滑县,安阳市,安阳市,滑县-滑县城区,许女士,青丰外墙装修装饰门市部/店员/2千起,2000.0,3500.0,学历不限,,0,0,0,1,0,学历不限,58同城,2026-09-24 20:56:48
830,410526,滑县,安阳市,安阳市,滑县-滑县其他,招聘专员,安阳敬佩商贸有限公司安装工包住包吃,5000.0,8000.0,未注明,,0,0,0,0,1,未注明,58同城,2026-09-24 20:56:48
831,410526,滑县,安阳市,安阳市,滑县其他-其它,M更伟大聂博士,安阳姜亿新型建材有限公司/短视频运营/2,2500.0,4500.0,学历不限,1.0,0,0,0,1,0,学历不限,58同城,2026-09-24 20:56:48
832,410526,滑县,安阳市,安阳市,安阳-滑县,李女士,急招健身教练新手-包教会,6000.0,12000.0,未注明,,0,0,0,0,1,未注明,58同城,2026-09-24 20:56:48
833,410526,滑县,安阳市,安阳市,滑县-滑县其他,爱游览的姚总,酒吧餐饮收银包住单人间wifi,2000.0,4500.0,未注明,,0,0,0,0,1,未注明,58同城,2026-09-24 20:56:48
834,410526,滑县,安阳市,安阳市,滑县-滑县城区,邵先生,找人送餐月可日结,7500.0,8500.0,未注明,,0,0,0,0,1,未注明,58同城,2026-09-24 20:56:48
835,410526,滑县,安阳市,安阳市,滑县城区-光洋百货,一笑泯恩仇,食品店员/营业员,3000.0,5000.0,学历不限,1.0,0,0,0,1,0,学历不限,58同城,2026-09-24 20:56:48
836,410526,滑县,安阳市,安阳市,滑县-滑县城区,邵先生,送餐员招聘可短期可兼职,8000.0,8500.0,未注明,,0,0,0,0,1,未注明,58同城,2026-09-24 20:56:48
837,410526,滑县,安阳市,安阳市,安阳-滑县,杨先生,急招滑县日用品配送C本不装卸司机,6000.0,8000.0,未注明,,0,0,0,0,1,未注明,58同城,2026-09-24 20:56:48
838,410526,滑县,安阳市,安阳市,滑县其他-其它,陈经理,滑县种子公司诚聘区域销售经理20岁以上,1800.0,8000.0,学历不限,2.0,0,0,0,1,0,学历不限,58同城,2026-09-24 20:56:48
839,410526,滑县,安阳市,安阳市,滑县,陈女士,滑县招司机配送食品不装卸月结,6000.0,8000.0,未注明,,0,0,0,0,1,未注明,58同城,2026-09-24 20:56:48
840,410526,滑县,安阳市,安阳市,滑县-滑县城区,齐先生,滑县吾悦聘洗碗工,2800.0,3500.0,未注明,,0,0,0,0,1,未注明,58同城,2026-09-24 20:56:48
841,410526,滑县,安阳市,安阳市,滑县-滑县其他,洪成强,销售专员,3000.0,4000.0,学历不限,3.0,0,0,0,1,0,学历不限,58同城,2026-09-24 20:56:48
842,410526,滑县,安阳市,安阳市,滑县-滑县其他,洪成强,店面主播,3000.0,4500.0,学历不限,1.0,0,0,0,1,0,学历不限,58同城,2026-09-24 20:56:48
843,410526,滑县,安阳市,安阳市,滑县-滑县其他,洪成强,吾悦广场店招聘验光师有经验优先,3000.0,4000.0,高中,2.0,0,0,0,0,0,高中/中专,58同城,2026-09-24 20:56:48
844,410526,滑县,安阳市,安阳市,滑县,郭先生,蓝牙耳机质检不体检30/时活轻松坐岗,7500.0,8000.0,未注明,,0,0,0,0,1,未注明,58同城,2026-09-24 20:56:48
845,410526,滑县,安阳市,安阳市,滑县城区-市中心,肖先生,电子厂显卡质检包吃住不穿无尘服0元入职,7500.0,8500.0,未注明,,0,0,0,0,1,未注明,58同城,2026-09-24 20:56:48
846,410526,滑县,安阳市,安阳市,滑县城区-市中心,马先生,300一天质检员/坐班/包吃住/4人间,7500.0,8000.0,未注明,,0,0,0,0,1,未注明,58同城,2026-09-24 20:56:48
847,410526,滑县,安阳市,安阳市,滑县-滑县城区,陈女士,诚聘铁路安检地勤人员五险一金上一休一,5000.0,6000.0,未注明,,0,0,0,0,1,未注明,58同城,2026-09-24 20:56:48
848,410526,滑县,安阳市,安阳市,滑县,许女士,五险一金沟通会计,4000.0,6000.0,未注明,,0,0,0,0,1,未注明,58同城,2026-09-24 20:56:52
849,410526,滑县,安阳市,安阳市,安阳-滑县,招聘专员,童鑫学校小学语文老师,2500.0,8000.0,本科,4.0,1,1,0,0,0,大专及以上,58同城,2026-09-24 20:56:52
850,410526,滑县,安阳市,安阳市,安阳-滑县,招聘专员,童鑫学校小学数学老师 小程序,2500.0,8000.0,本科,5.0,1,1,0,0,0,大专及以上,58同城,2026-09-24 20:56:52
851,410526,滑县,安阳市,安阳市,安阳-滑县,招聘专员,区域总监,,,学历不限,,0,0,0,1,0,学历不限,58同城,2026-09-24 20:56:52
852,410526,滑县,安阳市,安阳市,安阳-滑县,招聘专员,市场营销策划,10000.0,30000.0,未注明,,0,0,0,0,1,未注明,58同城,2026-09-24 20:56:52
853,410526,滑县,安阳市,安阳市,安阳,货运运输,C本司机-7千滑县不限男女不限学历,6500.0,7000.0,未注明,,0,0,0,0,1,未注明,58同城,2026-09-24 20:58:05
854,410527,内黄县,安阳市,安阳市,安阳-内黄,招聘专员,内黄县康特医药房/执业药师/2千起,2000.0,4500.0,学历不限,,0,0,0,1,0,学历不限,58同城,2026-09-24 20:59:14
855,410527,内黄县,安阳市,安阳市,安阳-内黄,爱听故事的悠悠,电商文员管理数据双休,5000.0,7000.0,未注明,,0,0,0,0,1,未注明,58同城,2026-09-24 21:00:05
856,410581,林州市,安阳市,安阳市,安阳-林州,马女士,招林州配送汽车配件C1司机不装卸,6000.0,8000.0,未注明,,0,0,0,0,1,未注明,58同城,2026-09-24 21:00:23
857,410581,林州市,安阳市,安阳市,林州-其他,刘先生,林州直招汽车配件配送C证司机不装卸,6000.0,8000.0,未注明,,0,0,0,0,1,未注明,58同城,2026-09-24 21:00:23
858,410581,林州市,安阳市,安阳市,林州,姜女士,急招保安待遇优厚月休可调... 小程序,4500.0,5000.0,未注明,,0,0,0,0,1,未注明,58同城,2026-09-24 21:00:23
859,410581,林州市,安阳市,安阳市,林州,李先生,物业保安可预支包吃住,4500.0,5000.0,未注明,,0,0,0,0,1,未注明,58同城,2026-09-24 21:00:23
860,410581,林州市,安阳市,安阳市,林州,王先生,急招保安待遇优厚包吃住工作轻松稳定环境好,4500.0,5000.0,未注明,,0,0,0,0,1,未注明,58同城,2026-09-24 21:00:23
861,410581,林州市,安阳市,安阳市,林州-城区,招聘专员,服装店店员/营业员3千起,3000.0,6000.0,高中,,0,0,0,0,0,高中/中专,58同城,2026-09-24 21:00:23
862,410581,林州市,安阳市,安阳市,其他-林州其他,欧总要背包,车桥制造厂人事经理/主管2.5k起,5000.0,9000.0,未注明,,0,0,0,0,1,未注明,58同城,2026-09-24 21:00:23
863,410581,林州市,安阳市,安阳市,林州,申先生,6000做饭阿姨包吃包住双休接孩子,4000.0,6000.0,未注明,,0,0,0,0,1,未注明,58同城,2026-09-24 21:00:23
864,410581,林州市,安阳市,安阳市,林州-其他,万吉祥,服务员,2000.0,3000.0,学历不限,,0,0,0,1,0,学历不限,58同城,2026-09-24 21:00:23
865,410581,林州市,安阳市,安阳市,林州-城区,张女士,餐吧服务员包吃住待遇好五险一金,5000.0,6000.0,未注明,,0,0,0,0,1,未注明,58同城,2026-09-24 21:00:23
866,410581,林州市,安阳市,安阳市,其他-采桑镇汽车客运站,王先生,林州化肥厂招C1不装不卸司机趟结，无押金,7500.0,8000.0,学历不限,3.0,0,0,0,1,0,学历不限,58同城,2026-09-24 21:00:23
867,410581,林州市,安阳市,安阳市,林州-城区,侯先生,林州木沁贸易有限公司普工/操作工2000,2000.0,4000.0,学历不限,10.0,0,0,0,1,0,学历不限,58同城,2026-09-24 21:00:23
868,410581,林州市,安阳市,安阳市,林州-城区,AAAA年轻,店员/销售建材有经验优先,3000.0,5000.0,学历不限,2.0,0,0,0,1,0,学历不限,58同城,2026-09-24 21:00:23
869,410581,林州市,安阳市,安阳市,林州-城区,程先生,跟车乘务员包吃住上几修几五险一金,5000.0,6000.0,未注明,,0,0,0,0,1,未注明,58同城,2026-09-24 21:00:23
870,410581,林州市,安阳市,安阳市,城区-太阳国际城市广场,高先生,可接受小白保安可预支工资,4000.0,5000.0,未注明,,0,0,0,0,1,未注明,58同城,2026-09-24 21:00:23
871,410581,林州市,安阳市,安阳市,林州,李女士,急需家政阿姨急用月嫂9800,7000.0,10000.0,未注明,,0,0,0,0,1,未注明,58同城,2026-09-24 21:00:23
872,410581,林州市,安阳市,安阳市,林州-城区,申女士,上机工（五险一金）,4500.0,5000.0,未注明,,0,0,0,0,1,未注明,58同城,2026-09-24 21:00:23
873,410581,林州市,安阳市,安阳市,其他-林州其他,欧总要背包,车桥制造厂质检部长3千起,3000.0,9000.0,大专,,1,0,0,0,0,大专及以上,58同城,2026-09-24 21:00:23
874,410581,林州市,安阳市,安阳市,其他-林州其他,王女士,电工,2100.0,2500.0,未注明,,0,0,0,0,1,未注明,58同城,2026-09-24 21:00:23
875,410581,林州市,安阳市,安阳市,林州-其他,莫小冉,装饰公司网络销售,3000.0,6000.0,未注明,,0,0,0,0,1,未注明,58同城,2026-09-24 21:00:23
876,410581,林州市,安阳市,安阳市,林州-其他,耀飞,汽车行业销售经理/主管3500起,3500.0,9000.0,未注明,,0,0,0,0,1,未注明,58同城,2026-09-24 21:00:23
877,410581,林州市,安阳市,安阳市,林州-其他,杨挺,供销宾馆/小吃厨师包住包吃,3000.0,5000.0,未注明,,0,0,0,0,1,未注明,58同城,2026-09-24 21:00:23
878,410581,林州市,安阳市,安阳市,林州-其他,顽皮淘气_艾博士,包装有限公司内勤文员包吃包住,3000.0,5000.0,未注明,,0,0,0,0,1,未注明,58同城,2026-09-24 21:00:23
879,410581,林州市,安阳市,安阳市,林州-其他,莫小冉,住宅/室内设计3000起,3000.0,10000.0,未注明,,0,0,0,0,1,未注明,58同城,2026-09-24 21:00:23
880,410581,林州市,安阳市,安阳市,林州,王先生,药厂(铁饭碗)招技工日结300一天贴标签,5000.0,12500.0,未注明,,0,0,0,0,1,未注明,58同城,2026-09-24 21:00:23
881,410581,林州市,安阳市,安阳市,林州-城区,常常走神的脑袋,居家审核员双休保底6000,5000.0,8000.0,未注明,,0,0,0,0,1,未注明,58同城,2026-09-24 21:00:23
882,410581,林州市,安阳市,安阳市,林州,肖先生,直给纯开车司机包住宿,5000.0,6000.0,未注明,,0,0,0,0,1,未注明,58同城,2026-09-24 21:00:23
883,410581,林州市,安阳市,安阳市,林州,乔先生,公司直招班车司机周结包住,5500.0,6000.0,未注明,,0,0,0,0,1,未注明,58同城,2026-09-24 21:00:23
884,410581,林州市,安阳市,安阳市,林州-城区,万吉祥,中餐厅砧板厨师包吃免费工服,4500.0,5500.0,未注明,,0,0,0,0,1,未注明,58同城,2026-09-24 21:00:23
885,410581,林州市,安阳市,安阳市,林州,申女士,挡车工（包住有餐费）,4500.0,5000.0,未注明,,0,0,0,0,1,未注明,58同城,2026-09-24 21:00:23
886,410621,浚县,鹤壁市,鹤壁市,鹤壁,宋女士,会展销售浚县,2400.0,8000.0,学历不限,10.0,0,0,0,1,0,学历不限,58同城,2026-09-24 21:04:22
887,410622,淇县,鹤壁市,鹤壁市,鹤壁,货运运输,鹤壁淇县-货运司机-7千打底多干8千,6500.0,7000.0,未注明,,0,0,0,0,1,未注明,58同城,2026-09-24 21:06:28
888,410721,新乡县,新乡市,新乡市,新乡-新乡县,王先生,门窗厂普工/操作工2500起,2500.0,7500.0,学历不限,,0,0,0,1,0,学历不限,58同城,2026-09-24 21:07:14
889,410721,新乡县,新乡市,新乡市,辉县-辉县汽车站,经理,鑫盛模具会计五险一金,3000.0,5500.0,未注明,,0,0,0,0,1,未注明,58同城,2026-09-24 21:07:14
890,410721,新乡县,新乡市,新乡市,红旗-宝龙广场,李女士,富士康直聘普工不压工资 小程序,7000.0,8000.0,未注明,,0,0,0,0,1,未注明,58同城,2026-09-24 21:07:14
891,410721,新乡县,新乡市,新乡市,新乡-红旗,王先生,中控保安提供服装被褥包吃住交五险,4500.0,5000.0,未注明,,0,0,0,0,1,未注明,58同城,2026-09-24 21:07:14
892,410721,新乡县,新乡市,新乡市,新乡-新乡县,郭老师,抖音运营,3000.0,4500.0,学历不限,5.0,0,0,0,1,0,学历不限,58同城,2026-09-24 21:07:14
893,410721,新乡县,新乡市,新乡市,新乡-新乡县,董先生,电竞俱乐部代练/陪玩饭补包住,3000.0,5000.0,未注明,,0,0,0,0,1,未注明,58同城,2026-09-24 21:07:14
894,410721,新乡县,新乡市,新乡市,新乡-牧野,华先生,半导体工厂普工正式工月薪8000提供食宿,5000.0,7000.0,未注明,,0,0,0,0,1,未注明,58同城,2026-09-24 21:07:14
895,410721,新乡县,新乡市,新乡市,红旗-宝龙广场,踮脚看云的阿宁,好旺角休闲娱乐馆店员/营业员3500起,3500.0,6000.0,学历不限,1.0,0,0,0,1,0,学历不限,58同城,2026-09-24 21:07:14
896,410721,新乡县,新乡市,新乡市,新乡,Aluu,洗车工,1000.0,2000.0,未注明,,0,0,0,0,1,未注明,58同城,2026-09-24 21:07:14
897,410721,新乡县,新乡市,新乡市,牧野-定国湖,谭先生,商超/零售店员/营业员2500起,2500.0,5000.0,未注明,,0,0,0,0,1,未注明,58同城,2026-09-24 21:07:14
898,410721,新乡县,新乡市,新乡市,新乡-延津,没谱青年,暖暖靓机汇手机配件经营店店员/营业员3千,3000.0,6000.0,学历不限,1.0,0,0,0,1,0,学历不限,58同城,2026-09-24 21:07:14
899,410721,新乡县,新乡市,新乡市,其他-获嘉,爱赞成的莫师傅,恒馨百货店/电商运营工作时间灵活,3000.0,7000.0,学历不限,,0,0,0,1,0,学历不限,58同城,2026-09-24 21:07:14
900,410721,新乡县,新乡市,新乡市,其他-获嘉,落叶不随风,源鸿电器商行店员/营业员3千起,3000.0,5000.0,未注明,,0,0,0,0,1,未注明,58同城,2026-09-24 21:07:14
901,410721,新乡县,新乡市,新乡市,其他-获嘉,落叶不随风,商超/店员/营业员2500起,2500.0,5000.0,未注明,,0,0,0,0,1,未注明,58同城,2026-09-24 21:07:14
902,410721,新乡县,新乡市,新乡市,新乡-牧野,空压机三滤生产厂家,滤芯厂女工,3000.0,4500.0,未注明,,0,0,0,0,1,未注明,58同城,2026-09-24 21:07:14
903,410721,新乡县,新乡市,新乡市,新乡-牧野,郭保树,促销/导购员2500起,2500.0,4000.0,学历不限,,0,0,0,1,0,学历不限,58同城,2026-09-24 21:07:14
904,410721,新乡县,新乡市,新乡市,其他-其它,用户18246,氩弧焊工,6000.0,9000.0,未注明,,0,0,0,0,1,未注明,58同城,2026-09-24 21:07:14
905,410721,新乡县,新乡市,新乡市,红旗-胖东来,我本善良,东成通讯部店员/营业员2.5k起,2500.0,5000.0,学历不限,,0,0,0,1,0,学历不限,58同城,2026-09-24 21:07:14
906,410721,新乡县,新乡市,新乡市,红旗-胖东来,张,美发师助理,2000.0,3000.0,未注明,,0,0,0,0,1,未注明,58同城,2026-09-24 21:07:14
907,410721,新乡县,新乡市,新乡市,新乡-卫辉,郭先生,鲜肉店销售,2600.0,3200.0,未注明,,0,0,0,0,1,未注明,58同城,2026-09-24 21:07:14
908,410721,新乡县,新乡市,新乡市,新乡-卫滨,王洋,中餐厨师,5000.0,8000.0,未注明,,0,0,0,0,1,未注明,58同城,2026-09-24 21:07:14
909,410721,新乡县,新乡市,新乡市,红旗-宝龙广场,招聘专员,采购专员居家办公轻松岗位,4300.0,4900.0,未注明,,0,0,0,0,1,未注明,58同城,2026-09-24 21:07:14
910,410721,新乡县,新乡市,新乡市,红旗-宝龙广场,爱穿裙子的兔,美甲师,4000.0,6000.0,学历不限,,0,0,0,1,0,学历不限,58同城,2026-09-24 21:07:14
911,410721,新乡县,新乡市,新乡市,红旗-宝龙广场,河南富鑫新材料科技有限公司,视频剪辑/编辑3.5k起,3500.0,4000.0,大专,1.0,1,0,0,0,0,大专及以上,58同城,2026-09-24 21:07:14
912,410721,新乡县,新乡市,新乡市,牧野-定国湖,天德汽修,汽车机修学徒,2000.0,3000.0,未注明,,0,0,0,0,1,未注明,58同城,2026-09-24 21:07:14
913,410721,新乡县,新乡市,新乡市,其他-封丘,捏小脸的温柔,制衣厂缝纫工3k起,3000.0,6000.0,未注明,,0,0,0,0,1,未注明,58同城,2026-09-24 21:07:14
914,410721,新乡县,新乡市,新乡市,其他-原阳,闫女士,缝纫工/缝纫学徒加班补助包住包吃,4000.0,8000.0,未注明,,0,0,0,0,1,未注明,58同城,2026-09-24 21:07:14
915,410721,新乡县,新乡市,新乡市,其他-封丘,招聘专员,家装销售营销员,2000.0,4500.0,未注明,,0,0,0,0,1,未注明,58同城,2026-09-24 21:07:14
916,410721,新乡县,新乡市,新乡市,其他-封丘,郝先生,火锅店餐饮学徒2000起,2000.0,3500.0,学历不限,,0,0,0,1,0,学历不限,58同城,2026-09-24 21:07:14
917,410721,新乡县,新乡市,新乡市,新乡-辉县,用户98122,中餐厨师,5000.0,5500.0,学历不限,,0,0,0,1,0,学历不限,58同城,2026-09-24 21:07:14
918,410721,新乡县,新乡市,新乡市,其他-其它,殷老板爱称赞,网络销售工作时间灵活,4000.0,9500.0,学历不限,100.0,0,0,0,1,0,学历不限,58同城,2026-09-24 21:07:55
919,410721,新乡县,新乡市,新乡市,其他-其它,家庭美肤管家,印刷厂烫金/模切工包住饭... 小程序,5000.0,8000.0,未注明,,0,0,0,0,1,未注明,58同城,2026-09-24 21:07:55
920,410721,新乡县,新乡市,新乡市,其他-其它,用户18246,CAD钣金机械制图员,8000.0,11000.0,未注明,,0,0,0,0,1,未注明,58同城,2026-09-24 21:07:55
921,410721,新乡县,新乡市,新乡市,其他-其它,招聘专员,托管全职老师,3000.0,5000.0,未注明,,0,0,0,0,1,未注明,58同城,2026-09-24 21:07:55
922,410721,新乡县,新乡市,新乡市,新乡-红旗,张先生,跟车餐吧服务员上几休几交社保,5000.0,6000.0,学历不限,8.0,0,0,0,1,0,学历不限,58同城,2026-09-24 21:08:07
923,410721,新乡县,新乡市,新乡市,新乡-牧野,朱先生,急招操作工300一天包吃... 小程序,8000.0,8500.0,未注明,,0,0,0,0,1,未注明,58同城,2026-09-24 21:08:07
924,410721,新乡县,新乡市,新乡市,新乡-新乡县,天道酬勤,化工厂普工/操作工包吃饭补交通补助,5500.0,8500.0,未注明,,0,0,0,0,1,未注明,58同城,2026-09-24 21:08:07
925,410721,新乡县,新乡市,新乡市,新乡-牧野,爱叠纸船的周小舟,企业职工餐厅（主管）,4000.0,4500.0,未注明,,0,0,0,0,1,未注明,58同城,2026-09-24 21:08:07
926,410721,新乡县,新乡市,新乡市,新乡-牧野,唐女士,原谷原麦枫景上东店招聘店员（22-45）,3500.0,5000.0,未注明,,0,0,0,0,1,未注明,58同城,2026-09-24 21:08:07
927,410721,新乡县,新乡市,新乡市,新乡-红旗,唐女士,原谷原麦大学源店招店员（25-45岁）,3500.0,5000.0,未注明,,0,0,0,0,1,未注明,58同城,2026-09-24 21:08:07
928,410721,新乡县,新乡市,新乡市,其他-原阳,你会腻,智能设备厂会计3千起,3000.0,5000.0,大专,,1,0,0,0,0,大专及以上,58同城,2026-09-24 21:08:07
929,410721,新乡县,新乡市,新乡市,其他-其它,家庭美肤管家,印刷厂烫金/模切工包住饭补,5000.0,8000.0,未注明,,0,0,0,0,1,未注明,58同城,2026-09-24 21:08:07
930,410721,新乡县,新乡市,新乡市,新乡,U勇敢坚强时总,在线后勤仓储文职当天入职6k,4000.0,6000.0,未注明,,0,0,0,0,1,未注明,58同城,2026-09-24 21:08:07
931,410721,新乡县,新乡市,新乡市,新乡-新乡县,朱先生,普工硫化工（提供食宿，年终奖，五险）,4000.0,7000.0,未注明,,0,0,0,0,1,未注明,58同城,2026-09-24 21:08:07
932,410721,新乡县,新乡市,新乡市,其他-获嘉,爱赞成的莫师傅,恒馨百货店/国内电商运营/3k起,3000.0,7000.0,学历不限,1.0,0,0,0,1,0,学历不限,58同城,2026-09-24 21:08:07
933,410721,新乡县,新乡市,新乡市,其他-封丘,吴先生,生物科技公司/短视频运营五险周末双休房补,3000.0,5000.0,未注明,,0,0,0,0,1,未注明,58同城,2026-09-24 21:08:07
934,410721,新乡县,新乡市,新乡市,其他-原阳,关女士,16岁以上线束厂普工面试当天住宿舍包吃住,7000.0,7500.0,未注明,,0,0,0,0,1,未注明,58同城,2026-09-24 21:08:07
935,410721,新乡县,新乡市,新乡市,新乡-红旗,平女士,8小时坐班客服（双休/接受应届生）,4000.0,8000.0,未注明,,0,0,0,0,1,未注明,58同城,2026-09-24 21:08:07
936,410721,新乡县,新乡市,新乡市,新乡-其他,李先生,电子厂长期普工270一天非流水线福利多多,6500.0,7500.0,未注明,,0,0,0,0,1,未注明,58同城,2026-09-24 21:08:07
937,410721,新乡县,新乡市,新乡市,其他-获嘉,杨先生,工价高0费用入职坐班白班可选普工,6500.0,7000.0,未注明,,0,0,0,0,1,未注明,58同城,2026-09-24 21:08:07
938,410721,新乡县,新乡市,新乡市,新乡-新乡县,王先生,24/时电子厂急招普工,6000.0,7500.0,未注明,,0,0,0,0,1,未注明,58同城,2026-09-24 21:08:07
939,410721,新乡县,新乡市,新乡市,新乡,李先生,普工300报销路费当天办理入住包吃包住,8000.0,8500.0,未注明,,0,0,0,0,1,未注明,58同城,2026-09-24 21:08:07
940,410721,新乡县,新乡市,新乡市,其他-获嘉,申女士,新产线28/H简单手工活可预支普工,6500.0,7000.0,未注明,,0,0,0,0,1,未注明,58同城,2026-09-24 21:08:07
941,410721,新乡县,新乡市,新乡市,红旗-东站十字,鞠先生,急招常州电子厂普工/操作工包住五险房补,5000.0,7000.0,未注明,,0,0,0,0,1,未注明,58同城,2026-09-24 21:08:07
942,410721,新乡县,新乡市,新乡市,其他-原阳,踩水坑的皮皮,居家审核员包吃住双休岗位,5000.0,8000.0,未注明,,0,0,0,0,1,未注明,58同城,2026-09-24 21:08:07
943,410721,新乡县,新乡市,新乡市,新乡,宋女士,红旗区/牧野区送餐员交保险,5000.0,8000.0,未注明,,0,0,0,0,1,未注明,58同城,2026-09-24 21:08:19
944,410721,新乡县,新乡市,新乡市,新乡,闲逛小巷的悠悠猫,7k登记订单白班文员 小程序,5500.0,6800.0,未注明,,0,0,0,0,1,未注明,58同城,2026-09-24 21:08:19
945,410721,新乡县,新乡市,新乡市,新乡-红旗,孙先生,花纤悦足疗店/礼仪模特包住,5000.0,25000.0,未注明,,0,0,0,0,1,未注明,58同城,2026-09-24 21:08:19
946,410721,新乡县,新乡市,新乡市,新乡-牧野,开心快乐每一天,CNC/数控编程及学徒,3000.0,8000.0,未注明,,0,0,0,0,1,未注明,58同城,2026-09-24 21:08:19
947,410721,新乡县,新乡市,新乡市,新乡-卫滨,用户28328,搓澡培训师,3000.0,5000.0,未注明,,0,0,0,0,1,未注明,58同城,2026-09-24 21:08:19
948,410721,新乡县,新乡市,新乡市,新乡,招聘专员,装载机、推土机、自卸车维修工招聘,8000.0,10000.0,学历不限,1.0,0,0,0,1,0,学历不限,58同城,2026-09-24 21:08:19
949,410721,新乡县,新乡市,新乡市,新乡-牧野,白宏江,机械工程师,5000.0,6000.0,大专,,1,0,0,0,0,大专及以上,58同城,2026-09-24 21:08:19
950,410721,新乡县,新乡市,新乡市,新乡-红旗,孟女士,日薪240普工耳机贴签白班坐岗可预支,7000.0,8000.0,未注明,,0,0,0,0,1,未注明,58同城,2026-09-24 21:08:19
951,410721,新乡县,新乡市,新乡市,新乡-牧野,海阔天空,检验员，加工中心,3500.0,10000.0,未注明,,0,0,0,0,1,未注明,58同城,2026-09-24 21:08:19
952,410721,新乡县,新乡市,新乡市,新乡-牧野,范先生,台球厅/台球助教工作时间灵活,8000.0,10000.0,学历不限,,0,0,0,1,0,学历不限,58同城,2026-09-24 21:08:19
953,410721,新乡县,新乡市,新乡市,新乡-牧野,杨经理,机械设计工程师,8000.0,12000.0,未注明,,0,0,0,0,1,未注明,58同城,2026-09-24 21:08:19
954,410721,新乡县,新乡市,新乡市,新乡-辉县,招聘专员,CNC/数控操作工包住包吃,6000.0,7500.0,未注明,,0,0,0,0,1,未注明,58同城,2026-09-24 21:08:19
955,410721,新乡县,新乡市,新乡市,新乡-牧野,似水流年,数控车床师傅/五险,7000.0,9000.0,未注明,,0,0,0,0,1,未注明,58同城,2026-09-24 21:08:19
956,410721,新乡县,新乡市,新乡市,新乡-原阳,秦先生,CNC操作员,5000.0,8000.0,未注明,,0,0,0,0,1,未注明,58同城,2026-09-24 21:08:19
957,410721,新乡县,新乡市,新乡市,新乡-红旗,齐心MRO,迎旭养生馆/按摩师包住,14500.0,15000.0,未注明,,0,0,0,0,1,未注明,58同城,2026-09-24 21:08:19
958,410721,新乡县,新乡市,新乡市,新乡-红旗,赵彦江,远盛机械制造有限公司/CNC/数控操作工,6000.0,10000.0,学历不限,1.0,0,0,0,1,0,学历不限,58同城,2026-09-24 21:08:19
959,410721,新乡县,新乡市,新乡市,新乡-原阳,爱依靠的甄师傅,食品饮料厂组装/装配工包住包吃,4500.0,6000.0,未注明,,0,0,0,0,1,未注明,58同城,2026-09-24 21:08:19
960,410721,新乡县,新乡市,新乡市,新乡-凤泉,断然_丛师傅,按摩师,10000.0,13500.0,学历不限,,0,0,0,1,0,学历不限,58同城,2026-09-24 21:08:24
961,410721,新乡县,新乡市,新乡市,新乡-红旗,豁朗姜同学E,茶艺师 小程序,2500.0,4500.0,学历不限,,0,0,0,1,0,学历不限,58同城,2026-09-24 21:08:24
962,410721,新乡县,新乡市,新乡市,新乡-牧野,花中仙0,江彬保健服务店/足疗师/3千起,3000.0,5000.0,学历不限,,0,0,0,1,0,学历不限,58同城,2026-09-24 21:08:24
963,410721,新乡县,新乡市,新乡市,新乡-新乡县,蓝图,蓝图机床数控车床师傅6k起加工中心师傅,6000.0,9000.0,学历不限,,0,0,0,1,0,学历不限,58同城,2026-09-24 21:08:24
964,410721,新乡县,新乡市,新乡市,新乡-辉县,招聘专员,利阳机械CNC/数控操作工包吃五险加班补,6000.0,10000.0,未注明,,0,0,0,0,1,未注明,58同城,2026-09-24 21:08:24
965,410721,新乡县,新乡市,新乡市,新乡-卫辉,招聘专员,鑫岩石材加工厂安装工工作时间灵活,5000.0,8000.0,学历不限,,0,0,0,1,0,学历不限,58同城,2026-09-24 21:08:24
966,410721,新乡县,新乡市,新乡市,新乡-辉县,王文秀,舞蹈艺术培训中心/舞蹈老师/3千起,3000.0,4500.0,大专,,1,0,0,0,0,大专及以上,58同城,2026-09-24 21:08:24
967,410721,新乡县,新乡市,新乡市,新乡-卫滨,用户40717,宰鱼工,4500.0,6000.0,未注明,,0,0,0,0,1,未注明,58同城,2026-09-24 21:08:24
968,410721,新乡县,新乡市,新乡市,新乡-红旗,爱收集贝壳的贝贝,搓澡工,6000.0,8000.0,学历不限,,0,0,0,1,0,学历不限,58同城,2026-09-24 21:08:24
969,410721,新乡县,新乡市,新乡市,新乡-牧野,田先生,机械设计/工艺工程师,5000.0,10000.0,未注明,,0,0,0,0,1,未注明,58同城,2026-09-24 21:08:24
970,410721,新乡县,新乡市,新乡市,新乡-牧野,张先生,机械设计/制造,4000.0,5000.0,大专,13.0,1,0,0,0,0,大专及以上,58同城,2026-09-24 21:08:24
971,410721,新乡县,新乡市,新乡市,新乡-红旗,刘先生,新乡招聘采耳按摩师包吃包住月入过万,10000.0,15000.0,未注明,,0,0,0,0,1,未注明,58同城,2026-09-24 21:08:24
972,410721,新乡县,新乡市,新乡市,新乡-牧野,朱先生,急招操作工300一天包吃住坐岗下班拿钱,8000.0,8500.0,未注明,,0,0,0,0,1,未注明,58同城,2026-09-24 21:08:24
973,410721,新乡县,新乡市,新乡市,新乡-牧野,袁女士,娱乐场所收银员3000起,3000.0,3500.0,未注明,,0,0,0,0,1,未注明,58同城,2026-09-24 21:08:24
974,410721,新乡县,新乡市,新乡市,新乡-红旗,爱留恋的莫博士,中餐厅后厨杂工2500起,2500.0,4500.0,未注明,,0,0,0,0,1,未注明,58同城,2026-09-24 21:08:24
975,410721,新乡县,新乡市,新乡市,新乡-凤泉,偷溜去海边,古筝老师,2000.0,2500.0,学历不限,,0,0,0,1,0,学历不限,58同城,2026-09-24 21:08:24
976,410721,新乡县,新乡市,新乡市,新乡-卫辉,哼着歌走路的云云,餐厅餐饮收银/包吃加班补助免费工服,3000.0,4500.0,未注明,,0,0,0,0,1,未注明,58同城,2026-09-24 21:08:24
977,410721,新乡县,新乡市,新乡市,新乡-辉县,招聘专员,诊所口腔医生8000起,8000.0,23000.0,大专,,1,0,0,0,0,大专及以上,58同城,2026-09-24 21:08:24
978,410721,新乡县,新乡市,新乡市,新乡-红旗,符先生,急招数名/按摩师/保底1万起可小白,10000.0,15000.0,学历不限,,0,0,0,1,0,学历不限,58同城,2026-09-24 21:08:24
979,410721,新乡县,新乡市,新乡市,新乡-红旗,胡先生,无基础转行健身教练包吃住,7845.0,14587.0,未注明,,0,0,0,0,1,未注明,58同城,2026-09-24 21:08:24
980,410721,新乡县,新乡市,新乡市,新乡-牧野,安女士,新乡新店开业诚聘芳疗师包吃住,8000.0,15000.0,未注明,,0,0,0,0,1,未注明,58同城,2026-09-24 21:08:24
981,410724,获嘉县,新乡市,新乡市,其他-获嘉,187******86_ptl,财务人员,2000.0,6000.0,未注明,,0,0,0,0,1,未注明,58同城,2026-09-24 21:08:31
982,410724,获嘉县,新乡市,新乡市,其他-获嘉,爱赞成的莫师傅,恒馨百货店/电商运营工作时间灵活,3000.0,7000.0,学历不限,,0,0,0,1,0,学历不限,58同城,2026-09-24 21:08:31
983,410724,获嘉县,新乡市,新乡市,其他-获嘉,落叶不随风,源鸿电器商行店员/营业员... 小程序,3000.0,5000.0,未注明,,0,0,0,0,1,未注明,58同城,2026-09-24 21:08:31
984,410724,获嘉县,新乡市,新乡市,其他-获嘉,落叶不随风,销售专员,3000.0,5000.0,学历不限,,0,0,0,1,0,学历不限,58同城,2026-09-24 21:08:31
985,410724,获嘉县,新乡市,新乡市,其他-获嘉,落叶不随风,商超/店员/营业员2500起,2500.0,5000.0,未注明,,0,0,0,0,1,未注明,58同城,2026-09-24 21:08:31
986,410724,获嘉县,新乡市,新乡市,其他-获嘉,用户13309,豫北厨电卫浴批发/厨电销售员/3千起,3000.0,10000.0,学历不限,,0,0,0,1,0,学历不限,58同城,2026-09-24 21:08:31
987,410724,获嘉县,新乡市,新乡市,其他-获嘉,用户41943,办公室主任,3000.0,5000.0,本科,14.0,1,1,0,0,0,大专及以上,58同城,2026-09-24 21:08:31
988,410724,获嘉县,新乡市,新乡市,其他-获嘉,爱赞成的莫师傅,恒馨百货店/国内电商运营/3k起,3000.0,7000.0,学历不限,1.0,0,0,0,1,0,学历不限,58同城,2026-09-24 21:08:31
989,410724,获嘉县,新乡市,新乡市,其他-获嘉,用户41943,新乡市荣锋材料科技招聘车工,4000.0,5000.0,中专/中技,20.0,0,0,0,0,0,高中/中专,58同城,2026-09-24 21:08:31
990,410724,获嘉县,新乡市,新乡市,其他-获嘉,申女士,新产线28/H简单手工活可预支普工,6500.0,7000.0,未注明,,0,0,0,0,1,未注明,58同城,2026-09-24 21:08:31
991,410724,获嘉县,新乡市,新乡市,其他-获嘉,用户41943,总经理经营管理助理,4000.0,5000.0,本科,20.0,1,1,0,0,0,大专及以上,58同城,2026-09-24 21:08:31
992,410724,获嘉县,新乡市,新乡市,其他-获嘉,杨先生,工价高0费用入职坐班白班可选普工,6500.0,7000.0,未注明,,0,0,0,0,1,未注明,58同城,2026-09-24 21:08:31
993,410724,获嘉县,新乡市,新乡市,其他-获嘉,用户41943,制图员,3000.0,5000.0,本科,14.0,1,1,0,0,0,大专及以上,58同城,2026-09-24 21:08:31
994,410724,获嘉县,新乡市,新乡市,其他-获嘉,安静,长垣上市汽车零部件厂普工月薪七千包吃包住,5000.0,7000.0,未注明,,0,0,0,0,1,未注明,58同城,2026-09-24 21:08:31
995,410724,获嘉县,新乡市,新乡市,新乡-新乡县,王先生,门窗厂普工/操作工2500起,2500.0,7500.0,学历不限,,0,0,0,1,0,学历不限,58同城,2026-09-24 21:08:31
996,410724,获嘉县,新乡市,新乡市,辉县-辉县汽车站,经理,鑫盛模具会计五险一金,3000.0,5500.0,未注明,,0,0,0,0,1,未注明,58同城,2026-09-24 21:08:31
997,410724,获嘉县,新乡市,新乡市,红旗-宝龙广场,李女士,富士康直聘普工不压工资 小程序,7000.0,8000.0,未注明,,0,0,0,0,1,未注明,58同城,2026-09-24 21:08:31
998,410724,获嘉县,新乡市,新乡市,新乡-红旗,王先生,中控保安提供服装被褥包吃住交五险,4500.0,5000.0,未注明,,0,0,0,0,1,未注明,58同城,2026-09-24 21:08:31
999,410724,获嘉县,新乡市,新乡市,新乡-新乡县,郭老师,抖音运营,3000.0,4500.0,学历不限,5.0,0,0,0,1,0,学历不限,58同城,2026-09-24 21:08:31
1000,410724,获嘉县,新乡市,新乡市,新乡-新乡县,董先生,电竞俱乐部代练/陪玩饭补包住,3000.0,5000.0,未注明,,0,0,0,0,1,未注明,58同城,2026-09-24 21:08:31
1001,410724,获嘉县,新乡市,新乡市,新乡-牧野,华先生,半导体工厂普工正式工月薪8000提供食宿,5000.0,7000.0,未注明,,0,0,0,0,1,未注明,58同城,2026-09-24 21:08:31
1002,410724,获嘉县,新乡市,新乡市,红旗-宝龙广场,踮脚看云的阿宁,好旺角休闲娱乐馆店员/营业员3500起,3500.0,6000.0,学历不限,1.0,0,0,0,1,0,学历不限,58同城,2026-09-24 21:08:31
1003,410724,获嘉县,新乡市,新乡市,新乡,Aluu,洗车工,1000.0,2000.0,未注明,,0,0,0,0,1,未注明,58同城,2026-09-24 21:08:31
1004,410724,获嘉县,新乡市,新乡市,牧野-定国湖,谭先生,商超/零售店员/营业员2500起,2500.0,5000.0,未注明,,0,0,0,0,1,未注明,58同城,2026-09-24 21:08:31
1005,410724,获嘉县,新乡市,新乡市,新乡-延津,没谱青年,暖暖靓机汇手机配件经营店店员/营业员3千,3000.0,6000.0,学历不限,1.0,0,0,0,1,0,学历不限,58同城,2026-09-24 21:08:31
1006,410724,获嘉县,新乡市,新乡市,其他-获嘉,落叶不随风,源鸿电器商行店员/营业员3千起,3000.0,5000.0,未注明,,0,0,0,0,1,未注明,58同城,2026-09-24 21:08:31
1007,410724,获嘉县,新乡市,新乡市,新乡-牧野,空压机三滤生产厂家,滤芯厂女工,3000.0,4500.0,未注明,,0,0,0,0,1,未注明,58同城,2026-09-24 21:08:31
1008,410724,获嘉县,新乡市,新乡市,新乡-牧野,郭保树,促销/导购员2500起,2500.0,4000.0,学历不限,,0,0,0,1,0,学历不限,58同城,2026-09-24 21:08:31
1009,410724,获嘉县,新乡市,新乡市,其他-其它,用户18246,氩弧焊工,6000.0,9000.0,未注明,,0,0,0,0,1,未注明,58同城,2026-09-24 21:08:51
1010,410724,获嘉县,新乡市,新乡市,红旗-胖东来,我本善良,东成通讯部店员/营业员2.5k起,2500.0,5000.0,学历不限,,0,0,0,1,0,学历不限,58同城,2026-09-24 21:08:51
1011,410724,获嘉县,新乡市,新乡市,红旗-胖东来,张,美发师助理,2000.0,3000.0,未注明,,0,0,0,0,1,未注明,58同城,2026-09-24 21:08:51
1012,410724,获嘉县,新乡市,新乡市,新乡-卫辉,郭先生,鲜肉店销售,2600.0,3200.0,未注明,,0,0,0,0,1,未注明,58同城,2026-09-24 21:08:51
1013,410724,获嘉县,新乡市,新乡市,新乡-卫滨,王洋,中餐厨师,5000.0,8000.0,未注明,,0,0,0,0,1,未注明,58同城,2026-09-24 21:08:51
1014,410724,获嘉县,新乡市,新乡市,红旗-宝龙广场,招聘专员,采购专员居家办公轻松岗位,4300.0,4900.0,未注明,,0,0,0,0,1,未注明,58同城,2026-09-24 21:08:51
1015,410724,获嘉县,新乡市,新乡市,红旗-宝龙广场,爱穿裙子的兔,美甲师,4000.0,6000.0,学历不限,,0,0,0,1,0,学历不限,58同城,2026-09-24 21:08:51
1016,410724,获嘉县,新乡市,新乡市,红旗-宝龙广场,河南富鑫新材料科技有限公司,视频剪辑/编辑3.5k起,3500.0,4000.0,大专,1.0,1,0,0,0,0,大专及以上,58同城,2026-09-24 21:08:51
1017,410724,获嘉县,新乡市,新乡市,牧野-定国湖,天德汽修,汽车机修学徒,2000.0,3000.0,未注明,,0,0,0,0,1,未注明,58同城,2026-09-24 21:08:51
1018,410724,获嘉县,新乡市,新乡市,其他-封丘,捏小脸的温柔,制衣厂缝纫工3k起,3000.0,6000.0,未注明,,0,0,0,0,1,未注明,58同城,2026-09-24 21:08:51
1019,410724,获嘉县,新乡市,新乡市,其他-原阳,闫女士,缝纫工/缝纫学徒加班补助包住包吃,4000.0,8000.0,未注明,,0,0,0,0,1,未注明,58同城,2026-09-24 21:08:51
1020,410724,获嘉县,新乡市,新乡市,其他-封丘,招聘专员,家装销售营销员,2000.0,4500.0,未注明,,0,0,0,0,1,未注明,58同城,2026-09-24 21:08:51
1021,410724,获嘉县,新乡市,新乡市,其他-封丘,郝先生,火锅店餐饮学徒2000起,2000.0,3500.0,学历不限,,0,0,0,1,0,学历不限,58同城,2026-09-24 21:08:51
1022,410724,获嘉县,新乡市,新乡市,新乡-辉县,用户98122,中餐厨师,5000.0,5500.0,学历不限,,0,0,0,1,0,学历不限,58同城,2026-09-24 21:08:51
1023,410724,获嘉县,新乡市,新乡市,新乡-获嘉,张宇,生产跟单/生产调度员五险包住包吃,2800.0,4600.0,未注明,,0,0,0,0,1,未注明,58同城,2026-09-24 21:10:05
1024,410724,获嘉县,新乡市,新乡市,新乡-红旗,黄女士,获嘉德邦招快递员4K-10K免费工服,4000.0,10000.0,未注明,,0,0,0,0,1,未注明,58同城,2026-09-24 21:11:24
1025,410724,获嘉县,新乡市,新乡市,获嘉-迎宾大道,看蚂蚁的静静,仓库管理包吃住买五险,5000.0,8000.0,未注明,,0,0,0,0,1,未注明,58同城,2026-09-24 21:11:34
1026,410724,获嘉县,新乡市,新乡市,新乡-获嘉,李先生,申通直招配/理/拣/发货,5000.0,6000.0,未注明,,0,0,0,0,1,未注明,58同城,2026-09-24 21:11:34
1027,410725,原阳县,新乡市,新乡市,其他-原阳,闫女士,缝纫工/缝纫学徒加班补助包住包吃,4000.0,8000.0,未注明,,0,0,0,0,1,未注明,58同城,2026-09-24 21:11:48
1028,410725,原阳县,新乡市,新乡市,其他-原阳,代先生,坐班长白班280/天不穿无尘服普工,5500.0,7500.0,未注明,,0,0,0,0,1,未注明,58同城,2026-09-24 21:11:48
1029,410725,原阳县,新乡市,新乡市,其他-原阳,杨先生,16岁以上耳机厂坐班急聘... 小程序,6000.0,7000.0,未注明,,0,0,0,0,1,未注明,58同城,2026-09-24 21:11:48
1030,410725,原阳县,新乡市,新乡市,其他-原阳,晃脑袋的铃,电话销售,3000.0,7000.0,学历不限,,0,0,0,1,0,学历不限,58同城,2026-09-24 21:11:48
1031,410725,原阳县,新乡市,新乡市,其他-原阳,招聘主管,豪宅/家装设计饭补话补,4500.0,10000.0,未注明,,0,0,0,0,1,未注明,58同城,2026-09-24 21:11:48
1032,410725,原阳县,新乡市,新乡市,其他-原阳,踩水坑的皮皮,居家审核员包吃住双休岗位,5000.0,8000.0,未注明,,0,0,0,0,1,未注明,58同城,2026-09-24 21:11:48
1033,410725,原阳县,新乡市,新乡市,其他-原阳,关女士,16岁以上线束厂普工面试当天住宿舍包吃住,7000.0,7500.0,未注明,,0,0,0,0,1,未注明,58同城,2026-09-24 21:11:48
1034,410725,原阳县,新乡市,新乡市,其他-原阳,你会腻,智能设备厂会计3千起,3000.0,5000.0,大专,,1,0,0,0,0,大专及以上,58同城,2026-09-24 21:11:48
1035,410725,原阳县,新乡市,新乡市,新乡-新乡县,王先生,门窗厂普工/操作工2500起,2500.0,7500.0,学历不限,,0,0,0,1,0,学历不限,58同城,2026-09-24 21:11:48
1036,410725,原阳县,新乡市,新乡市,辉县-辉县汽车站,经理,鑫盛模具会计五险一金,3000.0,5500.0,未注明,,0,0,0,0,1,未注明,58同城,2026-09-24 21:11:48
1037,410725,原阳县,新乡市,新乡市,红旗-宝龙广场,李女士,富士康直聘普工不压工资 小程序,7000.0,8000.0,未注明,,0,0,0,0,1,未注明,58同城,2026-09-24 21:11:48
1038,410725,原阳县,新乡市,新乡市,新乡-红旗,王先生,中控保安提供服装被褥包吃住交五险,4500.0,5000.0,未注明,,0,0,0,0,1,未注明,58同城,2026-09-24 21:11:48
1039,410725,原阳县,新乡市,新乡市,新乡-新乡县,郭老师,抖音运营,3000.0,4500.0,学历不限,5.0,0,0,0,1,0,学历不限,58同城,2026-09-24 21:11:48
1040,410725,原阳县,新乡市,新乡市,新乡-新乡县,董先生,电竞俱乐部代练/陪玩饭补包住,3000.0,5000.0,未注明,,0,0,0,0,1,未注明,58同城,2026-09-24 21:11:48
1041,410725,原阳县,新乡市,新乡市,新乡-牧野,华先生,半导体工厂普工正式工月薪8000提供食宿,5000.0,7000.0,未注明,,0,0,0,0,1,未注明,58同城,2026-09-24 21:11:48
1042,410725,原阳县,新乡市,新乡市,红旗-宝龙广场,踮脚看云的阿宁,好旺角休闲娱乐馆店员/营业员3500起,3500.0,6000.0,学历不限,1.0,0,0,0,1,0,学历不限,58同城,2026-09-24 21:11:48
1043,410725,原阳县,新乡市,新乡市,新乡,Aluu,洗车工,1000.0,2000.0,未注明,,0,0,0,0,1,未注明,58同城,2026-09-24 21:11:48
1044,410725,原阳县,新乡市,新乡市,新乡-红旗,佰网优选,超市店员/营业员2500起,2500.0,5000.0,大专,1.0,1,0,0,0,0,大专及以上,58同城,2026-09-24 21:11:48
1045,410725,原阳县,新乡市,新乡市,牧野-定国湖,谭先生,商超/零售店员/营业员2500起,2500.0,5000.0,未注明,,0,0,0,0,1,未注明,58同城,2026-09-24 21:11:48
1046,410725,原阳县,新乡市,新乡市,新乡-延津,没谱青年,暖暖靓机汇手机配件经营店店员/营业员3千,3000.0,6000.0,学历不限,1.0,0,0,0,1,0,学历不限,58同城,2026-09-24 21:11:48
1047,410725,原阳县,新乡市,新乡市,其他-获嘉,爱赞成的莫师傅,恒馨百货店/电商运营工作时间灵活,3000.0,7000.0,学历不限,,0,0,0,1,0,学历不限,58同城,2026-09-24 21:11:48
1048,410725,原阳县,新乡市,新乡市,其他-获嘉,落叶不随风,源鸿电器商行店员/营业员3千起,3000.0,5000.0,未注明,,0,0,0,0,1,未注明,58同城,2026-09-24 21:11:48
1049,410725,原阳县,新乡市,新乡市,其他-获嘉,落叶不随风,商超/店员/营业员2500起,2500.0,5000.0,未注明,,0,0,0,0,1,未注明,58同城,2026-09-24 21:11:48
1050,410725,原阳县,新乡市,新乡市,新乡-牧野,空压机三滤生产厂家,滤芯厂女工,3000.0,4500.0,未注明,,0,0,0,0,1,未注明,58同城,2026-09-24 21:11:48
1051,410725,原阳县,新乡市,新乡市,新乡-牧野,郭保树,促销/导购员2500起,2500.0,4000.0,学历不限,,0,0,0,1,0,学历不限,58同城,2026-09-24 21:11:48
1052,410725,原阳县,新乡市,新乡市,其他-其它,用户18246,氩弧焊工,6000.0,9000.0,未注明,,0,0,0,0,1,未注明,58同城,2026-09-24 21:11:48
1053,410725,原阳县,新乡市,新乡市,红旗-胖东来,张,美发师助理,2000.0,3000.0,未注明,,0,0,0,0,1,未注明,58同城,2026-09-24 21:11:48
1054,410725,原阳县,新乡市,新乡市,红旗-胖东来,我本善良,东成通讯部店员/营业员2.5k起,2500.0,5000.0,学历不限,,0,0,0,1,0,学历不限,58同城,2026-09-24 21:11:48
1055,410725,原阳县,新乡市,新乡市,新乡-卫辉,郭先生,鲜肉店销售,2600.0,3200.0,未注明,,0,0,0,0,1,未注明,58同城,2026-09-24 21:11:48
1056,410725,原阳县,新乡市,新乡市,新乡-卫滨,王洋,中餐厨师,5000.0,8000.0,未注明,,0,0,0,0,1,未注明,58同城,2026-09-24 21:11:48
1057,410725,原阳县,新乡市,新乡市,红旗-宝龙广场,招聘专员,采购专员居家办公轻松岗位,4300.0,4900.0,未注明,,0,0,0,0,1,未注明,58同城,2026-09-24 21:11:53
1058,410725,原阳县,新乡市,新乡市,红旗-宝龙广场,爱穿裙子的兔,美甲师,4000.0,6000.0,学历不限,,0,0,0,1,0,学历不限,58同城,2026-09-24 21:11:53
1059,410725,原阳县,新乡市,新乡市,红旗-宝龙广场,河南富鑫新材料科技有限公司,视频剪辑/编辑3.5k起,3500.0,4000.0,大专,1.0,1,0,0,0,0,大专及以上,58同城,2026-09-24 21:11:53
1060,410725,原阳县,新乡市,新乡市,牧野-定国湖,天德汽修,汽车机修学徒,2000.0,3000.0,未注明,,0,0,0,0,1,未注明,58同城,2026-09-24 21:11:53
1061,410725,原阳县,新乡市,新乡市,其他-封丘,捏小脸的温柔,制衣厂缝纫工3k起,3000.0,6000.0,未注明,,0,0,0,0,1,未注明,58同城,2026-09-24 21:11:53
1062,410725,原阳县,新乡市,新乡市,其他-封丘,招聘专员,家装销售营销员,2000.0,4500.0,未注明,,0,0,0,0,1,未注明,58同城,2026-09-24 21:11:53
1063,410725,原阳县,新乡市,新乡市,其他-封丘,郝先生,火锅店餐饮学徒2000起,2000.0,3500.0,学历不限,,0,0,0,1,0,学历不限,58同城,2026-09-24 21:11:53
1064,410725,原阳县,新乡市,新乡市,新乡-原阳,秦先生,CNC操作员,5000.0,8000.0,未注明,,0,0,0,0,1,未注明,58同城,2026-09-24 21:14:31
1065,410725,原阳县,新乡市,新乡市,原阳-黄河大道,胡老板,招商,8000.0,29500.0,学历不限,20.0,0,0,0,1,0,学历不限,58同城,2026-09-24 21:15:12
1066,410726,延津县,新乡市,新乡市,新乡-新乡县,王先生,门窗厂普工/操作工2500起,2500.0,7500.0,学历不限,,0,0,0,1,0,学历不限,58同城,2026-09-24 21:57:39
1067,410726,延津县,新乡市,新乡市,辉县-辉县汽车站,经理,鑫盛模具会计五险一金,3000.0,5500.0,未注明,,0,0,0,0,1,未注明,58同城,2026-09-24 21:57:39
1068,410726,延津县,新乡市,新乡市,红旗-宝龙广场,李女士,富士康直聘普工不压工资 小程序,7000.0,8000.0,未注明,,0,0,0,0,1,未注明,58同城,2026-09-24 21:57:39
1069,410726,延津县,新乡市,新乡市,新乡-新乡县,董先生,电竞俱乐部代练/陪玩饭补包住,3000.0,5000.0,未注明,,0,0,0,0,1,未注明,58同城,2026-09-24 21:57:39
1070,410726,延津县,新乡市,新乡市,新乡-新乡县,郭老师,抖音运营,3000.0,4500.0,学历不限,5.0,0,0,0,1,0,学历不限,58同城,2026-09-24 21:57:39
1071,410726,延津县,新乡市,新乡市,新乡-红旗,王先生,中控保安提供服装被褥包吃住交五险,4500.0,5000.0,未注明,,0,0,0,0,1,未注明,58同城,2026-09-24 21:57:39
1072,410726,延津县,新乡市,新乡市,红旗-宝龙广场,踮脚看云的阿宁,好旺角休闲娱乐馆店员/营业员3500起,3500.0,6000.0,学历不限,1.0,0,0,0,1,0,学历不限,58同城,2026-09-24 21:57:39
1073,410726,延津县,新乡市,新乡市,新乡-牧野,华先生,半导体工厂普工正式工月薪8000提供食宿,5000.0,7000.0,未注明,,0,0,0,0,1,未注明,58同城,2026-09-24 21:57:39
1074,410726,延津县,新乡市,新乡市,新乡,Aluu,洗车工,1000.0,2000.0,未注明,,0,0,0,0,1,未注明,58同城,2026-09-24 21:57:39
1075,410726,延津县,新乡市,新乡市,牧野-定国湖,谭先生,商超/零售店员/营业员2500起,2500.0,5000.0,未注明,,0,0,0,0,1,未注明,58同城,2026-09-24 21:57:39
1076,410726,延津县,新乡市,新乡市,新乡-延津,没谱青年,暖暖靓机汇手机配件经营店店员/营业员3千,3000.0,6000.0,学历不限,1.0,0,0,0,1,0,学历不限,58同城,2026-09-24 21:57:39
1077,410726,延津县,新乡市,新乡市,其他-获嘉,爱赞成的莫师傅,恒馨百货店/电商运营工作时间灵活,3000.0,7000.0,学历不限,,0,0,0,1,0,学历不限,58同城,2026-09-24 21:57:39
1078,410726,延津县,新乡市,新乡市,其他-获嘉,落叶不随风,源鸿电器商行店员/营业员3千起,3000.0,5000.0,未注明,,0,0,0,0,1,未注明,58同城,2026-09-24 21:57:39
1079,410726,延津县,新乡市,新乡市,新乡-牧野,郭保树,促销/导购员2500起,2500.0,4000.0,学历不限,,0,0,0,1,0,学历不限,58同城,2026-09-24 21:57:39
1080,410726,延津县,新乡市,新乡市,其他-获嘉,落叶不随风,商超/店员/营业员2500起,2500.0,5000.0,未注明,,0,0,0,0,1,未注明,58同城,2026-09-24 21:57:39
1081,410726,延津县,新乡市,新乡市,新乡-牧野,空压机三滤生产厂家,滤芯厂女工,3000.0,4500.0,未注明,,0,0,0,0,1,未注明,58同城,2026-09-24 21:57:39
1082,410726,延津县,新乡市,新乡市,其他-其它,用户18246,氩弧焊工,6000.0,9000.0,未注明,,0,0,0,0,1,未注明,58同城,2026-09-24 21:57:39
1083,410726,延津县,新乡市,新乡市,红旗-胖东来,我本善良,东成通讯部店员/营业员2.5k起,2500.0,5000.0,学历不限,,0,0,0,1,0,学历不限,58同城,2026-09-24 21:57:39
1084,410726,延津县,新乡市,新乡市,红旗-胖东来,张,美发师助理,2000.0,3000.0,未注明,,0,0,0,0,1,未注明,58同城,2026-09-24 21:57:39
1085,410726,延津县,新乡市,新乡市,新乡-卫辉,郭先生,鲜肉店销售,2600.0,3200.0,未注明,,0,0,0,0,1,未注明,58同城,2026-09-24 21:57:39
1086,410726,延津县,新乡市,新乡市,新乡-卫滨,王洋,中餐厨师,5000.0,8000.0,未注明,,0,0,0,0,1,未注明,58同城,2026-09-24 21:57:39
1087,410726,延津县,新乡市,新乡市,红旗-宝龙广场,招聘专员,采购专员居家办公轻松岗位,4300.0,4900.0,未注明,,0,0,0,0,1,未注明,58同城,2026-09-24 21:57:39
1088,410726,延津县,新乡市,新乡市,红旗-宝龙广场,爱穿裙子的兔,美甲师,4000.0,6000.0,学历不限,,0,0,0,1,0,学历不限,58同城,2026-09-24 21:57:39
1089,410726,延津县,新乡市,新乡市,红旗-宝龙广场,河南富鑫新材料科技有限公司,视频剪辑/编辑3.5k起,3500.0,4000.0,大专,1.0,1,0,0,0,0,大专及以上,58同城,2026-09-24 21:57:39
1090,410726,延津县,新乡市,新乡市,牧野-定国湖,天德汽修,汽车机修学徒,2000.0,3000.0,未注明,,0,0,0,0,1,未注明,58同城,2026-09-24 21:57:39
1091,410726,延津县,新乡市,新乡市,其他-封丘,捏小脸的温柔,制衣厂缝纫工3k起,3000.0,6000.0,未注明,,0,0,0,0,1,未注明,58同城,2026-09-24 21:57:39
1092,410726,延津县,新乡市,新乡市,其他-原阳,闫女士,缝纫工/缝纫学徒加班补助包住包吃,4000.0,8000.0,未注明,,0,0,0,0,1,未注明,58同城,2026-09-24 21:57:39
1093,410726,延津县,新乡市,新乡市,其他-封丘,招聘专员,家装销售营销员,2000.0,4500.0,未注明,,0,0,0,0,1,未注明,58同城,2026-09-24 21:57:39
1094,410726,延津县,新乡市,新乡市,其他-封丘,郝先生,火锅店餐饮学徒2000起,2000.0,3500.0,学历不限,,0,0,0,1,0,学历不限,58同城,2026-09-24 21:57:39
1095,410726,延津县,新乡市,新乡市,新乡-辉县,用户98122,中餐厨师,5000.0,5500.0,学历不限,,0,0,0,1,0,学历不限,58同城,2026-09-24 21:57:39
1096,410726,延津县,新乡市,新乡市,新乡-延津,阔达de毕博士,河南节诺板业有限公司/税务/5千起,5000.0,7000.0,大专,1.0,1,0,0,0,0,大专及以上,58同城,2026-09-24 21:58:35
1097,410726,延津县,新乡市,新乡市,新乡-延津,周先生,A2司机（新乡）,10000.0,11000.0,学历不限,10.0,0,0,0,1,0,学历不限,58同城,2026-09-24 21:59:06
1098,410726,延津县,新乡市,新乡市,新乡-延津,圆通新乡人事,新乡市圆通速递有限公司装车工五险包吃包住,6000.0,7000.0,未注明,,0,0,0,0,1,未注明,58同城,2026-09-24 21:59:37
1099,410726,延津县,新乡市,新乡市,延津-建设路,幸运的戚博士,网络工程师,3500.0,6000.0,高中,,0,0,0,0,0,高中/中专,58同城,2026-09-24 21:59:49
1100,410726,延津县,新乡市,新乡市,延津县,,恩佳食品销售店·美食 服务区域：卫滨、延津,,,未注明,,0,0,0,0,1,未注明,58同城,2026-09-24 22:00:50
1101,410727,封丘县,新乡市,新乡市,新乡-新乡县,王先生,门窗厂普工/操作工2500起,2500.0,7500.0,学历不限,,0,0,0,1,0,学历不限,58同城,2026-09-24 22:01:07
1102,410727,封丘县,新乡市,新乡市,辉县-辉县汽车站,经理,鑫盛模具会计五险一金,3000.0,5500.0,未注明,,0,0,0,0,1,未注明,58同城,2026-09-24 22:01:07
1103,410727,封丘县,新乡市,新乡市,红旗-宝龙广场,李女士,富士康直聘普工不压工资 小程序,7000.0,8000.0,未注明,,0,0,0,0,1,未注明,58同城,2026-09-24 22:01:07
1104,410727,封丘县,新乡市,新乡市,新乡-新乡县,董先生,电竞俱乐部代练/陪玩饭补包住,3000.0,5000.0,未注明,,0,0,0,0,1,未注明,58同城,2026-09-24 22:01:07
1105,410727,封丘县,新乡市,新乡市,新乡-新乡县,郭老师,抖音运营,3000.0,4500.0,学历不限,5.0,0,0,0,1,0,学历不限,58同城,2026-09-24 22:01:07
1106,410727,封丘县,新乡市,新乡市,新乡-红旗,王先生,中控保安提供服装被褥包吃住交五险,4500.0,5000.0,未注明,,0,0,0,0,1,未注明,58同城,2026-09-24 22:01:07
1107,410727,封丘县,新乡市,新乡市,红旗-宝龙广场,踮脚看云的阿宁,好旺角休闲娱乐馆店员/营业员3500起,3500.0,6000.0,学历不限,1.0,0,0,0,1,0,学历不限,58同城,2026-09-24 22:01:07
1108,410727,封丘县,新乡市,新乡市,新乡-牧野,华先生,半导体工厂普工正式工月薪8000提供食宿,5000.0,7000.0,未注明,,0,0,0,0,1,未注明,58同城,2026-09-24 22:01:07
1109,410727,封丘县,新乡市,新乡市,新乡,Aluu,洗车工,1000.0,2000.0,未注明,,0,0,0,0,1,未注明,58同城,2026-09-24 22:01:07
1110,410727,封丘县,新乡市,新乡市,牧野-定国湖,谭先生,商超/零售店员/营业员2500起,2500.0,5000.0,未注明,,0,0,0,0,1,未注明,58同城,2026-09-24 22:01:07
1111,410727,封丘县,新乡市,新乡市,新乡-延津,没谱青年,暖暖靓机汇手机配件经营店店员/营业员3千,3000.0,6000.0,学历不限,1.0,0,0,0,1,0,学历不限,58同城,2026-09-24 22:01:07
1112,410727,封丘县,新乡市,新乡市,新乡-红旗,佰网优选,超市店员/营业员2500起,2500.0,5000.0,大专,1.0,1,0,0,0,0,大专及以上,58同城,2026-09-24 22:01:07
1113,410727,封丘县,新乡市,新乡市,其他-获嘉,爱赞成的莫师傅,恒馨百货店/电商运营工作时间灵活,3000.0,7000.0,学历不限,,0,0,0,1,0,学历不限,58同城,2026-09-24 22:01:07
1114,410727,封丘县,新乡市,新乡市,其他-获嘉,落叶不随风,源鸿电器商行店员/营业员3千起,3000.0,5000.0,未注明,,0,0,0,0,1,未注明,58同城,2026-09-24 22:01:07
1115,410727,封丘县,新乡市,新乡市,新乡-牧野,郭保树,促销/导购员2500起,2500.0,4000.0,学历不限,,0,0,0,1,0,学历不限,58同城,2026-09-24 22:01:07
1116,410727,封丘县,新乡市,新乡市,其他-获嘉,落叶不随风,商超/店员/营业员2500起,2500.0,5000.0,未注明,,0,0,0,0,1,未注明,58同城,2026-09-24 22:01:07
1117,410727,封丘县,新乡市,新乡市,新乡-牧野,空压机三滤生产厂家,滤芯厂女工,3000.0,4500.0,未注明,,0,0,0,0,1,未注明,58同城,2026-09-24 22:01:07
1118,410727,封丘县,新乡市,新乡市,其他-其它,用户18246,氩弧焊工,6000.0,9000.0,未注明,,0,0,0,0,1,未注明,58同城,2026-09-24 22:01:07
1119,410727,封丘县,新乡市,新乡市,红旗-胖东来,我本善良,东成通讯部店员/营业员2.5k起,2500.0,5000.0,学历不限,,0,0,0,1,0,学历不限,58同城,2026-09-24 22:01:07
1120,410727,封丘县,新乡市,新乡市,红旗-胖东来,张,美发师助理,2000.0,3000.0,未注明,,0,0,0,0,1,未注明,58同城,2026-09-24 22:01:07
1121,410727,封丘县,新乡市,新乡市,新乡-卫辉,郭先生,鲜肉店销售,2600.0,3200.0,未注明,,0,0,0,0,1,未注明,58同城,2026-09-24 22:01:07
1122,410727,封丘县,新乡市,新乡市,新乡-卫滨,王洋,中餐厨师,5000.0,8000.0,未注明,,0,0,0,0,1,未注明,58同城,2026-09-24 22:01:07
1123,410727,封丘县,新乡市,新乡市,红旗-宝龙广场,招聘专员,采购专员居家办公轻松岗位,4300.0,4900.0,未注明,,0,0,0,0,1,未注明,58同城,2026-09-24 22:01:07
1124,410727,封丘县,新乡市,新乡市,红旗-宝龙广场,爱穿裙子的兔,美甲师,4000.0,6000.0,学历不限,,0,0,0,1,0,学历不限,58同城,2026-09-24 22:01:07
1125,410727,封丘县,新乡市,新乡市,红旗-宝龙广场,河南富鑫新材料科技有限公司,视频剪辑/编辑3.5k起,3500.0,4000.0,大专,1.0,1,0,0,0,0,大专及以上,58同城,2026-09-24 22:01:07
1126,410727,封丘县,新乡市,新乡市,牧野-定国湖,天德汽修,汽车机修学徒,2000.0,3000.0,未注明,,0,0,0,0,1,未注明,58同城,2026-09-24 22:01:07
1127,410727,封丘县,新乡市,新乡市,其他-封丘,捏小脸的温柔,制衣厂缝纫工3k起,3000.0,6000.0,未注明,,0,0,0,0,1,未注明,58同城,2026-09-24 22:01:07
1128,410727,封丘县,新乡市,新乡市,其他-原阳,闫女士,缝纫工/缝纫学徒加班补助包住包吃,4000.0,8000.0,未注明,,0,0,0,0,1,未注明,58同城,2026-09-24 22:01:07
1129,410727,封丘县,新乡市,新乡市,其他-封丘,招聘专员,家装销售营销员,2000.0,4500.0,未注明,,0,0,0,0,1,未注明,58同城,2026-09-24 22:01:07
1130,410727,封丘县,新乡市,新乡市,其他-封丘,郝先生,火锅店餐饮学徒2000起,2000.0,3500.0,学历不限,,0,0,0,1,0,学历不限,58同城,2026-09-24 22:01:07
1131,410727,封丘县,新乡市,新乡市,封丘-黄池路,贾先生,养生馆推拿按摩师包住包吃（女士优先）,2000.0,3000.0,未注明,,0,0,0,0,1,未注明,58同城,2026-09-24 22:03:34
1132,410727,封丘县,新乡市,新乡市,封丘-黄池路,霍同学想联欢,美容师,1500.0,3000.0,学历不限,,0,0,0,1,0,学历不限,58同城,2026-09-24 22:03:34
1133,410727,封丘县,新乡市,新乡市,新乡-封丘,月亮船轻轻晃,足疗师,5000.0,8000.0,学历不限,,0,0,0,1,0,学历不限,58同城,2026-09-24 22:03:38
1134,410727,封丘县,新乡市,新乡市,封丘县,,恩佳食品销售店·外卖 服务区域：封丘、延津,,,未注明,,0,0,0,0,1,未注明,58同城,2026-09-24 22:03:59
1135,410781,卫辉市,新乡市,新乡市,新乡-卫辉,六六,新乡直聘C1冷链物流货车司机不装不卸,9500.0,11500.0,学历不限,8.0,0,0,0,1,0,学历不限,58同城,2026-09-24 22:04:16
1136,410781,卫辉市,新乡市,新乡市,卫辉-华洋广场,爱吃肉DE和老板,灯具店售前客服2200起,2200.0,2700.0,学历不限,1.0,0,0,0,1,0,学历不限,58同城,2026-09-24 22:04:16
1137,410781,卫辉市,新乡市,新乡市,新乡-卫辉,哼着歌的阿调,诚聘铁路安检地勤人员五险... 小程序,5000.0,6000.0,未注明,,0,0,0,0,1,未注明,58同城,2026-09-24 22:04:16
1138,410781,卫辉市,新乡市,新乡市,新乡-卫辉,殷亚宏,宏大农牧设备有限公司国内电商运营饭补话补,3000.0,8000.0,未注明,,0,0,0,0,1,未注明,58同城,2026-09-24 22:04:16
1139,410781,卫辉市,新乡市,新乡市,卫辉-华洋广场,哼着歌的糖糖,火锅店后厨,3000.0,5000.0,学历不限,,0,0,0,1,0,学历不限,58同城,2026-09-24 22:04:16
1140,410781,卫辉市,新乡市,新乡市,新乡-卫辉,郭先生,鲜肉店销售,2600.0,3200.0,未注明,,0,0,0,0,1,未注明,58同城,2026-09-24 22:04:16
1141,410781,卫辉市,新乡市,新乡市,卫辉-华洋广场,哼着歌的糖糖,火锅店洗碗工2500起,2500.0,4500.0,学历不限,,0,0,0,1,0,学历不限,58同城,2026-09-24 22:04:16
1142,410781,卫辉市,新乡市,新乡市,新乡-卫辉,NGPno_852,促销/导购员,2500.0,4500.0,未注明,,0,0,0,0,1,未注明,58同城,2026-09-24 22:04:16
1143,410781,卫辉市,新乡市,新乡市,新乡-卫辉,晋总想嚷嚷,养老院护工/护理工资面议,2500.0,3000.0,学历不限,,0,0,0,1,0,学历不限,58同城,2026-09-24 22:04:16
1144,410781,卫辉市,新乡市,新乡市,卫辉-华洋广场,任女士,发单员,4000.0,9000.0,学历不限,15.0,0,0,0,1,0,学历不限,58同城,2026-09-24 22:04:16
1145,410781,卫辉市,新乡市,新乡市,新乡-卫辉,招聘专员,鑫岩石材加工厂安装工工作时间灵活,5000.0,8000.0,学历不限,,0,0,0,1,0,学历不限,58同城,2026-09-24 22:04:16
1146,410781,卫辉市,新乡市,新乡市,新乡-卫辉,招聘专员,食品工厂面点研发5000起,4500.0,5000.0,学历不限,2.0,0,0,0,1,0,学历不限,58同城,2026-09-24 22:04:16
1147,410781,卫辉市,新乡市,新乡市,卫辉-华洋广场,阿昱,销售顾问,3000.0,5000.0,学历不限,1.0,0,0,0,1,0,学历不限,58同城,2026-09-24 22:04:16
1148,410781,卫辉市,新乡市,新乡市,新乡-卫辉,弘博轨道H3,急聘铁路安检地勤上一休一免费食宿五险一金,5500.0,6000.0,未注明,,0,0,0,0,1,未注明,58同城,2026-09-24 22:04:16
1149,410781,卫辉市,新乡市,新乡市,新乡-卫辉,果果糖,子正美术培训有限公司/美术老师/2500,2500.0,4500.0,本科,,1,1,0,0,0,大专及以上,58同城,2026-09-24 22:04:16
1150,410781,卫辉市,新乡市,新乡市,新乡-卫辉,哼着歌走路的云云,餐厅餐饮收银/包吃加班补助免费工服,3000.0,4500.0,未注明,,0,0,0,0,1,未注明,58同城,2026-09-24 22:04:16
1151,410781,卫辉市,新乡市,新乡市,新乡-卫辉,徐先生,停车场不收手机自由岗保安,4500.0,5000.0,未注明,,0,0,0,0,1,未注明,58同城,2026-09-24 22:04:16
1152,410781,卫辉市,新乡市,新乡市,新乡-卫辉,爱听故事的悠悠,办公文员早九晚六仓库双休,5000.0,7000.0,未注明,,0,0,0,0,1,未注明,58同城,2026-09-24 22:04:16
1153,410781,卫辉市,新乡市,新乡市,新乡-卫辉,张德君,饲养员,4000.0,5000.0,未注明,,0,0,0,0,1,未注明,58同城,2026-09-24 22:04:16
1154,410781,卫辉市,新乡市,新乡市,卫辉-华洋广场,李女士,包吃住保安不收费可预支,5100.0,6100.0,未注明,,0,0,0,0,1,未注明,58同城,2026-09-24 22:04:16
1155,410781,卫辉市,新乡市,新乡市,新乡-卫辉,用户17490,汽配厂日薪240一天包吃包住月入7000,5500.0,7000.0,未注明,,0,0,0,0,1,未注明,58同城,2026-09-24 22:04:16
1156,410781,卫辉市,新乡市,新乡市,新乡-卫辉,李女士,急招健身教练新手-包教会,6000.0,12000.0,未注明,,0,0,0,0,1,未注明,58同城,2026-09-24 22:04:16
1157,410781,卫辉市,新乡市,新乡市,新乡-卫辉,张女士,长白班恒温车间普工站坐自由,5000.0,7500.0,未注明,,0,0,0,0,1,未注明,58同城,2026-09-24 22:04:16
1158,410781,卫辉市,新乡市,新乡市,新乡-卫辉,段女士,卫辉本地86纯接听客服，休6天,3000.0,8000.0,未注明,,0,0,0,0,1,未注明,58同城,2026-09-24 22:04:16
1159,410781,卫辉市,新乡市,新乡市,新乡-卫辉,张先生,高档小区保安室内可带手机,4500.0,5000.0,未注明,,0,0,0,0,1,未注明,58同城,2026-09-24 22:04:16
1160,410781,卫辉市,新乡市,新乡市,新乡-卫辉,走在云朵上的小脚,卫辉C本司机8k起送冻品百货不装不卸,8000.0,11500.0,学历不限,5.0,0,0,0,1,0,学历不限,58同城,2026-09-24 22:04:16
1161,410781,卫辉市,新乡市,新乡市,新乡-卫辉,招聘主管,卫辉6小时装卸,3000.0,4500.0,学历不限,10.0,0,0,0,1,0,学历不限,58同城,2026-09-24 22:04:16
1162,410781,卫辉市,新乡市,新乡市,新乡-卫辉,申女士,急招C1冷藏车司机不装卸趟结,5500.0,9000.0,未注明,,0,0,0,0,1,未注明,58同城,2026-09-24 22:04:16
1163,410781,卫辉市,新乡市,新乡市,新乡-卫辉,陈先生,室内保安有空调可带朋友,4500.0,5000.0,未注明,,0,0,0,0,1,未注明,58同城,2026-09-24 22:04:16
1164,410781,卫辉市,新乡市,新乡市,新乡-卫辉,巨龙腾飞保老板A,招日用百货送货C证司机,7500.0,9500.0,学历不限,20.0,0,0,0,1,0,学历不限,58同城,2026-09-24 22:04:16
1165,410781,卫辉市,新乡市,新乡市,新乡-新乡县,王先生,门窗厂普工/操作工2500起,2500.0,7500.0,学历不限,,0,0,0,1,0,学历不限,58同城,2026-09-24 22:04:19
1166,410781,卫辉市,新乡市,新乡市,辉县-辉县汽车站,经理,鑫盛模具会计五险一金,3000.0,5500.0,未注明,,0,0,0,0,1,未注明,58同城,2026-09-24 22:04:19
1167,410781,卫辉市,新乡市,新乡市,红旗-宝龙广场,李女士,富士康直聘普工不压工资 小程序,7000.0,8000.0,未注明,,0,0,0,0,1,未注明,58同城,2026-09-24 22:04:19
1168,410781,卫辉市,新乡市,新乡市,新乡-新乡县,董先生,电竞俱乐部代练/陪玩饭补包住,3000.0,5000.0,未注明,,0,0,0,0,1,未注明,58同城,2026-09-24 22:04:19
1169,410781,卫辉市,新乡市,新乡市,新乡-新乡县,郭老师,抖音运营,3000.0,4500.0,学历不限,5.0,0,0,0,1,0,学历不限,58同城,2026-09-24 22:04:19
1170,410781,卫辉市,新乡市,新乡市,新乡-红旗,王先生,中控保安提供服装被褥包吃住交五险,4500.0,5000.0,未注明,,0,0,0,0,1,未注明,58同城,2026-09-24 22:04:19
1171,410781,卫辉市,新乡市,新乡市,红旗-宝龙广场,踮脚看云的阿宁,好旺角休闲娱乐馆店员/营业员3500起,3500.0,6000.0,学历不限,1.0,0,0,0,1,0,学历不限,58同城,2026-09-24 22:04:19
1172,410781,卫辉市,新乡市,新乡市,新乡-牧野,华先生,半导体工厂普工正式工月薪8000提供食宿,5000.0,7000.0,未注明,,0,0,0,0,1,未注明,58同城,2026-09-24 22:04:19
1173,410781,卫辉市,新乡市,新乡市,新乡,Aluu,洗车工,1000.0,2000.0,未注明,,0,0,0,0,1,未注明,58同城,2026-09-24 22:04:19
1174,410781,卫辉市,新乡市,新乡市,牧野-定国湖,谭先生,商超/零售店员/营业员2500起,2500.0,5000.0,未注明,,0,0,0,0,1,未注明,58同城,2026-09-24 22:04:19
1175,410781,卫辉市,新乡市,新乡市,新乡-延津,没谱青年,暖暖靓机汇手机配件经营店店员/营业员3千,3000.0,6000.0,学历不限,1.0,0,0,0,1,0,学历不限,58同城,2026-09-24 22:04:19
1176,410781,卫辉市,新乡市,新乡市,新乡-红旗,佰网优选,超市店员/营业员2500起,2500.0,5000.0,大专,1.0,1,0,0,0,0,大专及以上,58同城,2026-09-24 22:04:19
1177,410781,卫辉市,新乡市,新乡市,其他-获嘉,爱赞成的莫师傅,恒馨百货店/电商运营工作时间灵活,3000.0,7000.0,学历不限,,0,0,0,1,0,学历不限,58同城,2026-09-24 22:04:19
1178,410781,卫辉市,新乡市,新乡市,其他-获嘉,落叶不随风,源鸿电器商行店员/营业员3千起,3000.0,5000.0,未注明,,0,0,0,0,1,未注明,58同城,2026-09-24 22:04:19
1179,410781,卫辉市,新乡市,新乡市,新乡-牧野,空压机三滤生产厂家,滤芯厂女工,3000.0,4500.0,未注明,,0,0,0,0,1,未注明,58同城,2026-09-24 22:04:19
1180,410781,卫辉市,新乡市,新乡市,新乡-牧野,郭保树,促销/导购员2500起,2500.0,4000.0,学历不限,,0,0,0,1,0,学历不限,58同城,2026-09-24 22:04:19
1181,410781,卫辉市,新乡市,新乡市,其他-获嘉,落叶不随风,商超/店员/营业员2500起,2500.0,5000.0,未注明,,0,0,0,0,1,未注明,58同城,2026-09-24 22:04:19
1182,410781,卫辉市,新乡市,新乡市,其他-其它,用户18246,氩弧焊工,6000.0,9000.0,未注明,,0,0,0,0,1,未注明,58同城,2026-09-24 22:04:19
1183,410781,卫辉市,新乡市,新乡市,红旗-胖东来,我本善良,东成通讯部店员/营业员2.5k起,2500.0,5000.0,学历不限,,0,0,0,1,0,学历不限,58同城,2026-09-24 22:04:19
1184,410781,卫辉市,新乡市,新乡市,红旗-胖东来,张,美发师助理,2000.0,3000.0,未注明,,0,0,0,0,1,未注明,58同城,2026-09-24 22:04:19
1185,410781,卫辉市,新乡市,新乡市,新乡-卫滨,王洋,中餐厨师,5000.0,8000.0,未注明,,0,0,0,0,1,未注明,58同城,2026-09-24 22:04:19
1186,410781,卫辉市,新乡市,新乡市,红旗-宝龙广场,招聘专员,采购专员居家办公轻松岗位,4300.0,4900.0,未注明,,0,0,0,0,1,未注明,58同城,2026-09-24 22:04:19
1187,410781,卫辉市,新乡市,新乡市,红旗-宝龙广场,爱穿裙子的兔,美甲师,4000.0,6000.0,学历不限,,0,0,0,1,0,学历不限,58同城,2026-09-24 22:04:19
1188,410781,卫辉市,新乡市,新乡市,红旗-宝龙广场,河南富鑫新材料科技有限公司,视频剪辑/编辑3.5k起,3500.0,4000.0,大专,1.0,1,0,0,0,0,大专及以上,58同城,2026-09-24 22:04:19
1189,410781,卫辉市,新乡市,新乡市,牧野-定国湖,天德汽修,汽车机修学徒,2000.0,3000.0,未注明,,0,0,0,0,1,未注明,58同城,2026-09-24 22:04:19
1190,410781,卫辉市,新乡市,新乡市,其他-封丘,捏小脸的温柔,制衣厂缝纫工3k起,3000.0,6000.0,未注明,,0,0,0,0,1,未注明,58同城,2026-09-24 22:04:19
1191,410781,卫辉市,新乡市,新乡市,其他-原阳,闫女士,缝纫工/缝纫学徒加班补助包住包吃,4000.0,8000.0,未注明,,0,0,0,0,1,未注明,58同城,2026-09-24 22:04:19
1192,410781,卫辉市,新乡市,新乡市,其他-封丘,招聘专员,家装销售营销员,2000.0,4500.0,未注明,,0,0,0,0,1,未注明,58同城,2026-09-24 22:04:19
1193,410781,卫辉市,新乡市,新乡市,其他-封丘,郝先生,火锅店餐饮学徒2000起,2000.0,3500.0,学历不限,,0,0,0,1,0,学历不限,58同城,2026-09-24 22:04:19
1194,410781,卫辉市,新乡市,新乡市,新乡-卫辉,招聘主管,卫辉包吃住装卸工,6000.0,7000.0,未注明,,0,0,0,0,1,未注明,58同城,2026-09-24 22:05:54
1195,410781,卫辉市,新乡市,新乡市,新乡-卫辉,黄女士,卫辉德邦招快递员4-8K免费工服电话卡,6000.0,8000.0,未注明,,0,0,0,0,1,未注明,58同城,2026-09-24 22:05:59
1196,410781,卫辉市,新乡市,新乡市,新乡-卫辉,毛先生,顺丰快递员（卫辉-新乡市）,5000.0,8000.0,未注明,,0,0,0,0,1,未注明,58同城,2026-09-24 22:05:59
1197,410781,卫辉市,新乡市,新乡市,卫辉市,,恩佳食品销售店·美食 服务区域：红旗、卫辉,,,未注明,,0,0,0,0,1,未注明,58同城,2026-09-24 22:07:11
1198,410781,卫辉市,新乡市,新乡市,卫辉市,,新乡市新美保洁服务·卫生间除味 服务区域：红旗、牧野、卫滨、辉县、卫辉...,,,未注明,,0,0,0,0,1,未注明,58同城,2026-09-24 22:07:11
1199,410782,辉县市,新乡市,新乡市,新乡-辉县,经理,包装工/包装质检包吃包住加班补助,3500.0,6000.0,未注明,,0,0,0,0,1,未注明,58同城,2026-09-24 22:07:25
1200,410782,辉县市,新乡市,新乡市,辉县-辉县汽车站,经理,鑫盛模具会计五险一金,3000.0,5500.0,未注明,,0,0,0,0,1,未注明,58同城,2026-09-24 22:07:25
1201,410782,辉县市,新乡市,新乡市,新乡-辉县,星星,家天下英迪曼木门衣柜店/... 小程序,3000.0,8000.0,学历不限,1.0,0,0,0,1,0,学历不限,58同城,2026-09-24 22:07:25
1202,410782,辉县市,新乡市,新乡市,新乡-辉县,玫瑰海洋,超市理货员3000起,3000.0,5000.0,学历不限,,0,0,0,1,0,学历不限,58同城,2026-09-24 22:07:25
1203,410782,辉县市,新乡市,新乡市,新乡-辉县,陈女士,SQE质量工程师,3000.0,5000.0,未注明,,0,0,0,0,1,未注明,58同城,2026-09-24 22:07:25
1204,410782,辉县市,新乡市,新乡市,新乡-辉县,琴弦的冬季,氩弧焊工,4500.0,8000.0,未注明,,0,0,0,0,1,未注明,58同城,2026-09-24 22:07:25
1205,410782,辉县市,新乡市,新乡市,新乡-辉县,越毅,工厂车间仓库管理,2000.0,3000.0,高中,10.0,0,0,0,0,0,高中/中专,58同城,2026-09-24 22:07:25
1206,410782,辉县市,新乡市,新乡市,新乡-辉县,秋千小荡荡,生鲜加工,2500.0,4000.0,学历不限,,0,0,0,1,0,学历不限,58同城,2026-09-24 22:07:25
1207,410782,辉县市,新乡市,新乡市,新乡-辉县,招聘专员,CNC/数控操作工包住包吃,6000.0,7500.0,未注明,,0,0,0,0,1,未注明,58同城,2026-09-24 22:07:25
1208,410782,辉县市,新乡市,新乡市,辉县-瑞城时代广场,追蝴蝶的孙小美,居家审核员包吃住五险福利完善,5000.0,8000.0,未注明,,0,0,0,0,1,未注明,58同城,2026-09-24 22:07:25
1209,410782,辉县市,新乡市,新乡市,辉县-辉县汽车站,赵先生,辉县招CNC/数控木雕操作工包住,4000.0,6000.0,未注明,,0,0,0,0,1,未注明,58同城,2026-09-24 22:07:25
1210,410782,辉县市,新乡市,新乡市,辉县-辉县汽车站,陈女士,数控冲床及切割工,3500.0,5500.0,未注明,,0,0,0,0,1,未注明,58同城,2026-09-24 22:07:25
1211,410782,辉县市,新乡市,新乡市,辉县-瑞城时代广场,漫步在花海中,辉县市宇宸通讯店/游戏代练/3千起,3000.0,5000.0,学历不限,,0,0,0,1,0,学历不限,58同城,2026-09-24 22:07:25
1212,410782,辉县市,新乡市,新乡市,新乡-辉县,用户98122,中餐厨师,5000.0,5500.0,学历不限,,0,0,0,1,0,学历不限,58同城,2026-09-24 22:07:25
1213,410782,辉县市,新乡市,新乡市,辉县-瑞城时代广场,豆女士,商超/企业策划-五险包住,3000.0,4500.0,未注明,,0,0,0,0,1,未注明,58同城,2026-09-24 22:07:25
1214,410782,辉县市,新乡市,新乡市,新乡-辉县,招聘专员,利阳机械CNC/数控操作工包吃五险加班补,6000.0,10000.0,未注明,,0,0,0,0,1,未注明,58同城,2026-09-24 22:07:25
1215,410782,辉县市,新乡市,新乡市,新乡-辉县,王文秀,舞蹈艺术培训中心/舞蹈老师/3千起,3000.0,4500.0,大专,,1,0,0,0,0,大专及以上,58同城,2026-09-24 22:07:25
1216,410782,辉县市,新乡市,新乡市,辉县-瑞城时代广场,米女士,西餐厅经理,4000.0,5000.0,未注明,,0,0,0,0,1,未注明,58同城,2026-09-24 22:07:25
1217,410782,辉县市,新乡市,新乡市,新乡-辉县,范经理,欧玛（中国）汽车部件有限公司汽车改装包住,3500.0,4500.0,未注明,,0,0,0,0,1,未注明,58同城,2026-09-24 22:07:25
1218,410782,辉县市,新乡市,新乡市,新乡-辉县,赵女士,辉县市铂仕美容馆/美容师/4千起,4000.0,6000.0,学历不限,,0,0,0,1,0,学历不限,58同城,2026-09-24 22:07:25
1219,410782,辉县市,新乡市,新乡市,新乡-辉县,Man,实验室技术员/实验室授权签字人,5000.0,10000.0,未注明,,0,0,0,0,1,未注明,58同城,2026-09-24 22:07:25
1220,410782,辉县市,新乡市,新乡市,新乡-辉县,高风劲节芦博士I,主持人,4000.0,6000.0,学历不限,,0,0,0,1,0,学历不限,58同城,2026-09-24 22:07:25
1221,410782,辉县市,新乡市,新乡市,新乡-辉县,招聘专员,诊所口腔医生8000起,8000.0,23000.0,大专,,1,0,0,0,0,大专及以上,58同城,2026-09-24 22:07:25
1222,410782,辉县市,新乡市,新乡市,辉县-瑞城时代广场,杨虎,小吃店后厨/免费工服工作餐标高,5000.0,6000.0,学历不限,1.0,0,0,0,1,0,学历不限,58同城,2026-09-24 22:07:25
1223,410782,辉县市,新乡市,新乡市,新乡-辉县,郑女士,1万包吃住招健身教练学徒,6000.0,13000.0,未注明,,0,0,0,0,1,未注明,58同城,2026-09-24 22:07:25
1224,410782,辉县市,新乡市,新乡市,新乡-辉县,陈女士,统计,,,高中,2.0,0,0,0,0,0,高中/中专,58同城,2026-09-24 22:07:25
1225,410782,辉县市,新乡市,新乡市,新乡-辉县,彭浩,眉山贝达建筑劳务有限公司/塔吊指挥包吃加,5000.0,8000.0,未注明,,0,0,0,0,1,未注明,58同城,2026-09-24 22:07:25
1226,410782,辉县市,新乡市,新乡市,新乡-辉县,Man,实验室技术员,8000.0,12000.0,未注明,,0,0,0,0,1,未注明,58同城,2026-09-24 22:07:25
1227,410782,辉县市,新乡市,新乡市,新乡-辉县,李女士,绿色食品电商急招C本专职司机新能源待遇好,6500.0,8500.0,未注明,,0,0,0,0,1,未注明,58同城,2026-09-24 22:07:25
1228,410782,辉县市,新乡市,新乡市,新乡-辉县,陈女士,急聘喷塑工,6000.0,7500.0,未注明,,0,0,0,0,1,未注明,58同城,2026-09-24 22:07:25
1229,410782,辉县市,新乡市,新乡市,新乡-新乡县,王先生,门窗厂普工/操作工2500起,2500.0,7500.0,学历不限,,0,0,0,1,0,学历不限,58同城,2026-09-24 22:07:28
1230,410782,辉县市,新乡市,新乡市,红旗-宝龙广场,李女士,富士康直聘普工不压工资 小程序,7000.0,8000.0,未注明,,0,0,0,0,1,未注明,58同城,2026-09-24 22:07:28
1231,410782,辉县市,新乡市,新乡市,新乡-新乡县,董先生,电竞俱乐部代练/陪玩饭补包住,3000.0,5000.0,未注明,,0,0,0,0,1,未注明,58同城,2026-09-24 22:07:28
1232,410782,辉县市,新乡市,新乡市,新乡-新乡县,郭老师,抖音运营,3000.0,4500.0,学历不限,5.0,0,0,0,1,0,学历不限,58同城,2026-09-24 22:07:28
1233,410782,辉县市,新乡市,新乡市,新乡-红旗,王先生,中控保安提供服装被褥包吃住交五险,4500.0,5000.0,未注明,,0,0,0,0,1,未注明,58同城,2026-09-24 22:07:28
1234,410782,辉县市,新乡市,新乡市,红旗-宝龙广场,踮脚看云的阿宁,好旺角休闲娱乐馆店员/营业员3500起,3500.0,6000.0,学历不限,1.0,0,0,0,1,0,学历不限,58同城,2026-09-24 22:07:28
1235,410782,辉县市,新乡市,新乡市,新乡-牧野,华先生,半导体工厂普工正式工月薪8000提供食宿,5000.0,7000.0,未注明,,0,0,0,0,1,未注明,58同城,2026-09-24 22:07:28
1236,410782,辉县市,新乡市,新乡市,新乡,Aluu,洗车工,1000.0,2000.0,未注明,,0,0,0,0,1,未注明,58同城,2026-09-24 22:07:28
1237,410782,辉县市,新乡市,新乡市,牧野-定国湖,谭先生,商超/零售店员/营业员2500起,2500.0,5000.0,未注明,,0,0,0,0,1,未注明,58同城,2026-09-24 22:07:28
1238,410782,辉县市,新乡市,新乡市,新乡-红旗,佰网优选,超市店员/营业员2500起,2500.0,5000.0,大专,1.0,1,0,0,0,0,大专及以上,58同城,2026-09-24 22:07:28
1239,410782,辉县市,新乡市,新乡市,新乡-延津,没谱青年,暖暖靓机汇手机配件经营店店员/营业员3千,3000.0,6000.0,学历不限,1.0,0,0,0,1,0,学历不限,58同城,2026-09-24 22:07:28
1240,410782,辉县市,新乡市,新乡市,其他-获嘉,爱赞成的莫师傅,恒馨百货店/电商运营工作时间灵活,3000.0,7000.0,学历不限,,0,0,0,1,0,学历不限,58同城,2026-09-24 22:07:28
1241,410782,辉县市,新乡市,新乡市,其他-获嘉,落叶不随风,源鸿电器商行店员/营业员3千起,3000.0,5000.0,未注明,,0,0,0,0,1,未注明,58同城,2026-09-24 22:07:28
1242,410782,辉县市,新乡市,新乡市,新乡-牧野,空压机三滤生产厂家,滤芯厂女工,3000.0,4500.0,未注明,,0,0,0,0,1,未注明,58同城,2026-09-24 22:07:28
1243,410782,辉县市,新乡市,新乡市,新乡-牧野,郭保树,促销/导购员2500起,2500.0,4000.0,学历不限,,0,0,0,1,0,学历不限,58同城,2026-09-24 22:07:28
1244,410782,辉县市,新乡市,新乡市,其他-获嘉,落叶不随风,商超/店员/营业员2500起,2500.0,5000.0,未注明,,0,0,0,0,1,未注明,58同城,2026-09-24 22:07:28
1245,410782,辉县市,新乡市,新乡市,其他-其它,用户18246,氩弧焊工,6000.0,9000.0,未注明,,0,0,0,0,1,未注明,58同城,2026-09-24 22:07:28
1246,410782,辉县市,新乡市,新乡市,红旗-胖东来,我本善良,东成通讯部店员/营业员2.5k起,2500.0,5000.0,学历不限,,0,0,0,1,0,学历不限,58同城,2026-09-24 22:07:28
1247,410782,辉县市,新乡市,新乡市,红旗-胖东来,张,美发师助理,2000.0,3000.0,未注明,,0,0,0,0,1,未注明,58同城,2026-09-24 22:07:28
1248,410782,辉县市,新乡市,新乡市,新乡-卫辉,郭先生,鲜肉店销售,2600.0,3200.0,未注明,,0,0,0,0,1,未注明,58同城,2026-09-24 22:07:28
1249,410782,辉县市,新乡市,新乡市,新乡-卫滨,王洋,中餐厨师,5000.0,8000.0,未注明,,0,0,0,0,1,未注明,58同城,2026-09-24 22:07:28
1250,410782,辉县市,新乡市,新乡市,红旗-宝龙广场,招聘专员,采购专员居家办公轻松岗位,4300.0,4900.0,未注明,,0,0,0,0,1,未注明,58同城,2026-09-24 22:07:28
1251,410782,辉县市,新乡市,新乡市,红旗-宝龙广场,爱穿裙子的兔,美甲师,4000.0,6000.0,学历不限,,0,0,0,1,0,学历不限,58同城,2026-09-24 22:07:28
1252,410782,辉县市,新乡市,新乡市,红旗-宝龙广场,河南富鑫新材料科技有限公司,视频剪辑/编辑3.5k起,3500.0,4000.0,大专,1.0,1,0,0,0,0,大专及以上,58同城,2026-09-24 22:07:28
1253,410782,辉县市,新乡市,新乡市,牧野-定国湖,天德汽修,汽车机修学徒,2000.0,3000.0,未注明,,0,0,0,0,1,未注明,58同城,2026-09-24 22:07:28
1254,410782,辉县市,新乡市,新乡市,其他-封丘,捏小脸的温柔,制衣厂缝纫工3k起,3000.0,6000.0,未注明,,0,0,0,0,1,未注明,58同城,2026-09-24 22:07:28
1255,410782,辉县市,新乡市,新乡市,其他-原阳,闫女士,缝纫工/缝纫学徒加班补助包住包吃,4000.0,8000.0,未注明,,0,0,0,0,1,未注明,58同城,2026-09-24 22:07:28
1256,410782,辉县市,新乡市,新乡市,其他-封丘,招聘专员,家装销售营销员,2000.0,4500.0,未注明,,0,0,0,0,1,未注明,58同城,2026-09-24 22:07:28
1257,410782,辉县市,新乡市,新乡市,其他-封丘,郝先生,火锅店餐饮学徒2000起,2000.0,3500.0,学历不限,,0,0,0,1,0,学历不限,58同城,2026-09-24 22:07:28
1258,410782,辉县市,新乡市,新乡市,新乡-辉县,扎辫子的阿苗,助播/主播助理白/夜班多班次可选,4000.0,8000.0,学历不限,6.0,0,0,0,1,0,学历不限,58同城,2026-09-24 22:08:10
1259,410782,辉县市,新乡市,新乡市,新乡-辉县,用户57446,短视频编剧/3千起,3000.0,5000.0,大专,20.0,1,0,0,0,0,大专及以上,58同城,2026-09-24 22:08:10
1260,410782,辉县市,新乡市,新乡市,新乡-辉县,巨龙腾飞保老板A,招日用百货送货C证司机,7000.0,9000.0,学历不限,18.0,0,0,0,1,0,学历不限,58同城,2026-09-24 22:08:48
1261,410782,辉县市,新乡市,新乡市,辉县-瑞城时代广场,张女士,辉县区域招聘骑手月入6000,4000.0,8000.0,学历不限,20.0,0,0,0,1,0,学历不限,58同城,2026-09-24 22:09:09
1262,410782,辉县市,新乡市,新乡市,辉县-瑞城时代广场,豆女士,商超/企业策划-五险包住 小程序,3000.0,4500.0,未注明,,0,0,0,0,1,未注明,58同城,2026-09-24 22:09:13
1263,410782,辉县市,新乡市,新乡市,新乡-辉县,跳格子的孩,数据标注/AI训练师,2000.0,6000.0,大专,20.0,1,0,0,0,0,大专及以上,58同城,2026-09-24 22:09:21
1264,410782,辉县市,新乡市,新乡市,新乡-辉县,刘杰,烫染技师,2000.0,4000.0,未注明,,0,0,0,0,1,未注明,58同城,2026-09-24 22:09:53
1265,410782,辉县市,新乡市,新乡市,辉县-瑞城时代广场,陈跃卫,辉县连锁招美容师5k社保,5000.0,8000.0,未注明,,0,0,0,0,1,未注明,58同城,2026-09-24 22:10:03
1266,410782,辉县市,新乡市,新乡市,辉县市,,恩佳食品销售店·外卖 服务区域：辉县、原阳,,,未注明,,0,0,0,0,1,未注明,58同城,2026-09-24 22:10:26
1267,410782,辉县市,新乡市,新乡市,辉县市,,钢结构安装维修·抗震加固 服务区域：红旗、牧野、卫滨、辉县、原阳...,,,未注明,,0,0,0,0,1,未注明,58同城,2026-09-24 22:10:26
1268,410782,辉县市,新乡市,新乡市,辉县市,,长垣县华艺琴行·快餐/团膳 服务区域：红旗、牧野、卫滨、辉县、原阳...,,,未注明,,0,0,0,0,1,未注明,58同城,2026-09-24 22:10:26
1269,410782,辉县市,新乡市,新乡市,辉县市,,新乡龙邦金属回收·工业物资/金属废料回收 服务区域：红旗、牧野、卫滨、辉县、原阳...,,,未注明,,0,0,0,0,1,未注明,58同城,2026-09-24 22:10:26
1270,410782,辉县市,新乡市,新乡市,辉县市,,章贡区肖肖家小吃店（个体工商户）·快餐/团膳 服务区域：红旗、牧野、卫滨、辉县、原阳...,,,未注明,,0,0,0,0,1,未注明,58同城,2026-09-24 22:10:26
1271,410782,辉县市,新乡市,新乡市,辉县市,,章贡区古明飞餐饮店（个体工商户）·外卖 服务区域：红旗、牧野、卫滨、辉县、原阳...,,,未注明,,0,0,0,0,1,未注明,58同城,2026-09-24 22:10:26
1272,410782,辉县市,新乡市,新乡市,辉县市,,良匠装饰·公装服务 服务区域：红旗、牧野、卫滨、辉县、原阳...,,,未注明,,0,0,0,0,1,未注明,58同城,2026-09-24 22:10:26
1273,410782,辉县市,新乡市,新乡市,辉县市,,新乡电动车换胎补胎换电瓶·汽车维修保养 服务区域：红旗、牧野、卫滨、辉县、原阳...,,,未注明,,0,0,0,0,1,未注明,58同城,2026-09-24 22:10:26
1274,410782,辉县市,新乡市,新乡市,辉县市,,安装监控摄像头音响网络·网络布线/维护 服务区域：红旗、牧野、卫滨、辉县、原阳...,,,未注明,,0,0,0,0,1,未注明,58同城,2026-09-24 22:10:26
1275,410782,辉县市,新乡市,新乡市,辉县市,,章贡区海平食品店（个体工商户）·外卖 服务区域：红旗、牧野、卫滨、辉县、原阳...,,,未注明,,0,0,0,0,1,未注明,58同城,2026-09-24 22:10:26
1276,410782,辉县市,新乡市,新乡市,辉县市,,章贡区华购福食品店（个体工商户）·美食 服务区域：红旗、牧野、卫滨、辉县、原阳...,,,未注明,,0,0,0,0,1,未注明,58同城,2026-09-24 22:10:26
1277,410782,辉县市,新乡市,新乡市,辉县市,,盛展文化传媒·礼仪庆典 服务区域：红旗、牧野、卫滨、辉县、原阳...,,,未注明,,0,0,0,0,1,未注明,58同城,2026-09-24 22:10:26
1278,410782,辉县市,新乡市,新乡市,辉县市,,南康区永瑞餐饮店（个体工商户）·外卖 服务区域：红旗、牧野、卫滨、辉县、原阳...,,,未注明,,0,0,0,0,1,未注明,58同城,2026-09-24 22:10:26
1279,410783,长垣市,新乡市,新乡市,蒲西-蒲西,谷女士,保洁,1800.0,2000.0,未注明,,0,0,0,0,1,未注明,58同城,2026-09-25 00:32:57
1280,410783,长垣市,新乡市,新乡市,新乡-长垣县,佘女士,淘宝闪购招聘骑手可短期可兼职,5000.0,8000.0,未注明,,0,0,0,0,1,未注明,58同城,2026-09-25 00:32:57
1281,410783,长垣市,新乡市,新乡市,长垣,李先生,物业保安可预支包吃住 小程序,4500.0,5000.0,未注明,,0,0,0,0,1,未注明,58同城,2026-09-25 00:32:57
1282,410783,长垣市,新乡市,新乡市,长垣,姜女士,急招保安待遇优厚月休可调包吃住稳定上岗,4500.0,5000.0,未注明,,0,0,0,0,1,未注明,58同城,2026-09-25 00:32:57
1283,410783,长垣市,新乡市,新乡市,长垣,姚先生,成品调度,4000.0,6000.0,未注明,,0,0,0,0,1,未注明,58同城,2026-09-25 00:32:57
1284,410783,长垣市,新乡市,新乡市,新乡-长垣县,邵先生,急招外卖员,8000.0,8500.0,未注明,,0,0,0,0,1,未注明,58同城,2026-09-25 00:32:57
1285,410783,长垣市,新乡市,新乡市,长垣,王先生,急招保安待遇优厚包吃住工作轻松稳定环境好,4500.0,5000.0,未注明,,0,0,0,0,1,未注明,58同城,2026-09-25 00:32:57
1286,410783,长垣市,新乡市,新乡市,长垣-其他,朱先生,月薪1万-招健身教练学徒,8000.0,15000.0,未注明,,0,0,0,0,1,未注明,58同城,2026-09-25 00:32:57
1287,410783,长垣市,新乡市,新乡市,长垣,姬经理,直播,4500.0,9000.0,未注明,,0,0,0,0,1,未注明,58同城,2026-09-25 00:32:57
1288,410783,长垣市,新乡市,新乡市,长垣县-其他,申先生,通信工程公司/通信技术工程师包住,4500.0,5500.0,未注明,,0,0,0,0,1,未注明,58同城,2026-09-25 00:32:57
1289,410783,长垣市,新乡市,新乡市,长垣-其他,姚先生,英语外贸专员,5000.0,10000.0,未注明,,0,0,0,0,1,未注明,58同城,2026-09-25 00:32:57
1290,410783,长垣市,新乡市,新乡市,长垣-其他,姚先生,生产调度,4000.0,8000.0,未注明,,0,0,0,0,1,未注明,58同城,2026-09-25 00:32:57
1291,410783,长垣市,新乡市,新乡市,新乡-长垣县,邵先生,重生之在长垣送外卖月入8000上不封顶,8000.0,8500.0,未注明,,0,0,0,0,1,未注明,58同城,2026-09-25 00:32:57
1292,410783,长垣市,新乡市,新乡市,长垣,姬经理,瑞歌传动招聘外圆磨,7000.0,8000.0,未注明,,0,0,0,0,1,未注明,58同城,2026-09-25 00:32:57
1293,410783,长垣市,新乡市,新乡市,长垣,牛先生,安全管理员,,,未注明,,0,0,0,0,1,未注明,58同城,2026-09-25 00:32:57
1294,410783,长垣市,新乡市,新乡市,长垣县-其他,招聘专员,电话销售员,,,未注明,,0,0,0,0,1,未注明,58同城,2026-09-25 00:32:57
1295,410783,长垣市,新乡市,新乡市,蒲东-蒲东,滚来滚去的圆球,新媒体运营,3000.0,9000.0,学历不限,,0,0,0,1,0,学历不限,58同城,2026-09-25 00:32:57
1296,410783,长垣市,新乡市,新乡市,长垣县-其他,王先生,在线客服工作时间灵活,4000.0,9000.0,学历不限,,0,0,0,1,0,学历不限,58同城,2026-09-25 00:32:57
1297,410783,长垣市,新乡市,新乡市,长垣-其他,姚先生,厨师,,,未注明,,0,0,0,0,1,未注明,58同城,2026-09-25 00:32:57
1298,410783,长垣市,新乡市,新乡市,南蒲-华宇百货,后会无期,店员/营业员2600起,2600.0,3100.0,学历不限,2.0,0,0,0,1,0,学历不限,58同城,2026-09-25 00:32:57
1299,410783,长垣市,新乡市,新乡市,长垣县-其他,招聘专员,电话销售4k起,4000.0,7500.0,大专,1.0,1,0,0,0,0,大专及以上,58同城,2026-09-25 00:32:57
1300,410783,长垣市,新乡市,新乡市,长垣县-其他,蒋先生,医疗器械销售2.5k起,2500.0,3000.0,大专,,1,0,0,0,0,大专及以上,58同城,2026-09-25 00:32:57
1301,410783,长垣市,新乡市,新乡市,其他-宏力大道,张艳,聖太水工机械电话销售5k起,5000.0,20000.0,未注明,,0,0,0,0,1,未注明,58同城,2026-09-25 00:32:57
1302,410783,长垣市,新乡市,新乡市,长垣,姚先生,会所经理,4000.0,8000.0,大专,1.0,1,0,0,0,0,大专及以上,58同城,2026-09-25 00:32:57
1303,410783,长垣市,新乡市,新乡市,蒲西-蒲西,滑先生,美甲师,3000.0,4500.0,学历不限,,0,0,0,1,0,学历不限,58同城,2026-09-25 00:32:57
1304,410783,长垣市,新乡市,新乡市,长垣,姚先生,大堂经理,4000.0,6000.0,中专/中技,1.0,0,0,0,0,0,高中/中专,58同城,2026-09-25 00:32:57
1305,410783,长垣市,新乡市,新乡市,魏庄-魏庄,爱欣赏DE游总,下料工五险包住包吃,5000.0,8000.0,未注明,,0,0,0,0,1,未注明,58同城,2026-09-25 00:32:57
1306,410783,长垣市,新乡市,新乡市,其他-宏力大道,经理,河南省蓝天医疗器械有限公司/招标专员/2,2000.0,3000.0,大专,,1,0,0,0,0,大专及以上,58同城,2026-09-25 00:32:57
1307,410783,长垣市,新乡市,新乡市,蒲西-蒲西,阿宁老师,美发助理,1500.0,3000.0,未注明,,0,0,0,0,1,未注明,58同城,2026-09-25 00:32:57
1308,410783,长垣市,新乡市,新乡市,蒲西-蒲西,阿宁老师,发型师五名,5000.0,10000.0,未注明,,0,0,0,0,1,未注明,58同城,2026-09-25 00:32:57
1309,410783,长垣市,新乡市,新乡市,蒲东-蒲东,毛先生,收派员（整个长垣都招，可就近安排）,5000.0,7000.0,高中,30.0,0,0,0,0,0,高中/中专,58同城,2026-09-25 00:33:01
1310,410783,长垣市,新乡市,新乡市,南蒲-华宇百货,河南酷博减震hr,汽车/汽配厂普工/操作工包吃包住,3000.0,7000.0,未注明,,0,0,0,0,1,未注明,58同城,2026-09-25 00:33:01
1311,410783,长垣市,新乡市,新乡市,长垣,司经理,车工数控车工 小程序,8000.0,12000.0,未注明,,0,0,0,0,1,未注明,58同城,2026-09-25 00:33:01
1312,410783,长垣市,新乡市,新乡市,长垣,姚先生,厨师,5000.0,10000.0,高中,1.0,0,0,0,0,0,高中/中专,58同城,2026-09-25 00:33:01
1313,410783,长垣市,新乡市,新乡市,长垣-其他,姚先生,门岗,,,未注明,,0,0,0,0,1,未注明,58同城,2026-09-25 00:33:01
1314,410783,长垣市,新乡市,新乡市,蒲东-蒲东,王女士,电子厂印刷8500工作轻松简单可预知,8000.0,8500.0,未注明,,0,0,0,0,1,未注明,58同城,2026-09-25 00:33:01
1315,410783,长垣市,新乡市,新乡市,长垣,吴女士,耳机厂检测印刷300一天包食宿随走随结,8000.0,8500.0,未注明,,0,0,0,0,1,未注明,58同城,2026-09-25 00:33:01
1316,410783,长垣市,新乡市,新乡市,南蒲-华宇百货,张先生,电子厂印刷工月8500包吃住可预支,6500.0,7500.0,未注明,,0,0,0,0,1,未注明,58同城,2026-09-25 00:33:01
1317,410783,长垣市,新乡市,新乡市,魏庄-魏庄,吴先生,电子厂印刷月8500包吃住可预支随走随结,8000.0,8500.0,未注明,,0,0,0,0,1,未注明,58同城,2026-09-25 00:33:01
1318,410783,长垣市,新乡市,新乡市,长垣,爱听歌的赵小萌,网约车司机/5700起,5700.0,5800.0,未注明,,0,0,0,0,1,未注明,58同城,2026-09-25 00:33:01
1319,410783,长垣市,新乡市,新乡市,长垣,赵女士,技工,5000.0,6500.0,未注明,,0,0,0,0,1,未注明,58同城,2026-09-25 00:33:01
1320,410783,长垣市,新乡市,新乡市,长垣县-蒲西,宋先生,抖音主播助理，日结，包住不露脸,4500.0,7500.0,未注明,,0,0,0,0,1,未注明,58同城,2026-09-25 00:33:01
1321,410783,长垣市,新乡市,新乡市,蒲东-蒲东,单丙静,佳合财税咨询/财会培训讲师年底双薪加班补,3000.0,4500.0,未注明,,0,0,0,0,1,未注明,58同城,2026-09-25 00:33:01
1322,410783,长垣市,新乡市,新乡市,长垣县-蒲西,宋先生,抖音直播中控，包住日结,4500.0,8000.0,未注明,,0,0,0,0,1,未注明,58同城,2026-09-25 00:33:01
1323,410783,长垣市,新乡市,新乡市,长垣,闻桂花的人,内容审核优薪福利岗七千保底,6000.0,8000.0,未注明,,0,0,0,0,1,未注明,58同城,2026-09-25 00:33:01
1324,410783,长垣市,新乡市,新乡市,长垣,常卫民,急聘短视频运营,3500.0,6000.0,学历不限,2.0,0,0,0,1,0,学历不限,58同城,2026-09-25 00:33:01
1325,410783,长垣市,新乡市,新乡市,新乡-长垣县,河南欣桐医疗器械公司,医院医疗器械销售2500起,2500.0,4500.0,大专,,1,0,0,0,0,大专及以上,58同城,2026-09-25 00:33:01
1326,410783,长垣市,新乡市,新乡市,长垣县-蒲西,钓来钓趣,中餐厅水台/杀鱼师傅,2500.0,4500.0,学历不限,,0,0,0,1,0,学历不限,58同城,2026-09-25 00:33:01
1327,410783,长垣市,新乡市,新乡市,长垣县-南蒲,37,起重机械公司/施工安全员/5千起,5000.0,8000.0,高中,1.0,0,0,0,0,0,高中/中专,58同城,2026-09-25 00:33:01
1328,410783,长垣市,新乡市,新乡市,魏庄-魏庄,王女士,门窗厂门窗制作3000起,3000.0,4500.0,学历不限,1.0,0,0,0,1,0,学历不限,58同城,2026-09-25 00:33:01
1329,410783,长垣市,新乡市,新乡市,魏庄-魏庄,爱欣赏DE游总,磨工/磨床工五险包住包吃,5000.0,8000.0,未注明,,0,0,0,0,1,未注明,58同城,2026-09-25 00:33:01
1330,410783,长垣市,新乡市,新乡市,长垣县-南蒲,杨女士,药店药剂师3000起,3000.0,5000.0,高中,,0,0,0,0,0,高中/中专,58同城,2026-09-25 00:33:01
1331,410783,长垣市,新乡市,新乡市,长垣,吕女士,产品结构设计师,6000.0,10000.0,未注明,,0,0,0,0,1,未注明,58同城,2026-09-25 00:33:01
1332,410783,长垣市,新乡市,新乡市,长垣县-蒲西,声艺琴行,培训机构吉他老师/2000起,2000.0,4000.0,学历不限,,0,0,0,1,0,学历不限,58同城,2026-09-25 00:33:01
1333,410783,长垣市,新乡市,新乡市,长垣县-蒲西,成就非凡de娄博士,八达防腐安装集团有限公司/英语翻译/13,13000.0,15000.0,学历不限,,0,0,0,1,0,学历不限,58同城,2026-09-25 00:33:01
1334,410783,长垣市,新乡市,新乡市,长垣县-蒲西,赵先生,汽车养护轮胎修补技师,3000.0,8000.0,未注明,,0,0,0,0,1,未注明,58同城,2026-09-25 00:33:01
1335,410783,长垣市,新乡市,新乡市,长垣市,,新乡长垣挑靓机手机回收·手机/电脑/数码/办公回收 服务区域：红旗、牧野、卫滨、辉县、原阳...,,,未注明,,0,0,0,0,1,未注明,58同城,2026-09-25 00:35:42
1336,410821,修武县,焦作市,焦作市,焦作-修武,王先生,太极拳老师（主播）,10000.0,12000.0,未注明,,0,0,0,0,1,未注明,58同城,2026-09-24 22:13:29
1337,410821,修武县,焦作市,焦作市,焦作-修武,王先生,短视频拍摄剪辑,3000.0,4500.0,学历不限,,0,0,0,1,0,学历不限,58同城,2026-09-24 22:13:29
1338,410821,修武县,焦作市,焦作市,焦作-修武,王先生,练功服，太极服带货主播 小程序,4000.0,10000.0,未注明,,0,0,0,0,1,未注明,58同城,2026-09-24 22:13:29
1339,410821,修武县,焦作市,焦作市,焦作-修武,赵天文,网吧女收银员,2500.0,3000.0,学历不限,,0,0,0,1,0,学历不限,58同城,2026-09-24 22:13:29
1340,410821,修武县,焦作市,焦作市,焦作-修武,隐型de连老板,河南省腾晨精密机械制造有限公司/成本会计,3000.0,5000.0,未注明,,0,0,0,0,1,未注明,58同城,2026-09-24 22:13:29
1341,410821,修武县,焦作市,焦作市,焦作-修武,王先生,太极拳康养直播方向主播运营主管,5000.0,15000.0,未注明,,0,0,0,0,1,未注明,58同城,2026-09-24 22:13:29
1342,410821,修武县,焦作市,焦作市,焦作-修武,0cc3,香阁宴汇餐饮管理有限公司/销售专员包住包,3000.0,10000.0,未注明,,0,0,0,0,1,未注明,58同城,2026-09-24 22:13:29
1343,410821,修武县,焦作市,焦作市,焦作-修武,喜欢泡茶的高小壶,电话销售,4000.0,10000.0,学历不限,,0,0,0,1,0,学历不限,58同城,2026-09-24 22:13:29
1344,410821,修武县,焦作市,焦作市,焦作-修武,_悲伤螺蛳粉,急招门窗安装,3000.0,4500.0,学历不限,1.0,0,0,0,1,0,学历不限,58同城,2026-09-24 22:13:29
1345,410821,修武县,焦作市,焦作市,焦作-修武,旷达洒脱DE高总,急聘铁路安检地勤上一休一免费食宿五险一金,4000.0,6000.0,未注明,,0,0,0,0,1,未注明,58同城,2026-09-24 22:13:29
1346,410821,修武县,焦作市,焦作市,焦作-修武,disb831,中餐厅领班/经理5千起,5000.0,7000.0,学历不限,,0,0,0,1,0,学历不限,58同城,2026-09-24 22:13:29
1347,410821,修武县,焦作市,焦作市,修武-修武城区,招聘专员,小洲家具店/工程监理/2500起,2500.0,4500.0,大专,1.0,1,0,0,0,0,大专及以上,58同城,2026-09-24 22:13:29
1348,410821,修武县,焦作市,焦作市,修武-修武城区,修武美团,业务经理有话补,3500.0,5000.0,未注明,,0,0,0,0,1,未注明,58同城,2026-09-24 22:13:29
1349,410821,修武县,焦作市,焦作市,焦作-修武,招聘专员,网络产品介绍。工作简单，会普通话。,2000.0,3500.0,学历不限,20.0,0,0,0,1,0,学历不限,58同城,2026-09-24 22:13:29
1350,410821,修武县,焦作市,焦作市,焦作-修武,长江牧业,宠物医院/宠物医生包住包吃,3000.0,5000.0,未注明,,0,0,0,0,1,未注明,58同城,2026-09-24 22:13:29
1351,410821,修武县,焦作市,焦作市,焦作-修武,孝敬父母的全老板,民宿管家/包住包吃,3000.0,7000.0,未注明,,0,0,0,0,1,未注明,58同城,2026-09-24 22:13:29
1352,410821,修武县,焦作市,焦作市,焦作-修武,薛先生,舞蹈老师,2500.0,4500.0,学历不限,,0,0,0,1,0,学历不限,58同城,2026-09-24 22:13:29
1353,410821,修武县,焦作市,焦作市,焦作-修武,马经理,社保服务专员推广员,2000.0,20000.0,学历不限,1.0,0,0,0,1,0,学历不限,58同城,2026-09-24 22:13:29
1354,410821,修武县,焦作市,焦作市,焦作-修武,王先生,粮油机械厂CAD设计/制图工作时间灵活,7000.0,10000.0,大专,,1,0,0,0,0,大专及以上,58同城,2026-09-24 22:13:29
1355,410821,修武县,焦作市,焦作市,焦作-修武,爱听故事的悠悠,文员电商无需经验待遇好,5000.0,7000.0,未注明,,0,0,0,0,1,未注明,58同城,2026-09-24 22:13:29
1356,410821,修武县,焦作市,焦作市,焦作-修武,用户12769,焦作市恒沛源贸易有限公司/土建工程师/7,7000.0,10000.0,学历不限,1.0,0,0,0,1,0,学历不限,58同城,2026-09-24 22:13:29
1357,410821,修武县,焦作市,焦作市,焦作-修武,樊双贝,粮食机械工程师,5000.0,6000.0,本科,10.0,1,1,0,0,0,大专及以上,58同城,2026-09-24 22:13:29
1358,410821,修武县,焦作市,焦作市,焦作-修武,摸小猫的萌萌,中餐厅川湘菜厨师包住空调两人间,5000.0,8000.0,未注明,,0,0,0,0,1,未注明,58同城,2026-09-24 22:13:29
1359,410821,修武县,焦作市,焦作市,焦作-修武,小酷玩具,修武玩具厂诚聘普工,6000.0,8500.0,学历不限,1.0,0,0,0,1,0,学历不限,58同城,2026-09-24 22:13:29
1360,410821,修武县,焦作市,焦作市,修武-修武城区,程女士,小区溜达保安/包吃住/可带手机,4500.0,5000.0,未注明,,0,0,0,0,1,未注明,58同城,2026-09-24 22:13:29
1361,410821,修武县,焦作市,焦作市,焦作-修武,徐小姐,生产工艺技术员,4000.0,8000.0,大专,38.0,1,0,0,0,0,大专及以上,58同城,2026-09-24 22:13:29
1362,410821,修武县,焦作市,焦作市,焦作-修武,爱追蝴蝶的高小哥,武陟修武往返焦作各县c证货运司机,6000.0,9000.0,学历不限,7.0,0,0,0,1,0,学历不限,58同城,2026-09-24 22:13:29
1363,410821,修武县,焦作市,焦作市,焦作-修武,刘先生,急招焦作饲料配送C证司机不装卸,6000.0,8000.0,未注明,,0,0,0,0,1,未注明,58同城,2026-09-24 22:13:29
1364,410821,修武县,焦作市,焦作市,山阳-山阳城区,张女士,后厨包吃包住（政二街）,3500.0,5000.0,未注明,,0,0,0,0,1,未注明,58同城,2026-09-24 22:13:37
1365,410821,修武县,焦作市,焦作市,马村-马村城区,王先生,中医助理医师,3500.0,5000.0,未注明,,0,0,0,0,1,未注明,58同城,2026-09-24 22:13:37
1366,410821,修武县,焦作市,焦作市,山阳-山阳城区,张张,印象酒店/客房服务员/白... 小程序,2500.0,3500.0,学历不限,,0,0,0,1,0,学历不限,58同城,2026-09-24 22:13:37
1367,410821,修武县,焦作市,焦作市,焦作,孔先生,急招保安待遇优厚包吃住工作轻松稳定环境好,4500.0,5000.0,未注明,,0,0,0,0,1,未注明,58同城,2026-09-24 22:13:37
1368,410821,修武县,焦作市,焦作市,焦作,夏先生,商场保安招人，工作轻松，环境干净舒适,4500.0,5000.0,未注明,,0,0,0,0,1,未注明,58同城,2026-09-24 22:13:37
1369,410821,修武县,焦作市,焦作市,焦作,康先生,物业保安可预支包吃住,4500.0,5000.0,未注明,,0,0,0,0,1,未注明,58同城,2026-09-24 22:13:37
1370,410821,修武县,焦作市,焦作市,马村-马村城区,王先生,临床实习生,2000.0,3000.0,未注明,,0,0,0,0,1,未注明,58同城,2026-09-24 22:13:37
1371,410821,修武县,焦作市,焦作市,马村-马村城区,王先生,中药药剂师,3000.0,4500.0,未注明,,0,0,0,0,1,未注明,58同城,2026-09-24 22:13:37
1372,410821,修武县,焦作市,焦作市,山阳-山阳城区,杰,洗车工,2000.0,2500.0,未注明,,0,0,0,0,1,未注明,58同城,2026-09-24 22:13:37
1373,410821,修武县,焦作市,焦作市,山阳-山阳城区,马先生,二手房屋租赁专员4千起,4000.0,8000.0,学历不限,2.0,0,0,0,1,0,学历不限,58同城,2026-09-24 22:13:37
1374,410821,修武县,焦作市,焦作市,解放-焦作站,曹先生,台球厅娱乐场所店员2500起,2500.0,4000.0,学历不限,,0,0,0,1,0,学历不限,58同城,2026-09-24 22:13:37
1375,410821,修武县,焦作市,焦作市,焦作-博爱,杨先生,急招博爱县饮料啤酒配送不装卸司机C本,6000.0,8000.0,未注明,,0,0,0,0,1,未注明,58同城,2026-09-24 22:13:37
1376,410821,修武县,焦作市,焦作市,解放-解放城区,马先生,置业顾问资,4000.0,8000.0,学历不限,2.0,0,0,0,1,0,学历不限,58同城,2026-09-24 22:13:37
1377,410821,修武县,焦作市,焦作市,焦作-武陟,王先生,零售连锁店门店经理,3000.0,7000.0,未注明,,0,0,0,0,1,未注明,58同城,2026-09-24 22:13:37
1378,410821,修武县,焦作市,焦作市,山阳-山阳城区,田甜,田甜百货经营部电动车/摩托车维修3k起,3000.0,5000.0,学历不限,,0,0,0,1,0,学历不限,58同城,2026-09-24 22:13:37
1379,410821,修武县,焦作市,焦作市,中站-中站城区,人事经理,制壳工,5000.0,8000.0,未注明,,0,0,0,0,1,未注明,58同城,2026-09-24 22:13:37
1380,410821,修武县,焦作市,焦作市,马村-马村城区,王先生,中医执业医生,5000.0,8000.0,未注明,,0,0,0,0,1,未注明,58同城,2026-09-24 22:13:37
1381,410821,修武县,焦作市,焦作市,山阳-山阳城区,马先生,不需要开发客户的房产销售高提成,4000.0,12000.0,学历不限,2.0,0,0,0,1,0,学历不限,58同城,2026-09-24 22:13:37
1382,410821,修武县,焦作市,焦作市,解放-月季公园,招聘专员,采购专员在家兼职订单处理,4300.0,5200.0,未注明,,0,0,0,0,1,未注明,58同城,2026-09-24 22:13:37
1383,410821,修武县,焦作市,焦作市,焦作,时女士,焦作急招汽车配件配送C本司机不装卸长白班,6000.0,8000.0,未注明,,0,0,0,0,1,未注明,58同城,2026-09-24 22:13:37
1384,410821,修武县,焦作市,焦作市,焦作-武陟,墨落成白,店员/营业员,2100.0,4000.0,未注明,,0,0,0,0,1,未注明,58同城,2026-09-24 22:13:37
1385,410821,修武县,焦作市,焦作市,山阳-山阳城区,陈女士,售后客服/手机售后前台客服五险加班补助年,3000.0,8000.0,未注明,,0,0,0,0,1,未注明,58同城,2026-09-24 22:13:37
1386,410821,修武县,焦作市,焦作市,焦作,喜欢彩虹的小小,急招焦作周边配送副食品货运司机,6000.0,8000.0,未注明,,0,0,0,0,1,未注明,58同城,2026-09-24 22:13:37
1387,410821,修武县,焦作市,焦作市,焦作-山阳,招聘专员,食品店店员/营业员2500起,2500.0,5000.0,学历不限,,0,0,0,1,0,学历不限,58同城,2026-09-24 22:13:37
1388,410821,修武县,焦作市,焦作市,马村-马村城区,王先生,行政接待,3000.0,4500.0,未注明,,0,0,0,0,1,未注明,58同城,2026-09-24 22:13:37
1389,410821,修武县,焦作市,焦作市,焦作-解放,她山刺青,生活助理包住包吃,3000.0,4500.0,未注明,,0,0,0,0,1,未注明,58同城,2026-09-24 22:13:37
1390,410821,修武县,焦作市,焦作市,焦作-解放,A阿威,餐饮收银,2000.0,2500.0,未注明,,0,0,0,0,1,未注明,58同城,2026-09-24 22:13:37
1391,410821,修武县,焦作市,焦作市,焦作-博爱,李东,修理厂汽车钣金工包住饭补包吃,5000.0,8000.0,未注明,,0,0,0,0,1,未注明,58同城,2026-09-24 22:13:37
1392,410821,修武县,焦作市,焦作市,解放-解放城区,冯女士,卖房业务招聘销售,3000.0,5000.0,未注明,,0,0,0,0,1,未注明,58同城,2026-09-24 22:13:37
1393,410821,修武县,焦作市,焦作市,解放-月季公园,招聘专员,居家运营工作简单上手,4200.0,5600.0,未注明,,0,0,0,0,1,未注明,58同城,2026-09-24 22:13:37
1394,410821,修武县,焦作市,焦作市,焦作,孔先生,急招保安待遇优厚包吃住工... 小程序,4500.0,5000.0,未注明,,0,0,0,0,1,未注明,58同城,2026-09-24 22:13:41
1395,410821,修武县,焦作市,焦作市,山阳-山阳城区,张张,印象酒店/客房服务员/白/夜班多班次,2500.0,3500.0,学历不限,,0,0,0,1,0,学历不限,58同城,2026-09-24 22:13:41
1396,410821,修武县,焦作市,焦作市,修武县,,修武县川味面馆·租赁 服务区域：榆次、介休、太谷、平遥、灵石...,,,未注明,,0,0,0,0,1,未注明,58同城,2026-09-24 22:15:57
1397,410822,博爱县,焦作市,焦作市,焦作-博爱,被风吹歪的伞,急招铁路进站检查员环境好包吃包住五险一金,4000.0,6000.0,未注明,,0,0,0,0,1,未注明,58同城,2026-09-24 22:16:20
1398,410822,博爱县,焦作市,焦作市,焦作-博爱,庞女士,台球厅收银员/前台,2500.0,3000.0,未注明,,0,0,0,0,1,未注明,58同城,2026-09-24 22:16:20
1399,410822,博爱县,焦作市,焦作市,焦作-博爱,爱鲜生超市,爱鲜生食品销售店收银员2... 小程序,2000.0,2500.0,学历不限,2.0,0,0,0,1,0,学历不限,58同城,2026-09-24 22:16:20
1400,410822,博爱县,焦作市,焦作市,焦作-博爱,爱鲜生超市,爱鲜生食品销售店/收银员/2千起,2000.0,2500.0,学历不限,2.0,0,0,0,1,0,学历不限,58同城,2026-09-24 22:16:20
1401,410822,博爱县,焦作市,焦作市,焦作-博爱,张女士,客服专员五险,3500.0,8000.0,未注明,,0,0,0,0,1,未注明,58同城,2026-09-24 22:16:20
1402,410822,博爱县,焦作市,焦作市,焦作-博爱,使人信服de聂师傅,急招铁路进站检查员环境好包吃包住五险一金,4000.0,6000.0,未注明,,0,0,0,0,1,未注明,58同城,2026-09-24 22:16:20
1403,410822,博爱县,焦作市,焦作市,焦作-博爱,杨先生,急招博爱县饮料啤酒配送不装卸司机C本,6000.0,8000.0,未注明,,0,0,0,0,1,未注明,58同城,2026-09-24 22:16:20
1404,410822,博爱县,焦作市,焦作市,博爱-博爱城区,毛毛细雨,商超/销售专员工作时间灵活,2000.0,4500.0,学历不限,,0,0,0,1,0,学历不限,58同城,2026-09-24 22:16:20
1405,410822,博爱县,焦作市,焦作市,焦作-博爱,博爱县东兴学校,博爱县东兴学校/高中数学教师/5千起,5000.0,7000.0,本科,1.0,1,1,0,0,0,大专及以上,58同城,2026-09-24 22:16:20
1406,410822,博爱县,焦作市,焦作市,博爱-博爱城区,用户51235,酒水销售代表五险一金,5000.0,10000.0,未注明,,0,0,0,0,1,未注明,58同城,2026-09-24 22:16:20
1407,410822,博爱县,焦作市,焦作市,焦作-博爱,能言善辩康博士G,急招铁路进站检查员环境好包吃包住五险一金,4000.0,6000.0,未注明,,0,0,0,0,1,未注明,58同城,2026-09-24 22:16:20
1408,410822,博爱县,焦作市,焦作市,焦作-博爱,Cik,宠物护理美容,2500.0,3500.0,学历不限,,0,0,0,1,0,学历不限,58同城,2026-09-24 22:16:20
1409,410822,博爱县,焦作市,焦作市,焦作-博爱,李东,修理厂汽车钣金工包住饭补包吃,5000.0,8000.0,未注明,,0,0,0,0,1,未注明,58同城,2026-09-24 22:16:20
1410,410822,博爱县,焦作市,焦作市,焦作-博爱,苏,餐饮服务员,,,未注明,,0,0,0,0,1,未注明,58同城,2026-09-24 22:16:20
1411,410822,博爱县,焦作市,焦作市,焦作-博爱,招聘专员,行政主管,3000.0,5000.0,大专,31.0,1,0,0,0,0,大专及以上,58同城,2026-09-24 22:16:20
1412,410822,博爱县,焦作市,焦作市,博爱-博爱城区,落叶,食尚轩餐饮饭店/新媒体运营短视频方向/白,5000.0,20000.0,学历不限,,0,0,0,1,0,学历不限,58同城,2026-09-24 22:16:20
1413,410822,博爱县,焦作市,焦作市,焦作-博爱,泛泛,牧场养殖年底双薪加班补助包住,3500.0,8000.0,未注明,,0,0,0,0,1,未注明,58同城,2026-09-24 22:16:20
1414,410822,博爱县,焦作市,焦作市,焦作-博爱,用户68555,工地小工,6500.0,8000.0,学历不限,10.0,0,0,0,1,0,学历不限,58同城,2026-09-24 22:16:20
1415,410822,博爱县,焦作市,焦作市,焦作-博爱,画画涂鸦的阿悠,跨境电商全栈开发一人多岗,4500.0,8000.0,学历不限,2.0,0,0,0,1,0,学历不限,58同城,2026-09-24 22:16:20
1416,410822,博爱县,焦作市,焦作市,焦作-博爱,周总想登山,中国舞舞蹈老师,3000.0,5000.0,未注明,,0,0,0,0,1,未注明,58同城,2026-09-24 22:16:20
1417,410822,博爱县,焦作市,焦作市,焦作-博爱,王经理,急聘铁路安检地勤包吃住五险一金上一休一,5500.0,6000.0,未注明,,0,0,0,0,1,未注明,58同城,2026-09-24 22:16:20
1418,410822,博爱县,焦作市,焦作市,焦作-博爱,踩着小雨散步,本地直招C1司机不装不卸,7000.0,8000.0,未注明,,0,0,0,0,1,未注明,58同城,2026-09-24 22:16:20
1419,410822,博爱县,焦作市,焦作市,焦作-博爱,爱听故事的悠悠,文员电商无需经验待遇好,5000.0,7000.0,未注明,,0,0,0,0,1,未注明,58同城,2026-09-24 22:16:20
1420,410822,博爱县,焦作市,焦作市,博爱-博爱城区,走路带风的小雀,居家审核简单会电脑260一天,5000.0,8000.0,未注明,,0,0,0,0,1,未注明,58同城,2026-09-24 22:16:20
1421,410822,博爱县,焦作市,焦作市,焦作-博爱,张女士,门岗保安/有空调/包吃住,4500.0,5000.0,未注明,,0,0,0,0,1,未注明,58同城,2026-09-24 22:16:20
1422,410822,博爱县,焦作市,焦作市,焦作-博爱,高先生,诚聘铁路安检地勤上一休一免费食宿五险一金,5500.0,6000.0,未注明,,0,0,0,0,1,未注明,58同城,2026-09-24 22:16:20
1423,410822,博爱县,焦作市,焦作市,焦作-博爱,吴先生,急聘铁路安检地勤包吃包住上一休一五险一金,5500.0,6000.0,未注明,,0,0,0,0,1,未注明,58同城,2026-09-24 22:16:20
1424,410822,博爱县,焦作市,焦作市,焦作-博爱,高学军,建筑装饰公司工程资料员2500起,2500.0,3000.0,大专,,1,0,0,0,0,大专及以上,58同城,2026-09-24 22:16:20
1425,410822,博爱县,焦作市,焦作市,焦作-博爱,和铁VIP05,列车工作人员上几天休几天五险包食宿,5500.0,6000.0,未注明,,0,0,0,0,1,未注明,58同城,2026-09-24 22:16:20
1426,410822,博爱县,焦作市,焦作市,焦作-博爱,踩单车的叮叮,博爱-焦作急招C本司机（不装不卸）,5000.0,8000.0,学历不限,3.0,0,0,0,1,0,学历不限,58同城,2026-09-24 22:16:20
1427,410822,博爱县,焦作市,焦作市,山阳-山阳城区,张女士,后厨包吃包住（政二街）,3500.0,5000.0,未注明,,0,0,0,0,1,未注明,58同城,2026-09-24 22:16:24
1428,410822,博爱县,焦作市,焦作市,马村-马村城区,王先生,中医助理医师,3500.0,5000.0,未注明,,0,0,0,0,1,未注明,58同城,2026-09-24 22:16:24
1429,410822,博爱县,焦作市,焦作市,焦作,孔先生,急招保安待遇优厚包吃住工... 小程序,4500.0,5000.0,未注明,,0,0,0,0,1,未注明,58同城,2026-09-24 22:16:24
1430,410822,博爱县,焦作市,焦作市,焦作,夏先生,商场保安招人，工作轻松，环境干净舒适,4500.0,5000.0,未注明,,0,0,0,0,1,未注明,58同城,2026-09-24 22:16:24
1431,410822,博爱县,焦作市,焦作市,焦作,康先生,物业保安可预支包吃住,4500.0,5000.0,未注明,,0,0,0,0,1,未注明,58同城,2026-09-24 22:16:24
1432,410822,博爱县,焦作市,焦作市,山阳-山阳城区,张张,印象酒店/客房服务员/白/夜班多班次,2500.0,3500.0,学历不限,,0,0,0,1,0,学历不限,58同城,2026-09-24 22:16:24
1433,410822,博爱县,焦作市,焦作市,马村-马村城区,王先生,临床实习生,2000.0,3000.0,未注明,,0,0,0,0,1,未注明,58同城,2026-09-24 22:16:24
1434,410822,博爱县,焦作市,焦作市,马村-马村城区,王先生,中药药剂师,3000.0,4500.0,未注明,,0,0,0,0,1,未注明,58同城,2026-09-24 22:16:24
1435,410822,博爱县,焦作市,焦作市,山阳-山阳城区,杰,洗车工,2000.0,2500.0,未注明,,0,0,0,0,1,未注明,58同城,2026-09-24 22:16:24
1436,410822,博爱县,焦作市,焦作市,山阳-山阳城区,马先生,二手房屋租赁专员4千起,4000.0,8000.0,学历不限,2.0,0,0,0,1,0,学历不限,58同城,2026-09-24 22:16:24
1437,410822,博爱县,焦作市,焦作市,解放-焦作站,曹先生,台球厅娱乐场所店员2500起,2500.0,4000.0,学历不限,,0,0,0,1,0,学历不限,58同城,2026-09-24 22:16:24
1438,410822,博爱县,焦作市,焦作市,解放-解放城区,马先生,置业顾问资,4000.0,8000.0,学历不限,2.0,0,0,0,1,0,学历不限,58同城,2026-09-24 22:16:24
1439,410822,博爱县,焦作市,焦作市,焦作-武陟,王先生,零售连锁店门店经理,3000.0,7000.0,未注明,,0,0,0,0,1,未注明,58同城,2026-09-24 22:16:24
1440,410822,博爱县,焦作市,焦作市,山阳-山阳城区,田甜,田甜百货经营部电动车/摩托车维修3k起,3000.0,5000.0,学历不限,,0,0,0,1,0,学历不限,58同城,2026-09-24 22:16:24
1441,410822,博爱县,焦作市,焦作市,中站-中站城区,人事经理,制壳工,5000.0,8000.0,未注明,,0,0,0,0,1,未注明,58同城,2026-09-24 22:16:24
1442,410822,博爱县,焦作市,焦作市,马村-马村城区,王先生,中医执业医生,5000.0,8000.0,未注明,,0,0,0,0,1,未注明,58同城,2026-09-24 22:16:24
1443,410822,博爱县,焦作市,焦作市,山阳-山阳城区,马先生,不需要开发客户的房产销售高提成,4000.0,12000.0,学历不限,2.0,0,0,0,1,0,学历不限,58同城,2026-09-24 22:16:24
1444,410822,博爱县,焦作市,焦作市,解放-月季公园,招聘专员,采购专员在家兼职订单处理,4300.0,5200.0,未注明,,0,0,0,0,1,未注明,58同城,2026-09-24 22:16:24
1445,410822,博爱县,焦作市,焦作市,焦作,时女士,焦作急招汽车配件配送C本司机不装卸长白班,6000.0,8000.0,未注明,,0,0,0,0,1,未注明,58同城,2026-09-24 22:16:24
1446,410822,博爱县,焦作市,焦作市,焦作-武陟,墨落成白,店员/营业员,2100.0,4000.0,未注明,,0,0,0,0,1,未注明,58同城,2026-09-24 22:16:24
1447,410822,博爱县,焦作市,焦作市,山阳-山阳城区,陈女士,售后客服/手机售后前台客服五险加班补助年,3000.0,8000.0,未注明,,0,0,0,0,1,未注明,58同城,2026-09-24 22:16:24
1448,410822,博爱县,焦作市,焦作市,焦作,喜欢彩虹的小小,急招焦作周边配送副食品货运司机,6000.0,8000.0,未注明,,0,0,0,0,1,未注明,58同城,2026-09-24 22:16:24
1449,410822,博爱县,焦作市,焦作市,马村-马村城区,王先生,行政接待,3000.0,4500.0,未注明,,0,0,0,0,1,未注明,58同城,2026-09-24 22:16:24
1450,410822,博爱县,焦作市,焦作市,焦作-山阳,招聘专员,食品店店员/营业员2500起,2500.0,5000.0,学历不限,,0,0,0,1,0,学历不限,58同城,2026-09-24 22:16:24
1451,410822,博爱县,焦作市,焦作市,焦作-解放,她山刺青,生活助理包住包吃,3000.0,4500.0,未注明,,0,0,0,0,1,未注明,58同城,2026-09-24 22:16:24
1452,410822,博爱县,焦作市,焦作市,焦作-解放,A阿威,餐饮收银,2000.0,2500.0,未注明,,0,0,0,0,1,未注明,58同城,2026-09-24 22:16:24
1453,410822,博爱县,焦作市,焦作市,解放-解放城区,冯女士,卖房业务招聘销售,3000.0,5000.0,未注明,,0,0,0,0,1,未注明,58同城,2026-09-24 22:16:24
1454,410822,博爱县,焦作市,焦作市,解放-月季公园,招聘专员,居家运营工作简单上手,4200.0,5600.0,未注明,,0,0,0,0,1,未注明,58同城,2026-09-24 22:16:24
1455,410822,博爱县,焦作市,焦作市,焦作,康先生,物业保安可预支包吃住 小程序,4500.0,5000.0,未注明,,0,0,0,0,1,未注明,58同城,2026-09-24 22:16:36
1456,410822,博爱县,焦作市,焦作市,焦作,孔先生,急招保安待遇优厚包吃住工作轻松稳定环境好,4500.0,5000.0,未注明,,0,0,0,0,1,未注明,58同城,2026-09-24 22:16:36
1457,410822,博爱县,焦作市,焦作市,焦作-马村,四海汽修专治烧机油,销售顾问,3000.0,7500.0,学历不限,,0,0,0,1,0,学历不限,58同城,2026-09-24 22:16:36
1458,410823,武陟县,焦作市,焦作市,焦作-武陟,关于,服务员,2000.0,4000.0,学历不限,,0,0,0,1,0,学历不限,58同城,2026-09-24 22:19:11
1459,410823,武陟县,焦作市,焦作市,焦作-武陟,小熊泡面日记,小吃店后厨杂工3000起,3000.0,4000.0,学历不限,1.0,0,0,0,1,0,学历不限,58同城,2026-09-24 22:19:11
1460,410823,武陟县,焦作市,焦作市,焦作-武陟,Kp,急招包吃包住数控立车工 小程序,8000.0,12000.0,未注明,,0,0,0,0,1,未注明,58同城,2026-09-24 22:19:11
1461,410823,武陟县,焦作市,焦作市,焦作-武陟,马女士,急招武陟饮料配送C1货运不装卸司机,6000.0,8000.0,未注明,,0,0,0,0,1,未注明,58同城,2026-09-24 22:19:11
1462,410823,武陟县,焦作市,焦作市,焦作-武陟,王先生,零售连锁店门店经理,3000.0,7000.0,未注明,,0,0,0,0,1,未注明,58同城,2026-09-24 22:19:11
1463,410823,武陟县,焦作市,焦作市,焦作-武陟,墨落成白,店员/营业员,2100.0,4000.0,未注明,,0,0,0,0,1,未注明,58同城,2026-09-24 22:19:11
1464,410823,武陟县,焦作市,焦作市,焦作-武陟,用户31803,游戏视频剪辑/编辑3k起,3000.0,5000.0,学历不限,,0,0,0,1,0,学历不限,58同城,2026-09-24 22:19:11
1465,410823,武陟县,焦作市,焦作市,焦作-武陟,金钱打造气质,/规划师五险,3500.0,10000.0,未注明,,0,0,0,0,1,未注明,58同城,2026-09-24 22:19:11
1466,410823,武陟县,焦作市,焦作市,焦作-武陟,陈,机加厂质检员,4500.0,5500.0,中专/中技,3.0,0,0,0,0,0,高中/中专,58同城,2026-09-24 22:19:11
1467,410823,武陟县,焦作市,焦作市,焦作-武陟,刘女士,日结食品包装免费三餐150/天,6000.0,7000.0,未注明,,0,0,0,0,1,未注明,58同城,2026-09-24 22:19:11
1468,410823,武陟县,焦作市,焦作市,焦作-武陟,陈,急招CNC/数控操作工6000起,6000.0,8000.0,中专/中技,2.0,0,0,0,0,0,高中/中专,58同城,2026-09-24 22:19:11
1469,410823,武陟县,焦作市,焦作市,焦作-武陟,古先生,卓鑫自动化设备有限公司CNC/数控操作工,8000.0,12000.0,学历不限,,0,0,0,1,0,学历不限,58同城,2026-09-24 22:19:11
1470,410823,武陟县,焦作市,焦作市,焦作-武陟,坐在树下数落叶的静静,/服务老师2000起,2000.0,6000.0,未注明,,0,0,0,0,1,未注明,58同城,2026-09-24 22:19:11
1471,410823,武陟县,焦作市,焦作市,焦作-武陟,周女士,巡逻保安事少可拿手机可预支,4500.0,5000.0,未注明,,0,0,0,0,1,未注明,58同城,2026-09-24 22:19:11
1472,410823,武陟县,焦作市,焦作市,焦作-武陟,那些花儿舞蹈教育,舞蹈老师,3000.0,7000.0,本科,3.0,1,1,0,0,0,大专及以上,58同城,2026-09-24 22:19:11
1473,410823,武陟县,焦作市,焦作市,焦作-武陟,刘先生,焦作武陟 英语外贸业务员 五险一金,4000.0,8000.0,大专,27.0,1,0,0,0,0,大专及以上,58同城,2026-09-24 22:19:11
1474,410823,武陟县,焦作市,焦作市,武陟-武陟城区,程女士,小区清闲保安包吃包住月薪5k,4500.0,5000.0,未注明,,0,0,0,0,1,未注明,58同城,2026-09-24 22:19:11
1475,410823,武陟县,焦作市,焦作市,焦作-武陟,武先生,英雄联盟三角洲游戏代练/陪玩长期稳定6k,5500.0,7500.0,未注明,,0,0,0,0,1,未注明,58同城,2026-09-24 22:19:11
1476,410823,武陟县,焦作市,焦作市,焦作-武陟,马女士,普工录入管理280天包吃包住,6500.0,8500.0,未注明,,0,0,0,0,1,未注明,58同城,2026-09-24 22:19:11
1477,410823,武陟县,焦作市,焦作市,焦作-武陟,徐先生,保安/白班保安包吃住5000,4500.0,5000.0,学历不限,100.0,0,0,0,1,0,学历不限,58同城,2026-09-24 22:19:11
1478,410823,武陟县,焦作市,焦作市,焦作-武陟,用户10644,河南嘉泽医药有限公司内勤五险,3000.0,6000.0,未注明,,0,0,0,0,1,未注明,58同城,2026-09-24 22:19:11
1479,410823,武陟县,焦作市,焦作市,焦作-武陟,武先生,三角洲游戏代练/陪玩不需要露脸稳定6k,5500.0,7500.0,未注明,,0,0,0,0,1,未注明,58同城,2026-09-24 22:19:11
1480,410823,武陟县,焦作市,焦作市,焦作-武陟,暴女士,耳机装盒不穿无尘服包吃住260/天可日结,6500.0,8000.0,未注明,,0,0,0,0,1,未注明,58同城,2026-09-24 22:19:11
1481,410823,武陟县,焦作市,焦作市,焦作-武陟,踩单车的叮叮,武陟蓝天批发市场招不装卸C本司机,5000.0,8500.0,学历不限,4.0,0,0,0,1,0,学历不限,58同城,2026-09-24 22:19:11
1482,410823,武陟县,焦作市,焦作市,焦作-武陟,谢女士,200/天食品厂普工放叉子料包可日结,6000.0,7500.0,学历不限,50.0,0,0,0,1,0,学历不限,58同城,2026-09-24 22:19:11
1483,410823,武陟县,焦作市,焦作市,焦作-武陟,冉女士,贴标作业普工300一天入职便捷,7500.0,8000.0,未注明,,0,0,0,0,1,未注明,58同城,2026-09-24 22:19:11
1484,410823,武陟县,焦作市,焦作市,焦作-武陟,彭女士,泡面厂放调料叉子日结工包吃住,4500.0,5500.0,未注明,,0,0,0,0,1,未注明,58同城,2026-09-24 22:19:11
1485,410823,武陟县,焦作市,焦作市,焦作-武陟,徐女士,180/天长白班食品包装吃住在厂,5500.0,7000.0,学历不限,1.0,0,0,0,1,0,学历不限,58同城,2026-09-24 22:19:11
1486,410823,武陟县,焦作市,焦作市,焦作-武陟,李先生,日结230天好吃的酸汤泡面装箱满月送一箱,6000.0,7000.0,学历不限,100.0,0,0,0,1,0,学历不限,58同城,2026-09-24 22:19:11
1487,410823,武陟县,焦作市,焦作市,焦作-武陟,钟女士,包4餐包住日结180一天放料包刨工,4500.0,5500.0,未注明,,0,0,0,0,1,未注明,58同城,2026-09-24 22:19:11
1488,410823,武陟县,焦作市,焦作市,山阳-山阳城区,张女士,后厨包吃包住（政二街）,3500.0,5000.0,未注明,,0,0,0,0,1,未注明,58同城,2026-09-24 22:19:15
1489,410823,武陟县,焦作市,焦作市,马村-马村城区,王先生,中医助理医师,3500.0,5000.0,未注明,,0,0,0,0,1,未注明,58同城,2026-09-24 22:19:15
1490,410823,武陟县,焦作市,焦作市,焦作,孔先生,急招保安待遇优厚包吃住工... 小程序,4500.0,5000.0,未注明,,0,0,0,0,1,未注明,58同城,2026-09-24 22:19:15
1491,410823,武陟县,焦作市,焦作市,焦作,夏先生,商场保安招人，工作轻松，环境干净舒适,4500.0,5000.0,未注明,,0,0,0,0,1,未注明,58同城,2026-09-24 22:19:15
1492,410823,武陟县,焦作市,焦作市,焦作,康先生,物业保安可预支包吃住,4500.0,5000.0,未注明,,0,0,0,0,1,未注明,58同城,2026-09-24 22:19:15
1493,410823,武陟县,焦作市,焦作市,山阳-山阳城区,张张,印象酒店/客房服务员/白/夜班多班次,2500.0,3500.0,学历不限,,0,0,0,1,0,学历不限,58同城,2026-09-24 22:19:15
1494,410823,武陟县,焦作市,焦作市,马村-马村城区,王先生,临床实习生,2000.0,3000.0,未注明,,0,0,0,0,1,未注明,58同城,2026-09-24 22:19:15
1495,410823,武陟县,焦作市,焦作市,马村-马村城区,王先生,中药药剂师,3000.0,4500.0,未注明,,0,0,0,0,1,未注明,58同城,2026-09-24 22:19:15
1496,410823,武陟县,焦作市,焦作市,山阳-山阳城区,杰,洗车工,2000.0,2500.0,未注明,,0,0,0,0,1,未注明,58同城,2026-09-24 22:19:15
1497,410823,武陟县,焦作市,焦作市,山阳-山阳城区,马先生,二手房屋租赁专员4千起,4000.0,8000.0,学历不限,2.0,0,0,0,1,0,学历不限,58同城,2026-09-24 22:19:15
1498,410823,武陟县,焦作市,焦作市,解放-焦作站,曹先生,台球厅娱乐场所店员2500起,2500.0,4000.0,学历不限,,0,0,0,1,0,学历不限,58同城,2026-09-24 22:19:15
1499,410823,武陟县,焦作市,焦作市,解放-解放城区,马先生,置业顾问资,4000.0,8000.0,学历不限,2.0,0,0,0,1,0,学历不限,58同城,2026-09-24 22:19:15
1500,410823,武陟县,焦作市,焦作市,焦作-博爱,杨先生,急招博爱县饮料啤酒配送不装卸司机C本,6000.0,8000.0,未注明,,0,0,0,0,1,未注明,58同城,2026-09-24 22:19:15
1501,410823,武陟县,焦作市,焦作市,山阳-山阳城区,田甜,田甜百货经营部电动车/摩托车维修3k起,3000.0,5000.0,学历不限,,0,0,0,1,0,学历不限,58同城,2026-09-24 22:19:15
1502,410823,武陟县,焦作市,焦作市,中站-中站城区,人事经理,制壳工,5000.0,8000.0,未注明,,0,0,0,0,1,未注明,58同城,2026-09-24 22:19:15
1503,410823,武陟县,焦作市,焦作市,马村-马村城区,王先生,中医执业医生,5000.0,8000.0,未注明,,0,0,0,0,1,未注明,58同城,2026-09-24 22:19:15
1504,410823,武陟县,焦作市,焦作市,山阳-山阳城区,马先生,不需要开发客户的房产销售高提成,4000.0,12000.0,学历不限,2.0,0,0,0,1,0,学历不限,58同城,2026-09-24 22:19:15
1505,410823,武陟县,焦作市,焦作市,解放-月季公园,招聘专员,采购专员在家兼职订单处理,4300.0,5200.0,未注明,,0,0,0,0,1,未注明,58同城,2026-09-24 22:19:15
1506,410823,武陟县,焦作市,焦作市,焦作,时女士,焦作急招汽车配件配送C本司机不装卸长白班,6000.0,8000.0,未注明,,0,0,0,0,1,未注明,58同城,2026-09-24 22:19:15
1507,410823,武陟县,焦作市,焦作市,山阳-山阳城区,陈女士,售后客服/手机售后前台客服五险加班补助年,3000.0,8000.0,未注明,,0,0,0,0,1,未注明,58同城,2026-09-24 22:19:15
1508,410823,武陟县,焦作市,焦作市,焦作,喜欢彩虹的小小,急招焦作周边配送副食品货运司机,6000.0,8000.0,未注明,,0,0,0,0,1,未注明,58同城,2026-09-24 22:19:15
1509,410823,武陟县,焦作市,焦作市,马村-马村城区,王先生,行政接待,3000.0,4500.0,未注明,,0,0,0,0,1,未注明,58同城,2026-09-24 22:19:15
1510,410823,武陟县,焦作市,焦作市,焦作-山阳,招聘专员,食品店店员/营业员2500起,2500.0,5000.0,学历不限,,0,0,0,1,0,学历不限,58同城,2026-09-24 22:19:15
1511,410823,武陟县,焦作市,焦作市,焦作-解放,她山刺青,生活助理包住包吃,3000.0,4500.0,未注明,,0,0,0,0,1,未注明,58同城,2026-09-24 22:19:15
1512,410823,武陟县,焦作市,焦作市,焦作-解放,A阿威,餐饮收银,2000.0,2500.0,未注明,,0,0,0,0,1,未注明,58同城,2026-09-24 22:19:15
1513,410823,武陟县,焦作市,焦作市,焦作-博爱,李东,修理厂汽车钣金工包住饭补包吃,5000.0,8000.0,未注明,,0,0,0,0,1,未注明,58同城,2026-09-24 22:19:15
1514,410823,武陟县,焦作市,焦作市,解放-解放城区,冯女士,卖房业务招聘销售,3000.0,5000.0,未注明,,0,0,0,0,1,未注明,58同城,2026-09-24 22:19:15
1515,410823,武陟县,焦作市,焦作市,解放-月季公园,招聘专员,居家运营工作简单上手,4200.0,5600.0,未注明,,0,0,0,0,1,未注明,58同城,2026-09-24 22:19:15
1516,410823,武陟县,焦作市,焦作市,武陟县,,武陟县老铁机械设备租赁部·租赁 服务区域：榆次、介休、太谷、平遥、灵石...,,,未注明,,0,0,0,0,1,未注明,58同城,2026-09-24 22:21:36
1517,410825,温县,焦作市,焦作市,温县,白先生,急招温县本地生鲜配送货车司机待遇从优,7500.0,8000.0,未注明,,0,0,0,0,1,未注明,58同城,2026-09-24 22:21:56
1518,410825,温县,焦作市,焦作市,温县,品鸿供应链06,（温县）往返专线C证货运司机,6500.0,7900.0,未注明,,0,0,0,0,1,未注明,58同城,2026-09-24 22:21:56
1519,410825,温县,焦作市,焦作市,温县-温县城区,书亦烧仙草慈盛里店,温县草木甜饮品店/奶茶/... 小程序,2200.0,3000.0,学历不限,3.0,0,0,0,1,0,学历不限,58同城,2026-09-24 22:21:56
1520,410825,温县,焦作市,焦作市,温县,王女士,线上居家语聊厅主播不露脸无需经验11,3000.0,5000.0,学历不限,6.0,0,0,0,1,0,学历不限,58同城,2026-09-24 22:21:56
1521,410825,温县,焦作市,焦作市,温县,王女士,线上居家语聊厅主播不露脸无需经验8,5000.0,8000.0,学历不限,5.0,0,0,0,1,0,学历不限,58同城,2026-09-24 22:21:56
1522,410825,温县,焦作市,焦作市,温县,王女士,线上居家语聊厅主播不露脸无需经验3,5000.0,8000.0,学历不限,6.0,0,0,0,1,0,学历不限,58同城,2026-09-24 22:21:56
1523,410825,温县,焦作市,焦作市,温县-温县城区,徐先生,火锅店服务员3000起,3000.0,3500.0,学历不限,,0,0,0,1,0,学历不限,58同城,2026-09-24 22:21:56
1524,410825,温县,焦作市,焦作市,温县城区-温县市区,招聘专员,收银员,2700.0,3500.0,高中,3.0,0,0,0,0,0,高中/中专,58同城,2026-09-24 22:21:56
1525,410825,温县,焦作市,焦作市,温县,王女士,线上居家语聊厅主播不露脸无需经验,5000.0,8000.0,学历不限,6.0,0,0,0,1,0,学历不限,58同城,2026-09-24 22:21:56
1526,410825,温县,焦作市,焦作市,温县,手账记录者,叁角洲陪练接单，线上兼职，居家可做,4000.0,5000.0,未注明,,0,0,0,0,1,未注明,58同城,2026-09-24 22:21:56
1527,410825,温县,焦作市,焦作市,温县城区-温县市区,用户46690,服务员,2500.0,3000.0,学历不限,,0,0,0,1,0,学历不限,58同城,2026-09-24 22:21:56
1528,410825,温县,焦作市,焦作市,温县-其他,丰唐HR,CNC操作技师,4000.0,8000.0,未注明,,0,0,0,0,1,未注明,58同城,2026-09-24 22:21:56
1529,410825,温县,焦作市,焦作市,温县-温县城区,刘经理,温县煜豪食品店/门店店长/2500千起,3000.0,5000.0,学历不限,2.0,0,0,0,1,0,学历不限,58同城,2026-09-24 22:21:56
1530,410825,温县,焦作市,焦作市,温县-温县城区,放手放過自己,营业员,2500.0,3000.0,学历不限,2.0,0,0,0,1,0,学历不限,58同城,2026-09-24 22:21:56
1531,410825,温县,焦作市,焦作市,温县-其他,葛会军,CNC/数控车床操作工,9000.0,12000.0,未注明,,0,0,0,0,1,未注明,58同城,2026-09-24 22:21:56
1532,410825,温县,焦作市,焦作市,温县-温县城区,听歌入迷的阿晴,饮品店奶茶/饮品师2000起,2000.0,3000.0,学历不限,,0,0,0,1,0,学历不限,58同城,2026-09-24 22:21:56
1533,410825,温县,焦作市,焦作市,温县-温县城区,喜欢追小风的悠悠,居家审核员作息轻松月薪六千,5000.0,8000.0,未注明,,0,0,0,0,1,未注明,58同城,2026-09-24 22:21:56
1534,410825,温县,焦作市,焦作市,温县城区-温县市区,王艳,温县翠鸣服饰店导购2500起,2500.0,4500.0,学历不限,,0,0,0,1,0,学历不限,58同城,2026-09-24 22:21:56
1535,410825,温县,焦作市,焦作市,温县,杨女士,直招司机包住宿,5000.0,6000.0,未注明,,0,0,0,0,1,未注明,58同城,2026-09-24 22:21:56
1536,410825,温县,焦作市,焦作市,温县-其他,丰唐HR,机械设计工程师,10000.0,20000.0,未注明,,0,0,0,0,1,未注明,58同城,2026-09-24 22:21:56
1537,410825,温县,焦作市,焦作市,温县,好先生家居,好先生家居/室内设计包吃包住,5000.0,8000.0,未注明,,0,0,0,0,1,未注明,58同城,2026-09-24 22:21:56
1538,410825,温县,焦作市,焦作市,其他-温县其他,9f8kn8,酒店/酒店管理/白/夜班多班次可选,3000.0,5000.0,学历不限,,0,0,0,1,0,学历不限,58同城,2026-09-24 22:21:56
1539,410825,温县,焦作市,焦作市,温县-其他,热忱de宇总,平面设计/美术设计加班补助包住包吃,3500.0,5500.0,未注明,,0,0,0,0,1,未注明,58同城,2026-09-24 22:21:56
1540,410825,温县,焦作市,焦作市,温县-其他,仰望星空的梦,居家审核员早九晚五薪资6000,5000.0,8000.0,未注明,,0,0,0,0,1,未注明,58同城,2026-09-24 22:21:56
1541,410825,温县,焦作市,焦作市,焦作-温县,万女士,诚聘武陟铁路安检地勤人员五险一金上一休一,5000.0,6000.0,未注明,,0,0,0,0,1,未注明,58同城,2026-09-24 22:21:56
1542,410825,温县,焦作市,焦作市,温县-其他,丰唐HR,普工/操作工,3000.0,5000.0,未注明,,0,0,0,0,1,未注明,58同城,2026-09-24 22:21:56
1543,410825,温县,焦作市,焦作市,温县,任经理,舞台剧编剧,,,本科,2.0,1,1,0,0,0,大专及以上,58同城,2026-09-24 22:21:56
1544,410825,温县,焦作市,焦作市,温县城区-温县市区,亲善DE苟博士,服饰商店/IT技术支持/学历不限,2500.0,4500.0,未注明,,0,0,0,0,1,未注明,58同城,2026-09-24 22:21:56
1545,410825,温县,焦作市,焦作市,温县-其他,最爱小鱼的萌萌,居家审核员简单电脑操作月薪6000,5000.0,8000.0,未注明,,0,0,0,0,1,未注明,58同城,2026-09-24 22:21:56
1546,410825,温县,焦作市,焦作市,温县-温县城区,郑东,机械设计工程师,10000.0,15000.0,本科,13.0,1,1,0,0,0,大专及以上,58同城,2026-09-24 22:21:56
1547,410882,沁阳市,焦作市,焦作市,沁阳,李女士,小厂普工招人300一天免费包吃住0元入职,8000.0,8500.0,未注明,,0,0,0,0,1,未注明,58同城,2026-09-24 22:24:46
1548,410882,沁阳市,焦作市,焦作市,沁阳-沁阳城区,波力海苔,网吧网管2000起,2000.0,3000.0,学历不限,,0,0,0,1,0,学历不限,58同城,2026-09-24 22:24:46
1549,410882,沁阳市,焦作市,焦作市,沁阳-沁阳城区,周先生,KTV/酒吧服务员/25... 小程序,2500.0,3000.0,学历不限,8.0,0,0,0,1,0,学历不限,58同城,2026-09-24 22:24:46
1550,410882,沁阳市,焦作市,焦作市,沁阳,肖先生,电子厂手机质检包吃住不体检不穿无尘30/,7500.0,8500.0,未注明,,0,0,0,0,1,未注明,58同城,2026-09-24 22:24:46
1551,410882,沁阳市,焦作市,焦作市,沁阳,黄女士,无夜班药厂技工300一天日结贴标签包吃住,9000.0,11000.0,未注明,,0,0,0,0,1,未注明,58同城,2026-09-24 22:24:46
1552,410882,沁阳市,焦作市,焦作市,焦作-沁阳,彭女士,急招焦作生活用品配送不装卸新能源小车司机,6000.0,8500.0,未注明,,0,0,0,0,1,未注明,58同城,2026-09-24 22:24:46
1553,410882,沁阳市,焦作市,焦作市,沁阳,喜欢散步的阿花,质检员上班转一转280一天,6000.0,8000.0,未注明,,0,0,0,0,1,未注明,58同城,2026-09-24 22:24:46
1554,410882,沁阳市,焦作市,焦作市,沁阳,朱女士,电子厂质量检测员包吃住长白班300一天,7500.0,8000.0,未注明,,0,0,0,0,1,未注明,58同城,2026-09-24 22:24:46
1555,410882,沁阳市,焦作市,焦作市,沁阳,李先生,QC质检员/7-9千不体检包吃住,7500.0,9000.0,未注明,,0,0,0,0,1,未注明,58同城,2026-09-24 22:24:46
1556,410882,沁阳市,焦作市,焦作市,沁阳,刘先生,丝袜厂丝印工300/天长白班包吃住活轻松,8100.0,8200.0,未注明,,0,0,0,0,1,未注明,58同城,2026-09-24 22:24:46
1557,410882,沁阳市,焦作市,焦作市,沁阳,黄女士,小电器长白班/普工包吃住28/时,7500.0,8000.0,未注明,,0,0,0,0,1,未注明,58同城,2026-09-24 22:24:46
1558,410882,沁阳市,焦作市,焦作市,沁阳,摘星星的点点,质检员上班转一转280一天,6000.0,8000.0,未注明,,0,0,0,0,1,未注明,58同城,2026-09-24 22:24:46
1559,410882,沁阳市,焦作市,焦作市,沁阳-其他,蒋女士,销售经理,4000.0,7000.0,大专,1.0,1,0,0,0,0,大专及以上,58同城,2026-09-24 22:24:46
1560,410882,沁阳市,焦作市,焦作市,沁阳,龚女士,班车司机五险周结包住,5500.0,6000.0,未注明,,0,0,0,0,1,未注明,58同城,2026-09-24 22:24:46
1561,410882,沁阳市,焦作市,焦作市,沁阳-沁阳城区,用户26092,销售专员五险,2000.0,4000.0,未注明,,0,0,0,0,1,未注明,58同城,2026-09-24 22:24:46
1562,410882,沁阳市,焦作市,焦作市,沁阳,许先生,小孩玩具质检员360一天招满为止,7500.0,9000.0,未注明,,0,0,0,0,1,未注明,58同城,2026-09-24 22:24:46
1563,410882,沁阳市,焦作市,焦作市,沁阳-其他,陈女士,空调安装工/工作时间灵活,4500.0,7500.0,未注明,,0,0,0,0,1,未注明,58同城,2026-09-24 22:24:46
1564,410882,沁阳市,焦作市,焦作市,沁阳-沁阳城区,就叫我坏人吧,洁洁餐饮饭店/服务员/2500起,2500.0,4500.0,学历不限,,0,0,0,1,0,学历不限,58同城,2026-09-24 22:24:46
1565,410882,沁阳市,焦作市,焦作市,沁阳,莫女士,无夜班药厂技工贴标签可日结300一天坐班,9000.0,11000.0,未注明,,0,0,0,0,1,未注明,58同城,2026-09-24 22:24:46
1566,410882,沁阳市,焦作市,焦作市,沁阳,李女士,长白班药厂技工贴标签300一天日结坐岗,9000.0,11000.0,未注明,,0,0,0,0,1,未注明,58同城,2026-09-24 22:24:46
1567,410882,沁阳市,焦作市,焦作市,沁阳-沁阳城区,穿小鞋的蹦蹦,游戏代练/陪玩,3000.0,10000.0,学历不限,,0,0,0,1,0,学历不限,58同城,2026-09-24 22:24:46
1568,410882,沁阳市,焦作市,焦作市,沁阳-沁阳城区,最爱,宠物护理美容,2000.0,2500.0,学历不限,,0,0,0,1,0,学历不限,58同城,2026-09-24 22:24:46
1569,410882,沁阳市,焦作市,焦作市,沁阳-沁阳城区,望着天空的思绪,餐饮店视频拍摄剪辑2500起,2500.0,3500.0,学历不限,,0,0,0,1,0,学历不限,58同城,2026-09-24 22:24:46
1570,410882,沁阳市,焦作市,焦作市,沁阳-其他,爱回答de段老板,棠花青丝百货商行/国内电商运营/工作时间,2500.0,4000.0,未注明,,0,0,0,0,1,未注明,58同城,2026-09-24 22:24:46
1571,410882,沁阳市,焦作市,焦作市,沁阳-沁阳城区,Revive,美发店美发助理/学徒2千起,2000.0,4000.0,未注明,,0,0,0,0,1,未注明,58同城,2026-09-24 22:24:46
1572,410882,沁阳市,焦作市,焦作市,沁阳-沁阳城区,牛女士,画室主理人,3000.0,5000.0,大专,,1,0,0,0,0,大专及以上,58同城,2026-09-24 22:24:46
1573,410882,沁阳市,焦作市,焦作市,沁阳-沁阳城区,O高尚品格邓博士,豪宅/建筑设计/3000起,3000.0,5000.0,大专,1.0,1,0,0,0,0,大专及以上,58同城,2026-09-24 22:24:46
1574,410882,沁阳市,焦作市,焦作市,其他-沁阳站,范先生,商场坐岗保安有空调5千,5000.0,6000.0,未注明,,0,0,0,0,1,未注明,58同城,2026-09-24 22:24:46
1575,410882,沁阳市,焦作市,焦作市,沁阳,李先生,招聘焦作送货司机不装卸公司提供车待遇优厚,6000.0,8000.0,未注明,,0,0,0,0,1,未注明,58同城,2026-09-24 22:24:46
1576,410883,孟州市,焦作市,焦作市,孟州,费女士,商务司机包住,7100.0,7200.0,未注明,,0,0,0,0,1,未注明,58同城,2026-09-24 22:27:33
1577,410883,孟州市,焦作市,焦作市,孟州,张先生,耳机包装月8500包吃住不体检,7500.0,8000.0,未注明,,0,0,0,0,1,未注明,58同城,2026-09-24 22:27:33
1578,410883,孟州市,焦作市,焦作市,孟州,邓女士,抖音居家音频主播不露脸日... 小程序,8000.0,10000.0,学历不限,20.0,0,0,0,1,0,学历不限,58同城,2026-09-24 22:27:33
1579,410883,孟州市,焦作市,焦作市,孟州,王女士,数据线厂普工轻松月8500可预支,8000.0,8500.0,未注明,,0,0,0,0,1,未注明,58同城,2026-09-24 22:27:33
1580,410883,孟州市,焦作市,焦作市,孟州-其他,宇珂工厂,服饰商店服装销售3千起,3000.0,4000.0,未注明,,0,0,0,0,1,未注明,58同城,2026-09-24 22:27:33
1581,410883,孟州市,焦作市,焦作市,孟州-孟州城区,李女士,坐岗保安包吃住当天入职不收费,4500.0,5000.0,未注明,,0,0,0,0,1,未注明,58同城,2026-09-24 22:27:33
1582,410883,孟州市,焦作市,焦作市,孟州,爱马,孟州市爱马工厂店/促销/导购员2700起,2700.0,3000.0,学历不限,3.0,0,0,0,1,0,学历不限,58同城,2026-09-24 22:27:33
1583,410883,孟州市,焦作市,焦作市,孟州,朱女士,抖音居家音频主播不露脸日结200元,8000.0,10000.0,学历不限,20.0,0,0,0,1,0,学历不限,58同城,2026-09-24 22:27:33
1584,410883,孟州市,焦作市,焦作市,焦作-孟州,郑女士,1万包吃住招健身教练学徒,6500.0,13500.0,未注明,,0,0,0,0,1,未注明,58同城,2026-09-24 22:27:33
1585,410883,孟州市,焦作市,焦作市,孟州-其他,兰老板想剪纸,便利店店员/营业员2400起,2400.0,2600.0,学历不限,1.0,0,0,0,1,0,学历不限,58同城,2026-09-24 22:27:33
1586,410883,孟州市,焦作市,焦作市,孟州,爱玩积木的刘同学,生产物控朝九晚五不加班6k,4000.0,6000.0,未注明,,0,0,0,0,1,未注明,58同城,2026-09-24 22:27:33
1587,410883,孟州市,焦作市,焦作市,孟州,黄女士,电子厂操作工坐岗0费用直接入职,7500.0,8000.0,未注明,,0,0,0,0,1,未注明,58同城,2026-09-24 22:27:33
1588,410883,孟州市,焦作市,焦作市,孟州,尚雅娇私人号,南庄镇桑坡配货员,4900.0,5000.0,未注明,,0,0,0,0,1,未注明,58同城,2026-09-24 22:27:33
1589,410883,孟州市,焦作市,焦作市,焦作-孟州,宇师傅想聊天,诚聘铁路地勤安检五险一金包吃包住就近分配,5000.0,6000.0,未注明,,0,0,0,0,1,未注明,58同城,2026-09-24 22:27:33
1590,410883,孟州市,焦作市,焦作市,孟州-孟州城区,女兆,饮品店奶茶/饮品师2000起,2000.0,3000.0,学历不限,,0,0,0,1,0,学历不限,58同城,2026-09-24 22:27:33
1591,410883,孟州市,焦作市,焦作市,孟州,爱哼小调的秦小音,药厂（铁饭碗）招技工日结300一天贴标签,9000.0,9500.0,未注明,,0,0,0,0,1,未注明,58同城,2026-09-24 22:27:33
1592,410883,孟州市,焦作市,焦作市,孟州-孟州城区,种花养草的闲,凉菜厨师,4000.0,6500.0,未注明,,0,0,0,0,1,未注明,58同城,2026-09-24 22:27:33
1593,410883,孟州市,焦作市,焦作市,其他-孟州其他,A58同镇西虢站站长助理王科,磨之坊早餐店/服务员/2000起,2000.0,2500.0,学历不限,,0,0,0,1,0,学历不限,58同城,2026-09-24 22:27:33
1594,410883,孟州市,焦作市,焦作市,孟州-其他,听歌的风,居家审核员五险齐全待遇优厚,5000.0,8000.0,未注明,,0,0,0,0,1,未注明,58同城,2026-09-24 22:27:33
1595,410883,孟州市,焦作市,焦作市,孟州-孟州城区,爱聊天的祝老板,建材销售公司装卸/搬运工学历经验不限,5500.0,6000.0,学历不限,,0,0,0,1,0,学历不限,58同城,2026-09-24 22:27:33
1596,410883,孟州市,焦作市,焦作市,孟州,黄女士,保安/有五险8小时,5000.0,6000.0,未注明,,0,0,0,0,1,未注明,58同城,2026-09-24 22:27:33
1597,410883,孟州市,焦作市,焦作市,孟州城区-孟州市区,追星星的梦孩,顶剪美发美容店/美发助理/学徒3千起,3000.0,5000.0,未注明,,0,0,0,0,1,未注明,58同城,2026-09-24 22:27:33
1598,410883,孟州市,焦作市,焦作市,孟州,张女士,12小时坐岗保安可带朋友,5000.0,6000.0,未注明,,0,0,0,0,1,未注明,58同城,2026-09-24 22:27:33
1599,410883,孟州市,焦作市,焦作市,孟州-孟州城区,官方提醒,早九晚六CAD设计师,3000.0,6000.0,学历不限,2.0,0,0,0,1,0,学历不限,58同城,2026-09-24 22:27:33
1600,410883,孟州市,焦作市,焦作市,孟州,潘先生,工厂水电维修/包住包吃,5000.0,9000.0,未注明,,0,0,0,0,1,未注明,58同城,2026-09-24 22:27:33
1601,410883,孟州市,焦作市,焦作市,孟州,何先生,小区坐岗保安包吃住不收费,5000.0,5500.0,未注明,,0,0,0,0,1,未注明,58同城,2026-09-24 22:27:33
1602,410883,孟州市,焦作市,焦作市,孟州,刘先生,直招保安零费用无押金,5000.0,6000.0,未注明,,0,0,0,0,1,未注明,58同城,2026-09-24 22:27:33
1603,410883,孟州市,焦作市,焦作市,孟州,谢先生,大厦保安站坐结合5K,5000.0,6000.0,未注明,,0,0,0,0,1,未注明,58同城,2026-09-24 22:27:33
1604,410883,孟州市,焦作市,焦作市,孟州-孟州城区,葛女士,电子厂普工/操作工包吃加班补助年底双薪,6000.0,8000.0,未注明,,0,0,0,0,1,未注明,58同城,2026-09-24 22:27:33
1605,410883,孟州市,焦作市,焦作市,孟州,杜先生,坐岗保安，清闲有空调,5000.0,6000.0,未注明,,0,0,0,0,1,未注明,58同城,2026-09-24 22:27:33
1606,410922,清丰县,濮阳市,濮阳市,濮阳-清丰,爱在雨里跳舞的阿雨,悦家门窗经营店店员/营业员3千起,3000.0,5000.0,未注明,,0,0,0,0,1,未注明,58同城,2026-09-24 22:30:22
1607,410922,清丰县,濮阳市,濮阳市,濮阳-清丰,刘女士,门窗厂学徒工4千起,4000.0,8500.0,未注明,,0,0,0,0,1,未注明,58同城,2026-09-24 22:30:22
1608,410922,清丰县,濮阳市,濮阳市,濮阳-清丰,李永伟,药房药店营业员工作时间白... 小程序,2000.0,3500.0,学历不限,2.0,0,0,0,1,0,学历不限,58同城,2026-09-24 22:30:22
1609,410922,清丰县,濮阳市,濮阳市,濮阳-清丰,用户98680,清丰县大头乐享超市店/网络/在线客服,3000.0,10000.0,学历不限,20.0,0,0,0,1,0,学历不限,58同城,2026-09-24 22:30:22
1610,410922,清丰县,濮阳市,濮阳市,濮阳-清丰,超级茂Zi,吕小哥饮品店/奶茶/饮品师白,2000.0,2500.0,未注明,,0,0,0,0,1,未注明,58同城,2026-09-24 22:30:22
1611,410922,清丰县,濮阳市,濮阳市,清丰-人民路,齐师傅想领会,火锅店服务员2000起,2000.0,2500.0,学历不限,2.0,0,0,0,1,0,学历不限,58同城,2026-09-24 22:30:22
1612,410922,清丰县,濮阳市,濮阳市,濮阳-清丰,高先生,电商运营,,,大专,,1,0,0,0,0,大专及以上,58同城,2026-09-24 22:30:22
1613,410922,清丰县,濮阳市,濮阳市,濮阳-清丰,雨蒙,店员/营业员,2000.0,2500.0,学历不限,,0,0,0,1,0,学历不限,58同城,2026-09-24 22:30:22
1614,410922,清丰县,濮阳市,濮阳市,濮阳-清丰,王女士,开天纺织诚招客服专员,3500.0,6000.0,学历不限,30.0,0,0,0,1,0,学历不限,58同城,2026-09-24 22:30:22
1615,410922,清丰县,濮阳市,濮阳市,濮阳-清丰,王先生,电话客服3000起,3000.0,8500.0,学历不限,,0,0,0,1,0,学历不限,58同城,2026-09-24 22:30:22
1616,410922,清丰县,濮阳市,濮阳市,濮阳-清丰,李先生,火锅店餐厅领班/经理年底双薪工作餐标高免,3000.0,4500.0,未注明,,0,0,0,0,1,未注明,58同城,2026-09-24 22:30:22
1617,410922,清丰县,濮阳市,濮阳市,濮阳-清丰,用户15765,生鲜店生鲜加工4000起,4000.0,6000.0,学历不限,,0,0,0,1,0,学历不限,58同城,2026-09-24 22:30:22
1618,410922,清丰县,濮阳市,濮阳市,濮阳-清丰,李女士,中餐厅服务员2500起,2500.0,4500.0,学历不限,1.0,0,0,0,1,0,学历不限,58同城,2026-09-24 22:30:22
1619,410922,清丰县,濮阳市,濮阳市,濮阳-清丰,招聘专员,小吃店服务员2000起,2000.0,2500.0,高中,,0,0,0,0,0,高中/中专,58同城,2026-09-24 22:30:22
1620,410922,清丰县,濮阳市,濮阳市,濮阳-清丰,王先生,市场销售4k起工资准时发,4000.0,7000.0,未注明,,0,0,0,0,1,未注明,58同城,2026-09-24 22:30:22
1621,410922,清丰县,濮阳市,濮阳市,濮阳-清丰,用户998,清丰县城关镇二宽早点店/早餐工/2000,2000.0,2500.0,学历不限,,0,0,0,1,0,学历不限,58同城,2026-09-24 22:30:22
1622,410922,清丰县,濮阳市,濮阳市,濮阳-清丰,禄诚音频,运营专员/助理,2500.0,3500.0,学历不限,,0,0,0,1,0,学历不限,58同城,2026-09-24 22:30:22
1623,410922,清丰县,濮阳市,濮阳市,清丰-人民路,用户15649,洗车工,2000.0,3000.0,学历不限,,0,0,0,1,0,学历不限,58同城,2026-09-24 22:30:22
1624,410922,清丰县,濮阳市,濮阳市,濮阳-清丰,招聘专员,珠宝店长,3000.0,6000.0,高中,1.0,0,0,0,0,0,高中/中专,58同城,2026-09-24 22:30:22
1625,410922,清丰县,濮阳市,濮阳市,濮阳-清丰,嘴馋,具身智能工程师五险周末双休,3000.0,8000.0,未注明,,0,0,0,0,1,未注明,58同城,2026-09-24 22:30:22
1626,410922,清丰县,濮阳市,濮阳市,濮阳-清丰,雨滴跳舞机,直招铁路乘务地勤五险一金免费食宿带薪年假,5000.0,6000.0,未注明,,0,0,0,0,1,未注明,58同城,2026-09-24 22:30:22
1627,410922,清丰县,濮阳市,濮阳市,清丰-人民路,爱逛夜市的星,256元/天普工活轻松可带手机无需经验,5500.0,7500.0,未注明,,0,0,0,0,1,未注明,58同城,2026-09-24 22:30:22
1628,410922,清丰县,濮阳市,濮阳市,濮阳-清丰,能经理,生产跟单2k起,2000.0,6000.0,学历不限,5.0,0,0,0,1,0,学历不限,58同城,2026-09-24 22:30:22
1629,410922,清丰县,濮阳市,濮阳市,濮阳-清丰,爱领会的晋老板,极境智能科技俱乐部/游戏推广/白/夜班多,3000.0,5000.0,学历不限,,0,0,0,1,0,学历不限,58同城,2026-09-24 22:30:22
1630,410922,清丰县,濮阳市,濮阳市,濮阳-清丰,高先生,内勤,3000.0,3500.0,未注明,,0,0,0,0,1,未注明,58同城,2026-09-24 22:30:22
1631,410922,清丰县,濮阳市,濮阳市,清丰-人民路,李女士,8小时看大门保安事少可以看手机,4500.0,5000.0,未注明,,0,0,0,0,1,未注明,58同城,2026-09-24 22:30:22
1632,410922,清丰县,濮阳市,濮阳市,濮阳-清丰,能经理,门窗厂普工/操作工3k起,3000.0,6000.0,学历不限,10.0,0,0,0,1,0,学历不限,58同城,2026-09-24 22:30:22
1633,410922,清丰县,濮阳市,濮阳市,濮阳-清丰,能经理,门窗厂普工/操作工学徒工3k起,3000.0,6000.0,学历不限,8.0,0,0,0,1,0,学历不限,58同城,2026-09-24 22:30:22
1634,410922,清丰县,濮阳市,濮阳市,清丰-人民路,王女士,小区门岗保安包吃住/5k,5000.0,5500.0,未注明,,0,0,0,0,1,未注明,58同城,2026-09-24 22:30:22
1635,410922,清丰县,濮阳市,濮阳市,濮阳-清丰,晏先生,玩具厂贴标签/包吃住/300一天,8000.0,8500.0,未注明,,0,0,0,0,1,未注明,58同城,2026-09-24 22:30:22
1636,410922,清丰县,濮阳市,濮阳市,濮阳-濮阳县,许女士,濮阳巡逻保安岗包吃包住交五险月薪4k,3500.0,4000.0,未注明,,0,0,0,0,1,未注明,58同城,2026-09-24 22:30:26
1637,410922,清丰县,濮阳市,濮阳市,濮阳周边-其他,小兔爱啃胡萝卜,仓库管理缴纳五险周末双休,5000.0,8000.0,未注明,,0,0,0,0,1,未注明,58同城,2026-09-24 22:30:26
1638,410922,清丰县,濮阳市,濮阳市,濮阳,宫女士,室内岗保安活轻松五险一金 小程序,4500.0,5000.0,学历不限,7.0,0,0,0,1,0,学历不限,58同城,2026-09-24 22:30:26
1639,410922,清丰县,濮阳市,濮阳市,华龙-丹尼斯,翟女士,义乌雅仕饰家安装工3500,3500.0,5000.0,未注明,,0,0,0,0,1,未注明,58同城,2026-09-24 22:30:26
1640,410922,清丰县,濮阳市,濮阳市,华龙-中心广场,黄女士,蓝牙耳机操作工厂月8500包吃住好预支,8000.0,8500.0,未注明,,0,0,0,0,1,未注明,58同城,2026-09-24 22:30:26
1641,410922,清丰县,濮阳市,濮阳市,濮阳-华龙,谢女士,时间自由送餐员可暑假工,5000.0,8500.0,未注明,,0,0,0,0,1,未注明,58同城,2026-09-24 22:30:26
1642,410922,清丰县,濮阳市,濮阳市,华龙-丹尼斯,招聘专员,餐饮店店员/营业员白/夜/倒班多班次可选,2500.0,4500.0,未注明,,0,0,0,0,1,未注明,58同城,2026-09-24 22:30:26
1643,410922,清丰县,濮阳市,濮阳市,濮阳,孙女士,濮阳急招日用百货配送C证司机不装卸,6500.0,9000.0,未注明,,0,0,0,0,1,未注明,58同城,2026-09-24 22:30:26
1644,410922,清丰县,濮阳市,濮阳市,华龙-濮阳站,张先生,濮阳市张海村家用电器星级服务店家电维修交,4000.0,9000.0,未注明,,0,0,0,0,1,未注明,58同城,2026-09-24 22:30:26
1645,410922,清丰县,濮阳市,濮阳市,濮阳-华龙,蓝色鱼,防雷检测员,3000.0,4000.0,未注明,,0,0,0,0,1,未注明,58同城,2026-09-24 22:30:26
1646,410922,清丰县,濮阳市,濮阳市,濮阳周边-其他,周女士,小区保安包吃住可坐岗,4500.0,5000.0,未注明,,0,0,0,0,1,未注明,58同城,2026-09-24 22:30:26
1647,410922,清丰县,濮阳市,濮阳市,濮阳-濮阳县,钟女士,急招濮阳农资物料配送C1司机不装卸,6500.0,9000.0,未注明,,0,0,0,0,1,未注明,58同城,2026-09-24 22:30:26
1648,410922,清丰县,濮阳市,濮阳市,濮阳周边-其他,谭先生,美发助理,1000.0,1500.0,未注明,,0,0,0,0,1,未注明,58同城,2026-09-24 22:30:26
1649,410922,清丰县,濮阳市,濮阳市,濮阳周边-其他,范先生,泰康之家养老社区大客户代表,4500.0,20000.0,大专,5.0,1,0,0,0,0,大专及以上,58同城,2026-09-24 22:30:26
1650,410922,清丰县,濮阳市,濮阳市,濮阳,郭女士,友谊电器服务中心/售后客服学历经验不限,2500.0,3000.0,未注明,,0,0,0,0,1,未注明,58同城,2026-09-24 22:30:26
1651,410922,清丰县,濮阳市,濮阳市,濮阳周边-其他,小憩片刻的星,濮阳C证专线司机不装不卸,9400.0,9500.0,未注明,,0,0,0,0,1,未注明,58同城,2026-09-24 22:30:26
1652,410922,清丰县,濮阳市,濮阳市,华龙-丹尼斯,旅人,竹笛老师,2000.0,3000.0,学历不限,2.0,0,0,0,1,0,学历不限,58同城,2026-09-24 22:30:26
1653,410922,清丰县,濮阳市,濮阳市,濮阳周边-其他,牛先生,汽车销售业务经理,4000.0,8000.0,未注明,,0,0,0,0,1,未注明,58同城,2026-09-24 22:30:26
1654,410922,清丰县,濮阳市,濮阳市,华龙-濮阳站,好奇的小猫,厨工,3000.0,4500.0,学历不限,,0,0,0,1,0,学历不限,58同城,2026-09-24 22:30:26
1655,410922,清丰县,濮阳市,濮阳市,濮阳-华龙,赵义,程序员/其他软件研发3k起,3000.0,8000.0,中专/中技,1.0,0,0,0,0,0,高中/中专,58同城,2026-09-24 22:30:26
1656,410922,清丰县,濮阳市,濮阳市,濮阳,吕先生,招b本司机师傅,8000.0,9500.0,未注明,,0,0,0,0,1,未注明,58同城,2026-09-24 22:30:26
1657,410922,清丰县,濮阳市,濮阳市,濮阳,爱踢球的孙同学,急招濮阳县饲料配送C本司机不装卸,6000.0,8000.0,未注明,,0,0,0,0,1,未注明,58同城,2026-09-24 22:30:26
1658,410922,清丰县,濮阳市,濮阳市,濮阳-华龙,齐先生,羽毛球教练,3500.0,6000.0,学历不限,,0,0,0,1,0,学历不限,58同城,2026-09-24 22:30:26
1659,410922,清丰县,濮阳市,濮阳市,濮阳,李先生,美发助理/学徒,,,学历不限,,0,0,0,1,0,学历不限,58同城,2026-09-24 22:30:26
1660,410922,清丰县,濮阳市,濮阳市,濮阳-华龙,穿花裙的彩彩,餐饮收银,2000.0,2500.0,学历不限,,0,0,0,1,0,学历不限,58同城,2026-09-24 22:30:26
1661,410922,清丰县,濮阳市,濮阳市,濮阳,李先生,招聘范县货运司机仓库对仓库配送纯开车,6000.0,8000.0,未注明,,0,0,0,0,1,未注明,58同城,2026-09-24 22:30:26
1662,410922,清丰县,濮阳市,濮阳市,濮阳-华龙,南广义,贝思乐幼儿园/视频剪辑/2千起,2000.0,3000.0,未注明,,0,0,0,0,1,未注明,58同城,2026-09-24 22:30:26
1663,410922,清丰县,濮阳市,濮阳市,濮阳,爱踢球的孙同学,直招华龙区卫浴配送C本司机不装卸,6300.0,8000.0,未注明,,0,0,0,0,1,未注明,58同城,2026-09-24 22:30:26
1664,410922,清丰县,濮阳市,濮阳市,濮阳-华龙,王志,厨工,2800.0,3500.0,学历不限,,0,0,0,1,0,学历不限,58同城,2026-09-24 22:30:26
1665,410923,南乐县,濮阳市,濮阳市,濮阳-南乐,玲玲,超市门店店长8k起,8000.0,10000.0,学历不限,,0,0,0,1,0,学历不限,58同城,2026-09-25 00:35:59
1666,410923,南乐县,濮阳市,濮阳市,南乐-南乐汽车站,冯先生,电玩城导玩员,2000.0,3000.0,学历不限,2.0,0,0,0,1,0,学历不限,58同城,2026-09-25 00:35:59
1667,410923,南乐县,濮阳市,濮阳市,南乐-南乐汽车站,KillerQueen,南乐vivo体验顾问招聘... 小程序,3000.0,4500.0,未注明,,0,0,0,0,1,未注明,58同城,2026-09-25 00:35:59
1668,410923,南乐县,濮阳市,濮阳市,濮阳-南乐,李女士,UC衣橱服装店/服务员/3500起,3500.0,5500.0,中专/中技,1.0,0,0,0,0,0,高中/中专,58同城,2026-09-25 00:35:59
1669,410923,南乐县,濮阳市,濮阳市,南乐-南乐汽车站,捡石头的阿砾,售前客服,3000.0,4500.0,学历不限,,0,0,0,1,0,学历不限,58同城,2026-09-25 00:35:59
1670,410923,南乐县,濮阳市,濮阳市,濮阳-南乐,玲玲,南乐县谊家量贩/蔬果采购,4000.0,5500.0,学历不限,,0,0,0,1,0,学历不限,58同城,2026-09-25 00:35:59
1671,410923,南乐县,濮阳市,濮阳市,濮阳-南乐,刘先生,店员/营业员,2000.0,5000.0,高中,,0,0,0,0,0,高中/中专,58同城,2026-09-25 00:35:59
1672,410923,南乐县,濮阳市,濮阳市,濮阳-南乐,高先生,文章编辑,3000.0,6000.0,大专,10.0,1,0,0,0,0,大专及以上,58同城,2026-09-25 00:35:59
1673,410923,南乐县,濮阳市,濮阳市,濮阳-南乐,彭亮,南乐县尚古美容美发中心/美发助理/学徒2,2000.0,2500.0,学历不限,,0,0,0,1,0,学历不限,58同城,2026-09-25 00:35:59
1674,410923,南乐县,濮阳市,濮阳市,南乐-南乐汽车站,招聘专员,南乐县乐时披萨/店员/3千起,3000.0,4500.0,学历不限,1.0,0,0,0,1,0,学历不限,58同城,2026-09-25 00:35:59
1675,410923,南乐县,濮阳市,濮阳市,濮阳-南乐,用户38147,童装销售/学历经验不限,2000.0,2500.0,未注明,,0,0,0,0,1,未注明,58同城,2026-09-25 00:35:59
1676,410923,南乐县,濮阳市,濮阳市,濮阳-南乐,stqh93,起家装饰部家装/家居销售学历经验不限,2500.0,4500.0,学历不限,5.0,0,0,0,1,0,学历不限,58同城,2026-09-25 00:35:59
1677,410923,南乐县,濮阳市,濮阳市,濮阳-南乐,最爱散步的我,艺盛室内装修工程店/新媒体运营/3千起,3000.0,5000.0,学历不限,3.0,0,0,0,1,0,学历不限,58同城,2026-09-25 00:35:59
1678,410923,南乐县,濮阳市,濮阳市,南乐-南乐汽车站,招聘专员,乐时披萨/店员3千起,3000.0,4000.0,学历不限,1.0,0,0,0,1,0,学历不限,58同城,2026-09-25 00:35:59
1679,410923,南乐县,濮阳市,濮阳市,濮阳-南乐,招聘专员,渠道销售学历经验不限,2000.0,4500.0,学历不限,,0,0,0,1,0,学历不限,58同城,2026-09-25 00:35:59
1680,410923,南乐县,濮阳市,濮阳市,濮阳-南乐,任女士,急招小区看大门保安可带朋友,4500.0,5000.0,未注明,,0,0,0,0,1,未注明,58同城,2026-09-25 00:35:59
1681,410923,南乐县,濮阳市,濮阳市,濮阳-南乐,最爱散步的我,平面设计,2500.0,5000.0,学历不限,,0,0,0,1,0,学历不限,58同城,2026-09-25 00:35:59
1682,410923,南乐县,濮阳市,濮阳市,濮阳-南乐,遛弯儿的小毛,美容师,2500.0,5000.0,学历不限,,0,0,0,1,0,学历不限,58同城,2026-09-25 00:35:59
1683,410923,南乐县,濮阳市,濮阳市,濮阳-南乐,幸福DE许博士,南乐县房产中介店长,4000.0,8500.0,学历不限,1.0,0,0,0,1,0,学历不限,58同城,2026-09-25 00:35:59
1684,410923,南乐县,濮阳市,濮阳市,濮阳-南乐,爱看星星的苏小兔,财税顾问,2000.0,10000.0,未注明,,0,0,0,0,1,未注明,58同城,2026-09-25 00:35:59
1685,410923,南乐县,濮阳市,濮阳市,濮阳-南乐,李女士,看大门坐岗保安包吃住当天入职,4500.0,5000.0,未注明,,0,0,0,0,1,未注明,58同城,2026-09-25 00:35:59
1686,410923,南乐县,濮阳市,濮阳市,濮阳-南乐,风里飘着香,全屋定制设计拆单,2500.0,6000.0,未注明,,0,0,0,0,1,未注明,58同城,2026-09-25 00:35:59
1687,410923,南乐县,濮阳市,濮阳市,濮阳-南乐,董女士,纸箱厂/装盒员/300一天下班拿钱/包吃,7500.0,8000.0,未注明,,0,0,0,0,1,未注明,58同城,2026-09-25 00:35:59
1688,410923,南乐县,濮阳市,濮阳市,濮阳-南乐,张先生,急招健身教练无经验可培养,6000.0,12000.0,未注明,,0,0,0,0,1,未注明,58同城,2026-09-25 00:35:59
1689,410923,南乐县,濮阳市,濮阳市,濮阳-南乐,幸福专车司机招募有意联系,客运司机/工作时间灵活,6500.0,7000.0,学历不限,11.0,0,0,0,1,0,学历不限,58同城,2026-09-25 00:35:59
1690,410923,南乐县,濮阳市,濮阳市,南乐-南乐汽车站,招聘专员,财务经理,8000.0,12000.0,本科,3.0,1,1,0,0,0,大专及以上,58同城,2026-09-25 00:35:59
1691,410923,南乐县,濮阳市,濮阳市,濮阳-南乐,王女士,电子厂普工/操作工包住吃年底双薪活简单,6500.0,7500.0,未注明,,0,0,0,0,1,未注明,58同城,2026-09-25 00:35:59
1692,410923,南乐县,濮阳市,濮阳市,濮阳-南乐,郭先生,C1司机南乐送建材不交钱,5000.0,7000.0,未注明,,0,0,0,0,1,未注明,58同城,2026-09-25 00:35:59
1693,410923,南乐县,濮阳市,濮阳市,濮阳-南乐,胡先生,高端小区保安/可带朋友,4500.0,5000.0,未注明,,0,0,0,0,1,未注明,58同城,2026-09-25 00:35:59
1694,410923,南乐县,濮阳市,濮阳市,南乐-南乐汽车站,朱先生,坐岗看监控5千包吃住可唠嗑,4500.0,5000.0,未注明,,0,0,0,0,1,未注明,58同城,2026-09-25 00:35:59
1695,410923,南乐县,濮阳市,濮阳市,濮阳-濮阳县,许女士,濮阳巡逻保安岗包吃包住交五险月薪4k,3500.0,4000.0,未注明,,0,0,0,0,1,未注明,58同城,2026-09-25 00:36:03
1696,410923,南乐县,濮阳市,濮阳市,濮阳周边-其他,小兔爱啃胡萝卜,仓库管理缴纳五险周末双休,5000.0,8000.0,未注明,,0,0,0,0,1,未注明,58同城,2026-09-25 00:36:03
1697,410923,南乐县,濮阳市,濮阳市,濮阳,宫女士,室内岗保安活轻松五险一金 小程序,4500.0,5000.0,学历不限,7.0,0,0,0,1,0,学历不限,58同城,2026-09-25 00:36:03
1698,410923,南乐县,濮阳市,濮阳市,华龙-丹尼斯,翟女士,义乌雅仕饰家安装工3500,3500.0,5000.0,未注明,,0,0,0,0,1,未注明,58同城,2026-09-25 00:36:03
1699,410923,南乐县,濮阳市,濮阳市,华龙-丹尼斯,招聘专员,餐饮店店员/营业员白/夜/倒班多班次可选,2500.0,4500.0,未注明,,0,0,0,0,1,未注明,58同城,2026-09-25 00:36:03
1700,410923,南乐县,濮阳市,濮阳市,华龙-中心广场,黄女士,蓝牙耳机操作工厂月8500包吃住好预支,8000.0,8500.0,未注明,,0,0,0,0,1,未注明,58同城,2026-09-25 00:36:03
1701,410923,南乐县,濮阳市,濮阳市,濮阳-华龙,谢女士,时间自由送餐员可暑假工,5000.0,8500.0,未注明,,0,0,0,0,1,未注明,58同城,2026-09-25 00:36:03
1702,410923,南乐县,濮阳市,濮阳市,濮阳-清丰,爱在雨里跳舞的阿雨,悦家门窗经营店店员/营业员3千起,3000.0,5000.0,未注明,,0,0,0,0,1,未注明,58同城,2026-09-25 00:36:03
1703,410923,南乐县,濮阳市,濮阳市,濮阳,孙女士,濮阳急招日用百货配送C证司机不装卸,6500.0,9000.0,未注明,,0,0,0,0,1,未注明,58同城,2026-09-25 00:36:03
1704,410923,南乐县,濮阳市,濮阳市,华龙-濮阳站,张先生,濮阳市张海村家用电器星级服务店家电维修交,4000.0,9000.0,未注明,,0,0,0,0,1,未注明,58同城,2026-09-25 00:36:03
1705,410923,南乐县,濮阳市,濮阳市,濮阳周边-其他,周女士,小区保安包吃住可坐岗,4500.0,5000.0,未注明,,0,0,0,0,1,未注明,58同城,2026-09-25 00:36:03
1706,410923,南乐县,濮阳市,濮阳市,濮阳周边-其他,范先生,泰康之家养老社区大客户代表,4500.0,20000.0,大专,5.0,1,0,0,0,0,大专及以上,58同城,2026-09-25 00:36:03
1707,410923,南乐县,濮阳市,濮阳市,濮阳-濮阳县,钟女士,急招濮阳农资物料配送C1司机不装卸,6500.0,9000.0,未注明,,0,0,0,0,1,未注明,58同城,2026-09-25 00:36:03
1708,410923,南乐县,濮阳市,濮阳市,濮阳周边-其他,谭先生,美发助理,1000.0,1500.0,未注明,,0,0,0,0,1,未注明,58同城,2026-09-25 00:36:03
1709,410923,南乐县,濮阳市,濮阳市,濮阳周边-其他,小憩片刻的星,濮阳C证专线司机不装不卸,9400.0,9500.0,未注明,,0,0,0,0,1,未注明,58同城,2026-09-25 00:36:03
1710,410923,南乐县,濮阳市,濮阳市,华龙-丹尼斯,旅人,竹笛老师,2000.0,3000.0,学历不限,2.0,0,0,0,1,0,学历不限,58同城,2026-09-25 00:36:03
1711,410923,南乐县,濮阳市,濮阳市,濮阳,郭女士,友谊电器服务中心/售后客服学历经验不限,2500.0,3000.0,未注明,,0,0,0,0,1,未注明,58同城,2026-09-25 00:36:03
1712,410923,南乐县,濮阳市,濮阳市,濮阳-华龙,赵义,程序员/其他软件研发3k起,3000.0,8000.0,中专/中技,1.0,0,0,0,0,0,高中/中专,58同城,2026-09-25 00:36:03
1713,410923,南乐县,濮阳市,濮阳市,濮阳,吕先生,招b本司机师傅,8000.0,9500.0,未注明,,0,0,0,0,1,未注明,58同城,2026-09-25 00:36:03
1714,410923,南乐县,濮阳市,濮阳市,濮阳周边-其他,牛先生,汽车销售业务经理,4000.0,8000.0,未注明,,0,0,0,0,1,未注明,58同城,2026-09-25 00:36:03
1715,410923,南乐县,濮阳市,濮阳市,华龙-濮阳站,好奇的小猫,厨工,3000.0,4500.0,学历不限,,0,0,0,1,0,学历不限,58同城,2026-09-25 00:36:03
1716,410923,南乐县,濮阳市,濮阳市,濮阳-华龙,齐先生,羽毛球教练,3500.0,6000.0,学历不限,,0,0,0,1,0,学历不限,58同城,2026-09-25 00:36:03
1717,410923,南乐县,濮阳市,濮阳市,濮阳-华龙,用户78545,销售顾问,2000.0,5000.0,学历不限,,0,0,0,1,0,学历不限,58同城,2026-09-25 00:36:03
1718,410923,南乐县,濮阳市,濮阳市,濮阳-华龙,穿花裙的彩彩,餐饮收银,2000.0,2500.0,学历不限,,0,0,0,1,0,学历不限,58同城,2026-09-25 00:36:03
1719,410923,南乐县,濮阳市,濮阳市,濮阳-华龙,南广义,贝思乐幼儿园/视频剪辑/2千起,2000.0,3000.0,未注明,,0,0,0,0,1,未注明,58同城,2026-09-25 00:36:03
1720,410923,南乐县,濮阳市,濮阳市,濮阳-华龙,王志,厨工,2800.0,3500.0,学历不限,,0,0,0,1,0,学历不限,58同城,2026-09-25 00:36:03
1721,410923,南乐县,濮阳市,濮阳市,濮阳,爱踢球的孙同学,急招濮阳县饲料配送C本司机不装卸,6000.0,8000.0,未注明,,0,0,0,0,1,未注明,58同城,2026-09-25 00:36:03
1722,410923,南乐县,濮阳市,濮阳市,濮阳-华龙,南广义,宠物店宠物护理美容/包吃加班补助,2500.0,4000.0,未注明,,0,0,0,0,1,未注明,58同城,2026-09-25 00:36:03
1723,410923,南乐县,濮阳市,濮阳市,华龙-中心广场,范富松,销售经理（销售运营经理）,5000.0,10000.0,未注明,,0,0,0,0,1,未注明,58同城,2026-09-25 00:36:03
1724,410923,南乐县,濮阳市,濮阳市,濮阳-华龙,刘先生,濮阳急招日用百货配送C证司机不装卸,6000.0,8000.0,未注明,,0,0,0,0,1,未注明,58同城,2026-09-25 00:36:03
1725,410926,范县,濮阳市,濮阳市,濮阳-范县,杨先生,急招濮阳零食配送C本司机不装卸,6000.0,8000.0,未注明,,0,0,0,0,1,未注明,58同城,2026-09-24 22:35:41
1726,410926,范县,濮阳市,濮阳市,范县,品鸿供应链06,（范县）往返专线C证货运司机,5800.0,7500.0,未注明,,0,0,0,0,1,未注明,58同城,2026-09-24 22:35:41
1727,410926,范县,濮阳市,濮阳市,范县-城区,宋先生,招聘女修脚师，范县 小程序,4500.0,9000.0,未注明,,0,0,0,0,1,未注明,58同城,2026-09-24 22:35:41
1728,410926,范县,濮阳市,濮阳市,其他-范县其他,186******43_vok,范县创隆食品商贸有限公司/静电喷塑工45,4500.0,7000.0,学历不限,,0,0,0,1,0,学历不限,58同城,2026-09-24 22:35:41
1729,410926,范县,濮阳市,濮阳市,范县-城区,王女士,后厨杂工,3000.0,4500.0,学历不限,,0,0,0,1,0,学历不限,58同城,2026-09-24 22:35:41
1730,410926,范县,濮阳市,濮阳市,范县,爱绘图de辛师傅,货运公司招C本司机不装卸,6500.0,8000.0,学历不限,6.0,0,0,0,1,0,学历不限,58同城,2026-09-24 22:35:41
1731,410926,范县,濮阳市,濮阳市,范县,黄梦馨,药厂（铁饭碗）招技工日结300一天贴标签,9000.0,9500.0,未注明,,0,0,0,0,1,未注明,58同城,2026-09-24 22:35:41
1732,410926,范县,濮阳市,濮阳市,其他-范县其他,招聘专员,男服务员,2000.0,3000.0,未注明,,0,0,0,0,1,未注明,58同城,2026-09-24 22:35:41
1733,410926,范县,濮阳市,濮阳市,范县-城区,招聘专员,食堂厨师,3000.0,4500.0,学历不限,,0,0,0,1,0,学历不限,58同城,2026-09-24 22:35:41
1734,410926,范县,濮阳市,濮阳市,范县,李女士,给公司开车包住工资周结,5500.0,6000.0,未注明,,0,0,0,0,1,未注明,58同城,2026-09-24 22:35:41
1735,410926,范县,濮阳市,濮阳市,范县-城区,爱写日记的笔友,销售顾问,3000.0,10000.0,学历不限,,0,0,0,1,0,学历不限,58同城,2026-09-24 22:35:41
1736,410926,范县,濮阳市,濮阳市,范县,快乐跳跃的小兔,药厂（铁饭碗）招技工日结300一天贴标签,9000.0,9500.0,未注明,,0,0,0,0,1,未注明,58同城,2026-09-24 22:35:41
1737,410926,范县,濮阳市,濮阳市,范县-城区,付瑞萍,范县雷生家电营销店店员/营业员学历经验不,3000.0,5000.0,学历不限,,0,0,0,1,0,学历不限,58同城,2026-09-24 22:35:41
1738,410926,范县,濮阳市,濮阳市,范县-城区,招聘主管,服装销售,2500.0,4500.0,学历不限,,0,0,0,1,0,学历不限,58同城,2026-09-24 22:35:41
1739,410926,范县,濮阳市,濮阳市,范县,气贯长虹_秦博士,班车司机/五险一金包住房补,5500.0,6000.0,未注明,,0,0,0,0,1,未注明,58同城,2026-09-24 22:35:41
1740,410926,范县,濮阳市,濮阳市,范县,刘女士,视频剪辑/编辑,2000.0,3000.0,学历不限,,0,0,0,1,0,学历不限,58同城,2026-09-24 22:35:41
1741,410926,范县,濮阳市,濮阳市,其他-范县其他,不谙世事DE蒙同学,服饰商店服装销售2000起,2000.0,5000.0,未注明,,0,0,0,0,1,未注明,58同城,2026-09-24 22:35:41
1742,410926,范县,濮阳市,濮阳市,范县-其他,心里住个小太阳,居家审核员作息轻松月薪六千,5000.0,8000.0,未注明,,0,0,0,0,1,未注明,58同城,2026-09-24 22:35:41
1743,410926,范县,濮阳市,濮阳市,范县-城区,宝岩,天元纤维股份有限公司行政后勤主管3k起,3000.0,5000.0,大专,1.0,1,0,0,0,0,大专及以上,58同城,2026-09-24 22:35:41
1744,410926,范县,濮阳市,濮阳市,范县-其他,AA吉星移动手机连锁店,营业厅店员/营业员2000起,2000.0,4000.0,学历不限,,0,0,0,1,0,学历不限,58同城,2026-09-24 22:35:41
1745,410926,范县,濮阳市,濮阳市,范县-城区,数落叶的风,人工智能科技中心教师/白班,2000.0,5000.0,未注明,,0,0,0,0,1,未注明,58同城,2026-09-24 22:35:41
1746,410926,范县,濮阳市,濮阳市,范县-城区,忘晴落凡,网络销售,2500.0,4500.0,学历不限,,0,0,0,1,0,学历不限,58同城,2026-09-24 22:35:41
1747,410926,范县,濮阳市,濮阳市,范县-城区,用户94313,范县散打搏击教练员,3500.0,4500.0,未注明,,0,0,0,0,1,未注明,58同城,2026-09-24 22:35:41
1748,410926,范县,濮阳市,濮阳市,濮阳-范县,爱吃甜点的柠檬,出租车司机/工作时间灵活,6500.0,7000.0,学历不限,7.0,0,0,0,1,0,学历不限,58同城,2026-09-24 22:35:41
1749,410926,范县,濮阳市,濮阳市,范县-其他,郭先生,纤艺美业,2000.0,30000.0,学历不限,,0,0,0,1,0,学历不限,58同城,2026-09-24 22:35:41
1750,410926,范县,濮阳市,濮阳市,范县-城区,张员外,体育俱乐部/新媒体运营加班补助包吃周末,2000.0,8000.0,未注明,,0,0,0,0,1,未注明,58同城,2026-09-24 22:35:41
1751,410926,范县,濮阳市,濮阳市,范县,刘女士,范县急招C1司机（4米2）日结,7000.0,8000.0,学历不限,6.0,0,0,0,1,0,学历不限,58同城,2026-09-24 22:35:41
1752,410926,范县,濮阳市,濮阳市,范县-城区,爱吃蔬菜的保师傅,语音客服,4000.0,9500.0,学历不限,,0,0,0,1,0,学历不限,58同城,2026-09-24 22:35:41
1753,410926,范县,濮阳市,濮阳市,范县-其他,特别内向DE伍博士,汽车美容店汽车美容包吃包住,2000.0,5000.0,未注明,,0,0,0,0,1,未注明,58同城,2026-09-24 22:35:41
1754,410926,范县,濮阳市,濮阳市,濮阳-范县,幸福专车司机招募有意联系,商务司机,7500.0,8000.0,学历不限,12.0,0,0,0,1,0,学历不限,58同城,2026-09-24 22:35:41
1755,410926,范县,濮阳市,濮阳市,范县-城区,王老师,篮球、跳绳、体能教练员,4000.0,7000.0,未注明,,0,0,0,0,1,未注明,58同城,2026-09-24 22:35:45
1756,410926,范县,濮阳市,濮阳市,范县-城区,用户49940,英语老师,1500.0,2500.0,学历不限,,0,0,0,1,0,学历不限,58同城,2026-09-24 22:35:45
1757,410926,范县,濮阳市,濮阳市,范县-城区,糖糖,学思办公服务中心/英语老... 小程序,2500.0,4500.0,学历不限,1.0,0,0,0,1,0,学历不限,58同城,2026-09-24 22:35:45
1758,410926,范县,濮阳市,濮阳市,范县-城区,若喻,美体师,6000.0,10000.0,未注明,,0,0,0,0,1,未注明,58同城,2026-09-24 22:35:45
1759,410927,台前县,濮阳市,濮阳市,濮阳-濮阳县,许女士,濮阳巡逻保安岗包吃包住交五险月薪4k,3500.0,4000.0,未注明,,0,0,0,0,1,未注明,58同城,2026-09-24 22:38:30
1760,410927,台前县,濮阳市,濮阳市,濮阳周边-其他,小兔爱啃胡萝卜,仓库管理缴纳五险周末双休,5000.0,8000.0,未注明,,0,0,0,0,1,未注明,58同城,2026-09-24 22:38:30
1761,410927,台前县,濮阳市,濮阳市,濮阳,宫女士,室内岗保安活轻松五险一金 小程序,4500.0,5000.0,学历不限,7.0,0,0,0,1,0,学历不限,58同城,2026-09-24 22:38:30
1762,410927,台前县,濮阳市,濮阳市,华龙-丹尼斯,翟女士,义乌雅仕饰家安装工3500,3500.0,5000.0,未注明,,0,0,0,0,1,未注明,58同城,2026-09-24 22:38:30
1763,410927,台前县,濮阳市,濮阳市,华龙-中心广场,黄女士,蓝牙耳机操作工厂月8500包吃住好预支,8000.0,8500.0,未注明,,0,0,0,0,1,未注明,58同城,2026-09-24 22:38:30
1764,410927,台前县,濮阳市,濮阳市,濮阳-华龙,谢女士,时间自由送餐员可暑假工,5000.0,8500.0,未注明,,0,0,0,0,1,未注明,58同城,2026-09-24 22:38:30
1765,410927,台前县,濮阳市,濮阳市,华龙-丹尼斯,招聘专员,餐饮店店员/营业员白/夜/倒班多班次可选,2500.0,4500.0,未注明,,0,0,0,0,1,未注明,58同城,2026-09-24 22:38:30
1766,410927,台前县,濮阳市,濮阳市,濮阳,孙女士,濮阳急招日用百货配送C证司机不装卸,6500.0,9000.0,未注明,,0,0,0,0,1,未注明,58同城,2026-09-24 22:38:30
1767,410927,台前县,濮阳市,濮阳市,濮阳-清丰,爱在雨里跳舞的阿雨,悦家门窗经营店店员/营业员3千起,3000.0,5000.0,未注明,,0,0,0,0,1,未注明,58同城,2026-09-24 22:38:30
1768,410927,台前县,濮阳市,濮阳市,华龙-濮阳站,张先生,濮阳市张海村家用电器星级服务店家电维修交,4000.0,9000.0,未注明,,0,0,0,0,1,未注明,58同城,2026-09-24 22:38:30
1769,410927,台前县,濮阳市,濮阳市,濮阳-华龙,蓝色鱼,防雷检测员,3000.0,4000.0,未注明,,0,0,0,0,1,未注明,58同城,2026-09-24 22:38:30
1770,410927,台前县,濮阳市,濮阳市,濮阳周边-其他,周女士,小区保安包吃住可坐岗,4500.0,5000.0,未注明,,0,0,0,0,1,未注明,58同城,2026-09-24 22:38:30
1771,410927,台前县,濮阳市,濮阳市,濮阳-濮阳县,钟女士,急招濮阳农资物料配送C1司机不装卸,6500.0,9000.0,未注明,,0,0,0,0,1,未注明,58同城,2026-09-24 22:38:30
1772,410927,台前县,濮阳市,濮阳市,濮阳周边-其他,谭先生,美发助理,1000.0,1500.0,未注明,,0,0,0,0,1,未注明,58同城,2026-09-24 22:38:30
1773,410927,台前县,濮阳市,濮阳市,濮阳周边-其他,范先生,泰康之家养老社区大客户代表,4500.0,20000.0,大专,5.0,1,0,0,0,0,大专及以上,58同城,2026-09-24 22:38:30
1774,410927,台前县,濮阳市,濮阳市,濮阳,郭女士,友谊电器服务中心/售后客服学历经验不限,2500.0,3000.0,未注明,,0,0,0,0,1,未注明,58同城,2026-09-24 22:38:30
1775,410927,台前县,濮阳市,濮阳市,濮阳周边-其他,小憩片刻的星,濮阳C证专线司机不装不卸,9400.0,9500.0,未注明,,0,0,0,0,1,未注明,58同城,2026-09-24 22:38:30
1776,410927,台前县,濮阳市,濮阳市,华龙-丹尼斯,旅人,竹笛老师,2000.0,3000.0,学历不限,2.0,0,0,0,1,0,学历不限,58同城,2026-09-24 22:38:30
1777,410927,台前县,濮阳市,濮阳市,濮阳周边-其他,牛先生,汽车销售业务经理,4000.0,8000.0,未注明,,0,0,0,0,1,未注明,58同城,2026-09-24 22:38:30
1778,410927,台前县,濮阳市,濮阳市,华龙-濮阳站,好奇的小猫,厨工,3000.0,4500.0,学历不限,,0,0,0,1,0,学历不限,58同城,2026-09-24 22:38:30
1779,410927,台前县,濮阳市,濮阳市,濮阳-华龙,赵义,程序员/其他软件研发3k起,3000.0,8000.0,中专/中技,1.0,0,0,0,0,0,高中/中专,58同城,2026-09-24 22:38:30
1780,410927,台前县,濮阳市,濮阳市,濮阳,吕先生,招b本司机师傅,8000.0,9500.0,未注明,,0,0,0,0,1,未注明,58同城,2026-09-24 22:38:30
1781,410927,台前县,濮阳市,濮阳市,濮阳,爱踢球的孙同学,急招濮阳县饲料配送C本司机不装卸,6000.0,8000.0,未注明,,0,0,0,0,1,未注明,58同城,2026-09-24 22:38:30
1782,410927,台前县,濮阳市,濮阳市,濮阳-华龙,齐先生,羽毛球教练,3500.0,6000.0,学历不限,,0,0,0,1,0,学历不限,58同城,2026-09-24 22:38:30
1783,410927,台前县,濮阳市,濮阳市,濮阳,李先生,美发助理/学徒,,,学历不限,,0,0,0,1,0,学历不限,58同城,2026-09-24 22:38:30
1784,410927,台前县,濮阳市,濮阳市,濮阳-华龙,穿花裙的彩彩,餐饮收银,2000.0,2500.0,学历不限,,0,0,0,1,0,学历不限,58同城,2026-09-24 22:38:30
1785,410927,台前县,濮阳市,濮阳市,濮阳,李先生,招聘范县货运司机仓库对仓库配送纯开车,6000.0,8000.0,未注明,,0,0,0,0,1,未注明,58同城,2026-09-24 22:38:30
1786,410927,台前县,濮阳市,濮阳市,濮阳-华龙,南广义,贝思乐幼儿园/视频剪辑/2千起,2000.0,3000.0,未注明,,0,0,0,0,1,未注明,58同城,2026-09-24 22:38:30
1787,410927,台前县,濮阳市,濮阳市,濮阳,爱踢球的孙同学,直招华龙区卫浴配送C本司机不装卸,6300.0,8000.0,未注明,,0,0,0,0,1,未注明,58同城,2026-09-24 22:38:30
1788,410927,台前县,濮阳市,濮阳市,濮阳-华龙,王志,厨工,2800.0,3500.0,学历不限,,0,0,0,1,0,学历不限,58同城,2026-09-24 22:38:30
1789,410928,濮阳县,濮阳市,濮阳市,濮阳-濮阳县,许女士,濮阳巡逻保安岗包吃包住交五险月薪4k,3500.0,4000.0,未注明,,0,0,0,0,1,未注明,58同城,2026-09-24 22:41:06
1790,410928,濮阳县,濮阳市,濮阳市,濮阳周边-其他,小兔爱啃胡萝卜,仓库管理缴纳五险周末双休,5000.0,8000.0,未注明,,0,0,0,0,1,未注明,58同城,2026-09-24 22:41:06
1791,410928,濮阳县,濮阳市,濮阳市,濮阳,宫女士,室内岗保安活轻松五险一金 小程序,4500.0,5000.0,学历不限,7.0,0,0,0,1,0,学历不限,58同城,2026-09-24 22:41:06
1792,410928,濮阳县,濮阳市,濮阳市,华龙-丹尼斯,翟女士,义乌雅仕饰家安装工3500,3500.0,5000.0,未注明,,0,0,0,0,1,未注明,58同城,2026-09-24 22:41:06
1793,410928,濮阳县,濮阳市,濮阳市,华龙-中心广场,黄女士,蓝牙耳机操作工厂月8500包吃住好预支,8000.0,8500.0,未注明,,0,0,0,0,1,未注明,58同城,2026-09-24 22:41:06
1794,410928,濮阳县,濮阳市,濮阳市,濮阳-华龙,谢女士,时间自由送餐员可暑假工,5000.0,8500.0,未注明,,0,0,0,0,1,未注明,58同城,2026-09-24 22:41:06
1795,410928,濮阳县,濮阳市,濮阳市,华龙-丹尼斯,招聘专员,餐饮店店员/营业员白/夜/倒班多班次可选,2500.0,4500.0,未注明,,0,0,0,0,1,未注明,58同城,2026-09-24 22:41:06
1796,410928,濮阳县,濮阳市,濮阳市,濮阳,孙女士,濮阳急招日用百货配送C证司机不装卸,6500.0,9000.0,未注明,,0,0,0,0,1,未注明,58同城,2026-09-24 22:41:06
1797,410928,濮阳县,濮阳市,濮阳市,濮阳-清丰,爱在雨里跳舞的阿雨,悦家门窗经营店店员/营业员3千起,3000.0,5000.0,未注明,,0,0,0,0,1,未注明,58同城,2026-09-24 22:41:06
1798,410928,濮阳县,濮阳市,濮阳市,华龙-濮阳站,张先生,濮阳市张海村家用电器星级服务店家电维修交,4000.0,9000.0,未注明,,0,0,0,0,1,未注明,58同城,2026-09-24 22:41:06
1799,410928,濮阳县,濮阳市,濮阳市,濮阳周边-其他,周女士,小区保安包吃住可坐岗,4500.0,5000.0,未注明,,0,0,0,0,1,未注明,58同城,2026-09-24 22:41:06
1800,410928,濮阳县,濮阳市,濮阳市,濮阳-濮阳县,钟女士,急招濮阳农资物料配送C1司机不装卸,6500.0,9000.0,未注明,,0,0,0,0,1,未注明,58同城,2026-09-24 22:41:06
1801,410928,濮阳县,濮阳市,濮阳市,濮阳周边-其他,谭先生,美发助理,1000.0,1500.0,未注明,,0,0,0,0,1,未注明,58同城,2026-09-24 22:41:06
1802,410928,濮阳县,濮阳市,濮阳市,濮阳周边-其他,范先生,泰康之家养老社区大客户代表,4500.0,20000.0,大专,5.0,1,0,0,0,0,大专及以上,58同城,2026-09-24 22:41:06
1803,410928,濮阳县,濮阳市,濮阳市,濮阳,郭女士,友谊电器服务中心/售后客服学历经验不限,2500.0,3000.0,未注明,,0,0,0,0,1,未注明,58同城,2026-09-24 22:41:06
1804,410928,濮阳县,濮阳市,濮阳市,濮阳周边-其他,小憩片刻的星,濮阳C证专线司机不装不卸,9400.0,9500.0,未注明,,0,0,0,0,1,未注明,58同城,2026-09-24 22:41:06
1805,410928,濮阳县,濮阳市,濮阳市,华龙-丹尼斯,旅人,竹笛老师,2000.0,3000.0,学历不限,2.0,0,0,0,1,0,学历不限,58同城,2026-09-24 22:41:06
1806,410928,濮阳县,濮阳市,濮阳市,濮阳周边-其他,牛先生,汽车销售业务经理,4000.0,8000.0,未注明,,0,0,0,0,1,未注明,58同城,2026-09-24 22:41:06
1807,410928,濮阳县,濮阳市,濮阳市,华龙-濮阳站,好奇的小猫,厨工,3000.0,4500.0,学历不限,,0,0,0,1,0,学历不限,58同城,2026-09-24 22:41:06
1808,410928,濮阳县,濮阳市,濮阳市,濮阳-华龙,赵义,程序员/其他软件研发3k起,3000.0,8000.0,中专/中技,1.0,0,0,0,0,0,高中/中专,58同城,2026-09-24 22:41:06
1809,410928,濮阳县,濮阳市,濮阳市,濮阳,吕先生,招b本司机师傅,8000.0,9500.0,未注明,,0,0,0,0,1,未注明,58同城,2026-09-24 22:41:06
1810,410928,濮阳县,濮阳市,濮阳市,濮阳,爱踢球的孙同学,急招濮阳县饲料配送C本司机不装卸,6000.0,8000.0,未注明,,0,0,0,0,1,未注明,58同城,2026-09-24 22:41:06
1811,410928,濮阳县,濮阳市,濮阳市,濮阳-华龙,齐先生,羽毛球教练,3500.0,6000.0,学历不限,,0,0,0,1,0,学历不限,58同城,2026-09-24 22:41:06
1812,410928,濮阳县,濮阳市,濮阳市,濮阳-华龙,穿花裙的彩彩,餐饮收银,2000.0,2500.0,学历不限,,0,0,0,1,0,学历不限,58同城,2026-09-24 22:41:06
1813,410928,濮阳县,濮阳市,濮阳市,濮阳,李先生,招聘范县货运司机仓库对仓库配送纯开车,6000.0,8000.0,未注明,,0,0,0,0,1,未注明,58同城,2026-09-24 22:41:06
1814,410928,濮阳县,濮阳市,濮阳市,濮阳-华龙,南广义,贝思乐幼儿园/视频剪辑/2千起,2000.0,3000.0,未注明,,0,0,0,0,1,未注明,58同城,2026-09-24 22:41:06
1815,410928,濮阳县,濮阳市,濮阳市,濮阳,爱踢球的孙同学,直招华龙区卫浴配送C本司机不装卸,6300.0,8000.0,未注明,,0,0,0,0,1,未注明,58同城,2026-09-24 22:41:06
1816,410928,濮阳县,濮阳市,濮阳市,濮阳-华龙,王志,厨工,2800.0,3500.0,学历不限,,0,0,0,1,0,学历不限,58同城,2026-09-24 22:41:06
1817,410928,濮阳县,濮阳市,濮阳市,濮阳-濮阳县,哼着歌走过的街,急招濮阳家具配送不装卸C1司机,6000.0,8000.0,未注明,,0,0,0,0,1,未注明,58同城,2026-09-24 22:41:06
1818,410928,濮阳县,濮阳市,濮阳市,濮阳-华龙,刘先生,濮阳急招日用百货配送C证司机不装卸,6000.0,8000.0,未注明,,0,0,0,0,1,未注明,58同城,2026-09-24 22:41:06
1819,410928,濮阳县,濮阳市,濮阳市,濮阳-华龙,裴经理,健康养生馆门店店员3000起,3000.0,5000.0,未注明,,0,0,0,0,1,未注明,58同城,2026-09-24 22:41:10
1820,410928,濮阳县,濮阳市,濮阳市,濮阳,夏先生,商场保安招人，工作轻松，环境干净舒适,4500.0,5000.0,未注明,,0,0,0,0,1,未注明,58同城,2026-09-24 22:41:10
1821,410928,濮阳县,濮阳市,濮阳市,华龙-联华广场,蚂蚁办公微信,乒乓球馆/乒乓球教练工作... 小程序,3000.0,4500.0,学历不限,1.0,0,0,0,1,0,学历不限,58同城,2026-09-24 22:41:10
1822,410928,濮阳县,濮阳市,濮阳市,濮阳-华龙,招聘专员,销售顾问,2000.0,4000.0,学历不限,,0,0,0,1,0,学历不限,58同城,2026-09-24 22:41:10
1823,410928,濮阳县,濮阳市,濮阳市,濮阳-华龙,宗同学爱采购,软件开发/3千起,3000.0,5000.0,学历不限,,0,0,0,1,0,学历不限,58同城,2026-09-24 22:41:10
1824,410928,濮阳县,濮阳市,濮阳市,濮阳-清丰,招聘专员,珠宝店长,3000.0,6000.0,高中,1.0,0,0,0,0,0,高中/中专,58同城,2026-09-24 22:41:10
1825,410928,濮阳县,濮阳市,濮阳市,濮阳-华龙,锦国泰食品,4千聘食品区域销售40岁以下,3000.0,7000.0,学历不限,3.0,0,0,0,1,0,学历不限,58同城,2026-09-24 22:41:10
1826,410928,濮阳县,濮阳市,濮阳市,濮阳,康先生,物业保安可预支包吃住,4500.0,5000.0,未注明,,0,0,0,0,1,未注明,58同城,2026-09-24 22:41:10
1827,410928,濮阳县,濮阳市,濮阳市,濮阳,孔先生,急招保安待遇优厚包吃住工作轻松稳定环境好,4500.0,5000.0,未注明,,0,0,0,0,1,未注明,58同城,2026-09-24 22:41:10
1828,410928,濮阳县,濮阳市,濮阳市,濮阳周边-其他,鲁老师,跆拳道教练,,,未注明,,0,0,0,0,1,未注明,58同城,2026-09-24 22:41:10
1829,410928,濮阳县,濮阳市,濮阳市,濮阳-华龙,胡女士,物业直招长期工保安可带朋友/包吃包住,5500.0,6000.0,未注明,,0,0,0,0,1,未注明,58同城,2026-09-24 22:41:10
1830,410928,濮阳县,濮阳市,濮阳市,华龙-中心广场,王先生,小区室内门岗保安包吃住可预支,4500.0,5000.0,未注明,,0,0,0,0,1,未注明,58同城,2026-09-24 22:41:10
1831,410928,濮阳县,濮阳市,濮阳市,濮阳-华龙,李女士,门岗保安包吃住不收费可以预支,4500.0,5000.0,未注明,,0,0,0,0,1,未注明,58同城,2026-09-24 22:41:10
1832,410928,濮阳县,濮阳市,濮阳市,濮阳周边-其他,用户5175,汽车维修,3000.0,5500.0,未注明,,0,0,0,0,1,未注明,58同城,2026-09-24 22:41:10
1833,410928,濮阳县,濮阳市,濮阳市,濮阳,李先生,叶片操作工，280-350元/天,8000.0,8500.0,未注明,,0,0,0,0,1,未注明,58同城,2026-09-24 22:41:10
1834,410928,濮阳县,濮阳市,濮阳市,濮阳周边-其他,用户5175,汽车维修厂/汽车维修包住包吃,3000.0,9500.0,未注明,,0,0,0,0,1,未注明,58同城,2026-09-24 22:41:10
1835,410928,濮阳县,濮阳市,濮阳市,濮阳-华龙,任先生,诚聘小件装卸搬运工,5800.0,5900.0,未注明,,0,0,0,0,1,未注明,58同城,2026-09-24 22:41:10
1836,410928,濮阳县,濮阳市,濮阳市,华龙-濮阳站,邓女士,轻松坐岗保安包吃包住,4500.0,5000.0,未注明,,0,0,0,0,1,未注明,58同城,2026-09-24 22:41:10
1837,410928,濮阳县,濮阳市,濮阳市,华龙-濮阳站,李女士,钳工/包吃五险一金包住13000以上,10000.0,13000.0,未注明,,0,0,0,0,1,未注明,58同城,2026-09-24 22:41:10
1838,410928,濮阳县,濮阳市,濮阳市,濮阳,周先生,月薪过万-招健身教练学徒,6000.0,12000.0,未注明,,0,0,0,0,1,未注明,58同城,2026-09-24 22:41:10
1839,410928,濮阳县,濮阳市,濮阳市,华龙-丹尼斯,张女士,后厨包吃包住（乐业街）,3500.0,4000.0,未注明,,0,0,0,0,1,未注明,58同城,2026-09-24 22:41:10
1840,410928,濮阳县,濮阳市,濮阳市,濮阳-华龙,张先生,超市收银员,3000.0,3500.0,未注明,,0,0,0,0,1,未注明,58同城,2026-09-24 22:41:10
1841,410928,濮阳县,濮阳市,濮阳市,濮阳县-濮阳上亿广场,苏女士,物业直招小区8小时室内坐岗保安,4000.0,5000.0,未注明,,0,0,0,0,1,未注明,58同城,2026-09-24 22:41:10
1842,410928,濮阳县,濮阳市,濮阳市,清丰-人民路,李女士,8小时看大门保安事少可以看手机,4500.0,5000.0,未注明,,0,0,0,0,1,未注明,58同城,2026-09-24 22:41:10
1843,410928,濮阳县,濮阳市,濮阳市,濮阳,张经理,招优秀服务员各店就近安排,2500.0,3000.0,未注明,,0,0,0,0,1,未注明,58同城,2026-09-24 22:41:10
1844,410928,濮阳县,濮阳市,濮阳市,濮阳,楚女士,不穿不查黑电子厂包吃住不过安检自由普工,5500.0,8000.0,未注明,,0,0,0,0,1,未注明,58同城,2026-09-24 22:41:10
1845,410928,濮阳县,濮阳市,濮阳市,濮阳,张经理,明月麻辣香锅诚招收银员,,,学历不限,3.0,0,0,0,1,0,学历不限,58同城,2026-09-24 22:41:10
1846,410928,濮阳县,濮阳市,濮阳市,濮阳,总爱翻白眼的姑娘,急招濮阳送小商品C本司机,6000.0,8000.0,未注明,,0,0,0,0,1,未注明,58同城,2026-09-24 22:41:10
1847,410928,濮阳县,濮阳市,濮阳市,华龙-濮阳站,张经理,明月麻辣香锅华龙区濮阳县店招服务员收银员,,,未注明,,0,0,0,0,1,未注明,58同城,2026-09-24 22:41:10
1848,410928,濮阳县,濮阳市,濮阳市,濮阳,张经理,厨师-诚聘各店就近入职,6500.0,8000.0,未注明,,0,0,0,0,1,未注明,58同城,2026-09-24 22:41:10
1849,410928,濮阳县,濮阳市,濮阳市,濮阳-华龙,溜达散步的欢欢,公司直招班车司机待遇优,6900.0,7000.0,未注明,,0,0,0,0,1,未注明,58同城,2026-09-24 22:41:14
1850,410928,濮阳县,濮阳市,濮阳市,濮阳-华龙,马先生,急招小车司机包住宿400一天,6900.0,7000.0,未注明,,0,0,0,0,1,未注明,58同城,2026-09-24 22:41:14
1851,410928,濮阳县,濮阳市,濮阳市,濮阳,03,线上内容审核客服246一... 小程序,4300.0,7300.0,未注明,,0,0,0,0,1,未注明,58同城,2026-09-24 22:41:14
1852,410928,濮阳县,濮阳市,濮阳市,濮阳-华龙,胡女士,给公司老板开商务车司机包住宿,6800.0,6900.0,未注明,,0,0,0,0,1,未注明,58同城,2026-09-24 22:41:14
1853,410928,濮阳县,濮阳市,濮阳市,濮阳,坐秋千的然然,居家信息审核员时间自由无需经验,4000.0,6000.0,未注明,,0,0,0,0,1,未注明,58同城,2026-09-24 22:41:14
1854,410928,濮阳县,濮阳市,濮阳市,华龙-濮阳站,陆女士,急招帮公司开车司机包住时间灵活,5800.0,6900.0,未注明,,0,0,0,0,1,未注明,58同城,2026-09-24 22:41:14
1855,410928,濮阳县,濮阳市,濮阳市,濮阳,张女士,公司直招客车司机，包住，周结,6900.0,7000.0,未注明,,0,0,0,0,1,未注明,58同城,2026-09-24 22:41:14
1856,410928,濮阳县,濮阳市,濮阳市,濮阳-华龙,张女士,急招司机400一天包住,3000.0,5000.0,未注明,,0,0,0,0,1,未注明,58同城,2026-09-24 22:41:14
1857,410928,濮阳县,濮阳市,濮阳市,濮阳-华龙,晃荡小铃铛的手腕,公司直招专车司机饭补房补包住,6500.0,7000.0,未注明,,0,0,0,0,1,未注明,58同城,2026-09-24 22:41:14
1858,410928,濮阳县,濮阳市,濮阳市,濮阳,橘子皮薄,内容审核员学历经验不限保底7千,6000.0,8000.0,未注明,,0,0,0,0,1,未注明,58同城,2026-09-24 22:41:14
1859,410928,濮阳县,濮阳市,濮阳市,华龙-丹尼斯,杨经理,班车司机,6900.0,7000.0,未注明,,0,0,0,0,1,未注明,58同城,2026-09-24 22:41:14
1860,410928,濮阳县,濮阳市,濮阳市,濮阳,逄先生,普工镗工月入6000管吃住,7000.0,8500.0,未注明,,0,0,0,0,1,未注明,58同城,2026-09-24 22:41:14
1861,410928,濮阳县,濮阳市,濮阳市,华龙-中心广场,追着彩虹跑的甜甜,班车司机交通补助房补加班补助,6900.0,7000.0,未注明,,0,0,0,0,1,未注明,58同城,2026-09-24 22:41:14
1862,410928,濮阳县,濮阳市,濮阳市,濮阳-华龙,最爱小兔子,铁锅炖后厨厨师学徒也可以,4000.0,5000.0,学历不限,,0,0,0,1,0,学历不限,58同城,2026-09-24 22:41:14
1863,410928,濮阳县,濮阳市,濮阳市,濮阳-南乐,幸福DE许博士,南乐县房产中介店长,4000.0,8500.0,学历不限,1.0,0,0,0,1,0,学历不限,58同城,2026-09-24 22:41:14
1864,410928,濮阳县,濮阳市,濮阳市,濮阳-华龙,程燃,濮阳叁体商贸有限公司/商家运营/2500,2500.0,10000.0,高中,,0,0,0,0,0,高中/中专,58同城,2026-09-24 22:41:14
1865,410928,濮阳县,濮阳市,濮阳市,濮阳-台前,爱看书de黄老板,服装/外贸英语业务员五险,3000.0,5000.0,未注明,,0,0,0,0,1,未注明,58同城,2026-09-24 22:41:14
1866,410928,濮阳县,濮阳市,濮阳市,濮阳-清丰,李永伟,药房药店营业员工作时间白/夜/倒班多班,2000.0,3500.0,学历不限,2.0,0,0,0,1,0,学历不限,58同城,2026-09-24 22:41:14
1867,410928,濮阳县,濮阳市,濮阳市,华龙-丹尼斯,李女士,理财顾问,2500.0,14000.0,未注明,,0,0,0,0,1,未注明,58同城,2026-09-24 22:41:14
1868,410928,濮阳县,濮阳市,濮阳市,濮阳-华龙,张女士,濮阳聘正规按摩足疗师芳疗师薪资过万包食宿,7000.0,14000.0,未注明,,0,0,0,0,1,未注明,58同城,2026-09-24 22:41:14
1869,410928,濮阳县,濮阳市,濮阳市,华龙-中心广场,刘女士,零基础健身爱好者退伍军人健身教练,8000.0,12000.0,未注明,,0,0,0,0,1,未注明,58同城,2026-09-24 22:41:14
1870,410928,濮阳县,濮阳市,濮阳市,华龙-新油田商贸城,耿先生,招聘提成律师提供案源,5000.0,15000.0,未注明,,0,0,0,0,1,未注明,58同城,2026-09-24 22:41:14
1871,410928,濮阳县,濮阳市,濮阳市,华龙-濮阳站,养乌龟的嘟嘟,培训机构日语老师兼职年底双薪,3000.0,5500.0,未注明,,0,0,0,0,1,未注明,58同城,2026-09-24 22:41:14
1872,410928,濮阳县,濮阳市,濮阳市,濮阳-华龙,耿先生,律师事务所律师交通补助周末双休五险,5000.0,15000.0,未注明,,0,0,0,0,1,未注明,58同城,2026-09-24 22:41:14
1873,410928,濮阳县,濮阳市,濮阳市,濮阳-华龙,孙总爱朗读,药店西药执业药师兼职,4000.0,6000.0,中专/中技,1.0,0,0,0,0,0,高中/中专,58同城,2026-09-24 22:41:14
1874,411024,鄢陵县,许昌市,许昌市,鄢陵-鄢陵其他,月亮湾的晚风,仓库管理员早九晚五薪资6000,5000.0,8000.0,未注明,,0,0,0,0,1,未注明,58同城,2026-09-24 22:41:23
1875,411024,鄢陵县,许昌市,许昌市,鄢陵-鄢陵其他,赵女士,超市门店店长,6000.0,8000.0,未注明,,0,0,0,0,1,未注明,58同城,2026-09-24 22:41:23
1876,411024,鄢陵县,许昌市,许昌市,鄢陵-鄢陵其他,程先生,鄢陵县海洋超市店员/营业... 小程序,2000.0,2500.0,未注明,,0,0,0,0,1,未注明,58同城,2026-09-24 22:41:23
1877,411024,鄢陵县,许昌市,许昌市,鄢陵-鄢陵其他,赵女士,做账会计,4000.0,5000.0,未注明,,0,0,0,0,1,未注明,58同城,2026-09-24 22:41:23
1878,411024,鄢陵县,许昌市,许昌市,鄢陵-鄢陵其他,程先生,鄢陵县海洋超市店员/营业员1800起,1800.0,2500.0,未注明,,0,0,0,0,1,未注明,58同城,2026-09-24 22:41:23
1879,411024,鄢陵县,许昌市,许昌市,鄢陵-鄢陵城区,更舒心de韦同学,物业客服管家2500起,2500.0,3000.0,高中,,0,0,0,0,0,高中/中专,58同城,2026-09-24 22:41:23
1880,411024,鄢陵县,许昌市,许昌市,鄢陵其他-鄢陵周边,夏先生,营业员,3000.0,6000.0,未注明,,0,0,0,0,1,未注明,58同城,2026-09-24 22:41:23
1881,411024,鄢陵县,许昌市,许昌市,鄢陵-鄢陵其他,天,酒店前台/学历经验不限,2000.0,2500.0,未注明,,0,0,0,0,1,未注明,58同城,2026-09-24 22:41:23
1882,411024,鄢陵县,许昌市,许昌市,鄢陵-鄢陵城区,李女士,餐饮店店员2500起,2500.0,4000.0,未注明,,0,0,0,0,1,未注明,58同城,2026-09-24 22:41:23
1883,411024,鄢陵县,许昌市,许昌市,鄢陵城区-城区中心,远航,会计文员助理,2800.0,4000.0,未注明,,0,0,0,0,1,未注明,58同城,2026-09-24 22:41:23
1884,411024,鄢陵县,许昌市,许昌市,鄢陵-鄢陵城区,鄢陵尚美优酒店,酒店店长包住包吃,3000.0,5000.0,未注明,,0,0,0,0,1,未注明,58同城,2026-09-24 22:41:23
1885,411024,鄢陵县,许昌市,许昌市,鄢陵-鄢陵城区,蔡世阳,超市营业员4000起,4000.0,5500.0,学历不限,2.0,0,0,0,1,0,学历不限,58同城,2026-09-24 22:41:23
1886,411024,鄢陵县,许昌市,许昌市,鄢陵城区-城区中心,卷发的小太阳,饮品店奶茶店长/加班补助免费工服,5000.0,6000.0,未注明,,0,0,0,0,1,未注明,58同城,2026-09-24 22:41:23
1887,411024,鄢陵县,许昌市,许昌市,鄢陵-鄢陵其他,爱教育de瞿博士,中餐厅餐饮店长免费工服商业医疗保险,3000.0,5000.0,学历不限,,0,0,0,1,0,学历不限,58同城,2026-09-24 22:41:23
1888,411024,鄢陵县,许昌市,许昌市,鄢陵-鄢陵其他,踩影子的男孩,汽车养护店/汽车贴膜饭补房补,5000.0,12000.0,未注明,,0,0,0,0,1,未注明,58同城,2026-09-24 22:41:23
1889,411024,鄢陵县,许昌市,许昌市,鄢陵城区-城区中心,李经理,鄢陵早九晚六客服,2500.0,4500.0,学历不限,20.0,0,0,0,1,0,学历不限,58同城,2026-09-24 22:41:23
1890,411024,鄢陵县,许昌市,许昌市,鄢陵-鄢陵其他,刘女士,假发制帽厂急聘平车缝纫工,3000.0,6000.0,学历不限,10.0,0,0,0,1,0,学历不限,58同城,2026-09-24 22:41:23
1891,411024,鄢陵县,许昌市,许昌市,鄢陵城区-城区中心,李经理,打字客服,2500.0,4500.0,学历不限,200.0,0,0,0,1,0,学历不限,58同城,2026-09-24 22:41:23
1892,411024,鄢陵县,许昌市,许昌市,鄢陵-鄢陵其他,赵女士,生鲜果蔬理货员,2500.0,3500.0,学历不限,5.0,0,0,0,1,0,学历不限,58同城,2026-09-24 22:41:23
1893,411024,鄢陵县,许昌市,许昌市,鄢陵其他-鄢陵周边,崔先生,手机聊天客服3k起,3000.0,8000.0,学历不限,,0,0,0,1,0,学历不限,58同城,2026-09-24 22:41:23
1894,411024,鄢陵县,许昌市,许昌市,鄢陵-鄢陵城区,崔先生,门窗厂门窗制作3500起,3500.0,6000.0,未注明,,0,0,0,0,1,未注明,58同城,2026-09-24 22:41:23
1895,411024,鄢陵县,许昌市,许昌市,鄢陵城区-城区中心,李女士,招聘书法老师薪资3000-6000,3000.0,6000.0,学历不限,3.0,0,0,0,1,0,学历不限,58同城,2026-09-24 22:41:23
1896,411024,鄢陵县,许昌市,许昌市,鄢陵-鄢陵城区,爱提醒的谭同学,扶沟县鼎盛公路建筑工程有限公司/跟单员/,2500.0,6000.0,未注明,,0,0,0,0,1,未注明,58同城,2026-09-24 22:41:23
1897,411024,鄢陵县,许昌市,许昌市,鄢陵-鄢陵城区,郑先生,测绘/测量技术员2.5k起,2500.0,5000.0,未注明,,0,0,0,0,1,未注明,58同城,2026-09-24 22:41:23
1898,411025,襄城县,许昌市,许昌市,襄阳-襄城,王女士,电池/电源工程师包吃加班补助饭补,4000.0,6000.0,未注明,,0,0,0,0,1,未注明,58同城,2026-09-24 22:44:32
1899,411025,襄城县,许昌市,许昌市,襄阳-襄城,鄢晴,选址开发,5000.0,10000.0,学历不限,1.0,0,0,0,1,0,学历不限,58同城,2026-09-24 22:44:32
1900,411025,襄城县,许昌市,许昌市,襄阳-襄城,翟晶,排版设计 小程序,5000.0,7000.0,学历不限,1.0,0,0,0,1,0,学历不限,58同城,2026-09-24 22:44:32
1901,411025,襄城县,许昌市,许昌市,襄城-广电中心,汤女士,10000起请产后康复师,8000.0,12000.0,未注明,,0,0,0,0,1,未注明,58同城,2026-09-24 22:44:32
1902,411025,襄城县,许昌市,许昌市,襄城-鼓楼,招聘专员,插画师,5000.0,6000.0,学历不限,1.0,0,0,0,1,0,学历不限,58同城,2026-09-24 22:44:32
1903,411025,襄城县,许昌市,许昌市,襄阳-襄城,爱酝酿DE郭总,陈列/展览设计,5000.0,10000.0,学历不限,1.0,0,0,0,1,0,学历不限,58同城,2026-09-24 22:44:32
1904,411025,襄城县,许昌市,许昌市,襄城-广电中心,崔云,轮胎工,5000.0,10000.0,学历不限,1.0,0,0,0,1,0,学历不限,58同城,2026-09-24 22:44:32
1905,411025,襄城县,许昌市,许昌市,襄城-岘山广场,王先生,宠物医生,7000.0,12000.0,学历不限,1.0,0,0,0,1,0,学历不限,58同城,2026-09-24 22:44:32
1906,411025,襄城县,许昌市,许昌市,襄阳-襄城,饱含深情_芦博士,平面设计师,3000.0,5000.0,未注明,,0,0,0,0,1,未注明,58同城,2026-09-24 22:44:32
1907,411025,襄城县,许昌市,许昌市,襄城-东门口,陶真才,美发店长,5000.0,6000.0,学历不限,1.0,0,0,0,1,0,学历不限,58同城,2026-09-24 22:44:32
1908,411025,襄城县,许昌市,许昌市,襄阳-樊城,张先生,诚聘店员/营业员3000起,3000.0,4500.0,未注明,,0,0,0,0,1,未注明,58同城,2026-09-24 22:44:32
1909,411025,襄城县,许昌市,许昌市,襄阳,杨女士,长白班普工月6000包吃住,5000.0,6000.0,未注明,,0,0,0,0,1,未注明,58同城,2026-09-24 22:44:32
1910,411025,襄城县,许昌市,许昌市,高新区-新五中,王莉,数控CNC加工师傅可交社... 小程序,7500.0,9000.0,学历不限,2.0,0,0,0,1,0,学历不限,58同城,2026-09-24 22:44:32
1911,411025,襄城县,许昌市,许昌市,襄阳-襄城,爱种花的阿兰,人事专员加班补助包吃住,5000.0,7000.0,未注明,,0,0,0,0,1,未注明,58同城,2026-09-24 22:44:32
1912,411025,襄城县,许昌市,许昌市,樊城-人民广场,徐静,高端spa店/采耳师包住包吃加班补助,8000.0,10000.0,未注明,,0,0,0,0,1,未注明,58同城,2026-09-24 22:44:32
1913,411025,襄城县,许昌市,许昌市,樊城-人民广场,卓尔不群的流氓兔,中国人寿售后客服3千起,3000.0,7000.0,未注明,,0,0,0,0,1,未注明,58同城,2026-09-24 22:44:32
1914,411025,襄城县,许昌市,许昌市,襄阳-襄州,张女士,技工/包住包工作餐,4500.0,6500.0,未注明,,0,0,0,0,1,未注明,58同城,2026-09-24 22:44:32
1915,411025,襄城县,许昌市,许昌市,襄阳-樊城,梦屿,新媒体运营5000起/交社保,5000.0,6000.0,学历不限,1.0,0,0,0,1,0,学历不限,58同城,2026-09-24 22:44:32
1916,411025,襄城县,许昌市,许昌市,襄阳-襄城,王先生,襄城区王攀干锅店/后厨/3000起,3000.0,4000.0,学历不限,,0,0,0,1,0,学历不限,58同城,2026-09-24 22:44:32
1917,411025,襄城县,许昌市,许昌市,襄阳-樊城,李女士,门把锁闭合器组装月5500元,5000.0,5500.0,未注明,,0,0,0,0,1,未注明,58同城,2026-09-24 22:44:32
1918,411025,襄城县,许昌市,许昌市,襄州-华侨城,招聘专员,服装店员/营业员,2500.0,4500.0,学历不限,1.0,0,0,0,1,0,学历不限,58同城,2026-09-24 22:44:32
1919,411025,襄城县,许昌市,许昌市,襄阳,汪先生,W焊工9千装配普工6千包吃住,9000.0,11000.0,学历不限,50.0,0,0,0,1,0,学历不限,58同城,2026-09-24 22:44:32
1920,411025,襄城县,许昌市,许昌市,襄阳,汪先生,普工6000/技术工包吃包住五险一金,6000.0,8000.0,未注明,,0,0,0,0,1,未注明,58同城,2026-09-24 22:44:32
1921,411025,襄城县,许昌市,许昌市,襄阳-襄州,爱讲课DE秦师傅,国企新能源厂月6000左右包吃住,5500.0,7000.0,未注明,,0,0,0,0,1,未注明,58同城,2026-09-24 22:44:32
1922,411025,襄城县,许昌市,许昌市,襄州-火车站,韩先生,周结，短期工普工,5000.0,6500.0,未注明,,0,0,0,0,1,未注明,58同城,2026-09-24 22:44:32
1923,411025,襄城县,许昌市,许昌市,高新区-新五中,王莉,数控车工5千起/五险,5000.0,7500.0,学历不限,1.0,0,0,0,1,0,学历不限,58同城,2026-09-24 22:44:32
1924,411025,襄城县,许昌市,许昌市,樊城-火车站,张女士,凡姐日化店/网络销售/5千起,5000.0,8000.0,学历不限,,0,0,0,1,0,学历不限,58同城,2026-09-24 22:44:32
1925,411025,襄城县,许昌市,许昌市,襄州-襄州万达,张女士,20一小时普工岗位多焊工包吃住三餐免费,5000.0,7500.0,未注明,,0,0,0,0,1,未注明,58同城,2026-09-24 22:44:32
1926,411025,襄城县,许昌市,许昌市,樊城-吾悦广场,李先生,羽毛球馆羽毛球教练工作时间灵活,5000.0,7000.0,大专,1.0,1,0,0,0,0,大专及以上,58同城,2026-09-24 22:44:32
1927,411025,襄城县,许昌市,许昌市,襄阳-襄州,立地顶天DE娄总,万能工包吃住月入8/k,6500.0,10000.0,学历不限,100.0,0,0,0,1,0,学历不限,58同城,2026-09-24 22:44:32
1928,411025,襄城县,许昌市,许昌市,襄阳-襄州,爆炒雪糕,超市/后厨杂工2500起,2500.0,3000.0,学历不限,,0,0,0,1,0,学历不限,58同城,2026-09-24 22:44:36
1929,411025,襄城县,许昌市,许昌市,襄州-襄州万达,动情入骨,餐饮收银,2500.0,3500.0,学历不限,3.0,0,0,0,1,0,学历不限,58同城,2026-09-24 22:44:36
1930,411025,襄城县,许昌市,许昌市,襄阳,张女士,电子厂普工坐岗空调车间包住包吃,5000.0,6000.0,未注明,,0,0,0,0,1,未注明,58同城,2026-09-24 22:44:36
1931,411025,襄城县,许昌市,许昌市,樊城-火车站,张女士,凡姐日化店/网络销售/3千起,3000.0,4500.0,学历不限,,0,0,0,1,0,学历不限,58同城,2026-09-24 22:44:36
1932,411025,襄城县,许昌市,许昌市,樊城-火车站,魏女士,游戏运营4.5k+奖金,4000.0,7000.0,学历不限,20.0,0,0,0,1,0,学历不限,58同城,2026-09-24 22:44:36
1933,411025,襄城县,许昌市,许昌市,襄阳,孙女士,电脑配件组装坐班300一天不穿无尘服,8000.0,8500.0,未注明,,0,0,0,0,1,未注明,58同城,2026-09-24 22:44:36
1934,411025,襄城县,许昌市,许昌市,樊城-火车站,魏女士,游戏运营+4千5,4000.0,8000.0,学历不限,10.0,0,0,0,1,0,学历不限,58同城,2026-09-24 22:44:36
1935,411025,襄城县,许昌市,许昌市,樊城-火车站,卞博士爱洽谈,办公室主任行政经理/主管4k起,4000.0,6000.0,中专/中技,3.0,0,0,0,0,0,高中/中专,58同城,2026-09-24 22:44:36
1936,411025,襄城县,许昌市,许昌市,襄阳-樊城,梦屿,招商运营管理5000起/交社保,5000.0,8000.0,学历不限,1.0,0,0,0,1,0,学历不限,58同城,2026-09-24 22:44:36
1937,411025,襄城县,许昌市,许昌市,襄阳-襄州,杨女士,Z座椅厂普工/操作工5000起,5000.0,6000.0,未注明,,0,0,0,0,1,未注明,58同城,2026-09-24 22:44:36
1938,411025,襄城县,许昌市,许昌市,许昌-襄城,晖雨先生,主播/家具厂/兼职全职均可,4000.0,6000.0,学历不限,2.0,0,0,0,1,0,学历不限,58同城,2026-09-24 22:44:49
1939,411025,襄城县,许昌市,许昌市,襄城-襄城城区,招聘专员,客服专员/助理3千起,3000.0,4000.0,学历不限,1.0,0,0,0,1,0,学历不限,58同城,2026-09-24 22:44:49
1940,411025,襄城县,许昌市,许昌市,许昌-襄城,小兔蹦蹦跳,供应链管理公司C本司机 小程序,5000.0,8500.0,学历不限,4.0,0,0,0,1,0,学历不限,58同城,2026-09-24 22:44:49
1941,411025,襄城县,许昌市,许昌市,许昌-襄城,范先生,河南轩康农业科技有限公司/设备机修工/五,4000.0,5000.0,未注明,,0,0,0,0,1,未注明,58同城,2026-09-24 22:44:49
1942,411025,襄城县,许昌市,许昌市,许昌-襄城,田先生,襄城县田仕厨卫店促销/导购员3千起,3000.0,4500.0,学历不限,5.0,0,0,0,1,0,学历不限,58同城,2026-09-24 22:44:49
1943,411025,襄城县,许昌市,许昌市,许昌-襄城,力缆狂澜的邱总,大风车儿童摄影/儿童摄影引导师/1800,2000.0,3800.0,学历不限,,0,0,0,1,0,学历不限,58同城,2026-09-24 22:44:49
1944,411025,襄城县,许昌市,许昌市,许昌-襄城,o_O乱七八糟o,服务员,2500.0,4000.0,学历不限,,0,0,0,1,0,学历不限,58同城,2026-09-24 22:44:49
1945,411025,襄城县,许昌市,许昌市,襄城-襄城城区,想写诗的笔尖,仓库管理早九晚五月六千双休,5000.0,8000.0,未注明,,0,0,0,0,1,未注明,58同城,2026-09-24 22:44:49
1946,411025,襄城县,许昌市,许昌市,襄城-襄城城区,杨先生,营业厅店员/营业员2500起,2500.0,3000.0,中专/中技,,0,0,0,0,0,高中/中专,58同城,2026-09-24 22:44:49
1947,411025,襄城县,许昌市,许昌市,许昌-襄城,违规昵称,挑战急聘家居门店店长4千起,4000.0,8000.0,学历不限,5.0,0,0,0,1,0,学历不限,58同城,2026-09-24 22:44:49
1948,411025,襄城县,许昌市,许昌市,许昌-襄城,爱穿衣DE全总,18-30足疗养生技师，新手可教，,8000.0,12000.0,未注明,,0,0,0,0,1,未注明,58同城,2026-09-24 22:44:49
1949,411025,襄城县,许昌市,许昌市,许昌-襄城,窗台种小花,奶茶/饮品师,2500.0,3500.0,学历不限,,0,0,0,1,0,学历不限,58同城,2026-09-24 22:44:49
1950,411025,襄城县,许昌市,许昌市,许昌-襄城,盛先生,汽车美容装饰洗车工学徒，技师,2500.0,5000.0,未注明,,0,0,0,0,1,未注明,58同城,2026-09-24 22:44:49
1951,411025,襄城县,许昌市,许昌市,襄城-襄城城区,王行,汽车美容店洗车工2000起,2000.0,2500.0,学历不限,,0,0,0,1,0,学历不限,58同城,2026-09-24 22:44:49
1952,411025,襄城县,许昌市,许昌市,襄城-襄城城区,98,推手,3000.0,10000.0,学历不限,,0,0,0,1,0,学历不限,58同城,2026-09-24 22:44:49
1953,411025,襄城县,许昌市,许昌市,许昌-襄城,伍师傅要推测,热忱美发店/美发助理/学徒1000起,1000.0,1500.0,未注明,,0,0,0,0,1,未注明,58同城,2026-09-24 22:44:49
1954,411025,襄城县,许昌市,许昌市,许昌-襄城,招聘专员,豪宅/室内设计工作时间灵活,5000.0,8000.0,学历不限,5.0,0,0,0,1,0,学历不限,58同城,2026-09-24 22:44:49
1955,411025,襄城县,许昌市,许昌市,许昌-襄城,刘女士,加急招聘汽车洗美技工即刻面试上岗,4500.0,7000.0,未注明,,0,0,0,0,1,未注明,58同城,2026-09-24 22:44:49
1956,411025,襄城县,许昌市,许昌市,襄城-襄城城区,摸小鱼的虾虾,商务专员员作息轻松月薪6000,5000.0,8000.0,未注明,,0,0,0,0,1,未注明,58同城,2026-09-24 22:44:49
1957,411025,襄城县,许昌市,许昌市,许昌-襄城,Y燕飞,服饰商店/短视频摄影师5千起,5000.0,7500.0,大专,1.0,1,0,0,0,0,大专及以上,58同城,2026-09-24 22:44:49
1958,411025,襄城县,许昌市,许昌市,许昌-襄城,喜欢泡温泉的暖暖,乐棋道智力运动公司围棋老师3k起,3000.0,8000.0,未注明,,0,0,0,0,1,未注明,58同城,2026-09-24 22:44:49
1959,411025,襄城县,许昌市,许昌市,许昌-襄城,A格调,美发助理/学徒饭补房补,2000.0,5000.0,未注明,,0,0,0,0,1,未注明,58同城,2026-09-24 22:44:49
1960,411025,襄城县,许昌市,许昌市,许昌-襄城,瑶瑶瑶过去,修理厂汽车查勘/定损5000起,5000.0,18000.0,学历不限,,0,0,0,1,0,学历不限,58同城,2026-09-24 22:44:49
1961,411025,襄城县,许昌市,许昌市,许昌-襄城,白女士,溜达保安包吃住当天入职,4500.0,5000.0,未注明,,0,0,0,0,1,未注明,58同城,2026-09-24 22:44:49
1962,411025,襄城县,许昌市,许昌市,许昌-襄城,兰博士爱鼓励,8K招货运司机只开车,5500.0,8000.0,未注明,,0,0,0,0,1,未注明,58同城,2026-09-24 22:44:49
1963,411025,襄城县,许昌市,许昌市,许昌-襄城,郑女士,1万包吃住招健身教练学徒,6000.0,13000.0,未注明,,0,0,0,0,1,未注明,58同城,2026-09-24 22:44:49
1964,411025,襄城县,许昌市,许昌市,襄城-襄城城区,踩水坑的皮皮,居家审核员包吃住双休岗位,5000.0,8000.0,未注明,,0,0,0,0,1,未注明,58同城,2026-09-24 22:44:49
1965,411025,襄城县,许昌市,许昌市,许昌-襄城,美居全屋定制刘,美居家居厂/家装/家居销售3千起,3000.0,5000.0,未注明,,0,0,0,0,1,未注明,58同城,2026-09-24 22:44:49
1966,411025,襄城县,许昌市,许昌市,襄城-襄城城区,最爱小鱼的萌萌,居家客服简单会电脑月薪6000,5000.0,8000.0,未注明,,0,0,0,0,1,未注明,58同城,2026-09-24 22:44:49
1967,411025,襄城县,许昌市,许昌市,许昌-襄城,范先生,食品饮料厂食品检验/五险,3000.0,4500.0,未注明,,0,0,0,0,1,未注明,58同城,2026-09-24 22:44:49
1968,411025,襄城县,许昌市,许昌市,魏都-魏都城区,丁女士,中国人寿保险人事助理五险周末双休,2500.0,4500.0,未注明,,0,0,0,0,1,未注明,58同城,2026-09-24 22:44:53
1969,411025,襄城县,许昌市,许昌市,魏都-魏都城区,百香林西点范先生,百香林西点/糕点工/3千起,3000.0,4000.0,未注明,,0,0,0,0,1,未注明,58同城,2026-09-24 22:44:53
1970,411025,襄城县,许昌市,许昌市,魏都-胖东来时代广场,张永恒,国内电商运营4500起 小程序,4500.0,8000.0,学历不限,5.0,0,0,0,1,0,学历不限,58同城,2026-09-24 22:44:53
1971,411025,襄城县,许昌市,许昌市,魏都-魏都城区,百香林西点范先生,百香林西点糕点工,3000.0,3500.0,未注明,,0,0,0,0,1,未注明,58同城,2026-09-24 22:44:53
1972,411025,襄城县,许昌市,许昌市,魏都-魏都城区,梅先生,服装厂熨烫工,,,学历不限,3.0,0,0,0,1,0,学历不限,58同城,2026-09-24 22:44:53
1973,411025,襄城县,许昌市,许昌市,魏都-高铁东站,田先生,中医科医师,4000.0,8000.0,大专,2.0,1,0,0,0,0,大专及以上,58同城,2026-09-24 22:44:53
1974,411025,襄城县,许昌市,许昌市,许昌县-许昌城区,沈女士,急招骑手来就入职/可周结/提供车,5000.0,8000.0,未注明,,0,0,0,0,1,未注明,58同城,2026-09-24 22:44:53
1975,411025,襄城县,许昌市,许昌市,许昌-魏都,减肥届的扛把子,服装厂熨烫工2100起,2100.0,2400.0,学历不限,1.0,0,0,0,1,0,学历不限,58同城,2026-09-24 22:44:53
1976,411025,襄城县,许昌市,许昌市,魏都-魏都城区,百香林西点范先生,百香林西点/收银员/3千起,3000.0,4000.0,未注明,,0,0,0,0,1,未注明,58同城,2026-09-24 22:44:53
1977,411025,襄城县,许昌市,许昌市,许昌-魏都,李女士,文峰北路聘推拿按摩技师包吃,5000.0,8000.0,未注明,,0,0,0,0,1,未注明,58同城,2026-09-24 22:44:53
1978,411025,襄城县,许昌市,许昌市,魏都-魏都城区,快乐宝贝,联众社会工作发展服务中心/社工/2千起,2000.0,5000.0,大专,1.0,1,0,0,0,0,大专及以上,58同城,2026-09-24 22:44:53
1979,411025,襄城县,许昌市,许昌市,魏都-魏都城区,百香林西点范先生,糕点窗口收银员,3000.0,3500.0,未注明,,0,0,0,0,1,未注明,58同城,2026-09-24 22:44:53
1980,411025,襄城县,许昌市,许昌市,许昌,招司机货运小卢,急招许昌配送化肥不装卸c1司机,6000.0,8000.0,未注明,,0,0,0,0,1,未注明,58同城,2026-09-24 22:44:53
1981,411025,襄城县,许昌市,许昌市,建安-金三角,忽女士,招想挣钱的骑手站长服务到位,6000.0,8000.0,未注明,,0,0,0,0,1,未注明,58同城,2026-09-24 22:44:53
1982,411025,襄城县,许昌市,许昌市,许昌-建安,赵女士,体育培训公司招生教务老师,2500.0,4500.0,学历不限,2.0,0,0,0,1,0,学历不限,58同城,2026-09-24 22:44:53
1983,411025,襄城县,许昌市,许昌市,建安-金三角,忽女士,旺季爆单直招骑手配送员,6000.0,8000.0,未注明,,0,0,0,0,1,未注明,58同城,2026-09-24 22:44:53
1984,411025,襄城县,许昌市,许昌市,魏都-高铁东站,田先生,电话销售专员,3000.0,10000.0,未注明,,0,0,0,0,1,未注明,58同城,2026-09-24 22:44:53
1985,411025,襄城县,许昌市,许昌市,许昌-魏都,李女士,文峰北路聘足疗技师包吃,5000.0,8000.0,未注明,,0,0,0,0,1,未注明,58同城,2026-09-24 22:44:53
1986,411025,襄城县,许昌市,许昌市,许昌-魏都,onie164,老于家餐饮店/后厨/3千起,3000.0,5000.0,学历不限,2.0,0,0,0,1,0,学历不限,58同城,2026-09-24 22:44:53
1987,411025,襄城县,许昌市,许昌市,魏都-中央公园,J沉静如水刘师傅,餐饮收银,3000.0,4000.0,学历不限,,0,0,0,1,0,学历不限,58同城,2026-09-24 22:44:53
1988,411025,襄城县,许昌市,许昌市,许昌,张女士,许昌招食品配送司机不装卸公司提供车,6500.0,8000.0,未注明,,0,0,0,0,1,未注明,58同城,2026-09-24 22:44:53
1989,411025,襄城县,许昌市,许昌市,许昌,芊语美甲美睫,美甲师,4000.0,10000.0,学历不限,,0,0,0,1,0,学历不限,58同城,2026-09-24 22:44:53
1990,411025,襄城县,许昌市,许昌市,许昌-魏都,李女士,文峰北路聘按摩技师包吃,5000.0,8000.0,未注明,,0,0,0,0,1,未注明,58同城,2026-09-24 22:44:53
1991,411025,襄城县,许昌市,许昌市,许昌,总爱翻白眼的姑娘,急招许昌不装卸C1货运司机,6000.0,8000.0,未注明,,0,0,0,0,1,未注明,58同城,2026-09-24 22:44:53
1992,411025,襄城县,许昌市,许昌市,许昌-建安,青柠微酸味,家政服务/家政服务阿姨6千起,6000.0,8000.0,学历不限,10.0,0,0,0,1,0,学历不限,58同城,2026-09-24 22:44:53
1993,411025,襄城县,许昌市,许昌市,许昌,爱踢球的孙同学,直招魏都区烟草配送C本司机不装卸,6000.0,8000.0,未注明,,0,0,0,0,1,未注明,58同城,2026-09-24 22:44:53
1994,411025,襄城县,许昌市,许昌市,魏都-西北城区,静园茶业,茶叶店员2000起年龄30以下,2000.0,3000.0,未注明,,0,0,0,0,1,未注明,58同城,2026-09-24 22:44:53
1995,411025,襄城县,许昌市,许昌市,许昌周边-其他,招聘专员,中餐厅厨师3千起,3000.0,4500.0,学历不限,,0,0,0,1,0,学历不限,58同城,2026-09-24 22:44:53
1996,411025,襄城县,许昌市,许昌市,许昌周边-其他,康先生,森亚科技钳工5千起,5000.0,8000.0,学历不限,1.0,0,0,0,1,0,学历不限,58同城,2026-09-24 22:44:53
1997,411025,襄城县,许昌市,许昌市,魏都-高铁东站,沈文静,烧烤店服务员2500起,2500.0,4500.0,学历不限,,0,0,0,1,0,学历不限,58同城,2026-09-24 22:44:53
1998,411081,禹州市,许昌市,许昌市,许昌-禹州,杨先生,急招禹州粮油配送C本司机不装卸,6000.0,8000.0,未注明,,0,0,0,0,1,未注明,58同城,2026-09-24 22:44:59
1999,411081,禹州市,许昌市,许昌市,禹州其他-禹州周边,杜先生,坐岗保安拎包入职，不收费,5000.0,6000.0,未注明,,0,0,0,0,1,未注明,58同城,2026-09-24 22:44:59
2000,411081,禹州市,许昌市,许昌市,禹州,陈女士,禹州招司机配送药材不装卸... 小程序,6000.0,8000.0,未注明,,0,0,0,0,1,未注明,58同城,2026-09-24 22:44:59
2001,411081,禹州市,许昌市,许昌市,禹州城区-禹州北区,张女士,身无分文就来做骑手可预支,8000.0,8500.0,未注明,,0,0,0,0,1,未注明,58同城,2026-09-24 22:44:59
2002,411081,禹州市,许昌市,许昌市,禹州,孔先生,急招保安待遇优厚包吃住工作轻松稳定环境好,4500.0,5000.0,未注明,,0,0,0,0,1,未注明,58同城,2026-09-24 22:44:59
2003,411081,禹州市,许昌市,许昌市,禹州,康先生,物业保安可预支包吃住,4500.0,5000.0,未注明,,0,0,0,0,1,未注明,58同城,2026-09-24 22:44:59
2004,411081,禹州市,许昌市,许昌市,禹州城区-禹州东区,李女士,人事助理,3000.0,8000.0,大专,5.0,1,0,0,0,0,大专及以上,58同城,2026-09-24 22:44:59
2005,411081,禹州市,许昌市,许昌市,禹州,夏先生,商场保安招人，工作轻松，环境干净舒适,4500.0,5000.0,未注明,,0,0,0,0,1,未注明,58同城,2026-09-24 22:44:59
2006,411081,禹州市,许昌市,许昌市,禹州其他-禹州周边,景先生,诚聘销售专员6k起,6000.0,12000.0,学历不限,5.0,0,0,0,1,0,学历不限,58同城,2026-09-24 22:44:59
2007,411081,禹州市,许昌市,许昌市,禹州其他-禹州周边,红扑扑的贝塔,电商运营,2500.0,4500.0,学历不限,5.0,0,0,0,1,0,学历不限,58同城,2026-09-24 22:44:59
2008,411081,禹州市,许昌市,许昌市,禹州-禹州其他,董先生,包吃包住白班保安6K,5500.0,6500.0,未注明,,0,0,0,0,1,未注明,58同城,2026-09-24 22:44:59
2009,411081,禹州市,许昌市,许昌市,禹州-禹州城区,赵先生,长白班可日结300一天药厂技工贴标签坐班,8500.0,9000.0,未注明,,0,0,0,0,1,未注明,58同城,2026-09-24 22:44:59
2010,411081,禹州市,许昌市,许昌市,禹州其他-禹州周边,禹州市鼎锋机械,铸造车间主任包吃包住,8000.0,10000.0,未注明,,0,0,0,0,1,未注明,58同城,2026-09-24 22:44:59
2011,411081,禹州市,许昌市,许昌市,禹州其他-禹州周边,胡女士,不露脸语音主播招聘，新人扶持政策真实靠谱,5000.0,8000.0,学历不限,20.0,0,0,0,1,0,学历不限,58同城,2026-09-24 22:44:59
2012,411081,禹州市,许昌市,许昌市,禹州,黄女士,无夜班药厂技工贴标签可日结300一天坐班,9000.0,11000.0,未注明,,0,0,0,0,1,未注明,58同城,2026-09-24 22:44:59
2013,411081,禹州市,许昌市,许昌市,禹州其他-禹州周边,王文立,汉堡店店长,3000.0,6000.0,学历不限,,0,0,0,1,0,学历不限,58同城,2026-09-24 22:44:59
2014,411081,禹州市,许昌市,许昌市,禹州其他-禹州周边,胡女士,抖音语音主播 两档直播其余时间自主安排,5000.0,8000.0,学历不限,10.0,0,0,0,1,0,学历不限,58同城,2026-09-24 22:44:59
2015,411081,禹州市,许昌市,许昌市,禹州-禹州其他,邢女士,普工/包吃住/日薪200/新能源厂,5000.0,5500.0,未注明,,0,0,0,0,1,未注明,58同城,2026-09-24 22:44:59
2016,411081,禹州市,许昌市,许昌市,禹州-禹州其他,招聘专员,禹州市百鼎酒店/酒店管理/包住包吃,3000.0,8000.0,未注明,,0,0,0,0,1,未注明,58同城,2026-09-24 22:44:59
2017,411081,禹州市,许昌市,许昌市,禹州,于女士,药厂招聘技工日结300一天工作简单贴标签,7500.0,8500.0,未注明,,0,0,0,0,1,未注明,58同城,2026-09-24 22:44:59
2018,411081,禹州市,许昌市,许昌市,禹州-禹州城区,bupthv,禹州市万顺汽配店店员/营业员学历高中,2500.0,4000.0,未注明,,0,0,0,0,1,未注明,58同城,2026-09-24 22:44:59
2019,411081,禹州市,许昌市,许昌市,禹州,王先生,长白班药厂技工坐岗300一天可日结贴标签,9000.0,11000.0,未注明,,0,0,0,0,1,未注明,58同城,2026-09-24 22:44:59
2020,411081,禹州市,许昌市,许昌市,禹州,林女士,长白班药厂技工贴标签300一天日结管吃住,9000.0,11000.0,未注明,,0,0,0,0,1,未注明,58同城,2026-09-24 22:44:59
2021,411081,禹州市,许昌市,许昌市,禹州-禹州城区,朴素无华稽老板L,菜鸟驿站店员2000起,2000.0,3000.0,学历不限,,0,0,0,1,0,学历不限,58同城,2026-09-24 22:44:59
2022,411081,禹州市,许昌市,许昌市,禹州其他-禹州周边,听风的苏小妹,洗车工,2000.0,2500.0,学历不限,2.0,0,0,0,1,0,学历不限,58同城,2026-09-24 22:44:59
2023,411081,禹州市,许昌市,许昌市,禹州,董女士,药厂（铁饭碗）招技工日结300一天贴标签,9000.0,9500.0,未注明,,0,0,0,0,1,未注明,58同城,2026-09-24 22:44:59
2024,411081,禹州市,许昌市,许昌市,禹州其他-禹州周边,招聘专员,酒店/客房服务员学历经验不限,2500.0,3500.0,学历不限,1.0,0,0,0,1,0,学历不限,58同城,2026-09-24 22:44:59
2025,411081,禹州市,许昌市,许昌市,禹州其他-禹州周边,文先生,会计,3500.0,4000.0,学历不限,2.0,0,0,0,1,0,学历不限,58同城,2026-09-24 22:44:59
2026,411081,禹州市,许昌市,许昌市,禹州其他-禹州周边,付彧,中小学音乐老师,3500.0,8000.0,学历不限,2.0,0,0,0,1,0,学历不限,58同城,2026-09-24 22:44:59
2027,411081,禹州市,许昌市,许昌市,禹州,李女士,保安年轻人的第一选择,5000.0,6000.0,未注明,,0,0,0,0,1,未注明,58同城,2026-09-24 22:44:59
2028,411081,禹州市,许昌市,许昌市,禹州其他-禹州周边,煮咖啡的暖暖,家装设计师4000起,4000.0,7000.0,学历不限,1.0,0,0,0,1,0,学历不限,58同城,2026-09-24 22:45:03
2029,411081,禹州市,许昌市,许昌市,禹州其他-禹州周边,文先生,客服专员水电维护人员,3000.0,5000.0,学历不限,2.0,0,0,0,1,0,学历不限,58同城,2026-09-24 22:45:03
2030,411081,禹州市,许昌市,许昌市,禹州其他-禹州周边,沈先生,电商电话客服3千起 小程序,3500.0,6000.0,学历不限,10.0,0,0,0,1,0,学历不限,58同城,2026-09-24 22:45:03
2031,411081,禹州市,许昌市,许昌市,禹州其他-禹州周边,文先生,短视频拍摄剪辑3000起,3000.0,6000.0,学历不限,2.0,0,0,0,1,0,学历不限,58同城,2026-09-24 22:45:03
2032,411081,禹州市,许昌市,许昌市,禹州,胡女士,长白班可日结300一天药厂普工贴标签坐班,8500.0,9000.0,未注明,,0,0,0,0,1,未注明,58同城,2026-09-24 22:45:03
2033,411081,禹州市,许昌市,许昌市,禹州其他-禹州周边,杜女士,普工短期日结短期日结,5000.0,6500.0,未注明,,0,0,0,0,1,未注明,58同城,2026-09-24 22:45:03
2034,411081,禹州市,许昌市,许昌市,禹州城区-禹州北区,邵先生,外卖送奶茶咖啡选手,7000.0,8500.0,未注明,,0,0,0,0,1,未注明,58同城,2026-09-24 22:45:03
2035,411081,禹州市,许昌市,许昌市,禹州其他-禹州周边,王女士,禹州6000急聘蔬菜配送c本司机,6500.0,8000.0,未注明,,0,0,0,0,1,未注明,58同城,2026-09-24 22:45:03
2036,411081,禹州市,许昌市,许昌市,禹州,常常迷路的路,药厂（铁饭碗）招技工日结300一天贴标签,9000.0,9500.0,未注明,,0,0,0,0,1,未注明,58同城,2026-09-24 22:45:03
2037,411081,禹州市,许昌市,许昌市,禹州-禹州其他,王女士,巡逻保安事少可带手机,5000.0,6000.0,未注明,,0,0,0,0,1,未注明,58同城,2026-09-24 22:45:03
2038,411081,禹州市,许昌市,许昌市,禹州其他-禹州周边,吕女士,物流司机/长期稳定/6k-8k,6000.0,8000.0,学历不限,6.0,0,0,0,1,0,学历不限,58同城,2026-09-24 22:45:03
2039,411081,禹州市,许昌市,许昌市,禹州其他-禹州周边,龚女士,急招短途/货运司机/6K-8K/收入稳定,6000.0,8000.0,未注明,,0,0,0,0,1,未注明,58同城,2026-09-24 22:45:03
2040,411081,禹州市,许昌市,许昌市,禹州-禹州城区,陈女士,长白班不体检/包装工日薪200,5000.0,6500.0,未注明,,0,0,0,0,1,未注明,58同城,2026-09-24 22:45:03
2041,411081,禹州市,许昌市,许昌市,禹州-禹州其他,张女士,6k坐岗保安，包吃住，无押金,5500.0,6500.0,未注明,,0,0,0,0,1,未注明,58同城,2026-09-24 22:45:03
2042,411081,禹州市,许昌市,许昌市,禹州其他-禹州周边,龚女士,物流司机/不用装卸/6k-8k,6000.0,8000.0,学历不限,6.0,0,0,0,1,0,学历不限,58同城,2026-09-24 22:45:03
2043,411081,禹州市,许昌市,许昌市,禹州其他-禹州周边,王先生,新车直招冷藏司机,5500.0,8000.0,未注明,,0,0,0,0,1,未注明,58同城,2026-09-24 22:45:03
2044,411081,禹州市,许昌市,许昌市,禹州其他-禹州周边,王先生,坐岗保安包吃住,3000.0,4500.0,未注明,,0,0,0,0,1,未注明,58同城,2026-09-24 22:45:03
2045,411081,禹州市,许昌市,许昌市,禹州其他-禹州周边,招聘专员,酒吧服务员包住洗衣机定期打扫,5500.0,6000.0,未注明,,0,0,0,0,1,未注明,58同城,2026-09-24 22:45:03
2046,411081,禹州市,许昌市,许昌市,禹州,黄女士,电子厂印刷月8500包食宿可预支,8000.0,8500.0,未注明,,0,0,0,0,1,未注明,58同城,2026-09-24 22:45:03
2047,411081,禹州市,许昌市,许昌市,许昌-禹州,柴女士,急聘铁路安检地勤上一休一管吃管住五险一金,5000.0,6000.0,未注明,,0,0,0,0,1,未注明,58同城,2026-09-24 22:45:03
2048,411081,禹州市,许昌市,许昌市,禹州,马女士,急/300一天口红厂印刷/长白班,6500.0,8500.0,未注明,,0,0,0,0,1,未注明,58同城,2026-09-24 22:45:03
2049,411081,禹州市,许昌市,许昌市,禹州,轻轻飘动的纱,给公司老板开车，小车司机，住宿,5900.0,6000.0,未注明,,0,0,0,0,1,未注明,58同城,2026-09-24 22:45:03
2050,411081,禹州市,许昌市,许昌市,禹州,爱玩积木的刘同学,生产物控接受新人包食宿6k,4000.0,6000.0,未注明,,0,0,0,0,1,未注明,58同城,2026-09-24 22:45:03
2051,411081,禹州市,许昌市,许昌市,禹州城区-禹州北区,郭女士,办公室电脑录入员,3000.0,6000.0,未注明,,0,0,0,0,1,未注明,58同城,2026-09-24 22:45:03
2052,411081,禹州市,许昌市,许昌市,禹州,花花的尾巴,给老板开商务小车包住宿,5000.0,6000.0,未注明,,0,0,0,0,1,未注明,58同城,2026-09-24 22:45:03
2053,411081,禹州市,许昌市,许昌市,禹州,汪先生,商务司机接送，包住,5900.0,6000.0,未注明,,0,0,0,0,1,未注明,58同城,2026-09-24 22:45:03
2054,411081,禹州市,许昌市,许昌市,禹州,张女士,丝印工/房补五险包住,7500.0,8000.0,未注明,,0,0,0,0,1,未注明,58同城,2026-09-24 22:45:03
2055,411081,禹州市,许昌市,许昌市,禹州-禹州城区,招聘专员,加油站加油员3000起,3000.0,5000.0,未注明,,0,0,0,0,1,未注明,58同城,2026-09-24 22:45:03
2056,411081,禹州市,许昌市,许昌市,禹州,追云赶月的帆帆,给公司老板开小车包住宿,5900.0,6000.0,未注明,,0,0,0,0,1,未注明,58同城,2026-09-24 22:45:03
2057,411081,禹州市,许昌市,许昌市,禹州,韦同学爱望月,班车司机,5500.0,6000.0,未注明,,0,0,0,0,1,未注明,58同城,2026-09-24 22:45:03
2058,411081,禹州市,许昌市,许昌市,禹州-禹州城区,用户35558,餐饮业营销经理话补饭补包住,3000.0,23000.0,未注明,,0,0,0,0,1,未注明,58同城,2026-09-24 22:45:08
2059,411081,禹州市,许昌市,许昌市,禹州-禹州站,琳娃儿,汽修店汽车店长包吃住6000-10000,6000.0,10000.0,未注明,,0,0,0,0,1,未注明,58同城,2026-09-24 22:45:08
2060,411081,禹州市,许昌市,许昌市,禹州市,,章贡区海平食品店（个体工商户）·外卖 服务区域：魏都、许昌县、禹州、长葛、建安...,,,未注明,,0,0,0,0,1,未注明,58同城,2026-09-24 22:48:05
2061,411081,禹州市,许昌市,许昌市,禹州市,,李龙再生资源回收·工业设备/金属回收 服务区域：魏都、许昌县、禹州、长葛、建安...,,,未注明,,0,0,0,0,1,未注明,58同城,2026-09-24 22:48:05
2062,411081,禹州市,许昌市,许昌市,禹州市,,赣州蓉江新区潭东镇格乐食品商行（个体工商户）·美食 服务区域：魏都、许昌县、禹州、长葛、建安...,,,未注明,,0,0,0,0,1,未注明,58同城,2026-09-24 22:48:05
2063,411081,禹州市,许昌市,许昌市,禹州市,,家具维修安装服务·家具维修 服务区域：魏都、许昌县、禹州、长葛、建安...,,,未注明,,0,0,0,0,1,未注明,58同城,2026-09-24 22:48:05
2064,411081,禹州市,许昌市,许昌市,禹州市,,章贡区华购福食品店（个体工商户）·外卖 服务区域：魏都、许昌县、禹州、长葛、建安...,,,未注明,,0,0,0,0,1,未注明,58同城,2026-09-24 22:48:05
2065,411081,禹州市,许昌市,许昌市,禹州市,,许昌川妹子家政服务·保姆/月嫂 服务区域：魏都、许昌县、禹州、长葛、建安...,,,未注明,,0,0,0,0,1,未注明,58同城,2026-09-24 22:48:05
2066,411081,禹州市,许昌市,许昌市,禹州市,,许昌家电维修·家电维修 服务区域：魏都、许昌县、禹州、长葛、建安...,,,未注明,,0,0,0,0,1,未注明,58同城,2026-09-24 22:48:05
2067,411081,禹州市,许昌市,许昌市,禹州市,,许昌防水补漏瓷砖空鼓维修·房屋维修/防水 服务区域：魏都、许昌县、禹州、长葛、建安...,,,未注明,,0,0,0,0,1,未注明,58同城,2026-09-24 22:48:05
2068,411081,禹州市,许昌市,许昌市,禹州市,,周口市盛腾网络·家电维修 服务区域：魏都、许昌县、禹州、长葛、建安...,,,未注明,,0,0,0,0,1,未注明,58同城,2026-09-24 22:48:05
2069,411081,禹州市,许昌市,许昌市,禹州市,,鑫辰物资回收·空调回收 服务区域：魏都、许昌县、禹州、长葛、建安...,,,未注明,,0,0,0,0,1,未注明,58同城,2026-09-24 22:48:05
2070,411081,禹州市,许昌市,许昌市,禹州市,,诚鑫电器金属物资回收·空调回收 服务区域：魏都、许昌县、禹州、长葛、建安...,,,未注明,,0,0,0,0,1,未注明,58同城,2026-09-24 22:48:05
2071,411081,禹州市,许昌市,许昌市,禹州市,,赣州蓉江新区潭东镇格乐食品商行（个体工商户）·外卖 服务区域：魏都、许昌县、禹州、长葛、建安...,,,未注明,,0,0,0,0,1,未注明,58同城,2026-09-24 22:48:05
2072,411081,禹州市,许昌市,许昌市,禹州市,,赣州蓉江新区潭东镇俊祥食品商行·外卖 服务区域：魏都、许昌县、禹州、长葛、建安...,,,未注明,,0,0,0,0,1,未注明,58同城,2026-09-24 22:48:05
2073,411081,禹州市,许昌市,许昌市,禹州市,,许昌市魏都区冰峰清洁公司·管道疏通/清洗 服务区域：魏都、许昌县、禹州、长葛、建安...,,,未注明,,0,0,0,0,1,未注明,58同城,2026-09-24 22:48:05
2074,411081,禹州市,许昌市,许昌市,禹州市,,许昌家家通管道疏通·管道疏通/清洗 服务区域：魏都、许昌县、禹州、长葛、建安...,,,未注明,,0,0,0,0,1,未注明,58同城,2026-09-24 22:48:05
2075,411081,禹州市,许昌市,许昌市,禹州市,,东海县平明镇康达百货商店·美食 服务区域：魏都、许昌县、禹州、长葛、建安...,,,未注明,,0,0,0,0,1,未注明,58同城,2026-09-24 22:48:05
2076,411082,长葛市,许昌市,许昌市,魏都-中央公园,王女士,许昌-长葛C1货运司机短途司机,5000.0,8000.0,学历不限,5.0,0,0,0,1,0,学历不限,58同城,2026-09-24 22:49:25
2077,411082,长葛市,许昌市,许昌市,长葛市,,全国物流·货运专线 服务区域：魏都、许昌县、禹州、长葛、建安...,,,未注明,,0,0,0,0,1,未注明,58同城,2026-09-24 22:50:51
2078,411082,长葛市,许昌市,许昌市,长葛市,,章贡区海平食品店（个体工商户）·外卖 服务区域：魏都、许昌县、禹州、长葛、建安...,,,未注明,,0,0,0,0,1,未注明,58同城,2026-09-24 22:50:51
2079,411082,长葛市,许昌市,许昌市,长葛市,,李龙再生资源回收·工业设备/金属回收 服务区域：魏都、许昌县、禹州、长葛、建安...,,,未注明,,0,0,0,0,1,未注明,58同城,2026-09-24 22:50:51
2080,411082,长葛市,许昌市,许昌市,长葛市,,郑州高新区督办茶叶店（个体工商户）·礼品/奢侈品/金银回收 服务区域：魏都、许昌县、禹州、长葛、建安...,,,未注明,,0,0,0,0,1,未注明,58同城,2026-09-24 22:50:51
2081,411082,长葛市,许昌市,许昌市,长葛市,,许昌礼品/奢侈品/金银回收·礼品/奢侈品/金银回收 服务区域：魏都、许昌县、禹州、长葛、建安...,,,未注明,,0,0,0,0,1,未注明,58同城,2026-09-24 22:50:51
2082,411082,长葛市,许昌市,许昌市,长葛市,,赣州蓉江新区潭东镇格乐食品商行（个体工商户）·美食 服务区域：魏都、许昌县、禹州、长葛、建安...,,,未注明,,0,0,0,0,1,未注明,58同城,2026-09-24 22:50:51
2083,411082,长葛市,许昌市,许昌市,长葛市,,家具维修安装服务·家具维修 服务区域：魏都、许昌县、禹州、长葛、建安...,,,未注明,,0,0,0,0,1,未注明,58同城,2026-09-24 22:50:51
2084,411082,长葛市,许昌市,许昌市,长葛市,,章贡区华购福食品店（个体工商户）·外卖 服务区域：魏都、许昌县、禹州、长葛、建安...,,,未注明,,0,0,0,0,1,未注明,58同城,2026-09-24 22:50:51
2085,411082,长葛市,许昌市,许昌市,长葛市,,许昌川妹子家政服务·保姆/月嫂 服务区域：魏都、许昌县、禹州、长葛、建安...,,,未注明,,0,0,0,0,1,未注明,58同城,2026-09-24 22:50:51
2086,411082,长葛市,许昌市,许昌市,长葛市,,许昌防水补漏瓷砖空鼓维修·房屋维修/防水 服务区域：魏都、许昌县、禹州、长葛、建安...,,,未注明,,0,0,0,0,1,未注明,58同城,2026-09-24 22:50:51
2087,411082,长葛市,许昌市,许昌市,长葛市,,鑫辰物资回收·空调回收 服务区域：魏都、许昌县、禹州、长葛、建安...,,,未注明,,0,0,0,0,1,未注明,58同城,2026-09-24 22:50:51
2088,411082,长葛市,许昌市,许昌市,长葛市,,诚鑫电器金属物资回收·空调回收 服务区域：魏都、许昌县、禹州、长葛、建安...,,,未注明,,0,0,0,0,1,未注明,58同城,2026-09-24 22:50:51
2089,411082,长葛市,许昌市,许昌市,长葛市,,赣州蓉江新区潭东镇格乐食品商行（个体工商户）·外卖 服务区域：魏都、许昌县、禹州、长葛、建安...,,,未注明,,0,0,0,0,1,未注明,58同城,2026-09-24 22:50:51
2090,411082,长葛市,许昌市,许昌市,长葛市,,赣州蓉江新区潭东镇俊祥食品商行·外卖 服务区域：魏都、许昌县、禹州、长葛、建安...,,,未注明,,0,0,0,0,1,未注明,58同城,2026-09-24 22:50:51
2091,411121,舞阳县,漯河市,漯河市,召陵-召陵城区,樊女士,生产储备管理人员五险一金,5000.0,7000.0,未注明,,0,0,0,0,1,未注明,58同城,2026-09-24 22:51:12
2092,411121,舞阳县,漯河市,漯河市,漯河-召陵,mlgs123456,废品工分拣包住包吃,3000.0,4000.0,未注明,,0,0,0,0,1,未注明,58同城,2026-09-24 22:51:12
2093,411121,舞阳县,漯河市,漯河市,漯河-召陵,mlgs123456,厂区杂工3000起 小程序,3000.0,5000.0,未注明,,0,0,0,0,1,未注明,58同城,2026-09-24 22:51:12
2094,411121,舞阳县,漯河市,漯河市,漯河-召陵,颈肩腰腿疼张号兵136******73,颈肩腰腿疼康复中心招聘店员,2500.0,4000.0,学历不限,1.0,0,0,0,1,0,学历不限,58同城,2026-09-24 22:51:12
2095,411121,舞阳县,漯河市,漯河市,漯河-召陵,安女士,制孔机手,5000.0,7000.0,未注明,,0,0,0,0,1,未注明,58同城,2026-09-24 22:51:12
2096,411121,舞阳县,漯河市,漯河市,漯河-召陵,用户67428,好思味食品有限公司/食品/饮料研发,4000.0,6000.0,未注明,,0,0,0,0,1,未注明,58同城,2026-09-24 22:51:12
2097,411121,舞阳县,漯河市,漯河市,漯河-召陵,安女士,财务主管,7000.0,8000.0,未注明,,0,0,0,0,1,未注明,58同城,2026-09-24 22:51:12
2098,411121,舞阳县,漯河市,漯河市,召陵-召陵城区,心美DE胥博士,厨工,3000.0,3500.0,学历不限,,0,0,0,1,0,学历不限,58同城,2026-09-24 22:51:12
2099,411121,舞阳县,漯河市,漯河市,漯河-召陵,漯河市源汇区怡润信息咨询工作室,总经理助理,3000.0,5000.0,未注明,,0,0,0,0,1,未注明,58同城,2026-09-24 22:51:12
2100,411121,舞阳县,漯河市,漯河市,漯河-召陵,安女士,机械制图,5000.0,6000.0,未注明,,0,0,0,0,1,未注明,58同城,2026-09-24 22:51:12
2101,411121,舞阳县,漯河市,漯河市,漯河-召陵,安女士,组对工,6000.0,8000.0,未注明,,0,0,0,0,1,未注明,58同城,2026-09-24 22:51:12
2102,411121,舞阳县,漯河市,漯河市,召陵-召陵城区,遵规守纪de燕老板,食品/营业员3000起,3000.0,5000.0,学历不限,3.0,0,0,0,1,0,学历不限,58同城,2026-09-24 22:51:12
2103,411121,舞阳县,漯河市,漯河市,漯河-郾城,韩女士,美甲师,3000.0,6000.0,学历不限,,0,0,0,1,0,学历不限,58同城,2026-09-24 22:51:12
2104,411121,舞阳县,漯河市,漯河市,临颍-临颍城区,周女士,招聘保安.包吃住.工装被褥免费,4500.0,5000.0,未注明,,0,0,0,0,1,未注明,58同城,2026-09-24 22:51:12
2105,411121,舞阳县,漯河市,漯河市,郾城-郾城城区,喜欢彩虹糖的小糖,办公室文员/3000起,3000.0,4000.0,大专,2.0,1,0,0,0,0,大专及以上,58同城,2026-09-24 22:51:12
2106,411121,舞阳县,漯河市,漯河市,召陵-召陵城区,樊女士,刀手切汉堡腿肉,5000.0,6000.0,未注明,,0,0,0,0,1,未注明,58同城,2026-09-24 22:51:12
2107,411121,舞阳县,漯河市,漯河市,漯河-召陵,安女士,镀锌工,6000.0,7500.0,未注明,,0,0,0,0,1,未注明,58同城,2026-09-24 22:51:12
2108,411121,舞阳县,漯河市,漯河市,郾城-郾城城区,柚子大仙,蒲公英好物百货商行店员/营业员3千起,3000.0,3500.0,学历不限,1.0,0,0,0,1,0,学历不限,58同城,2026-09-24 22:51:12
2109,411121,舞阳县,漯河市,漯河市,漯河-源汇,招聘专员,在家运营五险双休坐班办公岗,4500.0,5000.0,未注明,,0,0,0,0,1,未注明,58同城,2026-09-24 22:51:12
2110,411121,舞阳县,漯河市,漯河市,漯河-郾城,北北,餐饮收银,3000.0,5000.0,学历不限,,0,0,0,1,0,学历不限,58同城,2026-09-24 22:51:12
2111,411121,舞阳县,漯河市,漯河市,郾城-漯河食品批发交易市,人事部,车工/五险,5000.0,7000.0,未注明,,0,0,0,0,1,未注明,58同城,2026-09-24 22:51:12
2112,411121,舞阳县,漯河市,漯河市,漯河-郾城,韩女士,外贸业务员,3500.0,6500.0,学历不限,5.0,0,0,0,1,0,学历不限,58同城,2026-09-24 22:51:12
2113,411121,舞阳县,漯河市,漯河市,召陵-召陵城区,经理,营业员5000,5000.0,6000.0,学历不限,6.0,0,0,0,1,0,学历不限,58同城,2026-09-24 22:51:12
2114,411121,舞阳县,漯河市,漯河市,漯河-召陵,许先生,大龄可做小件装卸分拣220一天包吃住,4000.0,5500.0,未注明,,0,0,0,0,1,未注明,58同城,2026-09-24 22:51:12
2115,411121,舞阳县,漯河市,漯河市,漯河-源汇,招聘专员,在家运营工作简单好做,4600.0,5700.0,未注明,,0,0,0,0,1,未注明,58同城,2026-09-24 22:51:12
2116,411121,舞阳县,漯河市,漯河市,召陵-召陵城区,遵规守纪de燕老板,食品/店员3000起,3000.0,5000.0,学历不限,3.0,0,0,0,1,0,学历不限,58同城,2026-09-24 22:51:12
2117,411121,舞阳县,漯河市,漯河市,漯河-郾城,capfchu,郾城区锦成建材经营部/泥瓦工/学历不限,5000.0,8000.0,未注明,,0,0,0,0,1,未注明,58同城,2026-09-24 22:51:12
2118,411121,舞阳县,漯河市,漯河市,漯河-召陵,董生,有证叉车工，产线入库和出库装车,6500.0,7500.0,未注明,,0,0,0,0,1,未注明,58同城,2026-09-24 22:51:12
2119,411121,舞阳县,漯河市,漯河市,漯河,张女士,5000包吃住小区保安，可带朋友,4500.0,5000.0,未注明,,0,0,0,0,1,未注明,58同城,2026-09-24 22:51:12
2120,411121,舞阳县,漯河市,漯河市,高新区-高新城区,招聘专员,焰石影院招聘店员/营业员,2000.0,3000.0,高中,4.0,0,0,0,0,0,高中/中专,58同城,2026-09-24 22:51:12
2121,411122,临颍县,漯河市,漯河市,漯河-临颍,小兔蹦蹦跳,配送货运司机,6000.0,8500.0,学历不限,6.0,0,0,0,1,0,学历不限,58同城,2026-09-24 22:53:53
2122,411122,临颍县,漯河市,漯河市,临颍-临颍城区,偷偷藏糖果的豆豆,火锅店服务员,3000.0,3500.0,未注明,,0,0,0,0,1,未注明,58同城,2026-09-24 22:53:53
2123,411122,临颍县,漯河市,漯河市,临颍-临颍城区,招聘专员,幼儿园食堂厨师免费工服包... 小程序,3000.0,4500.0,未注明,,0,0,0,0,1,未注明,58同城,2026-09-24 22:53:53
2124,411122,临颍县,漯河市,漯河市,临颍-临颍城区,晁先生,诚聘机械设计师,8000.0,12000.0,未注明,,0,0,0,0,1,未注明,58同城,2026-09-24 22:53:53
2125,411122,临颍县,漯河市,漯河市,临颍-临颍城区,晁先生,机械设计工程师,8000.0,12000.0,未注明,,0,0,0,0,1,未注明,58同城,2026-09-24 22:53:53
2126,411122,临颍县,漯河市,漯河市,临颍-金佰汇购物广场,李波,临颍按摩师/技师高提成,12000.0,15000.0,学历不限,20.0,0,0,0,1,0,学历不限,58同城,2026-09-24 22:53:53
2127,411122,临颍县,漯河市,漯河市,临颍-临颍城区,周女士,招聘保安.包吃住.工装被褥免费,4500.0,5000.0,未注明,,0,0,0,0,1,未注明,58同城,2026-09-24 22:53:53
2128,411122,临颍县,漯河市,漯河市,漯河-临颍,招聘专员,房产抖音策划,3000.0,4000.0,未注明,,0,0,0,0,1,未注明,58同城,2026-09-24 22:53:53
2129,411122,临颍县,漯河市,漯河市,临颍-金佰汇购物广场,李波,足疗师临颍18-30岁高提成,12000.0,15000.0,学历不限,10.0,0,0,0,1,0,学历不限,58同城,2026-09-24 22:53:53
2130,411122,临颍县,漯河市,漯河市,临颍-临颍城区,用户41758,小吃/服务员包吃免费工服,3000.0,3500.0,未注明,,0,0,0,0,1,未注明,58同城,2026-09-24 22:53:53
2131,411122,临颍县,漯河市,漯河市,临颍-金佰汇购物广场,君子兰,数据标注/AI训练师包吃饭补交通补助,4000.0,8000.0,未注明,,0,0,0,0,1,未注明,58同城,2026-09-24 22:53:53
2132,411122,临颍县,漯河市,漯河市,临颍-临颍城区,招聘主管,国内电商运营,4000.0,6000.0,学历不限,,0,0,0,1,0,学历不限,58同城,2026-09-24 22:53:53
2133,411122,临颍县,漯河市,漯河市,漯河-临颍,招聘专员,房产置业顾问2800起,3000.0,8000.0,未注明,,0,0,0,0,1,未注明,58同城,2026-09-24 22:53:53
2134,411122,临颍县,漯河市,漯河市,漯河-临颍,水电安装插座灯具安装,曜峰百货商行/水电工工作时间灵活,3000.0,4500.0,学历不限,1.0,0,0,0,1,0,学历不限,58同城,2026-09-24 22:53:53
2135,411122,临颍县,漯河市,漯河市,临颍-临颍城区,李波,临颍木禾聘按摩技师,8000.0,15000.0,未注明,,0,0,0,0,1,未注明,58同城,2026-09-24 22:53:53
2136,411122,临颍县,漯河市,漯河市,临颍-临颍城区,悄悄种花的丫头,小吃厨师,3000.0,4000.0,学历不限,,0,0,0,1,0,学历不限,58同城,2026-09-24 22:53:53
2137,411122,临颍县,漯河市,漯河市,漯河-临颍,罗女士,电脑/打印机运维,3000.0,4000.0,未注明,,0,0,0,0,1,未注明,58同城,2026-09-24 22:53:53
2138,411122,临颍县,漯河市,漯河市,漯河-临颍,张先生,260/天包吃住小厂贴标人走帐清,6500.0,7500.0,未注明,,0,0,0,0,1,未注明,58同城,2026-09-24 22:53:53
2139,411122,临颍县,漯河市,漯河市,漯河-临颍,安乐,临颍县外卖业务经理,4000.0,5500.0,高中,,0,0,0,0,0,高中/中专,58同城,2026-09-24 22:53:53
2140,411122,临颍县,漯河市,漯河市,临颍-临颍城区,程女士,包吃住不体检轻松保安,4500.0,5000.0,未注明,,0,0,0,0,1,未注明,58同城,2026-09-24 22:53:53
2141,411122,临颍县,漯河市,漯河市,漯河-临颍,招聘专员,汽车维修,1100.0,5200.0,学历不限,,0,0,0,1,0,学历不限,58同城,2026-09-24 22:53:53
2142,411122,临颍县,漯河市,漯河市,临颍-临颍城区,丁先生,清闲保安当天安排岗位宿舍,4900.0,5000.0,未注明,,0,0,0,0,1,未注明,58同城,2026-09-24 22:53:53
2143,411122,临颍县,漯河市,漯河市,漯河-临颍,刘女士,漯河周边急招食品C本配送司机不装卸3名,6000.0,8000.0,未注明,,0,0,0,0,1,未注明,58同城,2026-09-24 22:53:53
2144,411122,临颍县,漯河市,漯河市,漯河-临颍,王鹏,护工/护理工作时间灵活,3000.0,4500.0,学历不限,1.0,0,0,0,1,0,学历不限,58同城,2026-09-24 22:53:53
2145,411122,临颍县,漯河市,漯河市,临颍-临颍城区,叠纸船的信纸,居家审核员会基础电脑月薪6000,5000.0,8000.0,未注明,,0,0,0,0,1,未注明,58同城,2026-09-24 22:53:53
2146,411122,临颍县,漯河市,漯河市,临颍-金佰汇购物广场,招聘专员,抖音直播，双休时间自由，日结，无需经验,4500.0,8600.0,学历不限,40.0,0,0,0,1,0,学历不限,58同城,2026-09-24 22:53:53
2147,411122,临颍县,漯河市,漯河市,漯河-临颍,邵磊,五金厂普工/操作工3500起,3500.0,7000.0,未注明,,0,0,0,0,1,未注明,58同城,2026-09-24 22:53:53
2148,411122,临颍县,漯河市,漯河市,漯河-临颍,黄女士,食品化验员45岁以下,3000.0,5000.0,大专,1.0,1,0,0,0,0,大专及以上,58同城,2026-09-24 22:53:53
2149,411122,临颍县,漯河市,漯河市,临颍-临颍城区,晁先生,诚聘电工,4000.0,5000.0,未注明,,0,0,0,0,1,未注明,58同城,2026-09-24 22:53:53
2150,411122,临颍县,漯河市,漯河市,漯河-临颍,黄女士,普工/搬运工4000起,5000.0,8000.0,未注明,,0,0,0,0,1,未注明,58同城,2026-09-24 22:53:53
2151,411122,临颍县,漯河市,漯河市,召陵-召陵城区,樊女士,生产储备管理人员五险一金,5000.0,7000.0,未注明,,0,0,0,0,1,未注明,58同城,2026-09-24 22:53:57
2152,411122,临颍县,漯河市,漯河市,漯河-召陵,mlgs123456,废品工分拣包住包吃,3000.0,4000.0,未注明,,0,0,0,0,1,未注明,58同城,2026-09-24 22:53:57
2153,411122,临颍县,漯河市,漯河市,漯河-召陵,mlgs123456,厂区杂工3000起 小程序,3000.0,5000.0,未注明,,0,0,0,0,1,未注明,58同城,2026-09-24 22:53:57
2154,411122,临颍县,漯河市,漯河市,漯河-召陵,颈肩腰腿疼张号兵136******73,颈肩腰腿疼康复中心招聘店员,2500.0,4000.0,学历不限,1.0,0,0,0,1,0,学历不限,58同城,2026-09-24 22:53:57
2155,411122,临颍县,漯河市,漯河市,漯河-召陵,安女士,制孔机手,5000.0,7000.0,未注明,,0,0,0,0,1,未注明,58同城,2026-09-24 22:53:57
2156,411122,临颍县,漯河市,漯河市,漯河-召陵,用户67428,好思味食品有限公司/食品/饮料研发,4000.0,6000.0,未注明,,0,0,0,0,1,未注明,58同城,2026-09-24 22:53:57
2157,411122,临颍县,漯河市,漯河市,漯河-召陵,安女士,财务主管,7000.0,8000.0,未注明,,0,0,0,0,1,未注明,58同城,2026-09-24 22:53:57
2158,411122,临颍县,漯河市,漯河市,召陵-召陵城区,心美DE胥博士,厨工,3000.0,3500.0,学历不限,,0,0,0,1,0,学历不限,58同城,2026-09-24 22:53:57
2159,411122,临颍县,漯河市,漯河市,漯河-召陵,漯河市源汇区怡润信息咨询工作室,总经理助理,3000.0,5000.0,未注明,,0,0,0,0,1,未注明,58同城,2026-09-24 22:53:57
2160,411122,临颍县,漯河市,漯河市,漯河-召陵,安女士,机械制图,5000.0,6000.0,未注明,,0,0,0,0,1,未注明,58同城,2026-09-24 22:53:57
2161,411122,临颍县,漯河市,漯河市,漯河-召陵,安女士,组对工,6000.0,8000.0,未注明,,0,0,0,0,1,未注明,58同城,2026-09-24 22:53:57
2162,411122,临颍县,漯河市,漯河市,召陵-召陵城区,遵规守纪de燕老板,食品/营业员3000起,3000.0,5000.0,学历不限,3.0,0,0,0,1,0,学历不限,58同城,2026-09-24 22:53:57
2163,411122,临颍县,漯河市,漯河市,漯河-郾城,韩女士,美甲师,3000.0,6000.0,学历不限,,0,0,0,1,0,学历不限,58同城,2026-09-24 22:53:57
2164,411122,临颍县,漯河市,漯河市,郾城-郾城城区,喜欢彩虹糖的小糖,办公室文员/3000起,3000.0,4000.0,大专,2.0,1,0,0,0,0,大专及以上,58同城,2026-09-24 22:53:57
2165,411122,临颍县,漯河市,漯河市,召陵-召陵城区,樊女士,刀手切汉堡腿肉,5000.0,6000.0,未注明,,0,0,0,0,1,未注明,58同城,2026-09-24 22:53:57
2166,411122,临颍县,漯河市,漯河市,漯河-召陵,安女士,镀锌工,6000.0,7500.0,未注明,,0,0,0,0,1,未注明,58同城,2026-09-24 22:53:57
2167,411122,临颍县,漯河市,漯河市,郾城-郾城城区,柚子大仙,蒲公英好物百货商行店员/营业员3千起,3000.0,3500.0,学历不限,1.0,0,0,0,1,0,学历不限,58同城,2026-09-24 22:53:57
2168,411122,临颍县,漯河市,漯河市,漯河-源汇,招聘专员,在家运营五险双休坐班办公岗,4500.0,5000.0,未注明,,0,0,0,0,1,未注明,58同城,2026-09-24 22:53:57
2169,411122,临颍县,漯河市,漯河市,漯河-郾城,北北,餐饮收银,3000.0,5000.0,学历不限,,0,0,0,1,0,学历不限,58同城,2026-09-24 22:53:57
2170,411122,临颍县,漯河市,漯河市,郾城-漯河食品批发交易市,人事部,车工/五险,5000.0,7000.0,未注明,,0,0,0,0,1,未注明,58同城,2026-09-24 22:53:57
2171,411122,临颍县,漯河市,漯河市,漯河-郾城,韩女士,外贸业务员,3500.0,6500.0,学历不限,5.0,0,0,0,1,0,学历不限,58同城,2026-09-24 22:53:57
2172,411122,临颍县,漯河市,漯河市,召陵-召陵城区,经理,营业员5000,5000.0,6000.0,学历不限,6.0,0,0,0,1,0,学历不限,58同城,2026-09-24 22:53:57
2173,411122,临颍县,漯河市,漯河市,漯河-召陵,许先生,大龄可做小件装卸分拣220一天包吃住,4000.0,5500.0,未注明,,0,0,0,0,1,未注明,58同城,2026-09-24 22:53:57
2174,411122,临颍县,漯河市,漯河市,漯河-源汇,招聘专员,在家运营工作简单好做,4600.0,5700.0,未注明,,0,0,0,0,1,未注明,58同城,2026-09-24 22:53:57
2175,411122,临颍县,漯河市,漯河市,召陵-召陵城区,遵规守纪de燕老板,食品/店员3000起,3000.0,5000.0,学历不限,3.0,0,0,0,1,0,学历不限,58同城,2026-09-24 22:53:57
2176,411122,临颍县,漯河市,漯河市,漯河-郾城,capfchu,郾城区锦成建材经营部/泥瓦工/学历不限,5000.0,8000.0,未注明,,0,0,0,0,1,未注明,58同城,2026-09-24 22:53:57
2177,411122,临颍县,漯河市,漯河市,漯河-召陵,董生,有证叉车工，产线入库和出库装车,6500.0,7500.0,未注明,,0,0,0,0,1,未注明,58同城,2026-09-24 22:53:57
2178,411122,临颍县,漯河市,漯河市,漯河,张女士,5000包吃住小区保安，可带朋友,4500.0,5000.0,未注明,,0,0,0,0,1,未注明,58同城,2026-09-24 22:53:57
2179,411122,临颍县,漯河市,漯河市,高新区-高新城区,招聘专员,焰石影院招聘店员/营业员,2000.0,3000.0,高中,4.0,0,0,0,0,0,高中/中专,58同城,2026-09-24 22:53:57
2180,411221,渑池县,三门峡市,三门峡市,渑池县,,三门峡管道疏通/清洗·管道疏通/清洗 服务区域：湖滨、陕州、灵宝、义马、渑池...,,,未注明,,0,0,0,0,1,未注明,58同城,2026-09-24 22:58:57
2181,411221,渑池县,三门峡市,三门峡市,渑池县,,西宁胡萝焙商贸·快餐/团膳 服务区域：湖滨、陕州、灵宝、义马、渑池...,,,未注明,,0,0,0,0,1,未注明,58同城,2026-09-24 22:58:57
2182,411221,渑池县,三门峡市,三门峡市,渑池县,,河南利翔建筑工程·建房/翻建改造 服务区域：湖滨、陕州、灵宝、义马、渑池...,,,未注明,,0,0,0,0,1,未注明,58同城,2026-09-24 22:58:57
2183,411221,渑池县,三门峡市,三门峡市,渑池县,,专业保姆月嫂钟点工·保姆/月嫂 服务区域：湖滨、陕州、灵宝、义马、渑池...,,,未注明,,0,0,0,0,1,未注明,58同城,2026-09-24 22:58:57
2184,411221,渑池县,三门峡市,三门峡市,渑池县,,章贡区肖肖家小吃店（个体工商户）·外卖 服务区域：湖滨、陕州、灵宝、义马、渑池...,,,未注明,,0,0,0,0,1,未注明,58同城,2026-09-24 22:58:57
2185,411221,渑池县,三门峡市,三门峡市,渑池县,,章贡区海平食品店（个体工商户）·外卖 服务区域：湖滨、陕州、灵宝、义马、渑池...,,,未注明,,0,0,0,0,1,未注明,58同城,2026-09-24 22:58:57
2186,411221,渑池县,三门峡市,三门峡市,渑池县,,章贡区古明飞餐饮店（个体工商户）·外卖 服务区域：湖滨、陕州、灵宝、义马、渑池...,,,未注明,,0,0,0,0,1,未注明,58同城,2026-09-24 22:58:57
2187,411221,渑池县,三门峡市,三门峡市,渑池县,,三门峡利民家政·管道疏通/清洗 服务区域：湖滨、陕州、灵宝、义马、渑池...,,,未注明,,0,0,0,0,1,未注明,58同城,2026-09-24 22:58:57
2188,411221,渑池县,三门峡市,三门峡市,渑池县,,三门峡跟拍/摄影师·跟拍/摄影师 服务区域：湖滨、陕州、灵宝、义马、渑池...,,,未注明,,0,0,0,0,1,未注明,58同城,2026-09-24 22:58:57
2189,411221,渑池县,三门峡市,三门峡市,渑池县,,三门峡防水补漏瓷砖空鼓维·房屋维修/防水 服务区域：湖滨、陕州、灵宝、义马、渑池...,,,未注明,,0,0,0,0,1,未注明,58同城,2026-09-24 22:58:57
2190,411221,渑池县,三门峡市,三门峡市,渑池县,,三门峡市湖滨区聚收付网络技术服务中心（个体工商户）·快餐/团膳 服务区域：湖滨、陕州、灵宝、义马、渑池...,,,未注明,,0,0,0,0,1,未注明,58同城,2026-09-24 22:58:57
2191,411221,渑池县,三门峡市,三门峡市,渑池县,,章贡区古明飞餐饮店（个体工商户）·美食 服务区域：湖滨、陕州、灵宝、义马、渑池...,,,未注明,,0,0,0,0,1,未注明,58同城,2026-09-24 22:58:57
2192,411221,渑池县,三门峡市,三门峡市,渑池县,,三门峡美食·美食 服务区域：湖滨、陕州、灵宝、义马、渑池...,,,未注明,,0,0,0,0,1,未注明,58同城,2026-09-24 22:58:57
2193,411221,渑池县,三门峡市,三门峡市,渑池县,,三门峡家电维修·家电维修 服务区域：湖滨、陕州、灵宝、义马、渑池...,,,未注明,,0,0,0,0,1,未注明,58同城,2026-09-24 22:58:57
2194,411221,渑池县,三门峡市,三门峡市,渑池县,,赣州蓉江新区潭东镇格乐食品商行（个体工商户）·外卖 服务区域：湖滨、陕州、灵宝、义马、渑池...,,,未注明,,0,0,0,0,1,未注明,58同城,2026-09-24 22:58:57
2195,411221,渑池县,三门峡市,三门峡市,渑池县,,三门峡搬家·搬家 服务区域：湖滨、陕州、灵宝、义马、渑池...,,,未注明,,0,0,0,0,1,未注明,58同城,2026-09-24 22:58:57
2196,411221,渑池县,三门峡市,三门峡市,渑池县,,三门峡货运物流·货运物流 服务区域：湖滨、陕州、灵宝、义马、渑池...,,,未注明,,0,0,0,0,1,未注明,58同城,2026-09-24 22:58:57
2197,411224,卢氏县,三门峡市,三门峡市,三门峡,闫先生,坐岗保安工作轻松可带朋友,5500.0,6000.0,未注明,,0,0,0,0,1,未注明,58同城,2026-09-24 22:59:16
2198,411224,卢氏县,三门峡市,三门峡市,湖滨-虢国公园,钟女士,急招三门峡农贸市场配送C1司机不装卸,6000.0,8000.0,未注明,,0,0,0,0,1,未注明,58同城,2026-09-24 22:59:16
2199,411224,卢氏县,三门峡市,三门峡市,三门峡,王先生,急招小区保安/不收费 小程序,4500.0,6000.0,未注明,,0,0,0,0,1,未注明,58同城,2026-09-24 22:59:16
2200,411224,卢氏县,三门峡市,三门峡市,三门峡-陕州,马女士,公司直招三门峡配送日用百货不装卸C1,6000.0,8000.0,未注明,,0,0,0,0,1,未注明,58同城,2026-09-24 22:59:16
2201,411224,卢氏县,三门峡市,三门峡市,三门峡-开发区,刘先生,渑池直招建材配送司机C1证不装卸,6000.0,8000.0,未注明,,0,0,0,0,1,未注明,58同城,2026-09-24 22:59:16
2202,411224,卢氏县,三门峡市,三门峡市,三门峡-湖滨,王先生,门岗保安工作轻松可带朋友,5500.0,6000.0,未注明,,0,0,0,0,1,未注明,58同城,2026-09-24 22:59:16
2203,411224,卢氏县,三门峡市,三门峡市,三门峡,爱踢球的孙同学,直招渑池蔬菜配送C本司机不装卸,6300.0,8000.0,未注明,,0,0,0,0,1,未注明,58同城,2026-09-24 22:59:16
2204,411224,卢氏县,三门峡市,三门峡市,湖滨-三门峡国际文博城,爱吹口哨的明明,巡逻岗安保，五险包吃住,4000.0,5000.0,未注明,,0,0,0,0,1,未注明,58同城,2026-09-24 22:59:16
2205,411224,卢氏县,三门峡市,三门峡市,三门峡,张女士,保安不收费月入5千人走账清,4500.0,5000.0,未注明,,0,0,0,0,1,未注明,58同城,2026-09-24 22:59:16
2206,411224,卢氏县,三门峡市,三门峡市,三门峡-湖滨,王女士,直招三门峡百货配送c证司机不装卸,6000.0,8000.0,未注明,,0,0,0,0,1,未注明,58同城,2026-09-24 22:59:16
2207,411224,卢氏县,三门峡市,三门峡市,三门峡,孔先生,急招保安待遇优厚包吃住工作轻松稳定环境好,4500.0,5000.0,未注明,,0,0,0,0,1,未注明,58同城,2026-09-24 22:59:16
2208,411224,卢氏县,三门峡市,三门峡市,三门峡,袁经理,三门峡直招粮油配送司机不装卸纯白班,6500.0,8000.0,未注明,,0,0,0,0,1,未注明,58同城,2026-09-24 22:59:16
2209,411224,卢氏县,三门峡市,三门峡市,三门峡,踮脚够月亮的巧巧,小区物业保安，管吃住当天安排,5000.0,5600.0,未注明,,0,0,0,0,1,未注明,58同城,2026-09-24 22:59:16
2210,411224,卢氏县,三门峡市,三门峡市,湖滨-三门峡百货大楼,高女士,急招保安/五险包吃住,4500.0,5000.0,未注明,,0,0,0,0,1,未注明,58同城,2026-09-24 22:59:16
2211,411224,卢氏县,三门峡市,三门峡市,三门峡,贺女士,8小时空调坐岗保安,5500.0,6000.0,未注明,,0,0,0,0,1,未注明,58同城,2026-09-24 22:59:16
2212,411224,卢氏县,三门峡市,三门峡市,湖滨-湖滨城区,李女士,物业保安包吃住，可带手机当天安排,4500.0,5000.0,学历不限,17.0,0,0,0,1,0,学历不限,58同城,2026-09-24 22:59:16
2213,411224,卢氏县,三门峡市,三门峡市,三门峡-湖滨,爱玩沙子的沙,写字楼坐岗保安有空调可带手机,5500.0,6000.0,未注明,,0,0,0,0,1,未注明,58同城,2026-09-24 22:59:16
2214,411224,卢氏县,三门峡市,三门峡市,三门峡,康先生,物业保安可预支包吃住,4500.0,5000.0,未注明,,0,0,0,0,1,未注明,58同城,2026-09-24 22:59:16
2215,411224,卢氏县,三门峡市,三门峡市,三门峡,夏先生,商场保安招人，工作轻松，环境干净舒适,4500.0,5000.0,未注明,,0,0,0,0,1,未注明,58同城,2026-09-24 22:59:16
2216,411224,卢氏县,三门峡市,三门峡市,湖滨-虢国公园,房师傅要漂泊,诚聘急招食品店招聘销售店员,2800.0,3000.0,未注明,,0,0,0,0,1,未注明,58同城,2026-09-24 22:59:16
2217,411224,卢氏县,三门峡市,三门峡市,陕州-陕州区体育中心,常女士,招无经验55岁以下农村做饭阿姨包吃住6K,5000.0,8000.0,未注明,,0,0,0,0,1,未注明,58同城,2026-09-24 22:59:16
2218,411224,卢氏县,三门峡市,三门峡市,三门峡-湖滨,qv3uynmru,店员/营业员,2000.0,2500.0,学历不限,,0,0,0,1,0,学历不限,58同城,2026-09-24 22:59:16
2219,411224,卢氏县,三门峡市,三门峡市,三门峡-陕州,用户11558,包装纸箱厂/操作工饭补五险加班补助,3000.0,5000.0,未注明,,0,0,0,0,1,未注明,58同城,2026-09-24 22:59:16
2220,411224,卢氏县,三门峡市,三门峡市,三门峡-陕州,刘女士,300天长白班可预支工资汽车普工,5000.0,8500.0,未注明,,0,0,0,0,1,未注明,58同城,2026-09-24 22:59:16
2221,411224,卢氏县,三门峡市,三门峡市,湖滨-三门峡百货大楼,冯女士,维尔丹娜内衣店/服装销售/3.5k起,3500.0,5000.0,学历不限,,0,0,0,1,0,学历不限,58同城,2026-09-24 22:59:16
2222,411224,卢氏县,三门峡市,三门峡市,三门峡,段女士,居家娱乐聊天主播音频主播,3790.0,4890.0,学历不限,,0,0,0,1,0,学历不限,58同城,2026-09-24 22:59:16
2223,411224,卢氏县,三门峡市,三门峡市,陕州-陕县城区,爱看星星的姑娘,销售顾问,2500.0,6000.0,学历不限,,0,0,0,1,0,学历不限,58同城,2026-09-24 22:59:16
2224,411224,卢氏县,三门峡市,三门峡市,湖滨-三门峡百货大楼,用户75671,新媒体运营,3000.0,4000.0,学历不限,,0,0,0,1,0,学历不限,58同城,2026-09-24 22:59:16
2225,411224,卢氏县,三门峡市,三门峡市,三门峡,吴先生,招电工1万起包吃住加奖金需稳定做,11000.0,15000.0,未注明,,0,0,0,0,1,未注明,58同城,2026-09-24 22:59:16
2226,411224,卢氏县,三门峡市,三门峡市,三门峡-陕州,秦娟娟,普工,4000.0,5000.0,未注明,,0,0,0,0,1,未注明,58同城,2026-09-24 22:59:16
2227,411224,卢氏县,三门峡市,三门峡市,三门峡-卢氏,空白,三门峡市翠龙矿业有限公司过磅员包住包吃,3500.0,4000.0,未注明,,0,0,0,0,1,未注明,58同城,2026-09-24 22:59:48
2228,411224,卢氏县,三门峡市,三门峡市,卢氏-卢氏城区,贾女士,婚恋咨询/红娘3千起,3000.0,6000.0,学历不限,4.0,0,0,0,1,0,学历不限,58同城,2026-09-24 23:00:40
2229,411224,卢氏县,三门峡市,三门峡市,卢氏-卢氏城区,喜欢追小风的悠悠,居家审核员简单电脑操作六千,5000.0,8000.0,未注明,,0,0,0,0,1,未注明,58同城,2026-09-24 23:00:52
2230,411224,卢氏县,三门峡市,三门峡市,三门峡-卢氏,用户54612,温泉酒店/按摩师14500k起,14500.0,15000.0,学历不限,,0,0,0,1,0,学历不限,58同城,2026-09-24 23:01:38
2231,411224,卢氏县,三门峡市,三门峡市,三门峡-卢氏,王兰招聘美容师,急招熟手美容师月薪5k起接受无经验,4000.0,8000.0,未注明,,0,0,0,0,1,未注明,58同城,2026-09-24 23:01:46
2232,411224,卢氏县,三门峡市,三门峡市,卢氏县,,三门峡艺术培训·艺术培训 服务区域：卢氏、陕州,,,未注明,,0,0,0,0,1,未注明,58同城,2026-09-24 23:02:01
2233,411281,义马市,三门峡市,三门峡市,三门峡,闫先生,坐岗保安工作轻松可带朋友,5500.0,6000.0,未注明,,0,0,0,0,1,未注明,58同城,2026-09-24 23:02:24
2234,411281,义马市,三门峡市,三门峡市,湖滨-虢国公园,钟女士,急招三门峡农贸市场配送C1司机不装卸,6000.0,8000.0,未注明,,0,0,0,0,1,未注明,58同城,2026-09-24 23:02:24
2235,411281,义马市,三门峡市,三门峡市,三门峡,王先生,急招小区保安/不收费 小程序,4500.0,6000.0,未注明,,0,0,0,0,1,未注明,58同城,2026-09-24 23:02:24
2236,411281,义马市,三门峡市,三门峡市,三门峡-陕州,马女士,公司直招三门峡配送日用百货不装卸C1,6000.0,8000.0,未注明,,0,0,0,0,1,未注明,58同城,2026-09-24 23:02:24
2237,411281,义马市,三门峡市,三门峡市,三门峡-开发区,刘先生,渑池直招建材配送司机C1证不装卸,6000.0,8000.0,未注明,,0,0,0,0,1,未注明,58同城,2026-09-24 23:02:24
2238,411281,义马市,三门峡市,三门峡市,三门峡-湖滨,王先生,门岗保安工作轻松可带朋友,5500.0,6000.0,未注明,,0,0,0,0,1,未注明,58同城,2026-09-24 23:02:24
2239,411281,义马市,三门峡市,三门峡市,三门峡,爱踢球的孙同学,直招渑池蔬菜配送C本司机不装卸,6300.0,8000.0,未注明,,0,0,0,0,1,未注明,58同城,2026-09-24 23:02:24
2240,411281,义马市,三门峡市,三门峡市,湖滨-三门峡国际文博城,爱吹口哨的明明,巡逻岗安保，五险包吃住,4000.0,5000.0,未注明,,0,0,0,0,1,未注明,58同城,2026-09-24 23:02:24
2241,411281,义马市,三门峡市,三门峡市,三门峡,张女士,保安不收费月入5千人走账清,4500.0,5000.0,未注明,,0,0,0,0,1,未注明,58同城,2026-09-24 23:02:24
2242,411281,义马市,三门峡市,三门峡市,三门峡-湖滨,王女士,直招三门峡百货配送c证司机不装卸,6000.0,8000.0,未注明,,0,0,0,0,1,未注明,58同城,2026-09-24 23:02:24
2243,411281,义马市,三门峡市,三门峡市,三门峡,孔先生,急招保安待遇优厚包吃住工作轻松稳定环境好,4500.0,5000.0,未注明,,0,0,0,0,1,未注明,58同城,2026-09-24 23:02:24
2244,411281,义马市,三门峡市,三门峡市,三门峡,踮脚够月亮的巧巧,小区物业保安，管吃住当天安排,5000.0,5600.0,未注明,,0,0,0,0,1,未注明,58同城,2026-09-24 23:02:24
2245,411281,义马市,三门峡市,三门峡市,三门峡,袁经理,三门峡直招粮油配送司机不装卸纯白班,6500.0,8000.0,未注明,,0,0,0,0,1,未注明,58同城,2026-09-24 23:02:24
2246,411281,义马市,三门峡市,三门峡市,湖滨-三门峡百货大楼,高女士,急招保安/五险包吃住,4500.0,5000.0,未注明,,0,0,0,0,1,未注明,58同城,2026-09-24 23:02:24
2247,411281,义马市,三门峡市,三门峡市,三门峡,贺女士,8小时空调坐岗保安,5500.0,6000.0,未注明,,0,0,0,0,1,未注明,58同城,2026-09-24 23:02:24
2248,411281,义马市,三门峡市,三门峡市,湖滨-湖滨城区,李女士,物业保安包吃住，可带手机当天安排,4500.0,5000.0,学历不限,17.0,0,0,0,1,0,学历不限,58同城,2026-09-24 23:02:24
2249,411281,义马市,三门峡市,三门峡市,三门峡-湖滨,爱玩沙子的沙,写字楼坐岗保安有空调可带手机,5500.0,6000.0,未注明,,0,0,0,0,1,未注明,58同城,2026-09-24 23:02:24
2250,411281,义马市,三门峡市,三门峡市,三门峡,康先生,物业保安可预支包吃住,4500.0,5000.0,未注明,,0,0,0,0,1,未注明,58同城,2026-09-24 23:02:24
2251,411281,义马市,三门峡市,三门峡市,三门峡,夏先生,商场保安招人，工作轻松，环境干净舒适,4500.0,5000.0,未注明,,0,0,0,0,1,未注明,58同城,2026-09-24 23:02:24
2252,411281,义马市,三门峡市,三门峡市,湖滨-虢国公园,房师傅要漂泊,诚聘急招食品店招聘销售店员,2800.0,3000.0,未注明,,0,0,0,0,1,未注明,58同城,2026-09-24 23:02:24
2253,411281,义马市,三门峡市,三门峡市,陕州-陕州区体育中心,常女士,招无经验55岁以下农村做饭阿姨包吃住6K,5000.0,8000.0,未注明,,0,0,0,0,1,未注明,58同城,2026-09-24 23:02:24
2254,411281,义马市,三门峡市,三门峡市,三门峡-湖滨,qv3uynmru,店员/营业员,2000.0,2500.0,学历不限,,0,0,0,1,0,学历不限,58同城,2026-09-24 23:02:24
2255,411281,义马市,三门峡市,三门峡市,三门峡-陕州,用户11558,包装纸箱厂/操作工饭补五险加班补助,3000.0,5000.0,未注明,,0,0,0,0,1,未注明,58同城,2026-09-24 23:02:24
2256,411281,义马市,三门峡市,三门峡市,三门峡-陕州,刘女士,300天长白班可预支工资汽车普工,5000.0,8500.0,未注明,,0,0,0,0,1,未注明,58同城,2026-09-24 23:02:24
2257,411281,义马市,三门峡市,三门峡市,湖滨-三门峡百货大楼,冯女士,维尔丹娜内衣店/服装销售/3.5k起,3500.0,5000.0,学历不限,,0,0,0,1,0,学历不限,58同城,2026-09-24 23:02:24
2258,411281,义马市,三门峡市,三门峡市,三门峡,段女士,居家娱乐聊天主播音频主播,3790.0,4890.0,学历不限,,0,0,0,1,0,学历不限,58同城,2026-09-24 23:02:24
2259,411281,义马市,三门峡市,三门峡市,陕州-陕县城区,爱看星星的姑娘,销售顾问,2500.0,6000.0,学历不限,,0,0,0,1,0,学历不限,58同城,2026-09-24 23:02:24
2260,411281,义马市,三门峡市,三门峡市,湖滨-三门峡百货大楼,用户75671,新媒体运营,3000.0,4000.0,学历不限,,0,0,0,1,0,学历不限,58同城,2026-09-24 23:02:24
2261,411281,义马市,三门峡市,三门峡市,三门峡,吴先生,招电工1万起包吃住加奖金需稳定做,11000.0,15000.0,未注明,,0,0,0,0,1,未注明,58同城,2026-09-24 23:02:24
2262,411281,义马市,三门峡市,三门峡市,三门峡-陕州,秦娟娟,普工,4000.0,5000.0,未注明,,0,0,0,0,1,未注明,58同城,2026-09-24 23:02:24
2263,411281,义马市,三门峡市,三门峡市,义马-义马城区,樱花雨纷飞,仓库跟单员简单电脑操作月薪6000,5000.0,8000.0,未注明,,0,0,0,0,1,未注明,58同城,2026-09-24 23:02:55
2264,411281,义马市,三门峡市,三门峡市,义马-义马城区,喜欢捏橡皮的何同学,居家审核员早九晚五薪资6000,5000.0,8000.0,未注明,,0,0,0,0,1,未注明,58同城,2026-09-24 23:02:55
2265,411281,义马市,三门峡市,三门峡市,三门峡-义马,DbtBxwm,电商客服工作时间灵活,3500.0,6000.0,学历不限,,0,0,0,1,0,学历不限,58同城,2026-09-24 23:03:07
2266,411281,义马市,三门峡市,三门峡市,义马市,,三门峡管道疏通/清洗·管道疏通/清洗 服务区域：湖滨、陕州、灵宝、义马、渑池...,,,未注明,,0,0,0,0,1,未注明,58同城,2026-09-24 23:05:01
2267,411281,义马市,三门峡市,三门峡市,义马市,,万家乐家政·马桶疏通 服务区域：湖滨、陕州、义马、卢氏、开发区,,,未注明,,0,0,0,0,1,未注明,58同城,2026-09-24 23:05:01
2268,411281,义马市,三门峡市,三门峡市,义马市,,三门峡利民家政·马桶疏通 服务区域：湖滨、陕州、灵宝、义马、渑池...,,,未注明,,0,0,0,0,1,未注明,58同城,2026-09-24 23:05:01
2269,411281,义马市,三门峡市,三门峡市,义马市,,西宁胡萝焙商贸·快餐/团膳 服务区域：湖滨、陕州、灵宝、义马、渑池...,,,未注明,,0,0,0,0,1,未注明,58同城,2026-09-24 23:05:01
2270,411281,义马市,三门峡市,三门峡市,义马市,,专业保姆月嫂钟点工·保姆/月嫂 服务区域：湖滨、陕州、灵宝、义马、渑池...,,,未注明,,0,0,0,0,1,未注明,58同城,2026-09-24 23:05:01
2271,411281,义马市,三门峡市,三门峡市,义马市,,章贡区肖肖家小吃店（个体工商户）·外卖 服务区域：湖滨、陕州、灵宝、义马、渑池...,,,未注明,,0,0,0,0,1,未注明,58同城,2026-09-24 23:05:01
2272,411281,义马市,三门峡市,三门峡市,义马市,,章贡区海平食品店（个体工商户）·外卖 服务区域：湖滨、陕州、灵宝、义马、渑池...,,,未注明,,0,0,0,0,1,未注明,58同城,2026-09-24 23:05:01
2273,411281,义马市,三门峡市,三门峡市,义马市,,章贡区古明飞餐饮店（个体工商户）·外卖 服务区域：湖滨、陕州、灵宝、义马、渑池...,,,未注明,,0,0,0,0,1,未注明,58同城,2026-09-24 23:05:01
2274,411281,义马市,三门峡市,三门峡市,义马市,,三门峡市湖滨区聚收付网络技术服务中心（个体工商户）·快餐/团膳 服务区域：湖滨、陕州、灵宝、义马、渑池...,,,未注明,,0,0,0,0,1,未注明,58同城,2026-09-24 23:05:01
2275,411281,义马市,三门峡市,三门峡市,义马市,,三门峡百姓搬家·搬家 服务区域：湖滨、陕州、义马、卢氏、开发区,,,未注明,,0,0,0,0,1,未注明,58同城,2026-09-24 23:05:01
2276,411281,义马市,三门峡市,三门峡市,义马市,,三门峡家电维修·家电维修 服务区域：湖滨、陕州、灵宝、义马、渑池...,,,未注明,,0,0,0,0,1,未注明,58同城,2026-09-24 23:05:01
2277,411281,义马市,三门峡市,三门峡市,义马市,,赣州蓉江新区潭东镇格乐食品商行（个体工商户）·外卖 服务区域：湖滨、陕州、灵宝、义马、渑池...,,,未注明,,0,0,0,0,1,未注明,58同城,2026-09-24 23:05:01
2278,411281,义马市,三门峡市,三门峡市,义马市,,三门峡防水补漏瓷砖空鼓维·房屋维修/防水 服务区域：湖滨、陕州、灵宝、义马、渑池...,,,未注明,,0,0,0,0,1,未注明,58同城,2026-09-24 23:05:01
2279,411281,义马市,三门峡市,三门峡市,义马市,,三门峡搬家·搬家 服务区域：湖滨、陕州、灵宝、义马、渑池...,,,未注明,,0,0,0,0,1,未注明,58同城,2026-09-24 23:05:01
2280,411281,义马市,三门峡市,三门峡市,义马市,,三门峡货运物流·货运物流 服务区域：湖滨、陕州、灵宝、义马、渑池...,,,未注明,,0,0,0,0,1,未注明,58同城,2026-09-24 23:05:01
2281,411281,义马市,三门峡市,三门峡市,义马市,,三门峡张记开锁换智能锁·开锁/换锁/修锁 服务区域：湖滨、陕州、义马、卢氏、开发区,,,未注明,,0,0,0,0,1,未注明,58同城,2026-09-24 23:05:01
2282,411282,灵宝市,三门峡市,三门峡市,灵宝,刘先生,手机质检普工打包300/天包吃住/长白班,7000.0,8000.0,未注明,,0,0,0,0,1,未注明,58同城,2026-09-24 23:05:24
2283,411282,灵宝市,三门峡市,三门峡市,灵宝,余先生,电子厂检测月8500包吃住可预知,7000.0,8000.0,未注明,,0,0,0,0,1,未注明,58同城,2026-09-24 23:05:24
2284,411282,灵宝市,三门峡市,三门峡市,灵宝-灵宝城区,陈先生,火锅店服务员/包吃包住加... 小程序,2500.0,3600.0,未注明,,0,0,0,0,1,未注明,58同城,2026-09-24 23:05:24
2285,411282,灵宝市,三门峡市,三门峡市,灵宝-灵宝城区,用户92218,火锅店服务员,2000.0,3000.0,学历不限,2.0,0,0,0,1,0,学历不限,58同城,2026-09-24 23:05:24
2286,411282,灵宝市,三门峡市,三门峡市,灵宝-灵宝城区,陈先生,餐饮店长经理,5000.0,8000.0,未注明,,0,0,0,0,1,未注明,58同城,2026-09-24 23:05:24
2287,411282,灵宝市,三门峡市,三门峡市,灵宝,王女士,蓝牙耳机厂普工轻松月8500可预支,8000.0,8500.0,未注明,,0,0,0,0,1,未注明,58同城,2026-09-24 23:05:24
2288,411282,灵宝市,三门峡市,三门峡市,灵宝,郑先生,健身教练学徒-包吃住,6000.0,12000.0,未注明,,0,0,0,0,1,未注明,58同城,2026-09-24 23:05:24
2289,411282,灵宝市,三门峡市,三门峡市,灵宝-其他,徐女士,饮品店奶茶/饮品师3000起,3000.0,4000.0,学历不限,,0,0,0,1,0,学历不限,58同城,2026-09-24 23:05:24
2290,411282,灵宝市,三门峡市,三门峡市,灵宝-灵宝城区,任女士,深呼吸普拉提瑜伽馆/瑜伽普拉提教练工作时,2500.0,4500.0,学历不限,2.0,0,0,0,1,0,学历不限,58同城,2026-09-24 23:05:24
2291,411282,灵宝市,三门峡市,三门峡市,灵宝城区-灵宝市区,舌尖上的甜味,火锅店传菜员/包吃免费工服,2500.0,3000.0,未注明,,0,0,0,0,1,未注明,58同城,2026-09-24 23:05:24
2292,411282,灵宝市,三门峡市,三门峡市,灵宝-灵宝城区,李飞,灵宝达峰房产经纪有限公司短视频剪辑2.5,2500.0,4500.0,大专,,1,0,0,0,0,大专及以上,58同城,2026-09-24 23:05:24
2293,411282,灵宝市,三门峡市,三门峡市,灵宝-灵宝城区,豆豆,中餐厅服务员/免费工服包吃,2000.0,2500.0,未注明,,0,0,0,0,1,未注明,58同城,2026-09-24 23:05:24
2294,411282,灵宝市,三门峡市,三门峡市,灵宝-灵宝城区,爱游览的覃总,饮品店茶艺师2500起,2500.0,4500.0,学历不限,,0,0,0,1,0,学历不限,58同城,2026-09-24 23:05:24
2295,411282,灵宝市,三门峡市,三门峡市,灵宝-灵宝城区,王女士,灵宝市欣硕日用家电经营部促销/导购员3k,3000.0,4500.0,高中,,0,0,0,0,0,高中/中专,58同城,2026-09-24 23:05:24
2296,411282,灵宝市,三门峡市,三门峡市,其他-其它乡镇,玩积木的巧手,河南省森通交通工程有限责任公司普工/操作,2500.0,4500.0,学历不限,3.0,0,0,0,1,0,学历不限,58同城,2026-09-24 23:05:24
2297,411282,灵宝市,三门峡市,三门峡市,灵宝-灵宝城区,爱摇摆de杜同学,游戏代练/陪玩,4000.0,4500.0,学历不限,,0,0,0,1,0,学历不限,58同城,2026-09-24 23:05:24
2298,411282,灵宝市,三门峡市,三门峡市,灵宝城区-灵宝市区,张玉良,测绘/测量,5000.0,8000.0,未注明,,0,0,0,0,1,未注明,58同城,2026-09-24 23:05:24
2299,411282,灵宝市,三门峡市,三门峡市,其他-其它乡镇,张女士,电工,,,学历不限,,0,0,0,1,0,学历不限,58同城,2026-09-24 23:05:24
2300,411282,灵宝市,三门峡市,三门峡市,灵宝-灵宝城区,爱猜想的娟,家具店抖音新媒体运营3k起,3000.0,6000.0,大专,,1,0,0,0,0,大专及以上,58同城,2026-09-24 23:05:24
2301,411282,灵宝市,三门峡市,三门峡市,灵宝,梦之蓝,托管老师,1000.0,2500.0,大专,,1,0,0,0,0,大专及以上,58同城,2026-09-24 23:05:24
2302,411282,灵宝市,三门峡市,三门峡市,灵宝-其他,羡慕别人不如做最真的自己,小吃/快餐店服务员工作餐标高年底双薪免费,3000.0,3500.0,未注明,,0,0,0,0,1,未注明,58同城,2026-09-24 23:05:24
2303,411282,灵宝市,三门峡市,三门峡市,灵宝城区-灵宝市区,总想吹泡泡的童,文具店营业员工作时间灵活,2000.0,2500.0,高中,1.0,0,0,0,0,0,高中/中专,58同城,2026-09-24 23:05:24
2304,411282,灵宝市,三门峡市,三门峡市,灵宝-灵宝城区,用户64826,白酒/新媒体运营大专,3000.0,4500.0,未注明,,0,0,0,0,1,未注明,58同城,2026-09-24 23:05:24
2305,411282,灵宝市,三门峡市,三门峡市,灵宝城区-灵宝市区,舌尖上的甜味,火锅店服务员/免费工服包吃,2500.0,3000.0,未注明,,0,0,0,0,1,未注明,58同城,2026-09-24 23:05:24
2306,411282,灵宝市,三门峡市,三门峡市,灵宝城区-灵宝市区,解女士,电话销售,4000.0,6500.0,学历不限,,0,0,0,1,0,学历不限,58同城,2026-09-24 23:05:24
2307,411282,灵宝市,三门峡市,三门峡市,灵宝-其他,zrost_au3,汽车修理厂/汽车维修2k起,2000.0,2500.0,学历不限,,0,0,0,1,0,学历不限,58同城,2026-09-24 23:05:24
2308,411282,灵宝市,三门峡市,三门峡市,灵宝-灵宝城区,大牌辛博士L,小吃店服务员学历经验不限,2500.0,3000.0,未注明,,0,0,0,0,1,未注明,58同城,2026-09-24 23:05:24
2309,411282,灵宝市,三门峡市,三门峡市,灵宝城区-灵宝市区,晚爱,洗车工,2000.0,4000.0,学历不限,,0,0,0,1,0,学历不限,58同城,2026-09-24 23:05:24
2310,411282,灵宝市,三门峡市,三门峡市,灵宝,宋先生,药厂32一小时/日结（铁饭碗）技工,8500.0,12000.0,未注明,,0,0,0,0,1,未注明,58同城,2026-09-24 23:05:24
2311,411282,灵宝市,三门峡市,三门峡市,灵宝-灵宝城区,爱盼望DE包博士,快递员/电联,4000.0,8000.0,未注明,,0,0,0,0,1,未注明,58同城,2026-09-24 23:05:24
2312,411282,灵宝市,三门峡市,三门峡市,湖滨-三门峡百货大楼,沙与沫专柜,灵宝市创冉服装店/新媒体运营/3千起,3000.0,5000.0,大专,,1,0,0,0,0,大专及以上,58同城,2026-09-24 23:07:06
2313,411282,灵宝市,三门峡市,三门峡市,灵宝市,,西宁胡萝焙商贸·快餐/团膳 服务区域：湖滨、陕州、灵宝、义马、渑池...,,,未注明,,0,0,0,0,1,未注明,58同城,2026-09-24 23:07:59
2314,411282,灵宝市,三门峡市,三门峡市,灵宝市,,河南利翔建筑工程·建房/翻建改造 服务区域：湖滨、陕州、灵宝、义马、渑池...,,,未注明,,0,0,0,0,1,未注明,58同城,2026-09-24 23:07:59
2315,411282,灵宝市,三门峡市,三门峡市,灵宝市,,专业保姆月嫂钟点工·保姆/月嫂 服务区域：湖滨、陕州、灵宝、义马、渑池...,,,未注明,,0,0,0,0,1,未注明,58同城,2026-09-24 23:07:59
2316,411282,灵宝市,三门峡市,三门峡市,灵宝市,,章贡区肖肖家小吃店（个体工商户）·外卖 服务区域：湖滨、陕州、灵宝、义马、渑池...,,,未注明,,0,0,0,0,1,未注明,58同城,2026-09-24 23:07:59
2317,411282,灵宝市,三门峡市,三门峡市,灵宝市,,章贡区海平食品店（个体工商户）·外卖 服务区域：湖滨、陕州、灵宝、义马、渑池...,,,未注明,,0,0,0,0,1,未注明,58同城,2026-09-24 23:07:59
2318,411282,灵宝市,三门峡市,三门峡市,灵宝市,,章贡区古明飞餐饮店（个体工商户）·外卖 服务区域：湖滨、陕州、灵宝、义马、渑池...,,,未注明,,0,0,0,0,1,未注明,58同城,2026-09-24 23:07:59
2319,411282,灵宝市,三门峡市,三门峡市,灵宝市,,三门峡利民家政·管道疏通/清洗 服务区域：湖滨、陕州、灵宝、义马、渑池...,,,未注明,,0,0,0,0,1,未注明,58同城,2026-09-24 23:07:59
2320,411282,灵宝市,三门峡市,三门峡市,灵宝市,,三门峡跟拍/摄影师·跟拍/摄影师 服务区域：湖滨、陕州、灵宝、义马、渑池...,,,未注明,,0,0,0,0,1,未注明,58同城,2026-09-24 23:07:59
2321,411282,灵宝市,三门峡市,三门峡市,灵宝市,,三门峡防水补漏瓷砖空鼓维·房屋维修/防水 服务区域：湖滨、陕州、灵宝、义马、渑池...,,,未注明,,0,0,0,0,1,未注明,58同城,2026-09-24 23:07:59
2322,411282,灵宝市,三门峡市,三门峡市,灵宝市,,三门峡市湖滨区聚收付网络技术服务中心（个体工商户）·快餐/团膳 服务区域：湖滨、陕州、灵宝、义马、渑池...,,,未注明,,0,0,0,0,1,未注明,58同城,2026-09-24 23:07:59
2323,411282,灵宝市,三门峡市,三门峡市,灵宝市,,三门峡家电维修·家电维修 服务区域：湖滨、陕州、灵宝、义马、渑池...,,,未注明,,0,0,0,0,1,未注明,58同城,2026-09-24 23:07:59
2324,411282,灵宝市,三门峡市,三门峡市,灵宝市,,赣州蓉江新区潭东镇格乐食品商行（个体工商户）·外卖 服务区域：湖滨、陕州、灵宝、义马、渑池...,,,未注明,,0,0,0,0,1,未注明,58同城,2026-09-24 23:07:59
2325,411282,灵宝市,三门峡市,三门峡市,灵宝市,,三门峡搬家·搬家 服务区域：湖滨、陕州、灵宝、义马、渑池...,,,未注明,,0,0,0,0,1,未注明,58同城,2026-09-24 23:07:59
2326,411282,灵宝市,三门峡市,三门峡市,灵宝市,,三门峡货运物流·货运物流 服务区域：湖滨、陕州、灵宝、义马、渑池...,,,未注明,,0,0,0,0,1,未注明,58同城,2026-09-24 23:07:59
2327,411282,灵宝市,三门峡市,三门峡市,灵宝市,,三门峡管道疏通/清洗·管道疏通/清洗 服务区域：湖滨、陕州、灵宝、义马、渑池...,,,未注明,,0,0,0,0,1,未注明,58同城,2026-09-24 23:07:59
2328,411321,南召县,南阳市,南阳市,其他-南召,梅森,销售推广员,2000.0,2500.0,学历不限,2.0,0,0,0,1,0,学历不限,58同城,2026-09-24 23:08:15
2329,411321,南召县,南阳市,南阳市,其他-南召,用户43844,客服专员/助理,3500.0,5500.0,学历不限,6.0,0,0,0,1,0,学历不限,58同城,2026-09-24 23:08:15
2330,411321,南召县,南阳市,南阳市,其他-南召,毛赟,南召县天麒二手车销售有限... 小程序,2000.0,10000.0,未注明,,0,0,0,0,1,未注明,58同城,2026-09-24 23:08:15
2331,411321,南召县,南阳市,南阳市,其他-南召,飘逸潇洒都师傅D,中餐厅厨师/学历经验不限,3000.0,5000.0,学历不限,,0,0,0,1,0,学历不限,58同城,2026-09-24 23:08:15
2332,411321,南召县,南阳市,南阳市,其他-南召,雨中漂荡的回忆,中餐厅炒菜师傅4k起,4000.0,4500.0,学历不限,,0,0,0,1,0,学历不限,58同城,2026-09-24 23:08:15
2333,411321,南召县,南阳市,南阳市,其他-南召,nh8suy,电梯维护维修,3000.0,6000.0,学历不限,3.0,0,0,0,1,0,学历不限,58同城,2026-09-24 23:08:15
2334,411321,南召县,南阳市,南阳市,其他-南召,李先生,南召县汇轩汽车装饰服务店会计/学历经验不,3000.0,3500.0,学历不限,,0,0,0,1,0,学历不限,58同城,2026-09-24 23:08:15
2335,411321,南召县,南阳市,南阳市,其他-南召,不想上班,汽车美容,3000.0,4500.0,学历不限,,0,0,0,1,0,学历不限,58同城,2026-09-24 23:08:15
2336,411321,南召县,南阳市,南阳市,其他-南召,爱揣摩de景老板,养生馆美容师3千起,3000.0,8000.0,学历不限,,0,0,0,1,0,学历不限,58同城,2026-09-24 23:08:15
2337,411321,南召县,南阳市,南阳市,其他-南召,招聘专员,销售经理/主管,,,学历不限,,0,0,0,1,0,学历不限,58同城,2026-09-24 23:08:15
2338,411321,南召县,南阳市,南阳市,其他-南召,爱摸小奶猫的爪爪,汽修连锁店/汽车美容/3000起,3000.0,5000.0,学历不限,1.0,0,0,0,1,0,学历不限,58同城,2026-09-24 23:08:15
2339,411321,南召县,南阳市,南阳市,其他-南召,贺女士,南召骑手/多劳多得/简单/兼职全职都可,4000.0,8000.0,学历不限,10.0,0,0,0,1,0,学历不限,58同城,2026-09-24 23:08:15
2340,411321,南召县,南阳市,南阳市,其他-南召,周女士,南召送餐员无需经验/兼职/全职均可,4500.0,8500.0,未注明,,0,0,0,0,1,未注明,58同城,2026-09-24 23:08:15
2341,411321,南召县,南阳市,南阳市,其他-南召,石先生,坐岗岗亭保安8小时可带手机,4000.0,5000.0,未注明,,0,0,0,0,1,未注明,58同城,2026-09-24 23:08:15
2342,411321,南召县,南阳市,南阳市,其他-南召,经营河南战区徐行锋,南召德邦招聘快递员/车补油补/6k-7k,6000.0,7000.0,未注明,,0,0,0,0,1,未注明,58同城,2026-09-24 23:08:15
2343,411321,南召县,南阳市,南阳市,其他-南召,陈先生,8小时保安坐岗包吃住,4000.0,5000.0,未注明,,0,0,0,0,1,未注明,58同城,2026-09-24 23:08:15
2344,411321,南召县,南阳市,南阳市,南阳,闫先生,岗亭保安有空调吃住免费,5500.0,6000.0,未注明,,0,0,0,0,1,未注明,58同城,2026-09-24 23:08:19
2345,411321,南召县,南阳市,南阳市,宛城-医圣祠,魏经理,恒方广场双休话务员 小程序,3500.0,6000.0,未注明,,0,0,0,0,1,未注明,58同城,2026-09-24 23:08:19
2346,411321,南召县,南阳市,南阳市,其他-社旗,婷婷想踩小兴匡威,台球厅娱乐场所店员2000起,2000.0,3000.0,学历不限,,0,0,0,1,0,学历不限,58同城,2026-09-24 23:08:19
2347,411321,南召县,南阳市,南阳市,其他-社旗,万群机械,社旗急聘会计-,3000.0,4500.0,未注明,,0,0,0,0,1,未注明,58同城,2026-09-24 23:08:19
2348,411321,南召县,南阳市,南阳市,南阳-淅川,鲁同学爱滑冰,机电维修工,3500.0,5500.0,未注明,,0,0,0,0,1,未注明,58同城,2026-09-24 23:08:19
2349,411321,南召县,南阳市,南阳市,卧龙-卧龙城区,原谷原麦南阳区域,信臣路三杰盛世城招聘店员,3500.0,4000.0,未注明,,0,0,0,0,1,未注明,58同城,2026-09-24 23:08:19
2350,411321,南召县,南阳市,南阳市,南阳-卧龙,王先生,小区保安可带手机工作轻松,5500.0,6000.0,未注明,,0,0,0,0,1,未注明,58同城,2026-09-24 23:08:19
2351,411321,南召县,南阳市,南阳市,卧龙-新华城市广场,王先生,德又德旗舰店招熬粥师傅,3000.0,4500.0,未注明,,0,0,0,0,1,未注明,58同城,2026-09-24 23:08:19
2352,411321,南召县,南阳市,南阳市,其他-西峡,穆立涛,诚聘无人机/学徒工,3000.0,4500.0,学历不限,1.0,0,0,0,1,0,学历不限,58同城,2026-09-24 23:08:19
2353,411321,南召县,南阳市,南阳市,其他-西峡,芦博士想提示,客服专员/助理,2000.0,7000.0,学历不限,,0,0,0,1,0,学历不限,58同城,2026-09-24 23:08:19
2354,411321,南召县,南阳市,南阳市,其他-社旗,十里不成书,门店店长,4000.0,10000.0,学历不限,2.0,0,0,0,1,0,学历不限,58同城,2026-09-24 23:08:19
2355,411321,南召县,南阳市,南阳市,卧龙-卧龙城区,招聘专员,居家采购专员兼职轻松岗位,4300.0,5300.0,未注明,,0,0,0,0,1,未注明,58同城,2026-09-24 23:08:19
2356,411321,南召县,南阳市,南阳市,其他-西峡,布丁在摇晃,销售专员周末双休交通补助五险,8000.0,13000.0,未注明,,0,0,0,0,1,未注明,58同城,2026-09-24 23:08:19
2357,411321,南召县,南阳市,南阳市,其他-西峡,聂女士,饮品店饮品师2500起,2500.0,3500.0,学历不限,,0,0,0,1,0,学历不限,58同城,2026-09-24 23:08:19
2358,411321,南召县,南阳市,南阳市,南阳-镇平,wuwxa13ro,镇平县鑫运来珠宝店店员/营业员3k起,3000.0,5000.0,高中,,0,0,0,0,0,高中/中专,58同城,2026-09-24 23:08:19
2359,411321,南召县,南阳市,南阳市,其他-南召,毛赟,南召县天麒二手车销售有限公司/二手车销售,2000.0,10000.0,未注明,,0,0,0,0,1,未注明,58同城,2026-09-24 23:08:19
2360,411321,南召县,南阳市,南阳市,其他-西峡,于老板要吃肉,汽车销售服务公司内勤包住包吃五险,2500.0,4500.0,未注明,,0,0,0,0,1,未注明,58同城,2026-09-24 23:08:19
2361,411321,南召县,南阳市,南阳市,南阳-方城,mint,奶茶/饮品师,2500.0,4000.0,学历不限,,0,0,0,1,0,学历不限,58同城,2026-09-24 23:08:19
2362,411321,南召县,南阳市,南阳市,卧龙-卧龙城区,招聘专员,运营五险双休兼职坐岗,4300.0,5200.0,未注明,,0,0,0,0,1,未注明,58同城,2026-09-24 23:08:19
2363,411321,南召县,南阳市,南阳市,南阳-宛城,小小淼,食品商行店员/营业员2千起,2000.0,2500.0,学历不限,,0,0,0,1,0,学历不限,58同城,2026-09-24 23:08:19
2364,411321,南召县,南阳市,南阳市,南阳-卧龙,李女士,超市理货员2000起,2000.0,3000.0,未注明,,0,0,0,0,1,未注明,58同城,2026-09-24 23:08:19
2365,411321,南召县,南阳市,南阳市,社旗-社旗城区,梁先生,社旗急聘工厂招聘喷塑工,5000.0,6500.0,未注明,,0,0,0,0,1,未注明,58同城,2026-09-24 23:08:19
2366,411321,南召县,南阳市,南阳市,宛城-万达坊,陈先生,后厨杂工烧烤学徒,2000.0,2500.0,学历不限,,0,0,0,1,0,学历不限,58同城,2026-09-24 23:08:19
2367,411321,南召县,南阳市,南阳市,其他-桐柏,不怕失败的卓老板,服务员,2500.0,3000.0,学历不限,,0,0,0,1,0,学历不限,58同城,2026-09-24 23:08:19
2368,411321,南召县,南阳市,南阳市,其他-社旗,张女士,社旗县景旗假日酒店前台,2200.0,3000.0,未注明,,0,0,0,0,1,未注明,58同城,2026-09-24 23:08:19
2369,411321,南召县,南阳市,南阳市,宛城-万达坊,康先生,来两个爱玩活泼的前台轻松不累,3000.0,4000.0,学历不限,20.0,0,0,0,1,0,学历不限,58同城,2026-09-24 23:08:19
2370,411321,南召县,南阳市,南阳市,南阳-内乡,蝴蝶翩翩舞,餐饮收银,2000.0,3000.0,学历不限,,0,0,0,1,0,学历不限,58同城,2026-09-24 23:08:23
2371,411321,南召县,南阳市,南阳市,南阳-南召,品鸿供应链06,（南召）往返专线C证货运司机,6500.0,9000.0,未注明,,0,0,0,0,1,未注明,58同城,2026-09-24 23:08:35
2372,411321,南召县,南阳市,南阳市,南召-南召城区,王女士,客源稳定诚聘足疗按摩师,8000.0,15000.0,未注明,,0,0,0,0,1,未注明,58同城,2026-09-24 23:08:35
2373,411321,南召县,南阳市,南阳市,南召-南召城区,王女士,家门口的工作按摩师月薪1... 小程序,10000.0,15000.0,未注明,,0,0,0,0,1,未注明,58同城,2026-09-24 23:08:35
2374,411321,南召县,南阳市,南阳市,南召-南召城区,小时候,网络/在线客服3k起,3000.0,4000.0,未注明,,0,0,0,0,1,未注明,58同城,2026-09-24 23:08:35
2375,411321,南召县,南阳市,南阳市,南召-南召城区,小时候,客服专员/助理,3500.0,6000.0,学历不限,,0,0,0,1,0,学历不限,58同城,2026-09-24 23:08:35
2376,411321,南召县,南阳市,南阳市,南召-南召城区,王女士,养生保健馆/足疗师包吃包住,8000.0,15000.0,未注明,,0,0,0,0,1,未注明,58同城,2026-09-24 23:08:35
2377,411321,南召县,南阳市,南阳市,南召-南召城区,耿先生,诚聘C本司机，固定线路，时间自由,10000.0,11500.0,学历不限,20.0,0,0,0,1,0,学历不限,58同城,2026-09-24 23:08:35
2378,411321,南召县,南阳市,南阳市,南召-南召城区,摇摇晃晃的摇椅客,招聘/重型汽车修理工，师傅。中工，学徒,2000.0,15000.0,未注明,,0,0,0,0,1,未注明,58同城,2026-09-24 23:08:35
2379,411321,南召县,南阳市,南阳市,南召-南召城区,王永康,汽车美容技师,2000.0,4000.0,未注明,,0,0,0,0,1,未注明,58同城,2026-09-24 23:08:35
2380,411321,南召县,南阳市,南阳市,南阳-南召,今天明天,化工车间主任,10000.0,12000.0,大专,32.0,1,0,0,0,0,大专及以上,58同城,2026-09-24 23:08:35
2381,411321,南召县,南阳市,南阳市,南召-南召城区,招聘主管,南召诚聘业务员保险规划师,4000.0,8000.0,高中,20.0,0,0,0,0,0,高中/中专,58同城,2026-09-24 23:08:35
2382,411321,南召县,南阳市,南阳市,南阳-南召,晓哥哥,餐饮中心抖音运营包住包吃,5000.0,20000.0,未注明,,0,0,0,0,1,未注明,58同城,2026-09-24 23:08:35
2383,411321,南召县,南阳市,南阳市,南召-南召城区,爱揣摩de景老板,美体师,,,学历不限,,0,0,0,1,0,学历不限,58同城,2026-09-24 23:08:35
2384,411321,南召县,南阳市,南阳市,南召-南召城区,不想上班,汽修连锁店汽车维修2500起,2500.0,6000.0,学历不限,,0,0,0,1,0,学历不限,58同城,2026-09-24 23:08:35
2385,411321,南召县,南阳市,南阳市,南阳-南召,王女士,南召美团直招外卖小哥时间自由可短期过渡,5000.0,8000.0,学历不限,10.0,0,0,0,1,0,学历不限,58同城,2026-09-24 23:08:35
2386,411321,南召县,南阳市,南阳市,南召-南召城区,陈女士,酒店保安轻松坐岗包吃住可预支,4500.0,5000.0,未注明,,0,0,0,0,1,未注明,58同城,2026-09-24 23:08:35
2387,411321,南召县,南阳市,南阳市,南召-南召城区,张女士,网络/在线客服饭补加班补助年底双薪,3000.0,6000.0,未注明,,0,0,0,0,1,未注明,58同城,2026-09-24 23:08:35
2388,411321,南召县,南阳市,南阳市,南阳-南召,赵立景,4千-6千直招鸡舍普工,4000.0,6000.0,未注明,,0,0,0,0,1,未注明,58同城,2026-09-24 23:08:35
2389,411321,南召县,南阳市,南阳市,南召-南召城区,张罗欣,医院牙科医生3千起,3000.0,5000.0,学历不限,,0,0,0,1,0,学历不限,58同城,2026-09-24 23:08:35
2390,411321,南召县,南阳市,南阳市,南召-南召城区,王女士,家门口的工作按摩师月薪15000起步,10000.0,15000.0,未注明,,0,0,0,0,1,未注明,58同城,2026-09-24 23:10:55
2391,411322,方城县,南阳市,南阳市,南阳,闫先生,岗亭保安有空调吃住免费,5500.0,6000.0,未注明,,0,0,0,0,1,未注明,58同城,2026-09-24 23:11:58
2392,411322,方城县,南阳市,南阳市,其他-南召,梅森,销售推广员,2000.0,2500.0,学历不限,2.0,0,0,0,1,0,学历不限,58同城,2026-09-24 23:11:58
2393,411322,方城县,南阳市,南阳市,宛城-医圣祠,魏经理,恒方广场双休话务员 小程序,3500.0,6000.0,未注明,,0,0,0,0,1,未注明,58同城,2026-09-24 23:11:58
2394,411322,方城县,南阳市,南阳市,其他-社旗,婷婷想踩小兴匡威,台球厅娱乐场所店员2000起,2000.0,3000.0,学历不限,,0,0,0,1,0,学历不限,58同城,2026-09-24 23:11:58
2395,411322,方城县,南阳市,南阳市,其他-社旗,万群机械,社旗急聘会计-,3000.0,4500.0,未注明,,0,0,0,0,1,未注明,58同城,2026-09-24 23:11:58
2396,411322,方城县,南阳市,南阳市,南阳-淅川,鲁同学爱滑冰,机电维修工,3500.0,5500.0,未注明,,0,0,0,0,1,未注明,58同城,2026-09-24 23:11:58
2397,411322,方城县,南阳市,南阳市,卧龙-卧龙城区,原谷原麦南阳区域,信臣路三杰盛世城招聘店员,3500.0,4000.0,未注明,,0,0,0,0,1,未注明,58同城,2026-09-24 23:11:58
2398,411322,方城县,南阳市,南阳市,南阳-卧龙,王先生,小区保安可带手机工作轻松,5500.0,6000.0,未注明,,0,0,0,0,1,未注明,58同城,2026-09-24 23:11:58
2399,411322,方城县,南阳市,南阳市,卧龙-新华城市广场,王先生,德又德旗舰店招熬粥师傅,3000.0,4500.0,未注明,,0,0,0,0,1,未注明,58同城,2026-09-24 23:11:58
2400,411322,方城县,南阳市,南阳市,其他-西峡,穆立涛,诚聘无人机/学徒工,3000.0,4500.0,学历不限,1.0,0,0,0,1,0,学历不限,58同城,2026-09-24 23:11:58
2401,411322,方城县,南阳市,南阳市,其他-西峡,芦博士想提示,客服专员/助理,2000.0,7000.0,学历不限,,0,0,0,1,0,学历不限,58同城,2026-09-24 23:11:58
2402,411322,方城县,南阳市,南阳市,其他-社旗,十里不成书,门店店长,4000.0,10000.0,学历不限,2.0,0,0,0,1,0,学历不限,58同城,2026-09-24 23:11:58
2403,411322,方城县,南阳市,南阳市,卧龙-卧龙城区,招聘专员,居家采购专员兼职轻松岗位,4300.0,5300.0,未注明,,0,0,0,0,1,未注明,58同城,2026-09-24 23:11:58
2404,411322,方城县,南阳市,南阳市,其他-西峡,布丁在摇晃,销售专员周末双休交通补助五险,8000.0,13000.0,未注明,,0,0,0,0,1,未注明,58同城,2026-09-24 23:11:58
2405,411322,方城县,南阳市,南阳市,其他-西峡,聂女士,饮品店饮品师2500起,2500.0,3500.0,学历不限,,0,0,0,1,0,学历不限,58同城,2026-09-24 23:11:58
2406,411322,方城县,南阳市,南阳市,其他-南召,用户43844,客服专员/助理,3500.0,5500.0,学历不限,6.0,0,0,0,1,0,学历不限,58同城,2026-09-24 23:11:58
2407,411322,方城县,南阳市,南阳市,南阳-镇平,wuwxa13ro,镇平县鑫运来珠宝店店员/营业员3k起,3000.0,5000.0,高中,,0,0,0,0,0,高中/中专,58同城,2026-09-24 23:11:58
2408,411322,方城县,南阳市,南阳市,其他-南召,毛赟,南召县天麒二手车销售有限公司/二手车销售,2000.0,10000.0,未注明,,0,0,0,0,1,未注明,58同城,2026-09-24 23:11:58
2409,411322,方城县,南阳市,南阳市,其他-西峡,于老板要吃肉,汽车销售服务公司内勤包住包吃五险,2500.0,4500.0,未注明,,0,0,0,0,1,未注明,58同城,2026-09-24 23:11:58
2410,411322,方城县,南阳市,南阳市,其他-南召,雨中漂荡的回忆,中餐厅炒菜师傅4k起,4000.0,4500.0,学历不限,,0,0,0,1,0,学历不限,58同城,2026-09-24 23:11:58
2411,411322,方城县,南阳市,南阳市,其他-南召,飘逸潇洒都师傅D,中餐厅厨师/学历经验不限,3000.0,5000.0,学历不限,,0,0,0,1,0,学历不限,58同城,2026-09-24 23:11:58
2412,411322,方城县,南阳市,南阳市,南阳-方城,mint,奶茶/饮品师,2500.0,4000.0,学历不限,,0,0,0,1,0,学历不限,58同城,2026-09-24 23:11:58
2413,411322,方城县,南阳市,南阳市,卧龙-卧龙城区,招聘专员,运营五险双休兼职坐岗,4300.0,5200.0,未注明,,0,0,0,0,1,未注明,58同城,2026-09-24 23:11:58
2414,411322,方城县,南阳市,南阳市,南阳-宛城,小小淼,食品商行店员/营业员2千起,2000.0,2500.0,学历不限,,0,0,0,1,0,学历不限,58同城,2026-09-24 23:11:58
2415,411322,方城县,南阳市,南阳市,南阳-卧龙,李女士,超市理货员2000起,2000.0,3000.0,未注明,,0,0,0,0,1,未注明,58同城,2026-09-24 23:11:58
2416,411322,方城县,南阳市,南阳市,社旗-社旗城区,梁先生,社旗急聘工厂招聘喷塑工,5000.0,6500.0,未注明,,0,0,0,0,1,未注明,58同城,2026-09-24 23:11:58
2417,411322,方城县,南阳市,南阳市,宛城-万达坊,陈先生,后厨杂工烧烤学徒,2000.0,2500.0,学历不限,,0,0,0,1,0,学历不限,58同城,2026-09-24 23:11:58
2418,411322,方城县,南阳市,南阳市,其他-桐柏,不怕失败的卓老板,服务员,2500.0,3000.0,学历不限,,0,0,0,1,0,学历不限,58同城,2026-09-24 23:11:58
2419,411322,方城县,南阳市,南阳市,南阳-内乡,蝴蝶翩翩舞,餐饮收银,2000.0,3000.0,学历不限,,0,0,0,1,0,学历不限,58同城,2026-09-24 23:11:58
2420,411322,方城县,南阳市,南阳市,其他-社旗,张女士,社旗县景旗假日酒店前台,2200.0,3000.0,未注明,,0,0,0,0,1,未注明,58同城,2026-09-24 23:11:58
2421,411322,方城县,南阳市,南阳市,南阳-方城,最爱穿裙子的囡囡,诚聘电商运营3K起,3000.0,3500.0,未注明,,0,0,0,0,1,未注明,58同城,2026-09-24 23:12:26
2422,411322,方城县,南阳市,南阳市,南阳-方城,格局舍得,方城县中岳耳具商贸有限公司电商美工3千起,3000.0,4500.0,高中,,0,0,0,0,0,高中/中专,58同城,2026-09-24 23:12:26
2423,411322,方城县,南阳市,南阳市,南阳-方城,董先生,方城SPA按摩师包吃住,10000.0,15000.0,未注明,,0,0,0,0,1,未注明,58同城,2026-09-24 23:12:43
2424,411322,方城县,南阳市,南阳市,南阳-方城,解先生,三角洲游戏客服工作时间灵活,3000.0,4000.0,学历不限,,0,0,0,1,0,学历不限,58同城,2026-09-24 23:12:43
2425,411322,方城县,南阳市,南阳市,南阳-方城,白坑气儿,方城急聘电话客服3200起,3500.0,6000.0,学历不限,5.0,0,0,0,1,0,学历不限,58同城,2026-09-24 23:12:48
2426,411322,方城县,南阳市,南阳市,南阳-方城,品鸿供应链06,（方城）往返专线C证货运司机,6500.0,9000.0,未注明,,0,0,0,0,1,未注明,58同城,2026-09-24 23:13:04
2427,411322,方城县,南阳市,南阳市,南阳-方城,喜欢踩水坑的吴小弟,招聘铁路安检地勤人员包吃住五险上一休一,5000.0,6000.0,未注明,,0,0,0,0,1,未注明,58同城,2026-09-24 23:13:04
2428,411322,方城县,南阳市,南阳市,南阳-方城,种多肉的李小妹,装卸/搬运工,3900.0,4000.0,学历不限,,0,0,0,1,0,学历不限,58同城,2026-09-24 23:13:24
2429,411322,方城县,南阳市,南阳市,方城-方城城区,洒落_柴总,五险诚聘新媒体运营宣发员,2500.0,4000.0,未注明,,0,0,0,0,1,未注明,58同城,2026-09-24 23:13:45
2430,411322,方城县,南阳市,南阳市,方城-方城城区,骄阳似火的柯基,诚聘发型师5K起,5000.0,6000.0,学历不限,8.0,0,0,0,1,0,学历不限,58同城,2026-09-24 23:14:16
2431,411322,方城县,南阳市,南阳市,南阳-方城,董先生,方城足疗师包吃包住,10000.0,15000.0,未注明,,0,0,0,0,1,未注明,58同城,2026-09-24 23:14:16
2432,411322,方城县,南阳市,南阳市,方城-方城城区,笑看人生,方城诚聘足疗技师,8000.0,15000.0,学历不限,10.0,0,0,0,1,0,学历不限,58同城,2026-09-24 23:14:16
2433,411322,方城县,南阳市,南阳市,南阳-方城,董先生,方城急招SPA技师包吃住,10000.0,15000.0,未注明,,0,0,0,0,1,未注明,58同城,2026-09-24 23:14:20
2434,411322,方城县,南阳市,南阳市,南阳-方城,有恒心华博士Q,大鑫农产品门市部/发型师包住包吃免费工服,3000.0,4500.0,未注明,,0,0,0,0,1,未注明,58同城,2026-09-24 23:14:20
2435,411322,方城县,南阳市,南阳市,南阳-方城,小木屋暖光,美容师,3000.0,4000.0,学历不限,,0,0,0,1,0,学历不限,58同城,2026-09-24 23:14:20
2436,411322,方城县,南阳市,南阳市,方城县,,恩佳食品销售店·鲜花绿植 服务区域：方城、镇平,,,未注明,,0,0,0,0,1,未注明,58同城,2026-09-24 23:14:39
2437,411322,方城县,南阳市,南阳市,方城县,,南康区永瑞餐饮店（个体工商户）·外卖 服务区域：卧龙、宛城、唐河、邓州、方城...,,,未注明,,0,0,0,0,1,未注明,58同城,2026-09-24 23:14:39
2438,411322,方城县,南阳市,南阳市,方城县,,顺意搬家二十年优选老店铺·全城服务 服务区域：卧龙、宛城、唐河、邓州、方城...,,,未注明,,0,0,0,0,1,未注明,58同城,2026-09-24 23:14:39
2439,411322,方城县,南阳市,南阳市,方城县,,长通空调电器物资回收·全城服务 服务区域：卧龙、宛城、唐河、方城、镇平...,,,未注明,,0,0,0,0,1,未注明,58同城,2026-09-24 23:14:39
2440,411322,方城县,南阳市,南阳市,方城县,,南阳鲜花绿植·鲜花绿植 服务区域：卧龙、宛城、唐河、邓州、方城...,,,未注明,,0,0,0,0,1,未注明,58同城,2026-09-24 23:14:39
2441,411322,方城县,南阳市,南阳市,方城县,,信丰县百家福餐饮店（个体工商户）·外卖 服务区域：卧龙、宛城、唐河、邓州、方城...,,,未注明,,0,0,0,0,1,未注明,58同城,2026-09-24 23:14:39
2442,411322,方城县,南阳市,南阳市,方城县,,章贡区肖肖家小吃店（个体工商户）·外卖 服务区域：卧龙、宛城、唐河、邓州、方城...,,,未注明,,0,0,0,0,1,未注明,58同城,2026-09-24 23:14:39
2443,411322,方城县,南阳市,南阳市,方城县,,南阳玖色鹿家政保姆月嫂·全城服务 服务区域：卧龙、宛城、唐河、方城、镇平...,,,未注明,,0,0,0,0,1,未注明,58同城,2026-09-24 23:14:39
2444,411322,方城县,南阳市,南阳市,方城县,,南阳道路救援·汽车维修保养 服务区域：卧龙、宛城、唐河、邓州、方城...,,,未注明,,0,0,0,0,1,未注明,58同城,2026-09-24 23:14:39
2445,411322,方城县,南阳市,南阳市,方城县,,南阳美食·美食 服务区域：卧龙、宛城、唐河、邓州、方城...,,,未注明,,0,0,0,0,1,未注明,58同城,2026-09-24 23:14:39
2446,411322,方城县,南阳市,南阳市,方城县,,南阳市亮洁家政服务·全城服务 服务区域：卧龙、宛城、唐河、邓州、方城...,,,未注明,,0,0,0,0,1,未注明,58同城,2026-09-24 23:14:39
2447,411322,方城县,南阳市,南阳市,方城县,,南阳腾达机电工程·电器回收 服务区域：卧龙、宛城、唐河、邓州、方城...,,,未注明,,0,0,0,0,1,未注明,58同城,2026-09-24 23:14:43
2448,411322,方城县,南阳市,南阳市,方城县,,南阳好日子居民搬家保洁·全城服务 服务区域：卧龙、宛城、唐河、镇平、方城...,,,未注明,,0,0,0,0,1,未注明,58同城,2026-09-24 23:14:46
2449,411322,方城县,南阳市,南阳市,方城县,,南阳宏豫商贸租车有限公司·全城服务 服务区域：卧龙、宛城、唐河、方城、镇平...,,,未注明,,0,0,0,0,1,未注明,58同城,2026-09-24 23:14:46
2450,411323,西峡县,南阳市,南阳市,南阳,闫先生,岗亭保安有空调吃住免费,5500.0,6000.0,未注明,,0,0,0,0,1,未注明,58同城,2026-09-24 23:15:17
2451,411323,西峡县,南阳市,南阳市,其他-南召,梅森,销售推广员,2000.0,2500.0,学历不限,2.0,0,0,0,1,0,学历不限,58同城,2026-09-24 23:15:17
2452,411323,西峡县,南阳市,南阳市,宛城-医圣祠,魏经理,恒方广场双休话务员 小程序,3500.0,6000.0,未注明,,0,0,0,0,1,未注明,58同城,2026-09-24 23:15:17
2453,411323,西峡县,南阳市,南阳市,其他-社旗,婷婷想踩小兴匡威,台球厅娱乐场所店员2000起,2000.0,3000.0,学历不限,,0,0,0,1,0,学历不限,58同城,2026-09-24 23:15:17
2454,411323,西峡县,南阳市,南阳市,其他-社旗,万群机械,社旗急聘会计-,3000.0,4500.0,未注明,,0,0,0,0,1,未注明,58同城,2026-09-24 23:15:17
2455,411323,西峡县,南阳市,南阳市,南阳-淅川,鲁同学爱滑冰,机电维修工,3500.0,5500.0,未注明,,0,0,0,0,1,未注明,58同城,2026-09-24 23:15:17
2456,411323,西峡县,南阳市,南阳市,卧龙-卧龙城区,原谷原麦南阳区域,信臣路三杰盛世城招聘店员,3500.0,4000.0,未注明,,0,0,0,0,1,未注明,58同城,2026-09-24 23:15:17
2457,411323,西峡县,南阳市,南阳市,南阳-卧龙,王先生,小区保安可带手机工作轻松,5500.0,6000.0,未注明,,0,0,0,0,1,未注明,58同城,2026-09-24 23:15:17
2458,411323,西峡县,南阳市,南阳市,卧龙-新华城市广场,王先生,德又德旗舰店招熬粥师傅,3000.0,4500.0,未注明,,0,0,0,0,1,未注明,58同城,2026-09-24 23:15:17
2459,411323,西峡县,南阳市,南阳市,其他-西峡,穆立涛,诚聘无人机/学徒工,3000.0,4500.0,学历不限,1.0,0,0,0,1,0,学历不限,58同城,2026-09-24 23:15:17
2460,411323,西峡县,南阳市,南阳市,其他-西峡,芦博士想提示,客服专员/助理,2000.0,7000.0,学历不限,,0,0,0,1,0,学历不限,58同城,2026-09-24 23:15:17
2461,411323,西峡县,南阳市,南阳市,其他-社旗,十里不成书,门店店长,4000.0,10000.0,学历不限,2.0,0,0,0,1,0,学历不限,58同城,2026-09-24 23:15:17
2462,411323,西峡县,南阳市,南阳市,卧龙-卧龙城区,招聘专员,居家采购专员兼职轻松岗位,4300.0,5300.0,未注明,,0,0,0,0,1,未注明,58同城,2026-09-24 23:15:17
2463,411323,西峡县,南阳市,南阳市,其他-西峡,布丁在摇晃,销售专员周末双休交通补助五险,8000.0,13000.0,未注明,,0,0,0,0,1,未注明,58同城,2026-09-24 23:15:17
2464,411323,西峡县,南阳市,南阳市,其他-西峡,聂女士,饮品店饮品师2500起,2500.0,3500.0,学历不限,,0,0,0,1,0,学历不限,58同城,2026-09-24 23:15:17
2465,411323,西峡县,南阳市,南阳市,其他-南召,用户43844,客服专员/助理,3500.0,5500.0,学历不限,6.0,0,0,0,1,0,学历不限,58同城,2026-09-24 23:15:17
2466,411323,西峡县,南阳市,南阳市,南阳-镇平,wuwxa13ro,镇平县鑫运来珠宝店店员/营业员3k起,3000.0,5000.0,高中,,0,0,0,0,0,高中/中专,58同城,2026-09-24 23:15:17
2467,411323,西峡县,南阳市,南阳市,其他-南召,毛赟,南召县天麒二手车销售有限公司/二手车销售,2000.0,10000.0,未注明,,0,0,0,0,1,未注明,58同城,2026-09-24 23:15:17
2468,411323,西峡县,南阳市,南阳市,其他-西峡,于老板要吃肉,汽车销售服务公司内勤包住包吃五险,2500.0,4500.0,未注明,,0,0,0,0,1,未注明,58同城,2026-09-24 23:15:17
2469,411323,西峡县,南阳市,南阳市,其他-南召,雨中漂荡的回忆,中餐厅炒菜师傅4k起,4000.0,4500.0,学历不限,,0,0,0,1,0,学历不限,58同城,2026-09-24 23:15:17
2470,411323,西峡县,南阳市,南阳市,其他-南召,飘逸潇洒都师傅D,中餐厅厨师/学历经验不限,3000.0,5000.0,学历不限,,0,0,0,1,0,学历不限,58同城,2026-09-24 23:15:17
2471,411323,西峡县,南阳市,南阳市,南阳-方城,mint,奶茶/饮品师,2500.0,4000.0,学历不限,,0,0,0,1,0,学历不限,58同城,2026-09-24 23:15:17
2472,411323,西峡县,南阳市,南阳市,卧龙-卧龙城区,招聘专员,运营五险双休兼职坐岗,4300.0,5200.0,未注明,,0,0,0,0,1,未注明,58同城,2026-09-24 23:15:17
2473,411323,西峡县,南阳市,南阳市,南阳-宛城,小小淼,食品商行店员/营业员2千起,2000.0,2500.0,学历不限,,0,0,0,1,0,学历不限,58同城,2026-09-24 23:15:17
2474,411323,西峡县,南阳市,南阳市,南阳-卧龙,李女士,超市理货员2000起,2000.0,3000.0,未注明,,0,0,0,0,1,未注明,58同城,2026-09-24 23:15:17
2475,411323,西峡县,南阳市,南阳市,社旗-社旗城区,梁先生,社旗急聘工厂招聘喷塑工,5000.0,6500.0,未注明,,0,0,0,0,1,未注明,58同城,2026-09-24 23:15:17
2476,411323,西峡县,南阳市,南阳市,宛城-万达坊,陈先生,后厨杂工烧烤学徒,2000.0,2500.0,学历不限,,0,0,0,1,0,学历不限,58同城,2026-09-24 23:15:17
2477,411323,西峡县,南阳市,南阳市,其他-桐柏,不怕失败的卓老板,服务员,2500.0,3000.0,学历不限,,0,0,0,1,0,学历不限,58同城,2026-09-24 23:15:17
2478,411323,西峡县,南阳市,南阳市,南阳-内乡,蝴蝶翩翩舞,餐饮收银,2000.0,3000.0,学历不限,,0,0,0,1,0,学历不限,58同城,2026-09-24 23:15:17
2479,411323,西峡县,南阳市,南阳市,其他-社旗,张女士,社旗县景旗假日酒店前台,2200.0,3000.0,未注明,,0,0,0,0,1,未注明,58同城,2026-09-24 23:15:17
2480,411323,西峡县,南阳市,南阳市,南阳-西峡,生活,饮品店奶茶/饮品师2500起,2500.0,3000.0,未注明,,0,0,0,0,1,未注明,58同城,2026-09-24 23:15:45
2481,411323,西峡县,南阳市,南阳市,南阳-西峡,王先生,CNC/数控操作工,3000.0,5000.0,未注明,,0,0,0,0,1,未注明,58同城,2026-09-24 23:15:49
2482,411323,西峡县,南阳市,南阳市,西峡-西峡城区,杰哥,培训机构钢琴老师2k起,2000.0,8000.0,学历不限,,0,0,0,1,0,学历不限,58同城,2026-09-24 23:15:49
2483,411323,西峡县,南阳市,南阳市,西峡-西峡城区,李先生,酒店/店长包住五险包吃,6000.0,7000.0,未注明,,0,0,0,0,1,未注明,58同城,2026-09-24 23:16:05
2484,411323,西峡县,南阳市,南阳市,其他-西峡,米苏,西峡本地货运司机,8500.0,9500.0,学历不限,4.0,0,0,0,1,0,学历不限,58同城,2026-09-24 23:16:25
2485,411323,西峡县,南阳市,南阳市,西峡-西峡城区,焦躁不安de蔺同学,南阳专线仓库直招冷链配送,11000.0,11500.0,未注明,,0,0,0,0,1,未注明,58同城,2026-09-24 23:16:25
2486,411323,西峡县,南阳市,南阳市,其他-西峡,招聘专员,数据标注/2500起,2500.0,4000.0,大专,10.0,1,0,0,0,0,大专及以上,58同城,2026-09-24 23:17:05
2487,411323,西峡县,南阳市,南阳市,其他-西峡,张涵,理疗师,2500.0,3500.0,学历不限,,0,0,0,1,0,学历不限,58同城,2026-09-24 23:17:39
2488,411323,西峡县,南阳市,南阳市,西峡县,,恩佳食品销售店·外卖 服务区域：西峡、油田,,,未注明,,0,0,0,0,1,未注明,58同城,2026-09-24 23:17:58
2489,411323,西峡县,南阳市,南阳市,西峡县,,宛州食铺·美食 服务区域：社旗、邓州、油田、新野、西峡...,,,未注明,,0,0,0,0,1,未注明,58同城,2026-09-24 23:17:58
2490,411324,镇平县,南阳市,南阳市,南阳,闫先生,岗亭保安有空调吃住免费,5500.0,6000.0,未注明,,0,0,0,0,1,未注明,58同城,2026-09-24 23:18:34
2491,411324,镇平县,南阳市,南阳市,其他-南召,梅森,销售推广员,2000.0,2500.0,学历不限,2.0,0,0,0,1,0,学历不限,58同城,2026-09-24 23:18:34
2492,411324,镇平县,南阳市,南阳市,宛城-医圣祠,魏经理,恒方广场双休话务员 小程序,3500.0,6000.0,未注明,,0,0,0,0,1,未注明,58同城,2026-09-24 23:18:34
2493,411324,镇平县,南阳市,南阳市,其他-社旗,婷婷想踩小兴匡威,台球厅娱乐场所店员2000起,2000.0,3000.0,学历不限,,0,0,0,1,0,学历不限,58同城,2026-09-24 23:18:34
2494,411324,镇平县,南阳市,南阳市,其他-社旗,万群机械,社旗急聘会计-,3000.0,4500.0,未注明,,0,0,0,0,1,未注明,58同城,2026-09-24 23:18:34
2495,411324,镇平县,南阳市,南阳市,南阳-淅川,鲁同学爱滑冰,机电维修工,3500.0,5500.0,未注明,,0,0,0,0,1,未注明,58同城,2026-09-24 23:18:34
2496,411324,镇平县,南阳市,南阳市,卧龙-卧龙城区,原谷原麦南阳区域,信臣路三杰盛世城招聘店员,3500.0,4000.0,未注明,,0,0,0,0,1,未注明,58同城,2026-09-24 23:18:34
2497,411324,镇平县,南阳市,南阳市,南阳-卧龙,王先生,小区保安可带手机工作轻松,5500.0,6000.0,未注明,,0,0,0,0,1,未注明,58同城,2026-09-24 23:18:34
2498,411324,镇平县,南阳市,南阳市,卧龙-新华城市广场,王先生,德又德旗舰店招熬粥师傅,3000.0,4500.0,未注明,,0,0,0,0,1,未注明,58同城,2026-09-24 23:18:34
2499,411324,镇平县,南阳市,南阳市,其他-西峡,穆立涛,诚聘无人机/学徒工,3000.0,4500.0,学历不限,1.0,0,0,0,1,0,学历不限,58同城,2026-09-24 23:18:34
2500,411324,镇平县,南阳市,南阳市,其他-西峡,芦博士想提示,客服专员/助理,2000.0,7000.0,学历不限,,0,0,0,1,0,学历不限,58同城,2026-09-24 23:18:34
2501,411324,镇平县,南阳市,南阳市,其他-社旗,十里不成书,门店店长,4000.0,10000.0,学历不限,2.0,0,0,0,1,0,学历不限,58同城,2026-09-24 23:18:34
2502,411324,镇平县,南阳市,南阳市,卧龙-卧龙城区,招聘专员,居家采购专员兼职轻松岗位,4300.0,5300.0,未注明,,0,0,0,0,1,未注明,58同城,2026-09-24 23:18:34
2503,411324,镇平县,南阳市,南阳市,其他-西峡,布丁在摇晃,销售专员周末双休交通补助五险,8000.0,13000.0,未注明,,0,0,0,0,1,未注明,58同城,2026-09-24 23:18:34
2504,411324,镇平县,南阳市,南阳市,其他-西峡,聂女士,饮品店饮品师2500起,2500.0,3500.0,学历不限,,0,0,0,1,0,学历不限,58同城,2026-09-24 23:18:34
2505,411324,镇平县,南阳市,南阳市,其他-南召,用户43844,客服专员/助理,3500.0,5500.0,学历不限,6.0,0,0,0,1,0,学历不限,58同城,2026-09-24 23:18:34
2506,411324,镇平县,南阳市,南阳市,南阳-镇平,wuwxa13ro,镇平县鑫运来珠宝店店员/营业员3k起,3000.0,5000.0,高中,,0,0,0,0,0,高中/中专,58同城,2026-09-24 23:18:34
2507,411324,镇平县,南阳市,南阳市,其他-南召,毛赟,南召县天麒二手车销售有限公司/二手车销售,2000.0,10000.0,未注明,,0,0,0,0,1,未注明,58同城,2026-09-24 23:18:34
2508,411324,镇平县,南阳市,南阳市,其他-西峡,于老板要吃肉,汽车销售服务公司内勤包住包吃五险,2500.0,4500.0,未注明,,0,0,0,0,1,未注明,58同城,2026-09-24 23:18:34
2509,411324,镇平县,南阳市,南阳市,其他-南召,雨中漂荡的回忆,中餐厅炒菜师傅4k起,4000.0,4500.0,学历不限,,0,0,0,1,0,学历不限,58同城,2026-09-24 23:18:34
2510,411324,镇平县,南阳市,南阳市,其他-南召,飘逸潇洒都师傅D,中餐厅厨师/学历经验不限,3000.0,5000.0,学历不限,,0,0,0,1,0,学历不限,58同城,2026-09-24 23:18:34
2511,411324,镇平县,南阳市,南阳市,南阳-方城,mint,奶茶/饮品师,2500.0,4000.0,学历不限,,0,0,0,1,0,学历不限,58同城,2026-09-24 23:18:34
2512,411324,镇平县,南阳市,南阳市,卧龙-卧龙城区,招聘专员,运营五险双休兼职坐岗,4300.0,5200.0,未注明,,0,0,0,0,1,未注明,58同城,2026-09-24 23:18:34
2513,411324,镇平县,南阳市,南阳市,南阳-宛城,小小淼,食品商行店员/营业员2千起,2000.0,2500.0,学历不限,,0,0,0,1,0,学历不限,58同城,2026-09-24 23:18:34
2514,411324,镇平县,南阳市,南阳市,南阳-卧龙,李女士,超市理货员2000起,2000.0,3000.0,未注明,,0,0,0,0,1,未注明,58同城,2026-09-24 23:18:34
2515,411324,镇平县,南阳市,南阳市,社旗-社旗城区,梁先生,社旗急聘工厂招聘喷塑工,5000.0,6500.0,未注明,,0,0,0,0,1,未注明,58同城,2026-09-24 23:18:34
2516,411324,镇平县,南阳市,南阳市,宛城-万达坊,陈先生,后厨杂工烧烤学徒,2000.0,2500.0,学历不限,,0,0,0,1,0,学历不限,58同城,2026-09-24 23:18:34
2517,411324,镇平县,南阳市,南阳市,其他-桐柏,不怕失败的卓老板,服务员,2500.0,3000.0,学历不限,,0,0,0,1,0,学历不限,58同城,2026-09-24 23:18:34
2518,411324,镇平县,南阳市,南阳市,南阳-内乡,蝴蝶翩翩舞,餐饮收银,2000.0,3000.0,学历不限,,0,0,0,1,0,学历不限,58同城,2026-09-24 23:18:34
2519,411324,镇平县,南阳市,南阳市,其他-社旗,张女士,社旗县景旗假日酒店前台,2200.0,3000.0,未注明,,0,0,0,0,1,未注明,58同城,2026-09-24 23:18:34
2520,411324,镇平县,南阳市,南阳市,南阳-镇平,肖女士,梧桐轩养生保健店/足疗师饭补包住,3000.0,8000.0,未注明,,0,0,0,0,1,未注明,58同城,2026-09-24 23:19:21
2521,411324,镇平县,南阳市,南阳市,南阳-镇平,A月亮船,蜜果串冰糖葫芦店店员/营业员2500起,2500.0,4500.0,未注明,,0,0,0,0,1,未注明,58同城,2026-09-24 23:19:21
2522,411324,镇平县,南阳市,南阳市,南阳-镇平,戴帽子的风铃,口腔医生,5000.0,10000.0,学历不限,,0,0,0,1,0,学历不限,58同城,2026-09-24 23:20:12
2523,411324,镇平县,南阳市,南阳市,南阳-镇平,臻悦头等舱美容汤泉,镇平包吃住诚聘运营管理（中高层）,7000.0,15000.0,未注明,,0,0,0,0,1,未注明,58同城,2026-09-24 23:20:20
2524,411324,镇平县,南阳市,南阳市,南阳-镇平,181******21_sqh,珠宝直播运营 小程序,13000.0,20000.0,中专/中技,2.0,0,0,0,0,0,高中/中专,58同城,2026-09-24 23:20:24
2525,411324,镇平县,南阳市,南阳市,镇平-镇平城区,小雨爱发呆,居家审核员双休不加班月入6000,5000.0,8000.0,未注明,,0,0,0,0,1,未注明,58同城,2026-09-24 23:20:24
2526,411324,镇平县,南阳市,南阳市,南阳-镇平,戴帽子的风铃,口腔医生 小程序,5000.0,10000.0,学历不限,,0,0,0,1,0,学历不限,58同城,2026-09-24 23:20:28
2527,411324,镇平县,南阳市,南阳市,南阳-镇平,招聘专员,急聘镇平头疗师2名,2500.0,5000.0,未注明,,0,0,0,0,1,未注明,58同城,2026-09-24 23:20:51
2528,411324,镇平县,南阳市,南阳市,镇平县,,南阳保洁清洗·保洁清洗 服务区域：镇平,,,未注明,,0,0,0,0,1,未注明,58同城,2026-09-24 23:21:14
2529,411324,镇平县,南阳市,南阳市,镇平县,,鹏飞手机电脑回收维修·手机/电脑/数码/办公回收 服务区域：卧龙、宛城、唐河、方城、镇平...,,,未注明,,0,0,0,0,1,未注明,58同城,2026-09-24 23:21:14
2530,411324,镇平县,南阳市,南阳市,镇平县,,南阳宏豫商贸租车有限公司·租车 服务区域：卧龙、宛城、唐河、方城、镇平...,,,未注明,,0,0,0,0,1,未注明,58同城,2026-09-24 23:21:14
2531,411324,镇平县,南阳市,南阳市,镇平县,,南阳市喜气洋洋搬家保洁·搬家 服务区域：卧龙、宛城、油田、镇平、内乡...,,,未注明,,0,0,0,0,1,未注明,58同城,2026-09-24 23:21:14
2532,411324,镇平县,南阳市,南阳市,镇平县,,南阳玖色鹿家政保姆月嫂·保姆/月嫂 服务区域：卧龙、宛城、唐河、方城、镇平...,,,未注明,,0,0,0,0,1,未注明,58同城,2026-09-24 23:21:14
2533,411324,镇平县,南阳市,南阳市,镇平县,,南阳好日子居民搬家保洁·搬家 服务区域：卧龙、宛城、唐河、镇平、方城...,,,未注明,,0,0,0,0,1,未注明,58同城,2026-09-24 23:21:14
2534,411324,镇平县,南阳市,南阳市,镇平县,,南阳万家沙发维修翻新换皮·家具维修 服务区域：卧龙、宛城、唐河、方城、镇平...,,,未注明,,0,0,0,0,1,未注明,58同城,2026-09-24 23:21:14
2535,411325,内乡县,南阳市,南阳市,南阳-内乡,郭女士,直播间主播包住包吃五险,5000.0,12000.0,未注明,,0,0,0,0,1,未注明,58同城,2026-09-24 23:21:35
2536,411325,内乡县,南阳市,南阳市,南阳-内乡,异世界,牧场养殖打料工/五险一金包住包吃,3000.0,5000.0,未注明,,0,0,0,0,1,未注明,58同城,2026-09-24 23:21:35
2537,411325,内乡县,南阳市,南阳市,南阳-内乡,异世界,销售专员4k起 小程序,4000.0,5000.0,高中,20.0,0,0,0,0,0,高中/中专,58同城,2026-09-24 23:21:35
2538,411325,内乡县,南阳市,南阳市,内乡-内乡城区,别先生,售前客服专员,3000.0,5000.0,学历不限,,0,0,0,1,0,学历不限,58同城,2026-09-24 23:21:35
2539,411325,内乡县,南阳市,南阳市,南阳-内乡,落叶归根记,中餐厅厨师/工作时间灵活,2100.0,5000.0,未注明,,0,0,0,0,1,未注明,58同城,2026-09-24 23:21:35
2540,411325,内乡县,南阳市,南阳市,南阳-内乡,异世界,铲车司机3k起五险一金包吃住,3000.0,5000.0,未注明,,0,0,0,0,1,未注明,58同城,2026-09-24 23:21:35
2541,411325,内乡县,南阳市,南阳市,内乡-内乡城区,悄悄藏零食的偷吃鬼,AI学习机销售专员4千起,4000.0,8000.0,学历不限,,0,0,0,1,0,学历不限,58同城,2026-09-24 23:21:35
2542,411325,内乡县,南阳市,南阳市,南阳-内乡,用户97112,区域销售,3000.0,10000.0,学历不限,,0,0,0,1,0,学历不限,58同城,2026-09-24 23:21:35
2543,411325,内乡县,南阳市,南阳市,内乡-内乡城区,用户48388,服务员,2500.0,3000.0,学历不限,,0,0,0,1,0,学历不限,58同城,2026-09-24 23:21:35
2544,411325,内乡县,南阳市,南阳市,南阳-内乡,用户97112,内乡县区域销售工作时间灵活,3000.0,8000.0,学历不限,,0,0,0,1,0,学历不限,58同城,2026-09-24 23:21:35
2545,411325,内乡县,南阳市,南阳市,内乡-内乡城区,悄悄藏零食的偷吃鬼,合伙人/8000起,8000.0,8500.0,学历不限,2.0,0,0,0,1,0,学历不限,58同城,2026-09-24 23:21:35
2546,411325,内乡县,南阳市,南阳市,南阳-内乡,哼歌走路,食堂厨师,2000.0,2500.0,学历不限,,0,0,0,1,0,学历不限,58同城,2026-09-24 23:21:35
2547,411325,内乡县,南阳市,南阳市,南阳-内乡,蝴蝶翩翩舞,餐饮收银,2000.0,3000.0,学历不限,,0,0,0,1,0,学历不限,58同城,2026-09-24 23:21:35
2548,411325,内乡县,南阳市,南阳市,南阳-内乡,河南宛佑堂,内乡县大成西路诚聘灸疗师,3000.0,6000.0,学历不限,2.0,0,0,0,1,0,学历不限,58同城,2026-09-24 23:21:35
2549,411325,内乡县,南阳市,南阳市,内乡-内乡城区,高先生,四代住宅豪宅置业顾问,3500.0,10000.0,学历不限,,0,0,0,1,0,学历不限,58同城,2026-09-24 23:21:35
2550,411325,内乡县,南阳市,南阳市,内乡-内乡城区,招聘主管,内乡诚聘业务员保险规划师,4000.0,8000.0,高中,20.0,0,0,0,0,0,高中/中专,58同城,2026-09-24 23:21:35
2551,411325,内乡县,南阳市,南阳市,内乡-内乡城区,云朵里的星星,验光配镜师,2500.0,4500.0,学历不限,,0,0,0,1,0,学历不限,58同城,2026-09-24 23:21:35
2552,411325,内乡县,南阳市,南阳市,内乡-内乡城区,高先生,河南昌宏房地产开发有限公司/房产销售/3,3500.0,10000.0,学历不限,,0,0,0,1,0,学历不限,58同城,2026-09-24 23:21:35
2553,411325,内乡县,南阳市,南阳市,南阳-内乡,南阳市众诚安防工程有限公司,众诚安防/IT技术支持/学历不限,4000.0,5000.0,学历不限,,0,0,0,1,0,学历不限,58同城,2026-09-24 23:21:35
2554,411325,内乡县,南阳市,南阳市,南阳-内乡,瑞泰石材,瑞泰石材/抖音运营包住包吃,3000.0,3500.0,未注明,,0,0,0,0,1,未注明,58同城,2026-09-24 23:21:35
2555,411325,内乡县,南阳市,南阳市,南阳-内乡,潮沙龙店长阿威专业接发烫染,潮沙龙发廊/烫染技师/2千起,2000.0,2500.0,学历不限,,0,0,0,1,0,学历不限,58同城,2026-09-24 23:21:35
2556,411325,内乡县,南阳市,南阳市,内乡-内乡城区,徐攀,网络咨询服务中心/区域销售/5千起,10000.0,20000.0,学历不限,1.0,0,0,0,1,0,学历不限,58同城,2026-09-24 23:21:35
2557,411325,内乡县,南阳市,南阳市,内乡-内乡城区,爱把袜子叠成小方块,外贸跟单员包吃住五险福利完善,5000.0,8000.0,未注明,,0,0,0,0,1,未注明,58同城,2026-09-24 23:21:35
2558,411325,内乡县,南阳市,南阳市,内乡-内乡城区,翌芙莱成就自信女神,邓州市颜公子美容店/美容师/4千起,4000.0,6000.0,学历不限,2.0,0,0,0,1,0,学历不限,58同城,2026-09-24 23:21:35
2559,411325,内乡县,南阳市,南阳市,南阳-内乡,小鹿跳跳糖,销售经理/主管,4000.0,15000.0,高中,1.0,0,0,0,0,0,高中/中专,58同城,2026-09-24 23:21:35
2560,411325,内乡县,南阳市,南阳市,内乡-内乡城区,喜欢闻花香的徐小妹,给老板开商务司机包住宿,7900.0,8000.0,未注明,,0,0,0,0,1,未注明,58同城,2026-09-24 23:21:35
2561,411325,内乡县,南阳市,南阳市,南阳-内乡,张先生,急招健身教练无经验可培养,6000.0,12000.0,未注明,,0,0,0,0,1,未注明,58同城,2026-09-24 23:21:35
2562,411325,内乡县,南阳市,南阳市,南阳-内乡,陈先生,商场大厅坐岗保安月薪5K,4500.0,5000.0,未注明,,0,0,0,0,1,未注明,58同城,2026-09-24 23:21:35
2563,411325,内乡县,南阳市,南阳市,南阳-内乡,爱指引de强老板,内乡16年老店招聘美容师,3000.0,8000.0,未注明,,0,0,0,0,1,未注明,58同城,2026-09-24 23:21:35
2564,411325,内乡县,南阳市,南阳市,内乡-内乡城区,张女士,电子厂普工/组装工30名，恒温车间,6500.0,8500.0,未注明,,0,0,0,0,1,未注明,58同城,2026-09-24 23:21:35
2565,411325,内乡县,南阳市,南阳市,南阳,闫先生,岗亭保安有空调吃住免费,5500.0,6000.0,未注明,,0,0,0,0,1,未注明,58同城,2026-09-24 23:21:39
2566,411325,内乡县,南阳市,南阳市,其他-南召,梅森,销售推广员,2000.0,2500.0,学历不限,2.0,0,0,0,1,0,学历不限,58同城,2026-09-24 23:21:39
2567,411325,内乡县,南阳市,南阳市,宛城-医圣祠,魏经理,恒方广场双休话务员 小程序,3500.0,6000.0,未注明,,0,0,0,0,1,未注明,58同城,2026-09-24 23:21:39
2568,411325,内乡县,南阳市,南阳市,其他-社旗,婷婷想踩小兴匡威,台球厅娱乐场所店员2000起,2000.0,3000.0,学历不限,,0,0,0,1,0,学历不限,58同城,2026-09-24 23:21:39
2569,411325,内乡县,南阳市,南阳市,其他-社旗,万群机械,社旗急聘会计-,3000.0,4500.0,未注明,,0,0,0,0,1,未注明,58同城,2026-09-24 23:21:39
2570,411325,内乡县,南阳市,南阳市,南阳-淅川,鲁同学爱滑冰,机电维修工,3500.0,5500.0,未注明,,0,0,0,0,1,未注明,58同城,2026-09-24 23:21:39
2571,411325,内乡县,南阳市,南阳市,卧龙-卧龙城区,原谷原麦南阳区域,信臣路三杰盛世城招聘店员,3500.0,4000.0,未注明,,0,0,0,0,1,未注明,58同城,2026-09-24 23:21:39
2572,411325,内乡县,南阳市,南阳市,南阳-卧龙,王先生,小区保安可带手机工作轻松,5500.0,6000.0,未注明,,0,0,0,0,1,未注明,58同城,2026-09-24 23:21:39
2573,411325,内乡县,南阳市,南阳市,卧龙-新华城市广场,王先生,德又德旗舰店招熬粥师傅,3000.0,4500.0,未注明,,0,0,0,0,1,未注明,58同城,2026-09-24 23:21:39
2574,411325,内乡县,南阳市,南阳市,其他-西峡,穆立涛,诚聘无人机/学徒工,3000.0,4500.0,学历不限,1.0,0,0,0,1,0,学历不限,58同城,2026-09-24 23:21:39
2575,411325,内乡县,南阳市,南阳市,其他-西峡,芦博士想提示,客服专员/助理,2000.0,7000.0,学历不限,,0,0,0,1,0,学历不限,58同城,2026-09-24 23:21:39
2576,411325,内乡县,南阳市,南阳市,其他-社旗,十里不成书,门店店长,4000.0,10000.0,学历不限,2.0,0,0,0,1,0,学历不限,58同城,2026-09-24 23:21:39
2577,411325,内乡县,南阳市,南阳市,卧龙-卧龙城区,招聘专员,居家采购专员兼职轻松岗位,4300.0,5300.0,未注明,,0,0,0,0,1,未注明,58同城,2026-09-24 23:21:39
2578,411325,内乡县,南阳市,南阳市,其他-西峡,布丁在摇晃,销售专员周末双休交通补助五险,8000.0,13000.0,未注明,,0,0,0,0,1,未注明,58同城,2026-09-24 23:21:39
2579,411325,内乡县,南阳市,南阳市,其他-西峡,聂女士,饮品店饮品师2500起,2500.0,3500.0,学历不限,,0,0,0,1,0,学历不限,58同城,2026-09-24 23:21:39
2580,411325,内乡县,南阳市,南阳市,其他-南召,用户43844,客服专员/助理,3500.0,5500.0,学历不限,6.0,0,0,0,1,0,学历不限,58同城,2026-09-24 23:21:39
2581,411325,内乡县,南阳市,南阳市,南阳-镇平,wuwxa13ro,镇平县鑫运来珠宝店店员/营业员3k起,3000.0,5000.0,高中,,0,0,0,0,0,高中/中专,58同城,2026-09-24 23:21:39
2582,411325,内乡县,南阳市,南阳市,其他-南召,毛赟,南召县天麒二手车销售有限公司/二手车销售,2000.0,10000.0,未注明,,0,0,0,0,1,未注明,58同城,2026-09-24 23:21:39
2583,411325,内乡县,南阳市,南阳市,其他-西峡,于老板要吃肉,汽车销售服务公司内勤包住包吃五险,2500.0,4500.0,未注明,,0,0,0,0,1,未注明,58同城,2026-09-24 23:21:39
2584,411325,内乡县,南阳市,南阳市,其他-南召,雨中漂荡的回忆,中餐厅炒菜师傅4k起,4000.0,4500.0,学历不限,,0,0,0,1,0,学历不限,58同城,2026-09-24 23:21:39
2585,411325,内乡县,南阳市,南阳市,其他-南召,飘逸潇洒都师傅D,中餐厅厨师/学历经验不限,3000.0,5000.0,学历不限,,0,0,0,1,0,学历不限,58同城,2026-09-24 23:21:39
2586,411325,内乡县,南阳市,南阳市,南阳-方城,mint,奶茶/饮品师,2500.0,4000.0,学历不限,,0,0,0,1,0,学历不限,58同城,2026-09-24 23:21:39
2587,411325,内乡县,南阳市,南阳市,卧龙-卧龙城区,招聘专员,运营五险双休兼职坐岗,4300.0,5200.0,未注明,,0,0,0,0,1,未注明,58同城,2026-09-24 23:21:39
2588,411325,内乡县,南阳市,南阳市,南阳-宛城,小小淼,食品商行店员/营业员2千起,2000.0,2500.0,学历不限,,0,0,0,1,0,学历不限,58同城,2026-09-24 23:21:39
2589,411325,内乡县,南阳市,南阳市,南阳-卧龙,李女士,超市理货员2000起,2000.0,3000.0,未注明,,0,0,0,0,1,未注明,58同城,2026-09-24 23:21:39
2590,411325,内乡县,南阳市,南阳市,社旗-社旗城区,梁先生,社旗急聘工厂招聘喷塑工,5000.0,6500.0,未注明,,0,0,0,0,1,未注明,58同城,2026-09-24 23:21:39
2591,411325,内乡县,南阳市,南阳市,宛城-万达坊,陈先生,后厨杂工烧烤学徒,2000.0,2500.0,学历不限,,0,0,0,1,0,学历不限,58同城,2026-09-24 23:21:39
2592,411325,内乡县,南阳市,南阳市,其他-桐柏,不怕失败的卓老板,服务员,2500.0,3000.0,学历不限,,0,0,0,1,0,学历不限,58同城,2026-09-24 23:21:39
2593,411325,内乡县,南阳市,南阳市,其他-社旗,张女士,社旗县景旗假日酒店前台,2200.0,3000.0,未注明,,0,0,0,0,1,未注明,58同城,2026-09-24 23:21:39
2594,411325,内乡县,南阳市,南阳市,南阳-内乡,经营河南战区徐行锋,内乡德邦招聘快递员/车补油补/8k-9k,7000.0,8000.0,未注明,,0,0,0,0,1,未注明,58同城,2026-09-24 23:23:07
2595,411325,内乡县,南阳市,南阳市,内乡县,,恩佳食品销售店·外卖 服务区域：内乡、淅川,,,未注明,,0,0,0,0,1,未注明,58同城,2026-09-24 23:24:16
2596,411325,内乡县,南阳市,南阳市,内乡县,,南阳市喜气洋洋搬家保洁·搬家 服务区域：卧龙、宛城、油田、镇平、内乡...,,,未注明,,0,0,0,0,1,未注明,58同城,2026-09-24 23:24:16
2597,411326,淅川县,南阳市,南阳市,南阳-淅川,鲁同学爱滑冰,南阳浩帆车辆部件有限公司包装工五险饭补,3000.0,6000.0,未注明,,0,0,0,0,1,未注明,58同城,2026-09-24 23:24:35
2598,411326,淅川县,南阳市,南阳市,南阳-淅川,鲁同学爱滑冰,冲压操作工,4000.0,6500.0,未注明,,0,0,0,0,1,未注明,58同城,2026-09-24 23:24:35
2599,411326,淅川县,南阳市,南阳市,南阳-淅川,鲁同学爱滑冰,机电维修工 小程序,3500.0,5500.0,未注明,,0,0,0,0,1,未注明,58同城,2026-09-24 23:24:35
2600,411326,淅川县,南阳市,南阳市,南阳-淅川,海先生,网络/在线客服,2000.0,8000.0,学历不限,,0,0,0,1,0,学历不限,58同城,2026-09-24 23:24:35
2601,411326,淅川县,南阳市,南阳市,南阳-淅川,余先生,物业水电维修2500起,2500.0,3000.0,未注明,,0,0,0,0,1,未注明,58同城,2026-09-24 23:24:35
2602,411326,淅川县,南阳市,南阳市,淅川-淅川城区,人事经理,数控车床师傅6000起-有经验,6000.0,10000.0,未注明,,0,0,0,0,1,未注明,58同城,2026-09-24 23:24:35
2603,411326,淅川县,南阳市,南阳市,南阳-淅川,谭长庚,临床医学专业医生五险包住餐补,3000.0,6000.0,未注明,,0,0,0,0,1,未注明,58同城,2026-09-24 23:24:35
2604,411326,淅川县,南阳市,南阳市,南阳-淅川,淅川暖气热水刘姐,视频剪辑/拍摄,2000.0,4000.0,学历不限,1.0,0,0,0,1,0,学历不限,58同城,2026-09-24 23:24:35
2605,411326,淅川县,南阳市,南阳市,南阳-淅川,谭长庚,影像医学专业医生五险包住餐补,3000.0,6000.0,未注明,,0,0,0,0,1,未注明,58同城,2026-09-24 23:24:35
2606,411326,淅川县,南阳市,南阳市,南阳-淅川,用户16433,人工智能训练师,2000.0,5000.0,未注明,,0,0,0,0,1,未注明,58同城,2026-09-24 23:24:35
2607,411326,淅川县,南阳市,南阳市,南阳-淅川,谭长庚,中医骨伤专业医生五险包住餐补,3000.0,6000.0,未注明,,0,0,0,0,1,未注明,58同城,2026-09-24 23:24:35
2608,411326,淅川县,南阳市,南阳市,南阳-淅川,张先生,规模化畜牧诚聘饲养技术员包吃住年底双薪,3000.0,6000.0,学历不限,7.0,0,0,0,1,0,学历不限,58同城,2026-09-24 23:24:35
2609,411326,淅川县,南阳市,南阳市,南阳-淅川,谭长庚,淅川中医专业医生五险包住餐补,3000.0,6000.0,未注明,,0,0,0,0,1,未注明,58同城,2026-09-24 23:24:35
2610,411326,淅川县,南阳市,南阳市,淅川-淅川城区,王先生,外勤会计/2500起,2500.0,3500.0,学历不限,3.0,0,0,0,1,0,学历不限,58同城,2026-09-24 23:24:35
2611,411326,淅川县,南阳市,南阳市,淅川-淅川城区,人事经理,加工中心师傅6k起-有经验,6000.0,10000.0,未注明,,0,0,0,0,1,未注明,58同城,2026-09-24 23:24:35
2612,411326,淅川县,南阳市,南阳市,淅川-淅川城区,人事经理,五金冲压模具师傅,6000.0,15000.0,未注明,,0,0,0,0,1,未注明,58同城,2026-09-24 23:24:35
2613,411326,淅川县,南阳市,南阳市,淅川-淅川城区,闫恩玲,琰琰亮甲服务部售后支持五险,3000.0,4500.0,未注明,,0,0,0,0,1,未注明,58同城,2026-09-24 23:24:35
2614,411326,淅川县,南阳市,南阳市,南阳-淅川,青苔爬上墙,中餐厅餐厅主管免费工服包吃,3500.0,5000.0,未注明,,0,0,0,0,1,未注明,58同城,2026-09-24 23:24:35
2615,411326,淅川县,南阳市,南阳市,淅川-淅川城区,招聘专员,主办会计五险周末双休,3000.0,8000.0,未注明,,0,0,0,0,1,未注明,58同城,2026-09-24 23:24:35
2616,411326,淅川县,南阳市,南阳市,淅川-淅川城区,吕女士,保安包吃住，6千不收费,4500.0,6500.0,未注明,,0,0,0,0,1,未注明,58同城,2026-09-24 23:24:35
2617,411326,淅川县,南阳市,南阳市,淅川-淅川城区,杨先生,工价高0费用入职坐班白班可选普工,4500.0,7000.0,未注明,,0,0,0,0,1,未注明,58同城,2026-09-24 23:24:35
2618,411326,淅川县,南阳市,南阳市,南阳-淅川,贺女士,淅川美团配送员/离家近工作简单/短期也行,4000.0,8000.0,学历不限,16.0,0,0,0,1,0,学历不限,58同城,2026-09-24 23:24:35
2619,411326,淅川县,南阳市,南阳市,南阳-淅川,鲁同学爱滑冰,五险包吃住诚聘线切割师傅,4000.0,7000.0,未注明,,0,0,0,0,1,未注明,58同城,2026-09-24 23:24:35
2620,411326,淅川县,南阳市,南阳市,淅川-淅川城区,招聘专员,法务顾问/学历本科,2500.0,4500.0,本科,,1,1,0,0,0,大专及以上,58同城,2026-09-24 23:24:35
2621,411326,淅川县,南阳市,南阳市,南阳-淅川,纤弱的何师傅,小吃店餐饮前台包吃包住免费工服,2500.0,4500.0,未注明,,0,0,0,0,1,未注明,58同城,2026-09-24 23:24:35
2622,411326,淅川县,南阳市,南阳市,南阳-淅川,鲁同学爱滑冰,五险齿轮数控机床工,4000.0,8500.0,未注明,,0,0,0,0,1,未注明,58同城,2026-09-24 23:24:35
2623,411326,淅川县,南阳市,南阳市,淅川-淅川城区,人事经理,冲压操作工包吃,4000.0,7000.0,未注明,,0,0,0,0,1,未注明,58同城,2026-09-24 23:24:35
2624,411326,淅川县,南阳市,南阳市,淅川-淅川城区,人事经理,架模技工4k起,4000.0,7000.0,学历不限,4.0,0,0,0,1,0,学历不限,58同城,2026-09-24 23:24:35
2625,411326,淅川县,南阳市,南阳市,南阳-淅川,鲁同学爱滑冰,招车间操作工冲压凸焊吹/注塑硫化数控车等,4000.0,8500.0,未注明,,0,0,0,0,1,未注明,58同城,2026-09-24 23:24:35
2626,411326,淅川县,南阳市,南阳市,南阳-淅川,武女士,写字楼安保坐岗5千包吃住,4500.0,5000.0,未注明,,0,0,0,0,1,未注明,58同城,2026-09-24 23:24:35
2627,411326,淅川县,南阳市,南阳市,南阳,闫先生,岗亭保安有空调吃住免费,5500.0,6000.0,未注明,,0,0,0,0,1,未注明,58同城,2026-09-24 23:24:39
2628,411326,淅川县,南阳市,南阳市,其他-南召,梅森,销售推广员,2000.0,2500.0,学历不限,2.0,0,0,0,1,0,学历不限,58同城,2026-09-24 23:24:39
2629,411326,淅川县,南阳市,南阳市,宛城-医圣祠,魏经理,恒方广场双休话务员 小程序,3500.0,6000.0,未注明,,0,0,0,0,1,未注明,58同城,2026-09-24 23:24:39
2630,411326,淅川县,南阳市,南阳市,其他-社旗,婷婷想踩小兴匡威,台球厅娱乐场所店员2000起,2000.0,3000.0,学历不限,,0,0,0,1,0,学历不限,58同城,2026-09-24 23:24:39
2631,411326,淅川县,南阳市,南阳市,其他-社旗,万群机械,社旗急聘会计-,3000.0,4500.0,未注明,,0,0,0,0,1,未注明,58同城,2026-09-24 23:24:39
2632,411326,淅川县,南阳市,南阳市,南阳-淅川,鲁同学爱滑冰,机电维修工,3500.0,5500.0,未注明,,0,0,0,0,1,未注明,58同城,2026-09-24 23:24:39
2633,411326,淅川县,南阳市,南阳市,卧龙-卧龙城区,原谷原麦南阳区域,信臣路三杰盛世城招聘店员,3500.0,4000.0,未注明,,0,0,0,0,1,未注明,58同城,2026-09-24 23:24:39
2634,411326,淅川县,南阳市,南阳市,南阳-卧龙,王先生,小区保安可带手机工作轻松,5500.0,6000.0,未注明,,0,0,0,0,1,未注明,58同城,2026-09-24 23:24:39
2635,411326,淅川县,南阳市,南阳市,卧龙-新华城市广场,王先生,德又德旗舰店招熬粥师傅,3000.0,4500.0,未注明,,0,0,0,0,1,未注明,58同城,2026-09-24 23:24:39
2636,411326,淅川县,南阳市,南阳市,其他-西峡,穆立涛,诚聘无人机/学徒工,3000.0,4500.0,学历不限,1.0,0,0,0,1,0,学历不限,58同城,2026-09-24 23:24:39
2637,411326,淅川县,南阳市,南阳市,其他-西峡,芦博士想提示,客服专员/助理,2000.0,7000.0,学历不限,,0,0,0,1,0,学历不限,58同城,2026-09-24 23:24:39
2638,411326,淅川县,南阳市,南阳市,其他-社旗,十里不成书,门店店长,4000.0,10000.0,学历不限,2.0,0,0,0,1,0,学历不限,58同城,2026-09-24 23:24:39
2639,411326,淅川县,南阳市,南阳市,卧龙-卧龙城区,招聘专员,居家采购专员兼职轻松岗位,4300.0,5300.0,未注明,,0,0,0,0,1,未注明,58同城,2026-09-24 23:24:39
2640,411326,淅川县,南阳市,南阳市,其他-西峡,布丁在摇晃,销售专员周末双休交通补助五险,8000.0,13000.0,未注明,,0,0,0,0,1,未注明,58同城,2026-09-24 23:24:39
2641,411326,淅川县,南阳市,南阳市,其他-西峡,聂女士,饮品店饮品师2500起,2500.0,3500.0,学历不限,,0,0,0,1,0,学历不限,58同城,2026-09-24 23:24:39
2642,411326,淅川县,南阳市,南阳市,其他-南召,用户43844,客服专员/助理,3500.0,5500.0,学历不限,6.0,0,0,0,1,0,学历不限,58同城,2026-09-24 23:24:39
2643,411326,淅川县,南阳市,南阳市,南阳-镇平,wuwxa13ro,镇平县鑫运来珠宝店店员/营业员3k起,3000.0,5000.0,高中,,0,0,0,0,0,高中/中专,58同城,2026-09-24 23:24:39
2644,411326,淅川县,南阳市,南阳市,其他-南召,毛赟,南召县天麒二手车销售有限公司/二手车销售,2000.0,10000.0,未注明,,0,0,0,0,1,未注明,58同城,2026-09-24 23:24:39
2645,411326,淅川县,南阳市,南阳市,其他-西峡,于老板要吃肉,汽车销售服务公司内勤包住包吃五险,2500.0,4500.0,未注明,,0,0,0,0,1,未注明,58同城,2026-09-24 23:24:39
2646,411326,淅川县,南阳市,南阳市,其他-南召,雨中漂荡的回忆,中餐厅炒菜师傅4k起,4000.0,4500.0,学历不限,,0,0,0,1,0,学历不限,58同城,2026-09-24 23:24:39
2647,411326,淅川县,南阳市,南阳市,其他-南召,飘逸潇洒都师傅D,中餐厅厨师/学历经验不限,3000.0,5000.0,学历不限,,0,0,0,1,0,学历不限,58同城,2026-09-24 23:24:39
2648,411326,淅川县,南阳市,南阳市,南阳-方城,mint,奶茶/饮品师,2500.0,4000.0,学历不限,,0,0,0,1,0,学历不限,58同城,2026-09-24 23:24:39
2649,411326,淅川县,南阳市,南阳市,卧龙-卧龙城区,招聘专员,运营五险双休兼职坐岗,4300.0,5200.0,未注明,,0,0,0,0,1,未注明,58同城,2026-09-24 23:24:39
2650,411326,淅川县,南阳市,南阳市,南阳-宛城,小小淼,食品商行店员/营业员2千起,2000.0,2500.0,学历不限,,0,0,0,1,0,学历不限,58同城,2026-09-24 23:24:39
2651,411326,淅川县,南阳市,南阳市,南阳-卧龙,李女士,超市理货员2000起,2000.0,3000.0,未注明,,0,0,0,0,1,未注明,58同城,2026-09-24 23:24:39
2652,411326,淅川县,南阳市,南阳市,社旗-社旗城区,梁先生,社旗急聘工厂招聘喷塑工,5000.0,6500.0,未注明,,0,0,0,0,1,未注明,58同城,2026-09-24 23:24:39
2653,411326,淅川县,南阳市,南阳市,宛城-万达坊,陈先生,后厨杂工烧烤学徒,2000.0,2500.0,学历不限,,0,0,0,1,0,学历不限,58同城,2026-09-24 23:24:39
2654,411326,淅川县,南阳市,南阳市,其他-桐柏,不怕失败的卓老板,服务员,2500.0,3000.0,学历不限,,0,0,0,1,0,学历不限,58同城,2026-09-24 23:24:39
2655,411326,淅川县,南阳市,南阳市,其他-社旗,张女士,社旗县景旗假日酒店前台,2200.0,3000.0,未注明,,0,0,0,0,1,未注明,58同城,2026-09-24 23:24:39
2656,411326,淅川县,南阳市,南阳市,南阳-内乡,蝴蝶翩翩舞,餐饮收银,2000.0,3000.0,学历不限,,0,0,0,1,0,学历不限,58同城,2026-09-24 23:24:39
2657,411326,淅川县,南阳市,南阳市,淅川县,,恩佳食品销售店·外卖 服务区域：淅川、桐柏,,,未注明,,0,0,0,0,1,未注明,58同城,2026-09-24 23:27:17
2658,411326,淅川县,南阳市,南阳市,淅川县,,南阳家装服务·家装服务 服务区域：淅川,,,未注明,,0,0,0,0,1,未注明,58同城,2026-09-24 23:27:17
2659,411326,淅川县,南阳市,南阳市,淅川县,,恩佳食品销售店·外卖 服务区域：内乡、淅川,,,未注明,,0,0,0,0,1,未注明,58同城,2026-09-24 23:27:17
2660,411327,社旗县,南阳市,南阳市,其他-社旗,万群机械,社旗急聘行政人事,3000.0,4500.0,大专,5.0,1,0,0,0,0,大专及以上,58同城,2026-09-24 23:27:34
2661,411327,社旗县,南阳市,南阳市,其他-社旗,婷婷想踩小兴匡威,台球厅娱乐场所店员2000起,2000.0,3000.0,学历不限,,0,0,0,1,0,学历不限,58同城,2026-09-24 23:27:34
2662,411327,社旗县,南阳市,南阳市,其他-社旗,星月酒馆社旗店,酒吧酒馆服务员2500起 小程序,3000.0,4000.0,学历不限,2.0,0,0,0,1,0,学历不限,58同城,2026-09-24 23:27:34
2663,411327,社旗县,南阳市,南阳市,其他-社旗,万群机械,社旗-装配工,4500.0,8000.0,未注明,,0,0,0,0,1,未注明,58同城,2026-09-24 23:27:34
2664,411327,社旗县,南阳市,南阳市,其他-社旗,万群机械,社旗急聘会计-,3000.0,4500.0,未注明,,0,0,0,0,1,未注明,58同城,2026-09-24 23:27:34
2665,411327,社旗县,南阳市,南阳市,其他-社旗,万群机械,激光切割工4000起,4000.0,6000.0,高中,5.0,0,0,0,0,0,高中/中专,58同城,2026-09-24 23:27:34
2666,411327,社旗县,南阳市,南阳市,其他-社旗,十里不成书,门店店长,4000.0,10000.0,学历不限,2.0,0,0,0,1,0,学历不限,58同城,2026-09-24 23:27:34
2667,411327,社旗县,南阳市,南阳市,其他-社旗,万群机械,社旗-急聘车间主管-,6000.0,10000.0,未注明,,0,0,0,0,1,未注明,58同城,2026-09-24 23:27:34
2668,411327,社旗县,南阳市,南阳市,其他-社旗,张女士,社旗县景旗假日酒店前台,2200.0,3000.0,未注明,,0,0,0,0,1,未注明,58同城,2026-09-24 23:27:34
2669,411327,社旗县,南阳市,南阳市,其他-社旗,追着彩虹的小小,讲解员/工作时间灵活,3000.0,12000.0,学历不限,,0,0,0,1,0,学历不限,58同城,2026-09-24 23:27:34
2670,411327,社旗县,南阳市,南阳市,其他-社旗,程先生,再生资源公司融资加班补助包吃五险一金,4500.0,5000.0,未注明,,0,0,0,0,1,未注明,58同城,2026-09-24 23:27:34
2671,411327,社旗县,南阳市,南阳市,其他-社旗,王栋,汽车洗车工,2500.0,3500.0,学历不限,,0,0,0,1,0,学历不限,58同城,2026-09-24 23:27:34
2672,411327,社旗县,南阳市,南阳市,其他-社旗,刘先生,社旗途虎养车-前台将接待客户经理-社保,3000.0,6000.0,学历不限,4.0,0,0,0,1,0,学历不限,58同城,2026-09-24 23:27:34
2673,411327,社旗县,南阳市,南阳市,其他-社旗,万群机械,万群机械车间主任6k起,6000.0,10000.0,高中,1.0,0,0,0,0,0,高中/中专,58同城,2026-09-24 23:27:34
2674,411327,社旗县,南阳市,南阳市,其他-社旗,王女士,长白班耳机包装质检300/天新人奖金3千,7500.0,8000.0,未注明,,0,0,0,0,1,未注明,58同城,2026-09-24 23:27:34
2675,411327,社旗县,南阳市,南阳市,其他-社旗,2mpenj,中餐厅/中餐厨师3500起,3500.0,4500.0,学历不限,3.0,0,0,0,1,0,学历不限,58同城,2026-09-24 23:27:34
2676,411327,社旗县,南阳市,南阳市,其他-社旗,杨先生,汤阴县任固蜂涵百货店销售专员包住,5000.0,10000.0,未注明,,0,0,0,0,1,未注明,58同城,2026-09-24 23:27:34
2677,411327,社旗县,南阳市,南阳市,其他-社旗,刘先生,社旗途虎养车-前台/客户经理3000起,3000.0,6000.0,未注明,,0,0,0,0,1,未注明,58同城,2026-09-24 23:27:34
2678,411327,社旗县,南阳市,南阳市,其他-社旗,种多肉的园园,美容师,3000.0,5000.0,学历不限,,0,0,0,1,0,学历不限,58同城,2026-09-24 23:27:34
2679,411327,社旗县,南阳市,南阳市,其他-社旗,胡女士,修车达人缺你不可速来加盟,8600.0,13900.0,未注明,,0,0,0,0,1,未注明,58同城,2026-09-24 23:27:34
2680,411327,社旗县,南阳市,南阳市,其他-社旗,2mpenj,中餐厅传菜员/服务员加班补助包吃免费工服,2500.0,3500.0,未注明,,0,0,0,0,1,未注明,58同城,2026-09-24 23:27:34
2681,411327,社旗县,南阳市,南阳市,其他-社旗,爱思考的苏老板,修理厂汽车维修包住包吃,3000.0,4500.0,未注明,,0,0,0,0,1,未注明,58同城,2026-09-24 23:27:34
2682,411327,社旗县,南阳市,南阳市,其他-社旗,刘先生,社旗途虎养车汽车维修大工/中工6000起,6000.0,13000.0,未注明,,0,0,0,0,1,未注明,58同城,2026-09-24 23:27:34
2683,411327,社旗县,南阳市,南阳市,其他-社旗,招聘专员,游戏推广,,,学历不限,,0,0,0,1,0,学历不限,58同城,2026-09-24 23:27:34
2684,411327,社旗县,南阳市,南阳市,其他-社旗,爱指引de强老板,社旗招聘美容师无经验亦可,3000.0,8000.0,未注明,,0,0,0,0,1,未注明,58同城,2026-09-24 23:27:34
2685,411327,社旗县,南阳市,南阳市,其他-社旗,刘先生,社旗途虎养车-洗车工3000起,3000.0,6000.0,未注明,,0,0,0,0,1,未注明,58同城,2026-09-24 23:27:34
2686,411327,社旗县,南阳市,南阳市,其他-社旗,刘女士,空调坐岗保安轻松,4500.0,5000.0,未注明,,0,0,0,0,1,未注明,58同城,2026-09-24 23:27:34
2687,411327,社旗县,南阳市,南阳市,其他-社旗,刘女士,修车达人缺你不可速来加盟,8600.0,13900.0,未注明,,0,0,0,0,1,未注明,58同城,2026-09-24 23:27:34
2688,411327,社旗县,南阳市,南阳市,其他-社旗,白先生,修车达人缺你不可速来加盟,8600.0,13900.0,未注明,,0,0,0,0,1,未注明,58同城,2026-09-24 23:27:34
2689,411327,社旗县,南阳市,南阳市,南阳,闫先生,岗亭保安有空调吃住免费,5500.0,6000.0,未注明,,0,0,0,0,1,未注明,58同城,2026-09-24 23:27:45
2690,411327,社旗县,南阳市,南阳市,其他-南召,梅森,销售推广员,2000.0,2500.0,学历不限,2.0,0,0,0,1,0,学历不限,58同城,2026-09-24 23:27:45
2691,411327,社旗县,南阳市,南阳市,宛城-医圣祠,魏经理,恒方广场双休话务员 小程序,3500.0,6000.0,未注明,,0,0,0,0,1,未注明,58同城,2026-09-24 23:27:45
2692,411327,社旗县,南阳市,南阳市,南阳-淅川,鲁同学爱滑冰,机电维修工,3500.0,5500.0,未注明,,0,0,0,0,1,未注明,58同城,2026-09-24 23:27:45
2693,411327,社旗县,南阳市,南阳市,卧龙-卧龙城区,原谷原麦南阳区域,信臣路三杰盛世城招聘店员,3500.0,4000.0,未注明,,0,0,0,0,1,未注明,58同城,2026-09-24 23:27:45
2694,411327,社旗县,南阳市,南阳市,南阳-卧龙,王先生,小区保安可带手机工作轻松,5500.0,6000.0,未注明,,0,0,0,0,1,未注明,58同城,2026-09-24 23:27:45
2695,411327,社旗县,南阳市,南阳市,卧龙-新华城市广场,王先生,德又德旗舰店招熬粥师傅,3000.0,4500.0,未注明,,0,0,0,0,1,未注明,58同城,2026-09-24 23:27:45
2696,411327,社旗县,南阳市,南阳市,其他-西峡,穆立涛,诚聘无人机/学徒工,3000.0,4500.0,学历不限,1.0,0,0,0,1,0,学历不限,58同城,2026-09-24 23:27:45
2697,411327,社旗县,南阳市,南阳市,其他-西峡,芦博士想提示,客服专员/助理,2000.0,7000.0,学历不限,,0,0,0,1,0,学历不限,58同城,2026-09-24 23:27:45
2698,411327,社旗县,南阳市,南阳市,卧龙-卧龙城区,招聘专员,居家采购专员兼职轻松岗位,4300.0,5300.0,未注明,,0,0,0,0,1,未注明,58同城,2026-09-24 23:27:45
2699,411327,社旗县,南阳市,南阳市,其他-西峡,布丁在摇晃,销售专员周末双休交通补助五险,8000.0,13000.0,未注明,,0,0,0,0,1,未注明,58同城,2026-09-24 23:27:45
2700,411327,社旗县,南阳市,南阳市,其他-西峡,聂女士,饮品店饮品师2500起,2500.0,3500.0,学历不限,,0,0,0,1,0,学历不限,58同城,2026-09-24 23:27:45
2701,411327,社旗县,南阳市,南阳市,其他-南召,用户43844,客服专员/助理,3500.0,5500.0,学历不限,6.0,0,0,0,1,0,学历不限,58同城,2026-09-24 23:27:45
2702,411327,社旗县,南阳市,南阳市,南阳-镇平,wuwxa13ro,镇平县鑫运来珠宝店店员/营业员3k起,3000.0,5000.0,高中,,0,0,0,0,0,高中/中专,58同城,2026-09-24 23:27:45
2703,411327,社旗县,南阳市,南阳市,其他-南召,毛赟,南召县天麒二手车销售有限公司/二手车销售,2000.0,10000.0,未注明,,0,0,0,0,1,未注明,58同城,2026-09-24 23:27:45
2704,411327,社旗县,南阳市,南阳市,其他-西峡,于老板要吃肉,汽车销售服务公司内勤包住包吃五险,2500.0,4500.0,未注明,,0,0,0,0,1,未注明,58同城,2026-09-24 23:27:45
2705,411327,社旗县,南阳市,南阳市,其他-南召,雨中漂荡的回忆,中餐厅炒菜师傅4k起,4000.0,4500.0,学历不限,,0,0,0,1,0,学历不限,58同城,2026-09-24 23:27:45
2706,411327,社旗县,南阳市,南阳市,其他-南召,飘逸潇洒都师傅D,中餐厅厨师/学历经验不限,3000.0,5000.0,学历不限,,0,0,0,1,0,学历不限,58同城,2026-09-24 23:27:45
2707,411327,社旗县,南阳市,南阳市,南阳-方城,mint,奶茶/饮品师,2500.0,4000.0,学历不限,,0,0,0,1,0,学历不限,58同城,2026-09-24 23:27:45
2708,411327,社旗县,南阳市,南阳市,卧龙-卧龙城区,招聘专员,运营五险双休兼职坐岗,4300.0,5200.0,未注明,,0,0,0,0,1,未注明,58同城,2026-09-24 23:27:45
2709,411327,社旗县,南阳市,南阳市,南阳-宛城,小小淼,食品商行店员/营业员2千起,2000.0,2500.0,学历不限,,0,0,0,1,0,学历不限,58同城,2026-09-24 23:27:45
2710,411327,社旗县,南阳市,南阳市,南阳-卧龙,李女士,超市理货员2000起,2000.0,3000.0,未注明,,0,0,0,0,1,未注明,58同城,2026-09-24 23:27:45
2711,411327,社旗县,南阳市,南阳市,社旗-社旗城区,梁先生,社旗急聘工厂招聘喷塑工,5000.0,6500.0,未注明,,0,0,0,0,1,未注明,58同城,2026-09-24 23:27:45
2712,411327,社旗县,南阳市,南阳市,宛城-万达坊,陈先生,后厨杂工烧烤学徒,2000.0,2500.0,学历不限,,0,0,0,1,0,学历不限,58同城,2026-09-24 23:27:45
2713,411327,社旗县,南阳市,南阳市,其他-桐柏,不怕失败的卓老板,服务员,2500.0,3000.0,学历不限,,0,0,0,1,0,学历不限,58同城,2026-09-24 23:27:45
2714,411327,社旗县,南阳市,南阳市,南阳-内乡,蝴蝶翩翩舞,餐饮收银,2000.0,3000.0,学历不限,,0,0,0,1,0,学历不限,58同城,2026-09-24 23:27:45
2715,411327,社旗县,南阳市,南阳市,南阳-社旗,品鸿供应链06,（社旗）往返专线C证货运司机,6000.0,9000.0,未注明,,0,0,0,0,1,未注明,58同城,2026-09-24 23:27:54
2716,411327,社旗县,南阳市,南阳市,社旗-社旗城区,穿拖鞋溜达的咚咚,收银员,2000.0,2500.0,学历不限,3.0,0,0,0,1,0,学历不限,58同城,2026-09-24 23:27:54
2717,411327,社旗县,南阳市,南阳市,社旗-社旗城区,胡女士,诚聘C本司机 小程序,10000.0,11500.0,学历不限,20.0,0,0,0,1,0,学历不限,58同城,2026-09-24 23:27:54
2718,411327,社旗县,南阳市,南阳市,社旗-社旗城区,折叠桌,社旗急聘直播运营,3000.0,6000.0,未注明,,0,0,0,0,1,未注明,58同城,2026-09-24 23:27:54
2719,411327,社旗县,南阳市,南阳市,社旗-社旗城区,折叠桌,社旗急聘电商运营,4000.0,6000.0,高中,3.0,0,0,0,0,0,高中/中专,58同城,2026-09-24 23:27:54
2720,411327,社旗县,南阳市,南阳市,社旗-社旗城区,想写诗的笔尖,仓库管理会电脑月六千,5000.0,8000.0,未注明,,0,0,0,0,1,未注明,58同城,2026-09-24 23:27:54
2721,411327,社旗县,南阳市,南阳市,南阳-社旗,品鸿供应链01,（社旗）往返专线C证货运司机,5500.0,6200.0,未注明,,0,0,0,0,1,未注明,58同城,2026-09-24 23:27:54
2722,411327,社旗县,南阳市,南阳市,社旗-社旗城区,趙明彤,服装店员/店员3000起,3000.0,5000.0,学历不限,5.0,0,0,0,1,0,学历不限,58同城,2026-09-24 23:27:54
2723,411327,社旗县,南阳市,南阳市,社旗-社旗城区,赵先生,社旗县小米之家门店店长,4000.0,6000.0,未注明,,0,0,0,0,1,未注明,58同城,2026-09-24 23:27:54
2724,411327,社旗县,南阳市,南阳市,社旗-社旗城区,趙明彤,服装店员/营业员4k起,4000.0,5000.0,学历不限,1.0,0,0,0,1,0,学历不限,58同城,2026-09-24 23:27:54
2725,411327,社旗县,南阳市,南阳市,社旗-社旗城区,折叠桌,急聘/财务会计,3000.0,4000.0,高中,3.0,0,0,0,0,0,高中/中专,58同城,2026-09-24 23:27:54
2726,411327,社旗县,南阳市,南阳市,社旗-社旗城区,李先生,社旗县大先生男生美容美发店/美发前台/3,3000.0,5000.0,学历不限,,0,0,0,1,0,学历不限,58同城,2026-09-24 23:27:54
2727,411327,社旗县,南阳市,南阳市,社旗-社旗城区,收集云朵的梦梦,小吃店服务员学历不限,2000.0,3000.0,未注明,,0,0,0,0,1,未注明,58同城,2026-09-24 23:27:54
2728,411327,社旗县,南阳市,南阳市,南阳-社旗,张女士,农牧公司园艺师/园艺勤杂工包吃包住,2500.0,4000.0,未注明,,0,0,0,0,1,未注明,58同城,2026-09-24 23:27:54
2729,411327,社旗县,南阳市,南阳市,社旗-社旗城区,追着云朵跑的风,配送公司货运司机8k起,8000.0,11000.0,学历不限,10.0,0,0,0,1,0,学历不限,58同城,2026-09-24 23:27:54
2730,411327,社旗县,南阳市,南阳市,社旗-社旗城区,爱倾听de梅师傅,急招双休产品培训经理,3000.0,10000.0,未注明,,0,0,0,0,1,未注明,58同城,2026-09-24 23:27:54
2731,411327,社旗县,南阳市,南阳市,南阳-社旗,李博,农业技术员/五险交通补助饭补,4000.0,10000.0,未注明,,0,0,0,0,1,未注明,58同城,2026-09-24 23:27:54
2732,411327,社旗县,南阳市,南阳市,社旗-社旗城区,耿先生,急招C1本司机,10000.0,11500.0,学历不限,20.0,0,0,0,1,0,学历不限,58同城,2026-09-24 23:27:54
2733,411327,社旗县,南阳市,南阳市,南阳-社旗,爱听故事的悠悠,文员电商入职五险一金,5000.0,7000.0,未注明,,0,0,0,0,1,未注明,58同城,2026-09-24 23:27:54
2734,411327,社旗县,南阳市,南阳市,社旗-社旗城区,任女士,8小时坐岗保安可带朋友,4500.0,5000.0,未注明,,0,0,0,0,1,未注明,58同城,2026-09-24 23:27:54
2735,411327,社旗县,南阳市,南阳市,南阳-社旗,用户79468,修理厂汽车维修包吃包住,3000.0,7000.0,未注明,,0,0,0,0,1,未注明,58同城,2026-09-24 23:27:54
2736,411327,社旗县,南阳市,南阳市,社旗-社旗城区,想写诗的笔尖,仓库管理会电脑月六千 小程序,5000.0,8000.0,未注明,,0,0,0,0,1,未注明,58同城,2026-09-24 23:29:21
2737,411327,社旗县,南阳市,南阳市,社旗县,,恩佳食品销售店·外卖 服务区域：社旗、镇平,,,未注明,,0,0,0,0,1,未注明,58同城,2026-09-24 23:30:34
2738,411327,社旗县,南阳市,南阳市,社旗县,,宛州食铺·美食 服务区域：社旗、邓州、油田、新野、西峡...,,,未注明,,0,0,0,0,1,未注明,58同城,2026-09-24 23:30:34
2739,411328,唐河县,南阳市,南阳市,南阳-唐河,王先生,招清闲坐岗保安就近安排,5000.0,6000.0,未注明,,0,0,0,0,1,未注明,58同城,2026-09-24 23:30:50
2740,411328,唐河县,南阳市,南阳市,南阳-唐河,用户60311,网络/聊天客服,3000.0,8000.0,学历不限,10.0,0,0,0,1,0,学历不限,58同城,2026-09-24 23:30:50
2741,411328,唐河县,南阳市,南阳市,南阳-唐河,阴先生,舞台演员/包住房补饭补 小程序,4000.0,8000.0,未注明,,0,0,0,0,1,未注明,58同城,2026-09-24 23:30:50
2742,411328,唐河县,南阳市,南阳市,南阳-唐河,用户80563,菲斯曼地暖器材店视频剪辑2800起,3000.0,6000.0,学历不限,,0,0,0,1,0,学历不限,58同城,2026-09-24 23:30:50
2743,411328,唐河县,南阳市,南阳市,南阳-唐河,小桥流水的倒影,火锅店服务员2500起,2000.0,3500.0,学历不限,1.0,0,0,0,1,0,学历不限,58同城,2026-09-24 23:30:50
2744,411328,唐河县,南阳市,南阳市,南阳-唐河,荣弘家具有限公司,唐河家具店营业员4千起,4000.0,6000.0,学历不限,4.0,0,0,0,1,0,学历不限,58同城,2026-09-24 23:30:50
2745,411328,唐河县,南阳市,南阳市,南阳-唐河,蔡先生,诊所小儿推拿师学历不限,2500.0,4500.0,学历不限,,0,0,0,1,0,学历不限,58同城,2026-09-24 23:30:50
2746,411328,唐河县,南阳市,南阳市,南阳-唐河,招聘专员,汽车销售部/汽车销售3千起,3000.0,5000.0,学历不限,,0,0,0,1,0,学历不限,58同城,2026-09-24 23:30:50
2747,411328,唐河县,南阳市,南阳市,南阳-唐河,用户81725,美体师3000起,3000.0,8000.0,学历不限,1.0,0,0,0,1,0,学历不限,58同城,2026-09-24 23:30:50
2748,411328,唐河县,南阳市,南阳市,南阳-唐河,用户94593,餐厅餐饮收银/免费工服包吃,2500.0,4500.0,未注明,,0,0,0,0,1,未注明,58同城,2026-09-24 23:30:50
2749,411328,唐河县,南阳市,南阳市,南阳-唐河,陈海群,缝纫工包住包吃,2500.0,4500.0,未注明,,0,0,0,0,1,未注明,58同城,2026-09-24 23:30:50
2750,411328,唐河县,南阳市,南阳市,南阳-唐河,非常壮观_温老板,餐厅收银员/前台收银员工作时间灵活,2500.0,3000.0,未注明,,0,0,0,0,1,未注明,58同城,2026-09-24 23:30:50
2751,411328,唐河县,南阳市,南阳市,南阳-唐河,欢喜,餐厅驻唱歌手3千起,3000.0,5000.0,未注明,,0,0,0,0,1,未注明,58同城,2026-09-24 23:30:50
2752,411328,唐河县,南阳市,南阳市,唐河-唐河城区,高先生,督导/巡店4000起,4000.0,6000.0,学历不限,1.0,0,0,0,1,0,学历不限,58同城,2026-09-24 23:30:50
2753,411328,唐河县,南阳市,南阳市,唐河-唐河城区,大白,南阳房宛士建设科技有限公司/销售专员/3,3500.0,7500.0,未注明,,0,0,0,0,1,未注明,58同城,2026-09-24 23:30:50
2754,411328,唐河县,南阳市,南阳市,南阳-唐河,58用户,唐河县汇炬财税服务有限公司财务专员周末双,2500.0,4500.0,未注明,,0,0,0,0,1,未注明,58同城,2026-09-24 23:30:50
2755,411328,唐河县,南阳市,南阳市,南阳-唐河,萤火虫亮晶晶,美容师,4000.0,6000.0,学历不限,,0,0,0,1,0,学历不限,58同城,2026-09-24 23:30:50
2756,411328,唐河县,南阳市,南阳市,南阳-唐河,W,南阳助福农业科技有限公司/成本会计包住包,3500.0,5000.0,未注明,,0,0,0,0,1,未注明,58同城,2026-09-24 23:30:50
2757,411328,唐河县,南阳市,南阳市,唐河-唐河城区,入戏太深6079,餐饮店店员2400起,2400.0,2600.0,未注明,,0,0,0,0,1,未注明,58同城,2026-09-24 23:30:50
2758,411328,唐河县,南阳市,南阳市,唐河-唐河城区,李经理,汽车洗车美容工,3000.0,6000.0,未注明,,0,0,0,0,1,未注明,58同城,2026-09-24 23:30:50
2759,411328,唐河县,南阳市,南阳市,唐河-唐河城区,招聘专员,甜品/烘焙店蛋糕/裱花师学历经验不限,2000.0,3000.0,学历不限,1.0,0,0,0,1,0,学历不限,58同城,2026-09-24 23:30:50
2760,411328,唐河县,南阳市,南阳市,南阳-唐河,周女士,8小时保安，坐岗无压力,4500.0,5000.0,未注明,,0,0,0,0,1,未注明,58同城,2026-09-24 23:30:50
2761,411328,唐河县,南阳市,南阳市,南阳-唐河,趁早,电话销售,4000.0,5000.0,学历不限,,0,0,0,1,0,学历不限,58同城,2026-09-24 23:30:50
2762,411328,唐河县,南阳市,南阳市,南阳-唐河,潘女士,纸盒厂普工300/天日结全坐班0费用入职,8000.0,8500.0,未注明,,0,0,0,0,1,未注明,58同城,2026-09-24 23:30:50
2763,411328,唐河县,南阳市,南阳市,唐河-唐河城区,陈先生,小区保安巡逻坐岗包吃住,4500.0,5000.0,未注明,,0,0,0,0,1,未注明,58同城,2026-09-24 23:30:50
2764,411328,唐河县,南阳市,南阳市,唐河-唐河城区,乔乔,美甲师,3000.0,6000.0,未注明,,0,0,0,0,1,未注明,58同城,2026-09-24 23:30:50
2765,411328,唐河县,南阳市,南阳市,唐河-唐河城区,祝女士,玩具厂普工坐班为主日结290元直接入职,8000.0,8500.0,未注明,,0,0,0,0,1,未注明,58同城,2026-09-24 23:30:50
2766,411328,唐河县,南阳市,南阳市,南阳-唐河,MrBeard,5000直聘保安管吃住五险一金不压工资,4500.0,5000.0,未注明,,0,0,0,0,1,未注明,58同城,2026-09-24 23:30:50
2767,411328,唐河县,南阳市,南阳市,南阳-唐河,商总爱游泳,诚聘唐河城区副食送货C证司机,4500.0,6000.0,高中,2.0,0,0,0,0,0,高中/中专,58同城,2026-09-24 23:30:50
2768,411328,唐河县,南阳市,南阳市,南阳-唐河,用户17560,唐河诚聘后厨包住包吃,2500.0,3000.0,未注明,,0,0,0,0,1,未注明,58同城,2026-09-24 23:30:50
2769,411328,唐河县,南阳市,南阳市,南阳,闫先生,岗亭保安有空调吃住免费,5500.0,6000.0,未注明,,0,0,0,0,1,未注明,58同城,2026-09-24 23:30:54
2770,411328,唐河县,南阳市,南阳市,其他-南召,梅森,销售推广员,2000.0,2500.0,学历不限,2.0,0,0,0,1,0,学历不限,58同城,2026-09-24 23:30:54
2771,411328,唐河县,南阳市,南阳市,宛城-医圣祠,魏经理,恒方广场双休话务员 小程序,3500.0,6000.0,未注明,,0,0,0,0,1,未注明,58同城,2026-09-24 23:30:54
2772,411328,唐河县,南阳市,南阳市,其他-社旗,婷婷想踩小兴匡威,台球厅娱乐场所店员2000起,2000.0,3000.0,学历不限,,0,0,0,1,0,学历不限,58同城,2026-09-24 23:30:54
2773,411328,唐河县,南阳市,南阳市,其他-社旗,万群机械,社旗急聘会计-,3000.0,4500.0,未注明,,0,0,0,0,1,未注明,58同城,2026-09-24 23:30:54
2774,411328,唐河县,南阳市,南阳市,南阳-淅川,鲁同学爱滑冰,机电维修工,3500.0,5500.0,未注明,,0,0,0,0,1,未注明,58同城,2026-09-24 23:30:54
2775,411328,唐河县,南阳市,南阳市,卧龙-卧龙城区,原谷原麦南阳区域,信臣路三杰盛世城招聘店员,3500.0,4000.0,未注明,,0,0,0,0,1,未注明,58同城,2026-09-24 23:30:54
2776,411328,唐河县,南阳市,南阳市,南阳-卧龙,王先生,小区保安可带手机工作轻松,5500.0,6000.0,未注明,,0,0,0,0,1,未注明,58同城,2026-09-24 23:30:54
2777,411328,唐河县,南阳市,南阳市,卧龙-新华城市广场,王先生,德又德旗舰店招熬粥师傅,3000.0,4500.0,未注明,,0,0,0,0,1,未注明,58同城,2026-09-24 23:30:54
2778,411328,唐河县,南阳市,南阳市,其他-西峡,穆立涛,诚聘无人机/学徒工,3000.0,4500.0,学历不限,1.0,0,0,0,1,0,学历不限,58同城,2026-09-24 23:30:54
2779,411328,唐河县,南阳市,南阳市,其他-西峡,芦博士想提示,客服专员/助理,2000.0,7000.0,学历不限,,0,0,0,1,0,学历不限,58同城,2026-09-24 23:30:54
2780,411328,唐河县,南阳市,南阳市,其他-社旗,十里不成书,门店店长,4000.0,10000.0,学历不限,2.0,0,0,0,1,0,学历不限,58同城,2026-09-24 23:30:54
2781,411328,唐河县,南阳市,南阳市,卧龙-卧龙城区,招聘专员,居家采购专员兼职轻松岗位,4300.0,5300.0,未注明,,0,0,0,0,1,未注明,58同城,2026-09-24 23:30:54
2782,411328,唐河县,南阳市,南阳市,其他-西峡,布丁在摇晃,销售专员周末双休交通补助五险,8000.0,13000.0,未注明,,0,0,0,0,1,未注明,58同城,2026-09-24 23:30:54
2783,411328,唐河县,南阳市,南阳市,其他-西峡,聂女士,饮品店饮品师2500起,2500.0,3500.0,学历不限,,0,0,0,1,0,学历不限,58同城,2026-09-24 23:30:54
2784,411328,唐河县,南阳市,南阳市,其他-南召,用户43844,客服专员/助理,3500.0,5500.0,学历不限,6.0,0,0,0,1,0,学历不限,58同城,2026-09-24 23:30:54
2785,411328,唐河县,南阳市,南阳市,南阳-镇平,wuwxa13ro,镇平县鑫运来珠宝店店员/营业员3k起,3000.0,5000.0,高中,,0,0,0,0,0,高中/中专,58同城,2026-09-24 23:30:54
2786,411328,唐河县,南阳市,南阳市,其他-南召,毛赟,南召县天麒二手车销售有限公司/二手车销售,2000.0,10000.0,未注明,,0,0,0,0,1,未注明,58同城,2026-09-24 23:30:54
2787,411328,唐河县,南阳市,南阳市,其他-西峡,于老板要吃肉,汽车销售服务公司内勤包住包吃五险,2500.0,4500.0,未注明,,0,0,0,0,1,未注明,58同城,2026-09-24 23:30:54
2788,411328,唐河县,南阳市,南阳市,其他-南召,雨中漂荡的回忆,中餐厅炒菜师傅4k起,4000.0,4500.0,学历不限,,0,0,0,1,0,学历不限,58同城,2026-09-24 23:30:54
2789,411328,唐河县,南阳市,南阳市,其他-南召,飘逸潇洒都师傅D,中餐厅厨师/学历经验不限,3000.0,5000.0,学历不限,,0,0,0,1,0,学历不限,58同城,2026-09-24 23:30:54
2790,411328,唐河县,南阳市,南阳市,南阳-方城,mint,奶茶/饮品师,2500.0,4000.0,学历不限,,0,0,0,1,0,学历不限,58同城,2026-09-24 23:30:54
2791,411328,唐河县,南阳市,南阳市,卧龙-卧龙城区,招聘专员,运营五险双休兼职坐岗,4300.0,5200.0,未注明,,0,0,0,0,1,未注明,58同城,2026-09-24 23:30:54
2792,411328,唐河县,南阳市,南阳市,南阳-宛城,小小淼,食品商行店员/营业员2千起,2000.0,2500.0,学历不限,,0,0,0,1,0,学历不限,58同城,2026-09-24 23:30:54
2793,411328,唐河县,南阳市,南阳市,南阳-卧龙,李女士,超市理货员2000起,2000.0,3000.0,未注明,,0,0,0,0,1,未注明,58同城,2026-09-24 23:30:54
2794,411328,唐河县,南阳市,南阳市,社旗-社旗城区,梁先生,社旗急聘工厂招聘喷塑工,5000.0,6500.0,未注明,,0,0,0,0,1,未注明,58同城,2026-09-24 23:30:54
2795,411328,唐河县,南阳市,南阳市,宛城-万达坊,陈先生,后厨杂工烧烤学徒,2000.0,2500.0,学历不限,,0,0,0,1,0,学历不限,58同城,2026-09-24 23:30:54
2796,411328,唐河县,南阳市,南阳市,其他-桐柏,不怕失败的卓老板,服务员,2500.0,3000.0,学历不限,,0,0,0,1,0,学历不限,58同城,2026-09-24 23:30:54
2797,411328,唐河县,南阳市,南阳市,其他-社旗,张女士,社旗县景旗假日酒店前台,2200.0,3000.0,未注明,,0,0,0,0,1,未注明,58同城,2026-09-24 23:30:54
2798,411328,唐河县,南阳市,南阳市,南阳-内乡,蝴蝶翩翩舞,餐饮收银,2000.0,3000.0,学历不限,,0,0,0,1,0,学历不限,58同城,2026-09-24 23:30:54
2799,411328,唐河县,南阳市,南阳市,南阳-唐河,用户60311,网络/聊天客服 小程序,3000.0,8000.0,学历不限,10.0,0,0,0,1,0,学历不限,58同城,2026-09-24 23:31:41
2800,411328,唐河县,南阳市,南阳市,南阳-唐河,胡女士,诚聘货运司机短途往返,10000.0,11500.0,学历不限,20.0,0,0,0,1,0,学历不限,58同城,2026-09-24 23:32:02
2801,411328,唐河县,南阳市,南阳市,南阳-唐河,追着云朵跑的风,配送公司货运司机无需装卸8k起,8000.0,10000.0,学历不限,10.0,0,0,0,1,0,学历不限,58同城,2026-09-24 23:32:02
2802,411328,唐河县,南阳市,南阳市,南阳-唐河,商总爱游泳,诚聘唐河本地c证送货司机,4500.0,5000.0,高中,3.0,0,0,0,0,0,高中/中专,58同城,2026-09-24 23:32:06
2803,411328,唐河县,南阳市,南阳市,唐河-唐河城区,人事部,仓储台账文员资料整理/五险双休,7000.0,9000.0,未注明,,0,0,0,0,1,未注明,58同城,2026-09-24 23:32:26
2804,411328,唐河县,南阳市,南阳市,唐河县,,南阳宏豫商贸租车有限公司·租车 服务区域：卧龙、宛城、唐河、方城、镇平...,,,未注明,,0,0,0,0,1,未注明,58同城,2026-09-24 23:33:36
2805,411328,唐河县,南阳市,南阳市,唐河县,,恩佳食品销售店·外卖 服务区域：宛城、唐河,,,未注明,,0,0,0,0,1,未注明,58同城,2026-09-24 23:33:36
2806,411328,唐河县,南阳市,南阳市,唐河县,,信丰县百家福餐饮店（个体工商户）·外卖 服务区域：卧龙、宛城、唐河、邓州、方城...,,,未注明,,0,0,0,0,1,未注明,58同城,2026-09-24 23:33:36
2807,411328,唐河县,南阳市,南阳市,唐河县,,章贡区肖肖家小吃店（个体工商户）·外卖 服务区域：卧龙、宛城、唐河、邓州、方城...,,,未注明,,0,0,0,0,1,未注明,58同城,2026-09-24 23:33:36
2808,411328,唐河县,南阳市,南阳市,唐河县,,南阳玖色鹿家政保姆月嫂·保姆/月嫂 服务区域：卧龙、宛城、唐河、方城、镇平...,,,未注明,,0,0,0,0,1,未注明,58同城,2026-09-24 23:33:36
2809,411328,唐河县,南阳市,南阳市,唐河县,,南阳道路救援·汽车维修保养 服务区域：卧龙、宛城、唐河、邓州、方城...,,,未注明,,0,0,0,0,1,未注明,58同城,2026-09-24 23:33:36
2810,411328,唐河县,南阳市,南阳市,唐河县,,南阳美食·美食 服务区域：卧龙、宛城、唐河、邓州、方城...,,,未注明,,0,0,0,0,1,未注明,58同城,2026-09-24 23:33:36
2811,411328,唐河县,南阳市,南阳市,唐河县,,南阳市亮洁家政服务·保洁清洗 服务区域：卧龙、宛城、唐河、邓州、方城...,,,未注明,,0,0,0,0,1,未注明,58同城,2026-09-24 23:33:36
2812,411328,唐河县,南阳市,南阳市,唐河县,,南阳好日子居民搬家保洁·搬家 服务区域：卧龙、宛城、唐河、镇平、方城...,,,未注明,,0,0,0,0,1,未注明,58同城,2026-09-24 23:33:36
2813,411328,唐河县,南阳市,南阳市,唐河县,,南阳租车·租车 服务区域：社旗、唐河,,,未注明,,0,0,0,0,1,未注明,58同城,2026-09-24 23:33:36
2814,411328,唐河县,南阳市,南阳市,唐河县,,章贡区华购福食品店（个体工商户）·外卖 服务区域：卧龙、宛城、唐河、邓州、方城...,,,未注明,,0,0,0,0,1,未注明,58同城,2026-09-24 23:33:36
2815,411328,唐河县,南阳市,南阳市,唐河县,,蓉江新区恩宝饮品店（个体工商户）·外卖 服务区域：卧龙、宛城、唐河、邓州、方城...,,,未注明,,0,0,0,0,1,未注明,58同城,2026-09-24 23:33:36
2816,411328,唐河县,南阳市,南阳市,唐河县,,东海县平明镇康达百货商店·美食 服务区域：卧龙、宛城、唐河、邓州、方城...,,,未注明,,0,0,0,0,1,未注明,58同城,2026-09-24 23:33:36
2817,411328,唐河县,南阳市,南阳市,唐河县,,南阳众邦办公设备服务部·办公设备维修 服务区域：卧龙、宛城、唐河、邓州、方城...,,,未注明,,0,0,0,0,1,未注明,58同城,2026-09-24 23:33:36
2818,411328,唐河县,南阳市,南阳市,唐河县,,章贡区海平食品店（个体工商户）·外卖 服务区域：卧龙、宛城、唐河、邓州、方城...,,,未注明,,0,0,0,0,1,未注明,58同城,2026-09-24 23:33:36
2819,411328,唐河县,南阳市,南阳市,唐河县,,南阳市宛城区鸣哥餐饮店（个体工商户）·美食 服务区域：卧龙、宛城、唐河、邓州、方城...,,,未注明,,0,0,0,0,1,未注明,58同城,2026-09-24 23:33:36
2820,411328,唐河县,南阳市,南阳市,唐河县,,南阳上门修门修窗修锁换锁·房门 服务区域：卧龙、油田、唐河、宛城,,,未注明,,0,0,0,0,1,未注明,58同城,2026-09-24 23:33:36
2821,411329,新野县,南阳市,南阳市,新野-其他,胡女士,急招汽车维修工包食宿福利好,8600.0,13900.0,未注明,,0,0,0,0,1,未注明,58同城,2026-09-24 23:33:45
2822,411329,新野县,南阳市,南阳市,新野-其他,刘女士,急招汽车维修工包食宿福利... 小程序,8600.0,13900.0,未注明,,0,0,0,0,1,未注明,58同城,2026-09-24 23:33:45
2823,411329,新野县,南阳市,南阳市,新野-其他,刘女士,急招汽车维修工包食宿福利好,8600.0,13900.0,未注明,,0,0,0,0,1,未注明,58同城,2026-09-24 23:33:45
2824,411329,新野县,南阳市,南阳市,新野-其他,白先生,急招汽车维修工包食宿福利好,8600.0,13900.0,未注明,,0,0,0,0,1,未注明,58同城,2026-09-24 23:33:45
2825,411329,新野县,南阳市,南阳市,新野-其他,爱拥护DE萧师傅,南阳厂区直招万元冷链司机,5500.0,9500.0,未注明,,0,0,0,0,1,未注明,58同城,2026-09-24 23:33:45
2826,411329,新野县,南阳市,南阳市,南阳-新野,郑女士,1万包吃住招健身教练学徒,6500.0,13000.0,未注明,,0,0,0,0,1,未注明,58同城,2026-09-24 23:33:45
2827,411329,新野县,南阳市,南阳市,新野-其他,胡女士,急招汽车维修工包食宿福利... 小程序,8600.0,13900.0,未注明,,0,0,0,0,1,未注明,58同城,2026-09-24 23:33:45
2828,411329,新野县,南阳市,南阳市,新野,阳光很好,计算机教师/IT培训讲师/周末双休,4000.0,6500.0,未注明,,0,0,0,0,1,未注明,58同城,2026-09-24 23:33:45
2829,411329,新野县,南阳市,南阳市,新野-其他,冰川,房地产行业安全员,4000.0,5000.0,未注明,,0,0,0,0,1,未注明,58同城,2026-09-24 23:33:45
2830,411329,新野县,南阳市,南阳市,新野,李先生,鼠标质检员350一天长白班不过安检,7000.0,8500.0,未注明,,0,0,0,0,1,未注明,58同城,2026-09-24 23:33:45
2831,411329,新野县,南阳市,南阳市,新野,孟女士,电子厂质检员恒温车间坐班包吃住五险一金,7000.0,7500.0,未注明,,0,0,0,0,1,未注明,58同城,2026-09-24 23:33:45
2832,411329,新野县,南阳市,南阳市,新野,郑先生,电子厂质量管理员包吃住300一天活轻松,7000.0,8000.0,未注明,,0,0,0,0,1,未注明,58同城,2026-09-24 23:33:45
2833,411329,新野县,南阳市,南阳市,新野,朱女士,小厂质量检测员包吃住可预支300/天,7500.0,8000.0,未注明,,0,0,0,0,1,未注明,58同城,2026-09-24 23:33:45
2834,411329,新野县,南阳市,南阳市,新野,郭先生,ai机器人质检30/时伙食好活不累,7500.0,8000.0,未注明,,0,0,0,0,1,未注明,58同城,2026-09-24 23:33:45
2835,411329,新野县,南阳市,南阳市,新野,党总想突破,班车司机,5500.0,6000.0,未注明,,0,0,0,0,1,未注明,58同城,2026-09-24 23:33:45
2836,411329,新野县,南阳市,南阳市,新野,亏欠怀念,修理厂轮胎工包吃五险包住,5000.0,6000.0,未注明,,0,0,0,0,1,未注明,58同城,2026-09-24 23:33:45
2837,411329,新野县,南阳市,南阳市,新野-其他,代运营大旺云链0405,急招汽车维修工包食宿福利好,8600.0,13900.0,未注明,,0,0,0,0,1,未注明,58同城,2026-09-24 23:33:45
2838,411329,新野县,南阳市,南阳市,新野-其他,邢女士,急招汽车维修工包食宿福利好,8600.0,13900.0,未注明,,0,0,0,0,1,未注明,58同城,2026-09-24 23:33:57
2839,411330,桐柏县,南阳市,南阳市,南阳,闫先生,岗亭保安有空调吃住免费,5500.0,6000.0,未注明,,0,0,0,0,1,未注明,58同城,2026-09-25 00:38:37
2840,411330,桐柏县,南阳市,南阳市,宛城-医圣祠,魏经理,恒方广场双休话务员,3500.0,6000.0,未注明,,0,0,0,0,1,未注明,58同城,2026-09-25 00:38:37
2841,411330,桐柏县,南阳市,南阳市,其他-南召,梅森,销售推广员 小程序,2000.0,2500.0,学历不限,2.0,0,0,0,1,0,学历不限,58同城,2026-09-25 00:38:37
2842,411330,桐柏县,南阳市,南阳市,其他-社旗,婷婷想踩小兴匡威,台球厅娱乐场所店员2000起,2000.0,3000.0,学历不限,,0,0,0,1,0,学历不限,58同城,2026-09-25 00:38:37
2843,411330,桐柏县,南阳市,南阳市,卧龙-卧龙城区,原谷原麦南阳区域,信臣路三杰盛世城招聘店员,3500.0,4000.0,未注明,,0,0,0,0,1,未注明,58同城,2026-09-25 00:38:37
2844,411330,桐柏县,南阳市,南阳市,其他-社旗,万群机械,社旗急聘会计-,3000.0,4500.0,未注明,,0,0,0,0,1,未注明,58同城,2026-09-25 00:38:37
2845,411330,桐柏县,南阳市,南阳市,南阳-淅川,鲁同学爱滑冰,机电维修工,3500.0,5500.0,未注明,,0,0,0,0,1,未注明,58同城,2026-09-25 00:38:37
2846,411330,桐柏县,南阳市,南阳市,南阳-卧龙,王先生,小区保安可带手机工作轻松,5500.0,6000.0,未注明,,0,0,0,0,1,未注明,58同城,2026-09-25 00:38:37
2847,411330,桐柏县,南阳市,南阳市,卧龙-新华城市广场,王先生,德又德旗舰店招熬粥师傅,3000.0,4500.0,未注明,,0,0,0,0,1,未注明,58同城,2026-09-25 00:38:37
2848,411330,桐柏县,南阳市,南阳市,其他-西峡,穆立涛,诚聘无人机/学徒工,3000.0,4500.0,学历不限,1.0,0,0,0,1,0,学历不限,58同城,2026-09-25 00:38:37
2849,411330,桐柏县,南阳市,南阳市,其他-西峡,芦博士想提示,客服专员/助理,2000.0,7000.0,学历不限,,0,0,0,1,0,学历不限,58同城,2026-09-25 00:38:37
2850,411330,桐柏县,南阳市,南阳市,其他-社旗,十里不成书,门店店长,4000.0,10000.0,学历不限,2.0,0,0,0,1,0,学历不限,58同城,2026-09-25 00:38:37
2851,411330,桐柏县,南阳市,南阳市,南阳-内乡,蝴蝶翩翩舞,餐饮收银,2000.0,3000.0,学历不限,,0,0,0,1,0,学历不限,58同城,2026-09-25 00:38:37
2852,411330,桐柏县,南阳市,南阳市,其他-西峡,布丁在摇晃,销售专员周末双休交通补助五险,8000.0,13000.0,未注明,,0,0,0,0,1,未注明,58同城,2026-09-25 00:38:37
2853,411330,桐柏县,南阳市,南阳市,卧龙-摩根吾悦,look,店员/营业员学历经验不限,2000.0,4500.0,学历不限,,0,0,0,1,0,学历不限,58同城,2026-09-25 00:38:37
2854,411330,桐柏县,南阳市,南阳市,其他-南召,用户43844,客服专员/助理,3500.0,5500.0,学历不限,6.0,0,0,0,1,0,学历不限,58同城,2026-09-25 00:38:37
2855,411330,桐柏县,南阳市,南阳市,卧龙-卧龙城区,招聘专员,居家采购专员兼职轻松岗位,4300.0,5300.0,未注明,,0,0,0,0,1,未注明,58同城,2026-09-25 00:38:37
2856,411330,桐柏县,南阳市,南阳市,南阳-镇平,wuwxa13ro,镇平县鑫运来珠宝店店员/营业员3k起,3000.0,5000.0,高中,,0,0,0,0,0,高中/中专,58同城,2026-09-25 00:38:37
2857,411330,桐柏县,南阳市,南阳市,其他-西峡,于老板要吃肉,汽车销售服务公司内勤包住包吃五险,2500.0,4500.0,未注明,,0,0,0,0,1,未注明,58同城,2026-09-25 00:38:37
2858,411330,桐柏县,南阳市,南阳市,其他-西峡,聂女士,饮品店饮品师2500起,2500.0,3500.0,学历不限,,0,0,0,1,0,学历不限,58同城,2026-09-25 00:38:37
2859,411330,桐柏县,南阳市,南阳市,其他-南召,毛赟,南召县天麒二手车销售有限公司/二手车销售,2000.0,10000.0,未注明,,0,0,0,0,1,未注明,58同城,2026-09-25 00:38:37
2860,411330,桐柏县,南阳市,南阳市,其他-南召,雨中漂荡的回忆,中餐厅炒菜师傅4k起,4000.0,4500.0,学历不限,,0,0,0,1,0,学历不限,58同城,2026-09-25 00:38:37
2861,411330,桐柏县,南阳市,南阳市,其他-南召,飘逸潇洒都师傅D,中餐厅厨师/学历经验不限,3000.0,5000.0,学历不限,,0,0,0,1,0,学历不限,58同城,2026-09-25 00:38:37
2862,411330,桐柏县,南阳市,南阳市,南阳-卧龙,李女士,超市理货员2000起,2000.0,3000.0,未注明,,0,0,0,0,1,未注明,58同城,2026-09-25 00:38:37
2863,411330,桐柏县,南阳市,南阳市,南阳-方城,mint,奶茶/饮品师,2500.0,4000.0,学历不限,,0,0,0,1,0,学历不限,58同城,2026-09-25 00:38:37
2864,411330,桐柏县,南阳市,南阳市,社旗-社旗城区,梁先生,社旗急聘工厂招聘喷塑工,5000.0,6500.0,未注明,,0,0,0,0,1,未注明,58同城,2026-09-25 00:38:37
2865,411330,桐柏县,南阳市,南阳市,卧龙-卧龙城区,招聘专员,运营五险双休兼职坐岗,4300.0,5200.0,未注明,,0,0,0,0,1,未注明,58同城,2026-09-25 00:38:37
2866,411330,桐柏县,南阳市,南阳市,宛城-万达坊,陈先生,后厨杂工烧烤学徒,2000.0,2500.0,学历不限,,0,0,0,1,0,学历不限,58同城,2026-09-25 00:38:37
2867,411330,桐柏县,南阳市,南阳市,其他-桐柏,不怕失败的卓老板,服务员,2500.0,3000.0,学历不限,,0,0,0,1,0,学历不限,58同城,2026-09-25 00:38:37
2868,411330,桐柏县,南阳市,南阳市,南阳-宛城,小小淼,食品商行店员/营业员2千起,2000.0,2500.0,学历不限,,0,0,0,1,0,学历不限,58同城,2026-09-25 00:38:37
2869,411330,桐柏县,南阳市,南阳市,桐柏-桐柏城区,陈改,外贸专员周末双休话补,3000.0,10000.0,未注明,,0,0,0,0,1,未注明,58同城,2026-09-25 00:39:41
2870,411330,桐柏县,南阳市,南阳市,其他-桐柏,用户18450,门店店长 小程序,6000.0,12000.0,高中,1.0,0,0,0,0,0,高中/中专,58同城,2026-09-25 00:39:49
2871,411330,桐柏县,南阳市,南阳市,桐柏-桐柏城区,柠檬遇见糖,药店执业药师五险一金,5500.0,6000.0,未注明,,0,0,0,0,1,未注明,58同城,2026-09-25 00:39:49
2872,411330,桐柏县,南阳市,南阳市,南阳-桐柏,品鸿供应链06,（桐柏）往返专线C证货运司机,6000.0,9000.0,未注明,,0,0,0,0,1,未注明,58同城,2026-09-25 00:40:05
2873,411381,邓州市,南阳市,南阳市,邓州-其他,陈女士,公司直招c1小车司机包吃住周结,9500.0,9600.0,未注明,,0,0,0,0,1,未注明,58同城,2026-09-25 00:41:59
2874,411381,邓州市,南阳市,南阳市,邓州-其他,海尔电器,安装工/安装师傅工作时间灵活,3000.0,5000.0,高中,3.0,0,0,0,0,0,高中/中专,58同城,2026-09-25 00:41:59
2875,411381,邓州市,南阳市,南阳市,邓州-邓州城区,武女士,无需经验室内小区保安 小程序,4500.0,5000.0,未注明,,0,0,0,0,1,未注明,58同城,2026-09-25 00:41:59
2876,411381,邓州市,南阳市,南阳市,其他-邓州其他,桔子,美发店烫染技师/美发助理/发型师,2000.0,5000.0,未注明,,0,0,0,0,1,未注明,58同城,2026-09-25 00:41:59
2877,411381,邓州市,南阳市,南阳市,邓州-邓州城区,刘建明,托育老师,2000.0,4500.0,未注明,,0,0,0,0,1,未注明,58同城,2026-09-25 00:41:59
2878,411381,邓州市,南阳市,南阳市,邓州-邓州城区,美画轻奢美甲美睫邓州店,招聘美甲美睫师，有意向请打电话投简历,6000.0,11000.0,学历不限,5.0,0,0,0,1,0,学历不限,58同城,2026-09-25 00:41:59
2879,411381,邓州市,南阳市,南阳市,邓州-邓州城区,郑女士,邓州市尚库服装店长/6千起,6000.0,8000.0,学历不限,,0,0,0,1,0,学历不限,58同城,2026-09-25 00:41:59
2880,411381,邓州市,南阳市,南阳市,邓州-邓州城区,葛女士,美甲师,2500.0,5000.0,学历不限,3.0,0,0,0,1,0,学历不限,58同城,2026-09-25 00:41:59
2881,411381,邓州市,南阳市,南阳市,邓州,冀同学想思念,晓平兰州拉面馆/早餐厨师/2500起,2500.0,4500.0,学历不限,1.0,0,0,0,1,0,学历不限,58同城,2026-09-25 00:41:59
2882,411381,邓州市,南阳市,南阳市,其他-邓州其他,文先生,重汽维修底盘大师傅中工学徒多名,2000.0,8000.0,未注明,,0,0,0,0,1,未注明,58同城,2026-09-25 00:41:59
2883,411381,邓州市,南阳市,南阳市,邓州-邓州城区,薛,俄语老师,4000.0,6000.0,本科,4.0,1,1,0,0,0,大专及以上,58同城,2026-09-25 00:41:59
2884,411381,邓州市,南阳市,南阳市,其他-邓州其他,周先生,邓州市龙堰乡卫生院/超声科医生/3千起,3000.0,5000.0,中专/中技,1.0,0,0,0,0,0,高中/中专,58同城,2026-09-25 00:41:59
2885,411381,邓州市,南阳市,南阳市,其他-邓州其他,招聘专员,乡墅工程师,3000.0,5000.0,未注明,,0,0,0,0,1,未注明,58同城,2026-09-25 00:41:59
2886,411381,邓州市,南阳市,南阳市,邓州城区-邓州市区,刘建明,早教托育老师（主班）,2500.0,4000.0,未注明,,0,0,0,0,1,未注明,58同城,2026-09-25 00:41:59
2887,411381,邓州市,南阳市,南阳市,邓州-邓州城区,qzuser,五六柒餐饮店/后厨/2500起,2500.0,3500.0,学历不限,,0,0,0,1,0,学历不限,58同城,2026-09-25 00:41:59
2888,411381,邓州市,南阳市,南阳市,南阳-邓州,马女士,公司配车招邓州肥料C1不装卸司机,6000.0,8000.0,未注明,,0,0,0,0,1,未注明,58同城,2026-09-25 00:41:59
2889,411381,邓州市,南阳市,南阳市,邓州-邓州城区,王女士,可预支坐岗保安包吃住5K,5000.0,5500.0,未注明,,0,0,0,0,1,未注明,58同城,2026-09-25 00:41:59
2890,411381,邓州市,南阳市,南阳市,邓州-其他,郭女士,门岗保安有空调5K包吃住,5000.0,6000.0,未注明,,0,0,0,0,1,未注明,58同城,2026-09-25 00:41:59
2891,411381,邓州市,南阳市,南阳市,邓州,黄女士,电子厂印刷月8500包食宿可预支,8000.0,8500.0,未注明,,0,0,0,0,1,未注明,58同城,2026-09-25 00:41:59
2892,411381,邓州市,南阳市,南阳市,邓州,杨先生,手机厂印刷工300一天包食宿可预支,8000.0,8500.0,未注明,,0,0,0,0,1,未注明,58同城,2026-09-25 00:41:59
2893,411381,邓州市,南阳市,南阳市,邓州,爱吹泡泡的孙同学,诚聘铁路安检地勤五险一金上一休一包吃住,5500.0,6000.0,未注明,,0,0,0,0,1,未注明,58同城,2026-09-25 00:41:59
2894,411381,邓州市,南阳市,南阳市,邓州,侯先生,小车司机,6500.0,7000.0,未注明,,0,0,0,0,1,未注明,58同城,2026-09-25 00:41:59
2895,411381,邓州市,南阳市,南阳市,邓州,张女士,急/300一天口红厂印刷/长白班,7500.0,8000.0,未注明,,0,0,0,0,1,未注明,58同城,2026-09-25 00:41:59
2896,411381,邓州市,南阳市,南阳市,邓州,王先生,帮公司开车周结,5500.0,6000.0,未注明,,0,0,0,0,1,未注明,58同城,2026-09-25 00:41:59
2897,411381,邓州市,南阳市,南阳市,邓州-邓州城区,王先生,给老板招专职司机接送,5900.0,6000.0,未注明,,0,0,0,0,1,未注明,58同城,2026-09-25 00:41:59
2898,411381,邓州市,南阳市,南阳市,邓州-邓州城区,王经理,共享单车调度员,4000.0,8000.0,未注明,,0,0,0,0,1,未注明,58同城,2026-09-25 00:41:59
2899,411381,邓州市,南阳市,南阳市,邓州-邓州城区,在风里转圈圈,招商,6000.0,30000.0,学历不限,5.0,0,0,0,1,0,学历不限,58同城,2026-09-25 00:41:59
2900,411381,邓州市,南阳市,南阳市,邓州城区-邓州市区,孙女士,聘小学初中英语老师及助教（双休提供住宿）,3000.0,6000.0,本科,5.0,1,1,0,0,0,大专及以上,58同城,2026-09-25 00:41:59
2901,411381,邓州市,南阳市,南阳市,南阳,经营河南战区徐行锋,邓州德邦招快递员三轮四轮车油补7k-8k,7000.0,8000.0,未注明,,0,0,0,0,1,未注明,58同城,2026-09-25 00:43:39
2902,411381,邓州市,南阳市,南阳市,邓州市,,宛州食铺·美食 服务区域：社旗、邓州、油田、新野、西峡...,,,未注明,,0,0,0,0,1,未注明,58同城,2026-09-25 00:44:48
2903,411381,邓州市,南阳市,南阳市,邓州市,,南阳市卧龙区极达快运物流部·快递 服务区域：卧龙、宛城、唐河、邓州、方城...,,,未注明,,0,0,0,0,1,未注明,58同城,2026-09-25 00:44:48
2904,411381,邓州市,南阳市,南阳市,邓州市,,南阳云朵电子·网络布线/维护 服务区域：卧龙、宛城、唐河、邓州、方城...,,,未注明,,0,0,0,0,1,未注明,58同城,2026-09-25 00:44:48
2905,411381,邓州市,南阳市,南阳市,邓州市,,宋丹丹旧货回收·家具/电器/酒店设备回收 服务区域：卧龙、宛城、唐河、邓州、方城...,,,未注明,,0,0,0,0,1,未注明,58同城,2026-09-25 00:44:48
2906,411381,邓州市,南阳市,南阳市,邓州市,,南阳快递·快递 服务区域：卧龙、宛城、唐河、邓州、方城...,,,未注明,,0,0,0,0,1,未注明,58同城,2026-09-25 00:44:48
2907,411381,邓州市,南阳市,南阳市,邓州市,,信丰县百家福餐饮店（个体工商户）·外卖 服务区域：卧龙、宛城、唐河、邓州、方城...,,,未注明,,0,0,0,0,1,未注明,58同城,2026-09-25 00:44:48
2908,411381,邓州市,南阳市,南阳市,邓州市,,章贡区肖肖家小吃店（个体工商户）·外卖 服务区域：卧龙、宛城、唐河、邓州、方城...,,,未注明,,0,0,0,0,1,未注明,58同城,2026-09-25 00:44:48
2909,411381,邓州市,南阳市,南阳市,邓州市,,赣州蓉江新区潭东镇格乐食品商行（个体工商户）·外卖 服务区域：卧龙、宛城、唐河、邓州、方城...,,,未注明,,0,0,0,0,1,未注明,58同城,2026-09-25 00:44:48
2910,411381,邓州市,南阳市,南阳市,邓州市,,南阳腾达机电工程·电器回收 服务区域：卧龙、宛城、唐河、邓州、方城...,,,未注明,,0,0,0,0,1,未注明,58同城,2026-09-25 00:44:48
2911,411381,邓州市,南阳市,南阳市,邓州市,,南阳道路救援·汽车维修保养 服务区域：卧龙、宛城、唐河、邓州、方城...,,,未注明,,0,0,0,0,1,未注明,58同城,2026-09-25 00:44:48
2912,411381,邓州市,南阳市,南阳市,邓州市,,章贡区海平食品店（个体工商户）·快餐/团膳 服务区域：卧龙、宛城、唐河、邓州、方城...,,,未注明,,0,0,0,0,1,未注明,58同城,2026-09-25 00:44:48
2913,411381,邓州市,南阳市,南阳市,邓州市,,章贡区华购福食品店（个体工商户）·美食 服务区域：卧龙、宛城、唐河、邓州、方城...,,,未注明,,0,0,0,0,1,未注明,58同城,2026-09-25 00:44:48
2914,411381,邓州市,南阳市,南阳市,邓州市,,南阳美食·美食 服务区域：卧龙、宛城、唐河、邓州、方城...,,,未注明,,0,0,0,0,1,未注明,58同城,2026-09-25 00:44:48
2915,411381,邓州市,南阳市,南阳市,邓州市,,天外天道路救援·汽车维修保养 服务区域：卧龙、宛城、唐河、邓州、方城...,,,未注明,,0,0,0,0,1,未注明,58同城,2026-09-25 00:44:48
2916,411381,邓州市,南阳市,南阳市,邓州市,,南阳市亮洁家政服务·保洁清洗 服务区域：卧龙、宛城、唐河、邓州、方城...,,,未注明,,0,0,0,0,1,未注明,58同城,2026-09-25 00:44:48
2917,411381,邓州市,南阳市,南阳市,邓州市,,南阳美观装饰工程有限公司·公装服务 服务区域：卧龙、宛城、唐河、邓州、方城...,,,未注明,,0,0,0,0,1,未注明,58同城,2026-09-25 00:44:48
2918,411421,民权县,商丘市,商丘市,商丘-民权,郭艳飞,食品厂食堂厨师长,4500.0,6000.0,未注明,,0,0,0,0,1,未注明,58同城,2026-09-25 00:45:06
2919,411421,民权县,商丘市,商丘市,民权-中央城市广场,MeliLi,服务员2600起,2000.0,2800.0,未注明,,0,0,0,0,1,未注明,58同城,2026-09-25 00:45:06
2920,411421,民权县,商丘市,商丘市,民权-庄周大道,摸毛茸茸的暖暖,店员/营业员 小程序,2500.0,4500.0,学历不限,,0,0,0,1,0,学历不限,58同城,2026-09-25 00:45:06
2921,411421,民权县,商丘市,商丘市,民权-庄周大道,冯先生,中餐厅服务员/包吃加班补助,2800.0,3000.0,未注明,,0,0,0,0,1,未注明,58同城,2026-09-25 00:45:06
2922,411421,民权县,商丘市,商丘市,民权-庄周大道,相伴0,包吃诚聘机械设计,4000.0,6000.0,未注明,,0,0,0,0,1,未注明,58同城,2026-09-25 00:45:06
2923,411421,民权县,商丘市,商丘市,民权-中央城市广场,解老板想念叨,民权招汽修店汽车喷漆工,2000.0,6000.0,学历不限,1.0,0,0,0,1,0,学历不限,58同城,2026-09-25 00:45:06
2924,411421,民权县,商丘市,商丘市,民权-庄周大道,追光的我,烧烤厨师,2500.0,4500.0,学历不限,,0,0,0,1,0,学历不限,58同城,2026-09-25 00:45:06
2925,411421,民权县,商丘市,商丘市,民权-中央城市广场,解老板想念叨,民权汽修店汽车喷漆工,2000.0,6000.0,学历不限,1.0,0,0,0,1,0,学历不限,58同城,2026-09-25 00:45:06
2926,411421,民权县,商丘市,商丘市,商丘-民权,米米,收银员,2000.0,3500.0,学历不限,,0,0,0,1,0,学历不限,58同城,2026-09-25 00:45:06
2927,411421,民权县,商丘市,商丘市,商丘-民权,韩书记,销售内勤,3500.0,5500.0,未注明,,0,0,0,0,1,未注明,58同城,2026-09-25 00:45:06
2928,411421,民权县,商丘市,商丘市,商丘-民权,蹦跳的毛球球,游戏弹幕2500起,2500.0,4500.0,学历不限,,0,0,0,1,0,学历不限,58同城,2026-09-25 00:45:06
2929,411421,民权县,商丘市,商丘市,商丘-民权,爱帮忙的齐总,招汽车喷漆,4500.0,5000.0,学历不限,1.0,0,0,0,1,0,学历不限,58同城,2026-09-25 00:45:06
2930,411421,民权县,商丘市,商丘市,商丘-民权,李先生,小吃店服务员/免费工服饭补,2500.0,3500.0,未注明,,0,0,0,0,1,未注明,58同城,2026-09-25 00:45:06
2931,411421,民权县,商丘市,商丘市,民权-中央城市广场,晁女士,收银员,3000.0,4000.0,学历不限,,0,0,0,1,0,学历不限,58同城,2026-09-25 00:45:06
2932,411421,民权县,商丘市,商丘市,商丘-民权,金硕,牛肉切肉师傅/厨师/学历不限,6000.0,6500.0,学历不限,,0,0,0,1,0,学历不限,58同城,2026-09-25 00:45:06
2933,411421,民权县,商丘市,商丘市,商丘-民权,求职,无锡天领精密制冷科技有限公司/税务/25,2500.0,4500.0,未注明,,0,0,0,0,1,未注明,58同城,2026-09-25 00:45:06
2934,411421,民权县,商丘市,商丘市,商丘-民权,草莓卷卷,安装工,2500.0,4500.0,学历不限,,0,0,0,1,0,学历不限,58同城,2026-09-25 00:45:06
2935,411421,民权县,商丘市,商丘市,商丘-民权,用户31996,汽修店汽车喷漆5000起,5000.0,5500.0,学历不限,1.0,0,0,0,1,0,学历不限,58同城,2026-09-25 00:45:06
2936,411421,民权县,商丘市,商丘市,商丘-民权,蹦跳的毛球球,直播场控,2500.0,4500.0,学历不限,,0,0,0,1,0,学历不限,58同城,2026-09-25 00:45:06
2937,411421,民权县,商丘市,商丘市,商丘-民权,浪漫情缘,服务员,2000.0,4500.0,学历不限,,0,0,0,1,0,学历不限,58同城,2026-09-25 00:45:06
2938,411421,民权县,商丘市,商丘市,商丘-民权,招聘专员,机汇设备维修店手机维修招学徒工资具体面议,1000.0,2000.0,未注明,,0,0,0,0,1,未注明,58同城,2026-09-25 00:45:06
2939,411421,民权县,商丘市,商丘市,商丘-民权,招聘专员,超市门店店长2500起,2500.0,4500.0,中专/中技,,0,0,0,0,0,高中/中专,58同城,2026-09-25 00:45:06
2940,411421,民权县,商丘市,商丘市,商丘-民权,米米,商场促销/导购员2200起,2500.0,4500.0,学历不限,,0,0,0,1,0,学历不限,58同城,2026-09-25 00:45:06
2941,411421,民权县,商丘市,商丘市,商丘-民权,杨英,瑜伽馆瑜伽教练2千起,2000.0,10500.0,学历不限,,0,0,0,1,0,学历不限,58同城,2026-09-25 00:45:06
2942,411421,民权县,商丘市,商丘市,商丘-民权,金硕,火锅店砧板师傅,4000.0,4500.0,学历不限,,0,0,0,1,0,学历不限,58同城,2026-09-25 00:45:06
2943,411421,民权县,商丘市,商丘市,商丘-民权,冯女士,文化传媒公司美术老师交通补助话补加班补助,2500.0,4500.0,未注明,,0,0,0,0,1,未注明,58同城,2026-09-25 00:45:06
2944,411421,民权县,商丘市,商丘市,民权-庄周大道,位超礼,质量主管,4000.0,4500.0,未注明,,0,0,0,0,1,未注明,58同城,2026-09-25 00:45:06
2945,411421,民权县,商丘市,商丘市,民权-庄周大道,位超礼,车间主任,4500.0,5000.0,未注明,,0,0,0,0,1,未注明,58同城,2026-09-25 00:45:06
2946,411421,民权县,商丘市,商丘市,商丘-民权,爱吹泡泡的圆圆,招六十五以下大龄工干农活包吃住日结,5500.0,7000.0,未注明,,0,0,0,0,1,未注明,58同城,2026-09-25 00:45:06
2947,411421,民权县,商丘市,商丘市,商丘-民权,付先生,月薪9千招健身教练助教,6000.0,12000.0,未注明,,0,0,0,0,1,未注明,58同城,2026-09-25 00:45:06
2948,411421,民权县,商丘市,商丘市,商丘-睢阳,周高峰,印刷公司技工,4500.0,7500.0,未注明,,0,0,0,0,1,未注明,58同城,2026-09-25 00:45:10
2949,411421,民权县,商丘市,商丘市,虞城-江南购物,喂小鱼的悠悠,店员/营业员,3000.0,3500.0,学历不限,1.0,0,0,0,1,0,学历不限,58同城,2026-09-25 00:45:10
2950,411421,民权县,商丘市,商丘市,商丘-梁园,衣果名店沐知雪R昱帛贝儿R,服装店员/营业员（中午管... 小程序,3500.0,4000.0,未注明,,0,0,0,0,1,未注明,58同城,2026-09-25 00:45:10
2951,411421,民权县,商丘市,商丘市,商丘-梁园,今龙不锈钢门业,门窗厂普工/操作工4k起,4000.0,5000.0,学历不限,,0,0,0,1,0,学历不限,58同城,2026-09-25 00:45:10
2952,411421,民权县,商丘市,商丘市,商丘,看云的刘同学,急聘铁路地勤上一休一免费食宿五险一金,5000.0,6000.0,未注明,,0,0,0,0,1,未注明,58同城,2026-09-25 00:45:10
2953,411421,民权县,商丘市,商丘市,梁园-凯旋商城,李先生,颐韵保健服务部店员/营业员包吃包住,5500.0,6000.0,未注明,,0,0,0,0,1,未注明,58同城,2026-09-25 00:45:10
2954,411421,民权县,商丘市,商丘市,梁园-凯旋商城,陈曦,急急急缺助理洗头工,2000.0,4000.0,未注明,,0,0,0,0,1,未注明,58同城,2026-09-25 00:45:10
2955,411421,民权县,商丘市,商丘市,商丘-睢阳,王宇,缝纫机工,2500.0,5000.0,未注明,,0,0,0,0,1,未注明,58同城,2026-09-25 00:45:10
2956,411421,民权县,商丘市,商丘市,睢阳-华夏游乐园,秦习斌先生,店员/营业员,2500.0,4500.0,学历不限,,0,0,0,1,0,学历不限,58同城,2026-09-25 00:45:10
2957,411421,民权县,商丘市,商丘市,梁园-凯旋商城,李先生,颐韵保健服务部店员/包吃包住,2500.0,4500.0,未注明,,0,0,0,0,1,未注明,58同城,2026-09-25 00:45:10
2958,411421,民权县,商丘市,商丘市,商丘-柘城,茉然,中餐厅后厨2000起,2000.0,4000.0,未注明,,0,0,0,0,1,未注明,58同城,2026-09-25 00:45:10
2959,411421,民权县,商丘市,商丘市,商丘-梁园,做我自己,其他职位,3000.0,5000.0,学历不限,,0,0,0,1,0,学历不限,58同城,2026-09-25 00:45:10
2960,411421,民权县,商丘市,商丘市,梁园-高铁商城,袁经理,后厨/帮厨3500起,3500.0,3800.0,学历不限,3.0,0,0,0,1,0,学历不限,58同城,2026-09-25 00:45:10
2961,411421,民权县,商丘市,商丘市,商丘周边-其他,田先生,4000以上招聘平面设计,2500.0,5000.0,未注明,,0,0,0,0,1,未注明,58同城,2026-09-25 00:45:10
2962,411421,民权县,商丘市,商丘市,商丘-睢阳,爱叫喊de毛同学,机械厂焊工/五险一金包住加班补助,10000.0,11500.0,未注明,,0,0,0,0,1,未注明,58同城,2026-09-25 00:45:10
2963,411421,民权县,商丘市,商丘市,宁陵-人民路,Coisini,饮品店服务员/打酒师2500起,2500.0,4500.0,学历不限,,0,0,0,1,0,学历不限,58同城,2026-09-25 00:45:10
2964,411421,民权县,商丘市,商丘市,商丘-睢阳,用户94185,餐饮店店员/营业员3000起,3000.0,3500.0,学历不限,1.0,0,0,0,1,0,学历不限,58同城,2026-09-25 00:45:10
2965,411421,民权县,商丘市,商丘市,商丘-虞城,君悦,餐饮收银,3000.0,4500.0,学历不限,,0,0,0,1,0,学历不限,58同城,2026-09-25 00:45:10
2966,411421,民权县,商丘市,商丘市,商丘-虞城,悄悄写日记的笔尖,销售顾问,3000.0,5000.0,学历不限,,0,0,0,1,0,学历不限,58同城,2026-09-25 00:45:10
2967,411421,民权县,商丘市,商丘市,商丘-虞城,卢先生,商丘簇辰商贸有限公司新媒体运营3千起,3000.0,4500.0,未注明,,0,0,0,0,1,未注明,58同城,2026-09-25 00:45:10
2968,411421,民权县,商丘市,商丘市,商丘周边-其他,蒙叔九千岁,商丘森荣服装激光切割操作工18-35岁,3000.0,5000.0,学历不限,3.0,0,0,0,1,0,学历不限,58同城,2026-09-25 00:45:10
2969,411421,民权县,商丘市,商丘市,睢阳-万达广场,Q,食品/饮料店员/营业员学历经验不限,2500.0,5000.0,学历不限,,0,0,0,1,0,学历不限,58同城,2026-09-25 00:45:10
2970,411421,民权县,商丘市,商丘市,商丘-睢阳,用户94185,熟食店店员/营业员3000起,3000.0,4500.0,学历不限,,0,0,0,1,0,学历不限,58同城,2026-09-25 00:45:10
2971,411421,民权县,商丘市,商丘市,民权-庄周大道,摸毛茸茸的暖暖,店员/营业员,2500.0,4500.0,学历不限,,0,0,0,1,0,学历不限,58同城,2026-09-25 00:45:10
2972,411421,民权县,商丘市,商丘市,商丘周边-其他,孙东艳,民权县急招服装/促销/导购员,3000.0,4500.0,学历不限,2.0,0,0,0,1,0,学历不限,58同城,2026-09-25 00:45:10
2973,411421,民权县,商丘市,商丘市,商丘-睢阳,王先生,文案策划待遇好,3000.0,7000.0,学历不限,,0,0,0,1,0,学历不限,58同城,2026-09-25 00:45:10
2974,411421,民权县,商丘市,商丘市,商丘周边-其他,卓进生,督导/巡店,,,学历不限,,0,0,0,1,0,学历不限,58同城,2026-09-25 00:45:10
2975,411421,民权县,商丘市,商丘市,夏邑-孔祖大道,赵女士,美甲师,2500.0,4500.0,学历不限,,0,0,0,1,0,学历不限,58同城,2026-09-25 00:45:10
2976,411421,民权县,商丘市,商丘市,商丘-睢阳,汪女士,店员/营业员,2800.0,3500.0,未注明,,0,0,0,0,1,未注明,58同城,2026-09-25 00:45:10
2977,411421,民权县,商丘市,商丘市,商丘周边-其他,用户7152,康复治疗师,,,未注明,,0,0,0,0,1,未注明,58同城,2026-09-25 00:45:10
2978,411421,民权县,商丘市,商丘市,民权-江山尚品,吃糖的糖果,居家审核员五险齐全待遇优,5000.0,8000.0,未注明,,0,0,0,0,1,未注明,58同城,2026-09-25 00:45:47
2979,411421,民权县,商丘市,商丘市,商丘-民权,手机不离手H7,诚聘铁路安检地勤免费食宿五险一金上一休一,5500.0,6000.0,未注明,,0,0,0,0,1,未注明,58同城,2026-09-25 00:46:20
2980,411421,民权县,商丘市,商丘市,商丘-民权,高先生,招聘铁路安检地勤上一休一免费食宿五险一金,5500.0,6000.0,未注明,,0,0,0,0,1,未注明,58同城,2026-09-25 00:46:20
2981,411421,民权县,商丘市,商丘市,商丘-民权,春天脚步轻又轻,民权急招2名货运司机，当天可两趟往返,8000.0,11000.0,未注明,,0,0,0,0,1,未注明,58同城,2026-09-25 00:46:20
2982,411421,民权县,商丘市,商丘市,商丘-民权,薄荷糖粒,民权C1货运司机包货源一趟一结日均400,8000.0,11000.0,未注明,,0,0,0,0,1,未注明,58同城,2026-09-25 00:46:23
2983,411421,民权县,商丘市,商丘市,商丘-民权,田女士,公司急招小车司机,8500.0,9000.0,未注明,,0,0,0,0,1,未注明,58同城,2026-09-25 00:46:23
2984,411421,民权县,商丘市,商丘市,商丘-民权,爱绘图de辛师傅,货运公司招聘C本货运司机一趟一结账,6500.0,8000.0,学历不限,6.0,0,0,0,1,0,学历不限,58同城,2026-09-25 00:46:23
2985,411421,民权县,商丘市,商丘市,民权-江山尚品,捏橡皮泥的小星,居家审核简单会电脑260一天,5000.0,8000.0,未注明,,0,0,0,0,1,未注明,58同城,2026-09-25 00:46:45
2986,411421,民权县,商丘市,商丘市,商丘-民权,李先生,美域美容美发店/美发助理/学徒包吃包住,2000.0,3000.0,未注明,,0,0,0,0,1,未注明,58同城,2026-09-25 00:47:27
2987,411421,民权县,商丘市,商丘市,民权县,,恩佳食品销售店·外卖 服务区域：民权、夏邑,,,未注明,,0,0,0,0,1,未注明,58同城,2026-09-25 00:47:51
2988,411422,睢县,商丘市,商丘市,睢县,陈女士,睢县招司机配送肥料不装卸周边城市,6000.0,8000.0,未注明,,0,0,0,0,1,未注明,58同城,2026-09-25 00:48:08
2989,411422,睢县,商丘市,商丘市,睢县-其他,品鸿供应链06,（睢县）往返专线C证货运司机,6500.0,7900.0,未注明,,0,0,0,0,1,未注明,58同城,2026-09-25 00:48:08
2990,411422,睢县,商丘市,商丘市,商丘-睢县,爱穿花裙的孙小妹,睢县直招农副产品送货司机... 小程序,6000.0,8000.0,未注明,,0,0,0,0,1,未注明,58同城,2026-09-25 00:48:08
2991,411422,睢县,商丘市,商丘市,睢县,李先生,物业保安可预支包吃住,4500.0,5000.0,未注明,,0,0,0,0,1,未注明,58同城,2026-09-25 00:48:08
2992,411422,睢县,商丘市,商丘市,睢县,姜女士,急招学校坐岗保安包吃住上五险人走帐清长白,4500.0,5000.0,未注明,,0,0,0,0,1,未注明,58同城,2026-09-25 00:48:08
2993,411422,睢县,商丘市,商丘市,睢县,王先生,急招保安待遇优厚包吃住工作轻松稳定环境好,4500.0,5000.0,未注明,,0,0,0,0,1,未注明,58同城,2026-09-25 00:48:08
2994,411422,睢县,商丘市,商丘市,睢县-城区,李女士,物业小区坐岗保安/包吃住0费用入职,4500.0,5000.0,未注明,,0,0,0,0,1,未注明,58同城,2026-09-25 00:48:08
2995,411422,睢县,商丘市,商丘市,睢县-其他,爱收藏de许老板,急招销售专员,6000.0,10000.0,学历不限,10.0,0,0,0,1,0,学历不限,58同城,2026-09-25 00:48:08
2996,411422,睢县,商丘市,商丘市,睢县-其他,爱收藏de许老板,销售专员,6000.0,10000.0,学历不限,10.0,0,0,0,1,0,学历不限,58同城,2026-09-25 00:48:08
2997,411422,睢县,商丘市,商丘市,其他-睢县其他,吴高光,家电安装,6500.0,8000.0,未注明,,0,0,0,0,1,未注明,58同城,2026-09-25 00:48:08
2998,411422,睢县,商丘市,商丘市,睢县-其他,闫先生,超市收银员理货员3000起,3000.0,4000.0,未注明,,0,0,0,0,1,未注明,58同城,2026-09-25 00:48:08
2999,411422,睢县,商丘市,商丘市,睢县-城区,AAA后街女孩热典潮鞋馆,店员/店长,3500.0,6000.0,学历不限,10.0,0,0,0,1,0,学历不限,58同城,2026-09-25 00:48:08
3000,411422,睢县,商丘市,商丘市,睢县-其他,海之缘,餐饮业会计/周末双休包住,3000.0,5500.0,未注明,,0,0,0,0,1,未注明,58同城,2026-09-25 00:48:08
3001,411422,睢县,商丘市,商丘市,城区-睢县人民医院,襟怀坦荡的宗同学,销售顾问,3000.0,4500.0,中专/中技,2.0,0,0,0,0,0,高中/中专,58同城,2026-09-25 00:48:08
3002,411422,睢县,商丘市,商丘市,睢县,刘华北,河南澳居美家居有限公司/新媒体运营包住交,3000.0,5000.0,未注明,,0,0,0,0,1,未注明,58同城,2026-09-25 00:48:08
3003,411422,睢县,商丘市,商丘市,睢县-其他,用户34141,睢县一鸣新型材料有限公司业务员4500起,4500.0,8000.0,学历不限,,0,0,0,1,0,学历不限,58同城,2026-09-25 00:48:08
3004,411422,睢县,商丘市,商丘市,睢县-其他,爱跳皮筋的跳跳,打混泥土，需要震动棒手泥瓦工工作时间灵活,6000.0,9000.0,学历不限,1.0,0,0,0,1,0,学历不限,58同城,2026-09-25 00:48:08
3005,411422,睢县,商丘市,商丘市,城区-睢县人民医院,大河传媒,店员/营业员学历经验不限,2500.0,3000.0,未注明,,0,0,0,0,1,未注明,58同城,2026-09-25 00:48:08
3006,411422,睢县,商丘市,商丘市,睢县-其他,王先生,汽车美容店汽车美容包住饭补包吃,3000.0,4500.0,未注明,,0,0,0,0,1,未注明,58同城,2026-09-25 00:48:08
3007,411422,睢县,商丘市,商丘市,睢县-其他,人变心不变,睢县飞丝特形象烫染店/发型师/3千起,3000.0,7000.0,学历不限,,0,0,0,1,0,学历不限,58同城,2026-09-25 00:48:08
3008,411422,睢县,商丘市,商丘市,城区-睢县城区,邢,销售顾问,3000.0,4500.0,学历不限,,0,0,0,1,0,学历不限,58同城,2026-09-25 00:48:08
3009,411422,睢县,商丘市,商丘市,睢县-城区,林杉杉,京东大件配送家电,4000.0,8000.0,学历不限,,0,0,0,1,0,学历不限,58同城,2026-09-25 00:48:08
3010,411422,睢县,商丘市,商丘市,睢县-城区,宋先生,玩具厂检验日结300一天短期工包吃住,7500.0,8000.0,未注明,,0,0,0,0,1,未注明,58同城,2026-09-25 00:48:08
3011,411422,睢县,商丘市,商丘市,睢县,李女士,给公司开小车司机包住宿,5500.0,6000.0,未注明,,0,0,0,0,1,未注明,58同城,2026-09-25 00:48:08
3012,411422,睢县,商丘市,商丘市,睢县,黄女士,给公司老板开车，小车司机，包住宿,5500.0,6000.0,未注明,,0,0,0,0,1,未注明,58同城,2026-09-25 00:48:08
3013,411422,睢县,商丘市,商丘市,睢县,我愿给你一份安定楠,油漆工,5000.0,8000.0,学历不限,,0,0,0,1,0,学历不限,58同城,2026-09-25 00:48:08
3014,411422,睢县,商丘市,商丘市,睢县-城区,谢先生,小吃店砧板厨师4000起,5000.0,6000.0,学历不限,1.0,0,0,0,1,0,学历不限,58同城,2026-09-25 00:48:08
3015,411422,睢县,商丘市,商丘市,睢县-城区,爱清洗的冀博士,房地产销售总监8k起,8000.0,11000.0,大专,,1,0,0,0,0,大专及以上,58同城,2026-09-25 00:48:08
3016,411422,睢县,商丘市,商丘市,睢县,金貂建材,睢县急招渠道经理（店长）底薪加提成,6000.0,12000.0,学历不限,4.0,0,0,0,1,0,学历不限,58同城,2026-09-25 00:48:08
3017,411422,睢县,商丘市,商丘市,睢县,金貂建材,睢县万顺风厨卫门市部渠道经理（店长）,3000.0,5000.0,学历不限,3.0,0,0,0,1,0,学历不限,58同城,2026-09-25 00:48:08
3018,411423,宁陵县,商丘市,商丘市,商丘-宁陵,最爱吃糖的小甜,服务员,2500.0,3000.0,学历不限,,0,0,0,1,0,学历不限,58同城,2026-09-25 00:51:14
3019,411423,宁陵县,商丘市,商丘市,商丘-宁陵,王亚坤,视频剪辑/短视频拍摄/短视频运营,3000.0,6000.0,大专,,1,0,0,0,0,大专及以上,58同城,2026-09-25 00:51:14
3020,411423,宁陵县,商丘市,商丘市,宁陵-人民路,Coisini,饮品店服务员/打酒师25... 小程序,2500.0,4500.0,学历不限,,0,0,0,1,0,学历不限,58同城,2026-09-25 00:51:14
3021,411423,宁陵县,商丘市,商丘市,商丘-宁陵,徐先生,货运司机-食材拉货到门店8千,8000.0,8100.0,未注明,,0,0,0,0,1,未注明,58同城,2026-09-25 00:51:14
3022,411423,宁陵县,商丘市,商丘市,商丘-宁陵,滚,餐厅餐饮收银2000起,2000.0,2500.0,学历不限,1.0,0,0,0,1,0,学历不限,58同城,2026-09-25 00:51:14
3023,411423,宁陵县,商丘市,商丘市,商丘-宁陵,娄先生,餐厅餐饮收银2500起,2500.0,4500.0,学历不限,,0,0,0,1,0,学历不限,58同城,2026-09-25 00:51:14
3024,411423,宁陵县,商丘市,商丘市,宁陵-人民路,用户59257,食品/抖音运营包住包吃,8000.0,8500.0,未注明,,0,0,0,0,1,未注明,58同城,2026-09-25 00:51:14
3025,411423,宁陵县,商丘市,商丘市,商丘-宁陵,杨善文,火锅店传菜员2000起,2000.0,3500.0,学历不限,2.0,0,0,0,1,0,学历不限,58同城,2026-09-25 00:51:14
3026,411423,宁陵县,商丘市,商丘市,商丘-宁陵,各女士,日结260耳机小零件组装贴标签可带手机,5500.0,7500.0,未注明,,0,0,0,0,1,未注明,58同城,2026-09-25 00:51:14
3027,411423,宁陵县,商丘市,商丘市,商丘-宁陵,哼歌跳舞的悠悠,工程技术员5千起,5000.0,8000.0,学历不限,4.0,0,0,0,1,0,学历不限,58同城,2026-09-25 00:51:14
3028,411423,宁陵县,商丘市,商丘市,商丘-宁陵,用户97663,宁陵县火锅店服务员3000起,3000.0,4000.0,学历不限,2.0,0,0,0,1,0,学历不限,58同城,2026-09-25 00:51:14
3029,411423,宁陵县,商丘市,商丘市,商丘-宁陵,招聘专员,豫然文化传媒经纪人周末双休年底双薪,3000.0,5000.0,未注明,,0,0,0,0,1,未注明,58同城,2026-09-25 00:51:14
3030,411423,宁陵县,商丘市,商丘市,商丘-宁陵,用户97663,宁陵急招火锅店服务员,3000.0,4000.0,学历不限,3.0,0,0,0,1,0,学历不限,58同城,2026-09-25 00:51:14
3031,411423,宁陵县,商丘市,商丘市,商丘-宁陵,芮先生,玩具厂包装工300一天包吃住坐班,8000.0,8500.0,未注明,,0,0,0,0,1,未注明,58同城,2026-09-25 00:51:14
3032,411423,宁陵县,商丘市,商丘市,宁陵-人民路,58用户,薇薇安服装销售店/服装销售3千起,3000.0,5500.0,未注明,,0,0,0,0,1,未注明,58同城,2026-09-25 00:51:14
3033,411423,宁陵县,商丘市,商丘市,商丘-宁陵,3,甜品/烘焙店蛋糕/裱花师加班补助年底双薪,3500.0,4000.0,未注明,,0,0,0,0,1,未注明,58同城,2026-09-25 00:51:14
3034,411423,宁陵县,商丘市,商丘市,商丘-宁陵,招聘专员,餐饮店店员/营业员学历经验不限,2000.0,3000.0,学历不限,1.0,0,0,0,1,0,学历不限,58同城,2026-09-25 00:51:14
3035,411423,宁陵县,商丘市,商丘市,商丘-宁陵,任女士,c本司机,6500.0,8000.0,学历不限,8.0,0,0,0,1,0,学历不限,58同城,2026-09-25 00:51:14
3036,411423,宁陵县,商丘市,商丘市,商丘-宁陵,O以德为先冷师傅,呗享科技/车辆运营/2000起,2000.0,2500.0,学历不限,,0,0,0,1,0,学历不限,58同城,2026-09-25 00:51:14
3037,411423,宁陵县,商丘市,商丘市,商丘-宁陵,安途运输,商丘出发省内外跑不装卸货运司机,6500.0,8000.0,学历不限,10.0,0,0,0,1,0,学历不限,58同城,2026-09-25 00:51:14
3038,411423,宁陵县,商丘市,商丘市,商丘-宁陵,王先生,商丘本地仓招冷藏车司机,5500.0,8000.0,未注明,,0,0,0,0,1,未注明,58同城,2026-09-25 00:51:14
3039,411423,宁陵县,商丘市,商丘市,商丘-宁陵,咕噜咕噜喝水的阿泡,川湘菜厨师,8000.0,10000.0,学历不限,,0,0,0,1,0,学历不限,58同城,2026-09-25 00:51:14
3040,411423,宁陵县,商丘市,商丘市,宁陵-人民路,爱洗澡de江同学,宁陵冷链物流司机11k起,11000.0,11500.0,学历不限,2.0,0,0,0,1,0,学历不限,58同城,2026-09-25 00:51:14
3041,411423,宁陵县,商丘市,商丘市,商丘-宁陵,雨后青苔,锂电池工厂销售总监,10000.0,30000.0,学历不限,1.0,0,0,0,1,0,学历不限,58同城,2026-09-25 00:51:14
3042,411423,宁陵县,商丘市,商丘市,宁陵-人民路,刘彬,室内设计师,4000.0,5000.0,大专,3.0,1,0,0,0,0,大专及以上,58同城,2026-09-25 00:51:14
3043,411423,宁陵县,商丘市,商丘市,商丘-宁陵,张先生,急招健身教练无经验可培养,6000.0,12000.0,未注明,,0,0,0,0,1,未注明,58同城,2026-09-25 00:51:14
3044,411423,宁陵县,商丘市,商丘市,宁陵-人民路,刘彬,设计师家装,3000.0,4000.0,大专,3.0,1,0,0,0,0,大专及以上,58同城,2026-09-25 00:51:14
3045,411423,宁陵县,商丘市,商丘市,商丘-宁陵,王先生,蓝牙耳机包质检装贴标253坐班长白班,6500.0,7500.0,未注明,,0,0,0,0,1,未注明,58同城,2026-09-25 00:51:14
3046,411423,宁陵县,商丘市,商丘市,商丘-宁陵,爱绘图de辛师傅,货运公司招聘C本货运司机不装不卸,6500.0,8000.0,学历不限,5.0,0,0,0,1,0,学历不限,58同城,2026-09-25 00:51:14
3047,411423,宁陵县,商丘市,商丘市,商丘-宁陵,倪总想收藏,商丘新捷商贸有限公司普工/操作工包住,5000.0,8000.0,未注明,,0,0,0,0,1,未注明,58同城,2026-09-25 00:51:14
3048,411423,宁陵县,商丘市,商丘市,商丘-睢阳,周高峰,印刷公司技工,4500.0,7500.0,未注明,,0,0,0,0,1,未注明,58同城,2026-09-25 00:51:17
3049,411423,宁陵县,商丘市,商丘市,虞城-江南购物,喂小鱼的悠悠,店员/营业员,3000.0,3500.0,学历不限,1.0,0,0,0,1,0,学历不限,58同城,2026-09-25 00:51:17
3050,411423,宁陵县,商丘市,商丘市,商丘-梁园,衣果名店沐知雪R昱帛贝儿R,服装店员/营业员（中午管... 小程序,3500.0,4000.0,未注明,,0,0,0,0,1,未注明,58同城,2026-09-25 00:51:17
3051,411423,宁陵县,商丘市,商丘市,商丘-梁园,今龙不锈钢门业,门窗厂普工/操作工4k起,4000.0,5000.0,学历不限,,0,0,0,1,0,学历不限,58同城,2026-09-25 00:51:17
3052,411423,宁陵县,商丘市,商丘市,商丘,看云的刘同学,急聘铁路地勤上一休一免费食宿五险一金,5000.0,6000.0,未注明,,0,0,0,0,1,未注明,58同城,2026-09-25 00:51:17
3053,411423,宁陵县,商丘市,商丘市,梁园-凯旋商城,李先生,颐韵保健服务部店员/营业员包吃包住,5500.0,6000.0,未注明,,0,0,0,0,1,未注明,58同城,2026-09-25 00:51:17
3054,411423,宁陵县,商丘市,商丘市,梁园-凯旋商城,陈曦,急急急缺助理洗头工,2000.0,4000.0,未注明,,0,0,0,0,1,未注明,58同城,2026-09-25 00:51:17
3055,411423,宁陵县,商丘市,商丘市,商丘-睢阳,王宇,缝纫机工,2500.0,5000.0,未注明,,0,0,0,0,1,未注明,58同城,2026-09-25 00:51:17
3056,411423,宁陵县,商丘市,商丘市,睢阳-华夏游乐园,秦习斌先生,店员/营业员,2500.0,4500.0,学历不限,,0,0,0,1,0,学历不限,58同城,2026-09-25 00:51:17
3057,411423,宁陵县,商丘市,商丘市,梁园-凯旋商城,李先生,颐韵保健服务部店员/包吃包住,2500.0,4500.0,未注明,,0,0,0,0,1,未注明,58同城,2026-09-25 00:51:17
3058,411423,宁陵县,商丘市,商丘市,商丘-柘城,茉然,中餐厅后厨2000起,2000.0,4000.0,未注明,,0,0,0,0,1,未注明,58同城,2026-09-25 00:51:17
3059,411423,宁陵县,商丘市,商丘市,商丘-梁园,做我自己,其他职位,3000.0,5000.0,学历不限,,0,0,0,1,0,学历不限,58同城,2026-09-25 00:51:17
3060,411423,宁陵县,商丘市,商丘市,梁园-高铁商城,袁经理,后厨/帮厨3500起,3500.0,3800.0,学历不限,3.0,0,0,0,1,0,学历不限,58同城,2026-09-25 00:51:17
3061,411423,宁陵县,商丘市,商丘市,商丘周边-其他,田先生,4000以上招聘平面设计,2500.0,5000.0,未注明,,0,0,0,0,1,未注明,58同城,2026-09-25 00:51:17
3062,411423,宁陵县,商丘市,商丘市,商丘-睢阳,爱叫喊de毛同学,机械厂焊工/五险一金包住加班补助,10000.0,11500.0,未注明,,0,0,0,0,1,未注明,58同城,2026-09-25 00:51:17
3063,411423,宁陵县,商丘市,商丘市,宁陵-人民路,Coisini,饮品店服务员/打酒师2500起,2500.0,4500.0,学历不限,,0,0,0,1,0,学历不限,58同城,2026-09-25 00:51:17
3064,411423,宁陵县,商丘市,商丘市,商丘-睢阳,用户94185,餐饮店店员/营业员3000起,3000.0,3500.0,学历不限,1.0,0,0,0,1,0,学历不限,58同城,2026-09-25 00:51:17
3065,411423,宁陵县,商丘市,商丘市,商丘-虞城,君悦,餐饮收银,3000.0,4500.0,学历不限,,0,0,0,1,0,学历不限,58同城,2026-09-25 00:51:17
3066,411423,宁陵县,商丘市,商丘市,商丘-虞城,悄悄写日记的笔尖,销售顾问,3000.0,5000.0,学历不限,,0,0,0,1,0,学历不限,58同城,2026-09-25 00:51:17
3067,411423,宁陵县,商丘市,商丘市,商丘-虞城,卢先生,商丘簇辰商贸有限公司新媒体运营3千起,3000.0,4500.0,未注明,,0,0,0,0,1,未注明,58同城,2026-09-25 00:51:17
3068,411423,宁陵县,商丘市,商丘市,商丘周边-其他,蒙叔九千岁,商丘森荣服装激光切割操作工18-35岁,3000.0,5000.0,学历不限,3.0,0,0,0,1,0,学历不限,58同城,2026-09-25 00:51:17
3069,411423,宁陵县,商丘市,商丘市,民权-庄周大道,摸毛茸茸的暖暖,店员/营业员,2500.0,4500.0,学历不限,,0,0,0,1,0,学历不限,58同城,2026-09-25 00:51:17
3070,411423,宁陵县,商丘市,商丘市,睢阳-万达广场,Q,食品/饮料店员/营业员学历经验不限,2500.0,5000.0,学历不限,,0,0,0,1,0,学历不限,58同城,2026-09-25 00:51:17
3071,411423,宁陵县,商丘市,商丘市,商丘-睢阳,用户94185,熟食店店员/营业员3000起,3000.0,4500.0,学历不限,,0,0,0,1,0,学历不限,58同城,2026-09-25 00:51:17
3072,411423,宁陵县,商丘市,商丘市,商丘周边-其他,孙东艳,民权县急招服装/促销/导购员,3000.0,4500.0,学历不限,2.0,0,0,0,1,0,学历不限,58同城,2026-09-25 00:51:17
3073,411423,宁陵县,商丘市,商丘市,商丘-睢阳,王先生,文案策划待遇好,3000.0,7000.0,学历不限,,0,0,0,1,0,学历不限,58同城,2026-09-25 00:51:17
3074,411423,宁陵县,商丘市,商丘市,商丘-睢阳,汪女士,店员/营业员,2800.0,3500.0,未注明,,0,0,0,0,1,未注明,58同城,2026-09-25 00:51:17
3075,411423,宁陵县,商丘市,商丘市,商丘周边-其他,卓进生,督导/巡店,,,学历不限,,0,0,0,1,0,学历不限,58同城,2026-09-25 00:51:17
3076,411423,宁陵县,商丘市,商丘市,夏邑-孔祖大道,赵女士,美甲师,2500.0,4500.0,学历不限,,0,0,0,1,0,学历不限,58同城,2026-09-25 00:51:17
3077,411423,宁陵县,商丘市,商丘市,商丘周边-其他,用户7152,康复治疗师,,,未注明,,0,0,0,0,1,未注明,58同城,2026-09-25 00:51:17
3078,411423,宁陵县,商丘市,商丘市,商丘-宁陵,兰女士,宁陵货运司机,7000.0,11500.0,学历不限,3.0,0,0,0,1,0,学历不限,58同城,2026-09-25 00:52:25
3079,411423,宁陵县,商丘市,商丘市,商丘-睢阳,花田散步,商丘宁陵冷链物流司机11k起,11000.0,11500.0,学历不限,5.0,0,0,0,1,0,学历不限,58同城,2026-09-25 00:52:25
3080,411423,宁陵县,商丘市,商丘市,宁陵-人民路,爱洗澡de江同学,宁陵冷链物流司机11k起 小程序,11000.0,11500.0,学历不限,2.0,0,0,0,1,0,学历不限,58同城,2026-09-25 00:52:30
3081,411423,宁陵县,商丘市,商丘市,商丘-宁陵,孟女士,宁陵急招货运司机，工资月结不拖欠,5000.0,8000.0,学历不限,11.0,0,0,0,1,0,学历不限,58同城,2026-09-25 00:52:34
3082,411424,柘城县,商丘市,商丘市,商丘-柘城,能言善道de祝总,柘城招聘注塑工（包吃住）,5000.0,8500.0,学历不限,2.0,0,0,0,1,0,学历不限,58同城,2026-09-25 00:54:16
3083,411424,柘城县,商丘市,商丘市,柘城-百汇万洋商贸城,总在哼歌的旋律控,仓库管理月入6000双休交五险,5000.0,8000.0,未注明,,0,0,0,0,1,未注明,58同城,2026-09-25 00:54:16
3084,411424,柘城县,商丘市,商丘市,商丘-柘城,能言善道de祝总,鑫豫环包装注塑师傅包吃住 小程序,5000.0,8500.0,未注明,,0,0,0,0,1,未注明,58同城,2026-09-25 00:54:16
3085,411424,柘城县,商丘市,商丘市,商丘-柘城,品鸿供应链01,（柘城）往返专线C证货运司机,6500.0,8000.0,未注明,,0,0,0,0,1,未注明,58同城,2026-09-25 00:54:16
3086,411424,柘城县,商丘市,商丘市,柘城-百汇万洋商贸城,杨永超,汽车销售顾问3000-8000起,3000.0,8000.0,未注明,,0,0,0,0,1,未注明,58同城,2026-09-25 00:54:16
3087,411424,柘城县,商丘市,商丘市,商丘-柘城,茉然,中餐厅后厨2000起,2000.0,4000.0,未注明,,0,0,0,0,1,未注明,58同城,2026-09-25 00:54:16
3088,411424,柘城县,商丘市,商丘市,商丘-柘城,赵先生,筑诚别墅建筑工程公司/销售专员/2000,2000.0,10000.0,未注明,,0,0,0,0,1,未注明,58同城,2026-09-25 00:54:16
3089,411424,柘城县,商丘市,商丘市,商丘-柘城,步行街中段路西婕希贝尔,服饰商店/服装销售4千起,4000.0,7000.0,学历不限,,0,0,0,1,0,学历不限,58同城,2026-09-25 00:54:16
3090,411424,柘城县,商丘市,商丘市,商丘-柘城,郑先生,耳机厂包装工260一天/可日结/人走账清,7000.0,8000.0,未注明,,0,0,0,0,1,未注明,58同城,2026-09-25 00:54:16
3091,411424,柘城县,商丘市,商丘市,柘城-百汇万洋商贸城,433gxw,电商运营/3千起,3000.0,4500.0,学历不限,,0,0,0,1,0,学历不限,58同城,2026-09-25 00:54:16
3092,411424,柘城县,商丘市,商丘市,柘城-黄山路,王先生,店员/营业员,4000.0,5500.0,未注明,,0,0,0,0,1,未注明,58同城,2026-09-25 00:54:16
3093,411424,柘城县,商丘市,商丘市,商丘-柘城,张雅珺,柘城县析营饮品店奶茶/饮品师3千起,3000.0,3500.0,学历不限,,0,0,0,1,0,学历不限,58同城,2026-09-25 00:54:16
3094,411424,柘城县,商丘市,商丘市,商丘-柘城,紧张DE柯同学,商丘市鑫环包装有限公司注塑工学历不限,5000.0,8000.0,学历不限,,0,0,0,1,0,学历不限,58同城,2026-09-25 00:54:16
3095,411424,柘城县,商丘市,商丘市,商丘-柘城,数着泡泡的梦,奶茶店员工,2000.0,2500.0,未注明,,0,0,0,0,1,未注明,58同城,2026-09-25 00:54:16
3096,411424,柘城县,商丘市,商丘市,商丘-柘城,11y4nmn19,国农种业科技/短视频剪辑/2500起,2500.0,4500.0,学历不限,,0,0,0,1,0,学历不限,58同城,2026-09-25 00:54:16
3097,411424,柘城县,商丘市,商丘市,商丘-柘城,淡定de戚老板,木材厂木工/工作时间灵活,8000.0,10000.0,学历不限,,0,0,0,1,0,学历不限,58同城,2026-09-25 00:54:16
3098,411424,柘城县,商丘市,商丘市,商丘-柘城,王先生,医生助理,2000.0,5000.0,未注明,,0,0,0,0,1,未注明,58同城,2026-09-25 00:54:16
3099,411424,柘城县,商丘市,商丘市,商丘-柘城,李杀酒店管理,洗浴汤泉主管,4000.0,6000.0,未注明,,0,0,0,0,1,未注明,58同城,2026-09-25 00:54:16
3100,411424,柘城县,商丘市,商丘市,商丘-柘城,keyvin,物业水电工2500起,2500.0,4500.0,高中,1.0,0,0,0,0,0,高中/中专,58同城,2026-09-25 00:54:16
3101,411424,柘城县,商丘市,商丘市,商丘-柘城,孤零零的僧帽水母,武馆武术教练饭补包住,3000.0,5000.0,未注明,,0,0,0,0,1,未注明,58同城,2026-09-25 00:54:16
3102,411424,柘城县,商丘市,商丘市,商丘-柘城,翻看云朵的朵朵,自媒体运营工作时间灵活,2000.0,4500.0,学历不限,1.0,0,0,0,1,0,学历不限,58同城,2026-09-25 00:54:16
3103,411424,柘城县,商丘市,商丘市,商丘-柘城,郑先生,数据线贴标/240一天/可日结/人走账清,6500.0,8000.0,未注明,,0,0,0,0,1,未注明,58同城,2026-09-25 00:54:16
3104,411424,柘城县,商丘市,商丘市,商丘-柘城,穿彩虹鞋的嘟嘟,家具厂家居/家具设计3k起,5000.0,10000.0,学历不限,,0,0,0,1,0,学历不限,58同城,2026-09-25 00:54:16
3105,411424,柘城县,商丘市,商丘市,柘城-黄山路,申女士,新产线28/H简单手工活可预支普工,5500.0,7000.0,未注明,,0,0,0,0,1,未注明,58同城,2026-09-25 00:54:16
3106,411424,柘城县,商丘市,商丘市,商丘-柘城,高女士,直招铁路乘务地勤五险一金免费食宿带薪年假,5000.0,6000.0,未注明,,0,0,0,0,1,未注明,58同城,2026-09-25 00:54:16
3107,411424,柘城县,商丘市,商丘市,商丘-柘城,杨女士,组装工可日结240一天好上手包吃住,5500.0,7500.0,未注明,,0,0,0,0,1,未注明,58同城,2026-09-25 00:54:16
3108,411424,柘城县,商丘市,商丘市,商丘-柘城,李女士,急招健身教练新手-包教会,6000.0,12000.0,未注明,,0,0,0,0,1,未注明,58同城,2026-09-25 00:54:16
3109,411424,柘城县,商丘市,商丘市,商丘-柘城,梁女士,门店文员客服5000起宝妈优先,3000.0,7500.0,学历不限,10.0,0,0,0,1,0,学历不限,58同城,2026-09-25 00:54:16
3110,411424,柘城县,商丘市,商丘市,商丘-柘城,周飞宁,卡诺电气招聘电工,5000.0,7000.0,大专,5.0,1,0,0,0,0,大专及以上,58同城,2026-09-25 00:54:16
3111,411424,柘城县,商丘市,商丘市,商丘-柘城,悄悄种花的阿阳,柘城C1司机送百货不装卸无押金,6000.0,8000.0,学历不限,10.0,0,0,0,1,0,学历不限,58同城,2026-09-25 00:54:16
3112,411424,柘城县,商丘市,商丘市,商丘-睢阳,周高峰,印刷公司技工,4500.0,7500.0,未注明,,0,0,0,0,1,未注明,58同城,2026-09-25 00:54:20
3113,411424,柘城县,商丘市,商丘市,虞城-江南购物,喂小鱼的悠悠,店员/营业员,3000.0,3500.0,学历不限,1.0,0,0,0,1,0,学历不限,58同城,2026-09-25 00:54:20
3114,411424,柘城县,商丘市,商丘市,商丘-梁园,衣果名店沐知雪R昱帛贝儿R,服装店员/营业员（中午管... 小程序,3500.0,4000.0,未注明,,0,0,0,0,1,未注明,58同城,2026-09-25 00:54:20
3115,411424,柘城县,商丘市,商丘市,商丘-梁园,今龙不锈钢门业,门窗厂普工/操作工4k起,4000.0,5000.0,学历不限,,0,0,0,1,0,学历不限,58同城,2026-09-25 00:54:20
3116,411424,柘城县,商丘市,商丘市,商丘,看云的刘同学,急聘铁路地勤上一休一免费食宿五险一金,5000.0,6000.0,未注明,,0,0,0,0,1,未注明,58同城,2026-09-25 00:54:20
3117,411424,柘城县,商丘市,商丘市,梁园-凯旋商城,李先生,颐韵保健服务部店员/营业员包吃包住,5500.0,6000.0,未注明,,0,0,0,0,1,未注明,58同城,2026-09-25 00:54:20
3118,411424,柘城县,商丘市,商丘市,梁园-凯旋商城,陈曦,急急急缺助理洗头工,2000.0,4000.0,未注明,,0,0,0,0,1,未注明,58同城,2026-09-25 00:54:20
3119,411424,柘城县,商丘市,商丘市,商丘-睢阳,王宇,缝纫机工,2500.0,5000.0,未注明,,0,0,0,0,1,未注明,58同城,2026-09-25 00:54:20
3120,411424,柘城县,商丘市,商丘市,睢阳-华夏游乐园,秦习斌先生,店员/营业员,2500.0,4500.0,学历不限,,0,0,0,1,0,学历不限,58同城,2026-09-25 00:54:20
3121,411424,柘城县,商丘市,商丘市,梁园-凯旋商城,李先生,颐韵保健服务部店员/包吃包住,2500.0,4500.0,未注明,,0,0,0,0,1,未注明,58同城,2026-09-25 00:54:20
3122,411424,柘城县,商丘市,商丘市,商丘-梁园,做我自己,其他职位,3000.0,5000.0,学历不限,,0,0,0,1,0,学历不限,58同城,2026-09-25 00:54:20
3123,411424,柘城县,商丘市,商丘市,梁园-高铁商城,袁经理,后厨/帮厨3500起,3500.0,3800.0,学历不限,3.0,0,0,0,1,0,学历不限,58同城,2026-09-25 00:54:20
3124,411424,柘城县,商丘市,商丘市,商丘周边-其他,田先生,4000以上招聘平面设计,2500.0,5000.0,未注明,,0,0,0,0,1,未注明,58同城,2026-09-25 00:54:20
3125,411424,柘城县,商丘市,商丘市,商丘-睢阳,爱叫喊de毛同学,机械厂焊工/五险一金包住加班补助,10000.0,11500.0,未注明,,0,0,0,0,1,未注明,58同城,2026-09-25 00:54:20
3126,411424,柘城县,商丘市,商丘市,宁陵-人民路,Coisini,饮品店服务员/打酒师2500起,2500.0,4500.0,学历不限,,0,0,0,1,0,学历不限,58同城,2026-09-25 00:54:20
3127,411424,柘城县,商丘市,商丘市,商丘-睢阳,用户94185,餐饮店店员/营业员3000起,3000.0,3500.0,学历不限,1.0,0,0,0,1,0,学历不限,58同城,2026-09-25 00:54:20
3128,411424,柘城县,商丘市,商丘市,商丘-虞城,君悦,餐饮收银,3000.0,4500.0,学历不限,,0,0,0,1,0,学历不限,58同城,2026-09-25 00:54:20
3129,411424,柘城县,商丘市,商丘市,商丘-虞城,悄悄写日记的笔尖,销售顾问,3000.0,5000.0,学历不限,,0,0,0,1,0,学历不限,58同城,2026-09-25 00:54:20
3130,411424,柘城县,商丘市,商丘市,商丘-虞城,卢先生,商丘簇辰商贸有限公司新媒体运营3千起,3000.0,4500.0,未注明,,0,0,0,0,1,未注明,58同城,2026-09-25 00:54:20
3131,411424,柘城县,商丘市,商丘市,商丘周边-其他,蒙叔九千岁,商丘森荣服装激光切割操作工18-35岁,3000.0,5000.0,学历不限,3.0,0,0,0,1,0,学历不限,58同城,2026-09-25 00:54:20
3132,411424,柘城县,商丘市,商丘市,民权-庄周大道,摸毛茸茸的暖暖,店员/营业员,2500.0,4500.0,学历不限,,0,0,0,1,0,学历不限,58同城,2026-09-25 00:54:20
3133,411424,柘城县,商丘市,商丘市,睢阳-万达广场,Q,食品/饮料店员/营业员学历经验不限,2500.0,5000.0,学历不限,,0,0,0,1,0,学历不限,58同城,2026-09-25 00:54:20
3134,411424,柘城县,商丘市,商丘市,商丘-睢阳,用户94185,熟食店店员/营业员3000起,3000.0,4500.0,学历不限,,0,0,0,1,0,学历不限,58同城,2026-09-25 00:54:20
3135,411424,柘城县,商丘市,商丘市,商丘周边-其他,孙东艳,民权县急招服装/促销/导购员,3000.0,4500.0,学历不限,2.0,0,0,0,1,0,学历不限,58同城,2026-09-25 00:54:20
3136,411424,柘城县,商丘市,商丘市,商丘-睢阳,王先生,文案策划待遇好,3000.0,7000.0,学历不限,,0,0,0,1,0,学历不限,58同城,2026-09-25 00:54:20
3137,411424,柘城县,商丘市,商丘市,商丘-睢阳,汪女士,店员/营业员,2800.0,3500.0,未注明,,0,0,0,0,1,未注明,58同城,2026-09-25 00:54:20
3138,411424,柘城县,商丘市,商丘市,商丘周边-其他,卓进生,督导/巡店,,,学历不限,,0,0,0,1,0,学历不限,58同城,2026-09-25 00:54:20
3139,411424,柘城县,商丘市,商丘市,夏邑-孔祖大道,赵女士,美甲师,2500.0,4500.0,学历不限,,0,0,0,1,0,学历不限,58同城,2026-09-25 00:54:20
3140,411424,柘城县,商丘市,商丘市,商丘周边-其他,用户7152,康复治疗师,,,未注明,,0,0,0,0,1,未注明,58同城,2026-09-25 00:54:20
3141,411424,柘城县,商丘市,商丘市,商丘-柘城,刘女士,服装，搭配师,4000.0,8000.0,学历不限,2.0,0,0,0,1,0,学历不限,58同城,2026-09-25 00:55:14
3142,411424,柘城县,商丘市,商丘市,柘城县,,运祥货运·货运物流 服务区域：睢阳、梁园、永城、虞城、柘城...,,,未注明,,0,0,0,0,1,未注明,58同城,2026-09-25 00:56:59
3143,411424,柘城县,商丘市,商丘市,柘城县,,龙睿网络·网站建设/推广 服务区域：睢阳、梁园、虞城、柘城、夏邑...,,,未注明,,0,0,0,0,1,未注明,58同城,2026-09-25 00:56:59
3144,411424,柘城县,商丘市,商丘市,柘城县,,章贡区海平食品店（个体工商户）·外卖 服务区域：睢阳、梁园、永城、虞城、柘城...,,,未注明,,0,0,0,0,1,未注明,58同城,2026-09-25 00:56:59
3145,411424,柘城县,商丘市,商丘市,柘城县,,商丘爱月宝月嫂服务·全城服务 服务区域：睢阳、梁园、永城、虞城、柘城...,,,未注明,,0,0,0,0,1,未注明,58同城,2026-09-25 00:56:59
3146,411424,柘城县,商丘市,商丘市,柘城县,,商丘财讯达企业服务·工商注册 服务区域：睢阳、梁园、永城、虞城、柘城...,,,未注明,,0,0,0,0,1,未注明,58同城,2026-09-25 00:56:59
3147,411424,柘城县,商丘市,商丘市,柘城县,,章贡区古明飞餐饮店（个体工商户）·外卖 服务区域：睢阳、梁园、永城、虞城、柘城...,,,未注明,,0,0,0,0,1,未注明,58同城,2026-09-25 00:56:59
3148,411424,柘城县,商丘市,商丘市,柘城县,,商丘租车·租车 服务区域：睢阳、梁园、永城、虞城、柘城...,,,未注明,,0,0,0,0,1,未注明,58同城,2026-09-25 00:56:59
3149,411424,柘城县,商丘市,商丘市,柘城县,,南康区永瑞餐饮店（个体工商户）·外卖 服务区域：睢阳、梁园、永城、虞城、柘城...,,,未注明,,0,0,0,0,1,未注明,58同城,2026-09-25 00:56:59
3150,411424,柘城县,商丘市,商丘市,柘城县,,焦作利安信·租车 服务区域：睢阳、梁园、永城、虞城、柘城...,,,未注明,,0,0,0,0,1,未注明,58同城,2026-09-25 00:56:59
3151,411424,柘城县,商丘市,商丘市,柘城县,,商丘美食·美食 服务区域：睢阳、梁园、永城、虞城、柘城...,,,未注明,,0,0,0,0,1,未注明,58同城,2026-09-25 00:56:59
3152,411424,柘城县,商丘市,商丘市,柘城县,,商丘宏图空调回收搬家·空调回收 服务区域：睢阳、梁园、虞城、柘城、夏邑...,,,未注明,,0,0,0,0,1,未注明,58同城,2026-09-25 00:56:59
3153,411424,柘城县,商丘市,商丘市,柘城县,,家具维修安装服务·家具维修 服务区域：睢阳、梁园、永城、虞城、柘城...,,,未注明,,0,0,0,0,1,未注明,58同城,2026-09-25 00:56:59
3154,411425,虞城县,商丘市,商丘市,商丘-睢阳,周高峰,印刷公司技工,4500.0,7500.0,未注明,,0,0,0,0,1,未注明,58同城,2026-09-25 00:57:16
3155,411425,虞城县,商丘市,商丘市,虞城-江南购物,喂小鱼的悠悠,店员/营业员,3000.0,3500.0,学历不限,1.0,0,0,0,1,0,学历不限,58同城,2026-09-25 00:57:16
3156,411425,虞城县,商丘市,商丘市,商丘-梁园,衣果名店沐知雪R昱帛贝儿R,服装店员/营业员（中午管... 小程序,3500.0,4000.0,未注明,,0,0,0,0,1,未注明,58同城,2026-09-25 00:57:16
3157,411425,虞城县,商丘市,商丘市,商丘-梁园,今龙不锈钢门业,门窗厂普工/操作工4k起,4000.0,5000.0,学历不限,,0,0,0,1,0,学历不限,58同城,2026-09-25 00:57:16
3158,411425,虞城县,商丘市,商丘市,商丘,看云的刘同学,急聘铁路地勤上一休一免费食宿五险一金,5000.0,6000.0,未注明,,0,0,0,0,1,未注明,58同城,2026-09-25 00:57:16
3159,411425,虞城县,商丘市,商丘市,梁园-凯旋商城,李先生,颐韵保健服务部店员/营业员包吃包住,5500.0,6000.0,未注明,,0,0,0,0,1,未注明,58同城,2026-09-25 00:57:16
3160,411425,虞城县,商丘市,商丘市,梁园-凯旋商城,陈曦,急急急缺助理洗头工,2000.0,4000.0,未注明,,0,0,0,0,1,未注明,58同城,2026-09-25 00:57:16
3161,411425,虞城县,商丘市,商丘市,睢阳-华夏游乐园,秦习斌先生,店员/营业员,2500.0,4500.0,学历不限,,0,0,0,1,0,学历不限,58同城,2026-09-25 00:57:16
3162,411425,虞城县,商丘市,商丘市,商丘-睢阳,王宇,缝纫机工,2500.0,5000.0,未注明,,0,0,0,0,1,未注明,58同城,2026-09-25 00:57:16
3163,411425,虞城县,商丘市,商丘市,梁园-凯旋商城,李先生,颐韵保健服务部店员/包吃包住,2500.0,4500.0,未注明,,0,0,0,0,1,未注明,58同城,2026-09-25 00:57:16
3164,411425,虞城县,商丘市,商丘市,商丘-柘城,茉然,中餐厅后厨2000起,2000.0,4000.0,未注明,,0,0,0,0,1,未注明,58同城,2026-09-25 00:57:16
3165,411425,虞城县,商丘市,商丘市,商丘-梁园,做我自己,其他职位,3000.0,5000.0,学历不限,,0,0,0,1,0,学历不限,58同城,2026-09-25 00:57:16
3166,411425,虞城县,商丘市,商丘市,梁园-高铁商城,袁经理,后厨/帮厨3500起,3500.0,3800.0,学历不限,3.0,0,0,0,1,0,学历不限,58同城,2026-09-25 00:57:16
3167,411425,虞城县,商丘市,商丘市,商丘周边-其他,田先生,4000以上招聘平面设计,2500.0,5000.0,未注明,,0,0,0,0,1,未注明,58同城,2026-09-25 00:57:16
3168,411425,虞城县,商丘市,商丘市,宁陵-人民路,Coisini,饮品店服务员/打酒师2500起,2500.0,4500.0,学历不限,,0,0,0,1,0,学历不限,58同城,2026-09-25 00:57:16
3169,411425,虞城县,商丘市,商丘市,商丘-睢阳,爱叫喊de毛同学,机械厂焊工/五险一金包住加班补助,10000.0,11500.0,未注明,,0,0,0,0,1,未注明,58同城,2026-09-25 00:57:16
3170,411425,虞城县,商丘市,商丘市,商丘周边-其他,蒙叔九千岁,商丘森荣服装激光切割操作工18-35岁,3000.0,5000.0,学历不限,3.0,0,0,0,1,0,学历不限,58同城,2026-09-25 00:57:16
3171,411425,虞城县,商丘市,商丘市,民权-庄周大道,摸毛茸茸的暖暖,店员/营业员,2500.0,4500.0,学历不限,,0,0,0,1,0,学历不限,58同城,2026-09-25 00:57:16
3172,411425,虞城县,商丘市,商丘市,商丘-虞城,君悦,餐饮收银,3000.0,4500.0,学历不限,,0,0,0,1,0,学历不限,58同城,2026-09-25 00:57:16
3173,411425,虞城县,商丘市,商丘市,商丘-虞城,悄悄写日记的笔尖,销售顾问,3000.0,5000.0,学历不限,,0,0,0,1,0,学历不限,58同城,2026-09-25 00:57:16
3174,411425,虞城县,商丘市,商丘市,商丘-睢阳,用户94185,餐饮店店员/营业员3000起,3000.0,3500.0,学历不限,1.0,0,0,0,1,0,学历不限,58同城,2026-09-25 00:57:16
3175,411425,虞城县,商丘市,商丘市,商丘-虞城,卢先生,商丘簇辰商贸有限公司新媒体运营3千起,3000.0,4500.0,未注明,,0,0,0,0,1,未注明,58同城,2026-09-25 00:57:16
3176,411425,虞城县,商丘市,商丘市,睢阳-万达广场,Q,食品/饮料店员/营业员学历经验不限,2500.0,5000.0,学历不限,,0,0,0,1,0,学历不限,58同城,2026-09-25 00:57:16
3177,411425,虞城县,商丘市,商丘市,商丘-睢阳,用户94185,熟食店店员/营业员3000起,3000.0,4500.0,学历不限,,0,0,0,1,0,学历不限,58同城,2026-09-25 00:57:16
3178,411425,虞城县,商丘市,商丘市,商丘周边-其他,孙东艳,民权县急招服装/促销/导购员,3000.0,4500.0,学历不限,2.0,0,0,0,1,0,学历不限,58同城,2026-09-25 00:57:16
3179,411425,虞城县,商丘市,商丘市,商丘-睢阳,汪女士,店员/营业员,2800.0,3500.0,未注明,,0,0,0,0,1,未注明,58同城,2026-09-25 00:57:16
3180,411425,虞城县,商丘市,商丘市,商丘-睢阳,王先生,文案策划待遇好,3000.0,7000.0,学历不限,,0,0,0,1,0,学历不限,58同城,2026-09-25 00:57:16
3181,411425,虞城县,商丘市,商丘市,商丘周边-其他,卓进生,督导/巡店,,,学历不限,,0,0,0,1,0,学历不限,58同城,2026-09-25 00:57:16
3182,411425,虞城县,商丘市,商丘市,夏邑-孔祖大道,赵女士,美甲师,2500.0,4500.0,学历不限,,0,0,0,1,0,学历不限,58同城,2026-09-25 00:57:16
3183,411425,虞城县,商丘市,商丘市,商丘周边-其他,用户7152,康复治疗师,,,未注明,,0,0,0,0,1,未注明,58同城,2026-09-25 00:57:16
3184,411425,虞城县,商丘市,商丘市,商丘-虞城,闻花香的人,驼肉商贸有限公司/运营助理工作时间灵活,3000.0,10000.0,学历不限,,0,0,0,1,0,学历不限,58同城,2026-09-25 00:58:18
3185,411425,虞城县,商丘市,商丘市,商丘-虞城,爱啃小饼干的豆豆,虞城县小脑斧服装工作室游戏运营3千起,3000.0,10000.0,学历不限,,0,0,0,1,0,学历不限,58同城,2026-09-25 00:58:18
3186,411425,虞城县,商丘市,商丘市,虞城-江南购物,张先生,蓝天幼儿园早教/幼教2.5k起,2500.0,4500.0,未注明,,0,0,0,0,1,未注明,58同城,2026-09-25 00:58:18
3187,411425,虞城县,商丘市,商丘市,商丘-虞城,粑粑上的牙印,网店运营包住包吃年底双薪,3500.0,15000.0,未注明,,0,0,0,0,1,未注明,58同城,2026-09-25 00:58:18
3188,411425,虞城县,商丘市,商丘市,商丘-虞城,卢先生,运营/高提成,8000.0,12000.0,未注明,,0,0,0,0,1,未注明,58同城,2026-09-25 00:58:26
3189,411425,虞城县,商丘市,商丘市,商丘-虞城,石先生,商丘市兴驰表面处理有限公司/打磨工,4000.0,8000.0,学历不限,10.0,0,0,0,1,0,学历不限,58同城,2026-09-25 00:58:30
3190,411425,虞城县,商丘市,商丘市,虞城-新华时代广场,广式烧腊,烧腊师傅（不会可教）,5000.0,8000.0,未注明,,0,0,0,0,1,未注明,58同城,2026-09-25 00:58:30
3191,411425,虞城县,商丘市,商丘市,商丘,经理,虞城久长医院骨科医师 小程序,,,学历不限,3.0,0,0,0,1,0,学历不限,58同城,2026-09-25 00:58:34
3192,411425,虞城县,商丘市,商丘市,虞城-江南购物,AAAAAAA,虞城县车众汽车配件店/汽车零配件销售学历,3000.0,3500.0,未注明,,0,0,0,0,1,未注明,58同城,2026-09-25 00:58:34
3193,411425,虞城县,商丘市,商丘市,商丘-虞城,灵通的鸢尾,南关冷饮批发部店员/营业员,2500.0,4000.0,学历不限,,0,0,0,1,0,学历不限,58同城,2026-09-25 00:58:39
3194,411425,虞城县,商丘市,商丘市,商丘-虞城,152******59_njw,店员/营业员,2000.0,2500.0,学历不限,,0,0,0,1,0,学历不限,58同城,2026-09-25 00:58:39
3195,411425,虞城县,商丘市,商丘市,虞城-江南购物,飘渺,餐厅餐饮收银2500起,2500.0,4500.0,学历不限,,0,0,0,1,0,学历不限,58同城,2026-09-25 00:58:39
3196,411425,虞城县,商丘市,商丘市,商丘-虞城,傅先生,有经验的电商运营,3000.0,10000.0,高中,,0,0,0,0,0,高中/中专,58同城,2026-09-25 00:58:48
3197,411425,虞城县,商丘市,商丘市,商丘-虞城,卢先生,淘宝拼多多京东运营,3000.0,6000.0,未注明,,0,0,0,0,1,未注明,58同城,2026-09-25 00:58:48
3198,411425,虞城县,商丘市,商丘市,商丘-虞城,兰女士,C本司机6500起不装卸,6500.0,8500.0,学历不限,3.0,0,0,0,1,0,学历不限,58同城,2026-09-25 00:58:59
3199,411425,虞城县,商丘市,商丘市,商丘-虞城,贾先生,小件快递分拣230/天装卸搬运，活好干,6000.0,6500.0,未注明,,0,0,0,0,1,未注明,58同城,2026-09-25 00:59:22
3200,411425,虞城县,商丘市,商丘市,商丘-虞城,李女士,小件分拣装卸220一天免费吃住,5500.0,7000.0,未注明,,0,0,0,0,1,未注明,58同城,2026-09-25 00:59:26
3201,411425,虞城县,商丘市,商丘市,商丘-虞城,关先生,220元/天招分拣装卸包吃住，活轻松,6000.0,6500.0,未注明,,0,0,0,0,1,未注明,58同城,2026-09-25 00:59:26
3202,411425,虞城县,商丘市,商丘市,商丘-虞城,豆女士,小件分拣装卸220/一天包吃住,5500.0,6500.0,未注明,,0,0,0,0,1,未注明,58同城,2026-09-25 00:59:26
3203,411425,虞城县,商丘市,商丘市,商丘-虞城,岳先生,月薪6000急招理货、分拣、装卸、包吃住,5000.0,6500.0,未注明,,0,0,0,0,1,未注明,58同城,2026-09-25 00:59:26
3204,411425,虞城县,商丘市,商丘市,商丘-虞城,吴女士,漓江大道快递仓库分拣220一天包吃住,3000.0,5000.0,学历不限,100.0,0,0,0,1,0,学历不限,58同城,2026-09-25 00:59:26
3205,411425,虞城县,商丘市,商丘市,商丘-虞城,陈女士,小件分拣月6000加管吃管住男女不限,5500.0,6000.0,未注明,,0,0,0,0,1,未注明,58同城,2026-09-25 00:59:26
3206,411425,虞城县,商丘市,商丘市,商丘-虞城,祝女士,装卸分拣220/天包吃包住活轻松,6000.0,6500.0,未注明,,0,0,0,0,1,未注明,58同城,2026-09-25 00:59:26
3207,411425,虞城县,商丘市,商丘市,商丘-虞城,喜欢跳舞的小钱,月薪6000直招装卸工、分拣员（包吃住）,5500.0,6500.0,学历不限,20.0,0,0,0,1,0,学历不限,58同城,2026-09-25 00:59:26
3208,411425,虞城县,商丘市,商丘市,虞城-江南购物,曹先生,月薪6900急招小件分拣、装卸车、包吃住,5500.0,6500.0,未注明,,0,0,0,0,1,未注明,58同城,2026-09-25 00:59:26
3209,411425,虞城县,商丘市,商丘市,商丘-虞城,丁女士,小件分拣装卸220一天管吃住,5000.0,7000.0,未注明,,0,0,0,0,1,未注明,58同城,2026-09-25 00:59:26
3210,411425,虞城县,商丘市,商丘市,商丘-虞城,张女士,小件快递分拣装卸，包吃包住，月薪6000,5500.0,6500.0,未注明,,0,0,0,0,1,未注明,58同城,2026-09-25 00:59:26
3211,411425,虞城县,商丘市,商丘市,商丘-虞城,王先生,220元/天招快递分拣工，管吃住-可兼职,5500.0,6500.0,未注明,,0,0,0,0,1,未注明,58同城,2026-09-25 00:59:26
3212,411425,虞城县,商丘市,商丘市,商丘-虞城,卢先生,运营助理,2500.0,4500.0,学历不限,2.0,0,0,0,1,0,学历不限,58同城,2026-09-25 00:59:43
3213,411425,虞城县,商丘市,商丘市,商丘-虞城,卢先生,淘宝运营,4500.0,7500.0,未注明,,0,0,0,0,1,未注明,58同城,2026-09-25 00:59:43
3214,411425,虞城县,商丘市,商丘市,虞城-江南购物,W另类涂师傅,美容师,2000.0,4000.0,学历不限,,0,0,0,1,0,学历不限,58同城,2026-09-25 01:00:09
3215,411425,虞城县,商丘市,商丘市,虞城-江南购物,W另类涂师傅,养生保健店美体师包吃免费工服,2000.0,4500.0,未注明,,0,0,0,0,1,未注明,58同城,2026-09-25 01:00:09
3216,411425,虞城县,商丘市,商丘市,虞城县,,商丘保洁清洗·保洁清洗 服务区域：虞城、柘城,,,未注明,,0,0,0,0,1,未注明,58同城,2026-09-25 01:00:33
3217,411425,虞城县,商丘市,商丘市,虞城县,,惠吖吖·保洁清洗 服务区域：睢阳、梁园、永城、虞城、柘城...,,,未注明,,0,0,0,0,1,未注明,58同城,2026-09-25 01:00:33
3218,411425,虞城县,商丘市,商丘市,虞城县,,章贡区海平食品店（个体工商户）·外卖 服务区域：睢阳、梁园、永城、虞城、柘城...,,,未注明,,0,0,0,0,1,未注明,58同城,2026-09-25 01:00:33
3219,411425,虞城县,商丘市,商丘市,虞城县,,商丘爱月宝月嫂服务·全城服务 服务区域：睢阳、梁园、永城、虞城、柘城...,,,未注明,,0,0,0,0,1,未注明,58同城,2026-09-25 01:00:33
3220,411425,虞城县,商丘市,商丘市,虞城县,,商丘财讯达企业服务·工商注册 服务区域：睢阳、梁园、永城、虞城、柘城...,,,未注明,,0,0,0,0,1,未注明,58同城,2026-09-25 01:00:33
3221,411425,虞城县,商丘市,商丘市,虞城县,,商丘保洁清洗·保洁清洗 服务区域：睢阳、梁园、永城、虞城、柘城...,,,未注明,,0,0,0,0,1,未注明,58同城,2026-09-25 01:00:33
3222,411425,虞城县,商丘市,商丘市,虞城县,,章贡区古明飞餐饮店（个体工商户）·外卖 服务区域：睢阳、梁园、永城、虞城、柘城...,,,未注明,,0,0,0,0,1,未注明,58同城,2026-09-25 01:00:33
3223,411425,虞城县,商丘市,商丘市,虞城县,,南康区永瑞餐饮店（个体工商户）·外卖 服务区域：睢阳、梁园、永城、虞城、柘城...,,,未注明,,0,0,0,0,1,未注明,58同城,2026-09-25 01:00:33
3224,411425,虞城县,商丘市,商丘市,虞城县,,商丘美食·美食 服务区域：睢阳、梁园、永城、虞城、柘城...,,,未注明,,0,0,0,0,1,未注明,58同城,2026-09-25 01:00:33
3225,411425,虞城县,商丘市,商丘市,虞城县,,商丘宏图空调回收搬家·空调回收 服务区域：睢阳、梁园、虞城、柘城、夏邑...,,,未注明,,0,0,0,0,1,未注明,58同城,2026-09-25 01:00:33
3226,411425,虞城县,商丘市,商丘市,虞城县,,家具维修安装服务·家具维修 服务区域：睢阳、梁园、永城、虞城、柘城...,,,未注明,,0,0,0,0,1,未注明,58同城,2026-09-25 01:00:33
3227,411425,虞城县,商丘市,商丘市,虞城县,,商丘康贝儿家政服务·全城服务 服务区域：睢阳、梁园、永城、虞城、柘城...,,,未注明,,0,0,0,0,1,未注明,58同城,2026-09-25 01:00:33
3228,411426,夏邑县,商丘市,商丘市,商丘-夏邑,疯子,小吃/快餐店后厨3000起,3000.0,4500.0,未注明,,0,0,0,0,1,未注明,58同城,2026-09-25 01:00:51
3229,411426,夏邑县,商丘市,商丘市,夏邑-孔祖大道,李经理,优秀导购员,5000.0,8000.0,学历不限,,0,0,0,1,0,学历不限,58同城,2026-09-25 01:00:51
3230,411426,夏邑县,商丘市,商丘市,商丘-夏邑,刘女士,小吃店后厨/免费工服包吃 小程序,3000.0,4000.0,未注明,,0,0,0,0,1,未注明,58同城,2026-09-25 01:00:51
3231,411426,夏邑县,商丘市,商丘市,夏邑-夏邑汽车客运总站,偷偷看月亮的星星,服务员,1500.0,2000.0,学历不限,,0,0,0,1,0,学历不限,58同城,2026-09-25 01:00:51
3232,411426,夏邑县,商丘市,商丘市,商丘-夏邑,崔女士,服装店店员/营业员3千起,3000.0,5000.0,学历不限,2.0,0,0,0,1,0,学历不限,58同城,2026-09-25 01:00:51
3233,411426,夏邑县,商丘市,商丘市,夏邑-孔祖大道,郭先生,小红书抖音运营,5000.0,7000.0,高中,,0,0,0,0,0,高中/中专,58同城,2026-09-25 01:00:51
3234,411426,夏邑县,商丘市,商丘市,夏邑-孔祖大道,夏邑福迪盛世华联超市,超市理货员2500起,2500.0,3000.0,未注明,,0,0,0,0,1,未注明,58同城,2026-09-25 01:00:51
3235,411426,夏邑县,商丘市,商丘市,商丘-夏邑,招聘专员,明德置业/记账会计包吃五险周末双休,4000.0,7000.0,未注明,,0,0,0,0,1,未注明,58同城,2026-09-25 01:00:51
3236,411426,夏邑县,商丘市,商丘市,商丘-夏邑,爱爬山的舒博士,服务员,3000.0,4000.0,学历不限,,0,0,0,1,0,学历不限,58同城,2026-09-25 01:00:51
3237,411426,夏邑县,商丘市,商丘市,夏邑-孔祖大道,赵女士,美甲师,2500.0,4500.0,学历不限,,0,0,0,1,0,学历不限,58同城,2026-09-25 01:00:51
3238,411426,夏邑县,商丘市,商丘市,商丘-夏邑,招聘专员,夏邑县明德置业有限公司/记账会计五险包吃,4000.0,7000.0,未注明,,0,0,0,0,1,未注明,58同城,2026-09-25 01:00:51
3239,411426,夏邑县,商丘市,商丘市,夏邑-孔祖大道,夏邑福迪盛世华联超市,超市收银/2500起,2500.0,3000.0,未注明,,0,0,0,0,1,未注明,58同城,2026-09-25 01:00:51
3240,411426,夏邑县,商丘市,商丘市,商丘-夏邑,草莓掉进奶茶,招仓库货运司机/五险/不装卸,6500.0,8000.0,未注明,,0,0,0,0,1,未注明,58同城,2026-09-25 01:00:51
3241,411426,夏邑县,商丘市,商丘市,商丘-夏邑,何先生,JJ斗地主/游戏代练,4500.0,10000.0,未注明,,0,0,0,0,1,未注明,58同城,2026-09-25 01:00:51
3242,411426,夏邑县,商丘市,商丘市,夏邑-孔祖大道,夏邑福迪盛世华联超市,超市生鲜加工/猪肉分割师/5000起,5000.0,6000.0,未注明,,0,0,0,0,1,未注明,58同城,2026-09-25 01:00:51
3243,411426,夏邑县,商丘市,商丘市,商丘-夏邑,D心慰屠老板,夏邑县顺亿家装饰部/木工/包住交通补助,4000.0,6000.0,未注明,,0,0,0,0,1,未注明,58同城,2026-09-25 01:00:51
3244,411426,夏邑县,商丘市,商丘市,夏邑-夏邑汽车客运总站,无忧,小吃/快餐店服务员2500起,2500.0,4000.0,学历不限,1.0,0,0,0,1,0,学历不限,58同城,2026-09-25 01:00:51
3245,411426,夏邑县,商丘市,商丘市,夏邑-孔祖大道,招聘专员,店长,4000.0,5000.0,学历不限,1.0,0,0,0,1,0,学历不限,58同城,2026-09-25 01:00:51
3246,411426,夏邑县,商丘市,商丘市,商丘-夏邑,梦总会碎,火锅店服务员/免费工服包吃包住,2000.0,4000.0,未注明,,0,0,0,0,1,未注明,58同城,2026-09-25 01:00:51
3247,411426,夏邑县,商丘市,商丘市,商丘-夏邑,阳光,甜品/烘焙店蛋糕/裱花师加班补助饭补,3500.0,5000.0,未注明,,0,0,0,0,1,未注明,58同城,2026-09-25 01:00:51
3248,411426,夏邑县,商丘市,商丘市,商丘-夏邑,小憩时的阳光,中餐厅厨师6k起,6000.0,10000.0,未注明,,0,0,0,0,1,未注明,58同城,2026-09-25 01:00:51
3249,411426,夏邑县,商丘市,商丘市,商丘-夏邑,霍先生,电动牙刷贴标签一天260包吃包住,6500.0,7500.0,未注明,,0,0,0,0,1,未注明,58同城,2026-09-25 01:00:51
3250,411426,夏邑县,商丘市,商丘市,商丘-夏邑,慧,课程顾问,2000.0,5000.0,高中,,0,0,0,0,0,高中/中专,58同城,2026-09-25 01:00:51
3251,411426,夏邑县,商丘市,商丘市,商丘-夏邑,李先生,电脑贴标签260一天包吃包住,6500.0,7500.0,未注明,,0,0,0,0,1,未注明,58同城,2026-09-25 01:00:51
3252,411426,夏邑县,商丘市,商丘市,夏邑-孔祖大道,木易,超市生鲜主管,3500.0,5000.0,学历不限,2.0,0,0,0,1,0,学历不限,58同城,2026-09-25 01:00:51
3253,411426,夏邑县,商丘市,商丘市,商丘-夏邑,张先生,八千招健身教练不会可培训,6500.0,13000.0,未注明,,0,0,0,0,1,未注明,58同城,2026-09-25 01:00:51
3254,411426,夏邑县,商丘市,商丘市,商丘-夏邑,李先生,鼠标贴标签260一天包吃包住,6500.0,7500.0,未注明,,0,0,0,0,1,未注明,58同城,2026-09-25 01:00:51
3255,411426,夏邑县,商丘市,商丘市,商丘-夏邑,爱种多肉花,数据线贴标签包吃包住260一天,6500.0,7500.0,未注明,,0,0,0,0,1,未注明,58同城,2026-09-25 01:00:51
3256,411426,夏邑县,商丘市,商丘市,商丘-夏邑,常先生,传菜员包吃,2800.0,3000.0,学历不限,1.0,0,0,0,1,0,学历不限,58同城,2026-09-25 01:00:51
3257,411426,夏邑县,商丘市,商丘市,商丘-夏邑,常先生,夏邑县急招服务员包吃,3500.0,5000.0,未注明,,0,0,0,0,1,未注明,58同城,2026-09-25 01:00:51
3258,411426,夏邑县,商丘市,商丘市,商丘-睢阳,周高峰,印刷公司技工,4500.0,7500.0,未注明,,0,0,0,0,1,未注明,58同城,2026-09-25 01:01:04
3259,411426,夏邑县,商丘市,商丘市,虞城-江南购物,喂小鱼的悠悠,店员/营业员,3000.0,3500.0,学历不限,1.0,0,0,0,1,0,学历不限,58同城,2026-09-25 01:01:04
3260,411426,夏邑县,商丘市,商丘市,商丘-梁园,衣果名店沐知雪R昱帛贝儿R,服装店员/营业员（中午管... 小程序,3500.0,4000.0,未注明,,0,0,0,0,1,未注明,58同城,2026-09-25 01:01:04
3261,411426,夏邑县,商丘市,商丘市,商丘-梁园,今龙不锈钢门业,门窗厂普工/操作工4k起,4000.0,5000.0,学历不限,,0,0,0,1,0,学历不限,58同城,2026-09-25 01:01:04
3262,411426,夏邑县,商丘市,商丘市,商丘,看云的刘同学,急聘铁路地勤上一休一免费食宿五险一金,5000.0,6000.0,未注明,,0,0,0,0,1,未注明,58同城,2026-09-25 01:01:04
3263,411426,夏邑县,商丘市,商丘市,梁园-凯旋商城,李先生,颐韵保健服务部店员/营业员包吃包住,5500.0,6000.0,未注明,,0,0,0,0,1,未注明,58同城,2026-09-25 01:01:04
3264,411426,夏邑县,商丘市,商丘市,商丘-睢阳,王宇,缝纫机工,2500.0,5000.0,未注明,,0,0,0,0,1,未注明,58同城,2026-09-25 01:01:04
3265,411426,夏邑县,商丘市,商丘市,睢阳-华夏游乐园,秦习斌先生,店员/营业员,2500.0,4500.0,学历不限,,0,0,0,1,0,学历不限,58同城,2026-09-25 01:01:04
3266,411426,夏邑县,商丘市,商丘市,梁园-凯旋商城,李先生,颐韵保健服务部店员/包吃包住,2500.0,4500.0,未注明,,0,0,0,0,1,未注明,58同城,2026-09-25 01:01:04
3267,411426,夏邑县,商丘市,商丘市,梁园-凯旋商城,陈曦,急急急缺助理洗头工,2000.0,4000.0,未注明,,0,0,0,0,1,未注明,58同城,2026-09-25 01:01:04
3268,411426,夏邑县,商丘市,商丘市,商丘-柘城,茉然,中餐厅后厨2000起,2000.0,4000.0,未注明,,0,0,0,0,1,未注明,58同城,2026-09-25 01:01:04
3269,411426,夏邑县,商丘市,商丘市,商丘-梁园,做我自己,其他职位,3000.0,5000.0,学历不限,,0,0,0,1,0,学历不限,58同城,2026-09-25 01:01:04
3270,411426,夏邑县,商丘市,商丘市,梁园-高铁商城,袁经理,后厨/帮厨3500起,3500.0,3800.0,学历不限,3.0,0,0,0,1,0,学历不限,58同城,2026-09-25 01:01:04
3271,411426,夏邑县,商丘市,商丘市,商丘周边-其他,田先生,4000以上招聘平面设计,2500.0,5000.0,未注明,,0,0,0,0,1,未注明,58同城,2026-09-25 01:01:04
3272,411426,夏邑县,商丘市,商丘市,商丘-睢阳,爱叫喊de毛同学,机械厂焊工/五险一金包住加班补助,10000.0,11500.0,未注明,,0,0,0,0,1,未注明,58同城,2026-09-25 01:01:04
3273,411426,夏邑县,商丘市,商丘市,宁陵-人民路,Coisini,饮品店服务员/打酒师2500起,2500.0,4500.0,学历不限,,0,0,0,1,0,学历不限,58同城,2026-09-25 01:01:04
3274,411426,夏邑县,商丘市,商丘市,商丘-睢阳,用户94185,餐饮店店员/营业员3000起,3000.0,3500.0,学历不限,1.0,0,0,0,1,0,学历不限,58同城,2026-09-25 01:01:04
3275,411426,夏邑县,商丘市,商丘市,商丘-虞城,悄悄写日记的笔尖,销售顾问,3000.0,5000.0,学历不限,,0,0,0,1,0,学历不限,58同城,2026-09-25 01:01:04
3276,411426,夏邑县,商丘市,商丘市,商丘-虞城,君悦,餐饮收银,3000.0,4500.0,学历不限,,0,0,0,1,0,学历不限,58同城,2026-09-25 01:01:04
3277,411426,夏邑县,商丘市,商丘市,商丘-虞城,卢先生,商丘簇辰商贸有限公司新媒体运营3千起,3000.0,4500.0,未注明,,0,0,0,0,1,未注明,58同城,2026-09-25 01:01:04
3278,411426,夏邑县,商丘市,商丘市,商丘周边-其他,蒙叔九千岁,商丘森荣服装激光切割操作工18-35岁,3000.0,5000.0,学历不限,3.0,0,0,0,1,0,学历不限,58同城,2026-09-25 01:01:04
3279,411426,夏邑县,商丘市,商丘市,民权-庄周大道,摸毛茸茸的暖暖,店员/营业员,2500.0,4500.0,学历不限,,0,0,0,1,0,学历不限,58同城,2026-09-25 01:01:04
3280,411426,夏邑县,商丘市,商丘市,睢阳-万达广场,Q,食品/饮料店员/营业员学历经验不限,2500.0,5000.0,学历不限,,0,0,0,1,0,学历不限,58同城,2026-09-25 01:01:04
3281,411426,夏邑县,商丘市,商丘市,商丘-睢阳,用户94185,熟食店店员/营业员3000起,3000.0,4500.0,学历不限,,0,0,0,1,0,学历不限,58同城,2026-09-25 01:01:04
3282,411426,夏邑县,商丘市,商丘市,商丘周边-其他,孙东艳,民权县急招服装/促销/导购员,3000.0,4500.0,学历不限,2.0,0,0,0,1,0,学历不限,58同城,2026-09-25 01:01:04
3283,411426,夏邑县,商丘市,商丘市,商丘-睢阳,王先生,文案策划待遇好,3000.0,7000.0,学历不限,,0,0,0,1,0,学历不限,58同城,2026-09-25 01:01:04
3284,411426,夏邑县,商丘市,商丘市,商丘-睢阳,汪女士,店员/营业员,2800.0,3500.0,未注明,,0,0,0,0,1,未注明,58同城,2026-09-25 01:01:04
3285,411426,夏邑县,商丘市,商丘市,商丘周边-其他,卓进生,督导/巡店,,,学历不限,,0,0,0,1,0,学历不限,58同城,2026-09-25 01:01:04
3286,411426,夏邑县,商丘市,商丘市,商丘周边-其他,用户7152,康复治疗师,,,未注明,,0,0,0,0,1,未注明,58同城,2026-09-25 01:01:04
3287,411426,夏邑县,商丘市,商丘市,商丘-夏邑,招聘专员,管道验收员,3000.0,5000.0,学历不限,,0,0,0,1,0,学历不限,58同城,2026-09-25 01:01:36
3288,411426,夏邑县,商丘市,商丘市,商丘-夏邑,用户36701,美发助理/学徒,800.0,5000.0,学历不限,,0,0,0,1,0,学历不限,58同城,2026-09-25 01:03:19
3289,411426,夏邑县,商丘市,商丘市,夏邑-孔祖大道,_,发型师以及美发助理学徒,2500.0,5000.0,学历不限,1.0,0,0,0,1,0,学历不限,58同城,2026-09-25 01:03:19
3290,411426,夏邑县,商丘市,商丘市,夏邑县,,夏邑县大飞家电维修铺·保洁清洗 服务区域：夏邑,,,未注明,,0,0,0,0,1,未注明,58同城,2026-09-25 01:03:39
3291,411426,夏邑县,商丘市,商丘市,夏邑县,,迁喜搬家·搬家 服务区域：睢阳、梁园、夏邑,,,未注明,,0,0,0,0,1,未注明,58同城,2026-09-25 01:03:39
3292,411426,夏邑县,商丘市,商丘市,夏邑县,,商丘宏图空调回收搬家·空调回收 服务区域：睢阳、梁园、虞城、柘城、夏邑...,,,未注明,,0,0,0,0,1,未注明,58同城,2026-09-25 01:03:39
3293,411481,永城市,商丘市,商丘市,永城,李先生,物业保安可预支包吃住,4500.0,5000.0,未注明,,0,0,0,0,1,未注明,58同城,2026-09-25 01:03:56
3294,411481,永城市,商丘市,商丘市,永城,王先生,急招保安待遇优厚包吃住工作轻松稳定环境好,4500.0,5000.0,未注明,,0,0,0,0,1,未注明,58同城,2026-09-25 01:03:56
3295,411481,永城市,商丘市,商丘市,永城,姜女士,急招学校坐岗保安包吃住上... 小程序,4500.0,5000.0,未注明,,0,0,0,0,1,未注明,58同城,2026-09-25 01:03:56
3296,411481,永城市,商丘市,商丘市,城区-永城城区,河南中润新程食品有限公司,食品厂猪肉分割工包住6000-10000,5500.0,6000.0,未注明,,0,0,0,0,1,未注明,58同城,2026-09-25 01:03:56
3297,411481,永城市,商丘市,商丘市,城区-永城城区,河南中润新程食品有限公司,生鲜经理/包住/福利待遇好,5000.0,8000.0,未注明,,0,0,0,0,1,未注明,58同城,2026-09-25 01:03:56
3298,411481,永城市,商丘市,商丘市,永城-其他,Zz,永城招聘美容学徒（中午管饭）,2000.0,3000.0,未注明,,0,0,0,0,1,未注明,58同城,2026-09-25 01:03:56
3299,411481,永城市,商丘市,商丘市,永城-其他,玉来玉爱,羊肉汤学徒,2000.0,5000.0,学历不限,1.0,0,0,0,1,0,学历不限,58同城,2026-09-25 01:03:56
3300,411481,永城市,商丘市,商丘市,永城-其他,四叶草,营业厅店员/营业员2000起,2000.0,4500.0,未注明,,0,0,0,0,1,未注明,58同城,2026-09-25 01:03:56
3301,411481,永城市,商丘市,商丘市,城区-永城城区,用户79603,洗车工。美容。装饰。贴膜。师傅,2000.0,6000.0,未注明,,0,0,0,0,1,未注明,58同城,2026-09-25 01:03:56
3302,411481,永城市,商丘市,商丘市,永城-其他,光明磊落_栾同学,质简美发店美发助理技师/学徒饭补,2000.0,2500.0,未注明,,0,0,0,0,1,未注明,58同城,2026-09-25 01:03:56
3303,411481,永城市,商丘市,商丘市,其他-永城其他,MAN,建筑施工现场管理/6k起,6000.0,10000.0,学历不限,,0,0,0,1,0,学历不限,58同城,2026-09-25 01:03:56
3304,411481,永城市,商丘市,商丘市,永城-其他,加油,汽车维修早8晚6,2000.0,3000.0,学历不限,,0,0,0,1,0,学历不限,58同城,2026-09-25 01:03:56
3305,411481,永城市,商丘市,商丘市,永城-其他,Zz,永城市招聘美容师（中午管饭）,2000.0,4000.0,未注明,,0,0,0,0,1,未注明,58同城,2026-09-25 01:03:56
3306,411481,永城市,商丘市,商丘市,城区-欧蓓莎国际商城,李经理,修理厂汽车维修包吃加班补助,3000.0,4500.0,未注明,,0,0,0,0,1,未注明,58同城,2026-09-25 01:03:56
3307,411481,永城市,商丘市,商丘市,城区-永城城区,河南中润新程食品有限公司,食品屠宰普工/包住/6000-8000,6000.0,8000.0,未注明,,0,0,0,0,1,未注明,58同城,2026-09-25 01:03:56
3308,411481,永城市,商丘市,商丘市,永城-其他,爱看戏的谌师傅,五六七美容美甲店/美甲师/2400起,2400.0,2700.0,学历不限,1.0,0,0,0,1,0,学历不限,58同城,2026-09-25 01:03:56
3309,411481,永城市,商丘市,商丘市,其他-永城其他,反应敏锐_漕老板,舞蹈老师,,,学历不限,,0,0,0,1,0,学历不限,58同城,2026-09-25 01:03:56
3310,411481,永城市,商丘市,商丘市,城区-欧蓓莎国际商城,追着蝴蝶跑的阿飞,置业顾问,3000.0,8000.0,大专,6.0,1,0,0,0,0,大专及以上,58同城,2026-09-25 01:03:56
3311,411481,永城市,商丘市,商丘市,其他-永城其他,杨助理,中餐厨师3000起,3000.0,6000.0,学历不限,,0,0,0,1,0,学历不限,58同城,2026-09-25 01:03:56
3312,411481,永城市,商丘市,商丘市,城区-欧蓓莎国际商城,王先生,玩具厂包装260/天包吃住可日结,5000.0,7000.0,未注明,,0,0,0,0,1,未注明,58同城,2026-09-25 01:03:56
3313,411481,永城市,商丘市,商丘市,永城-城区,赵医生,口腔医生5000起,5000.0,20000.0,学历不限,3.0,0,0,0,1,0,学历不限,58同城,2026-09-25 01:03:56
3314,411481,永城市,商丘市,商丘市,其他-永城其他,毫不犹豫兰博士W,高新招聘普工操作工五险包吃住,5500.0,8500.0,未注明,,0,0,0,0,1,未注明,58同城,2026-09-25 01:03:56
3315,411481,永城市,商丘市,商丘市,永城,喜欢散步的阿花,质检员上班转一转280一天,6000.0,8000.0,未注明,,0,0,0,0,1,未注明,58同城,2026-09-25 01:03:56
3316,411481,永城市,商丘市,商丘市,永城,石卫兵,电梯安装/包吃包住,4500.0,12000.0,未注明,,0,0,0,0,1,未注明,58同城,2026-09-25 01:03:56
3317,411481,永城市,商丘市,商丘市,永城,万经理,急招短视频运营,,,未注明,,0,0,0,0,1,未注明,58同城,2026-09-25 01:03:56
3318,411481,永城市,商丘市,商丘市,城区-永城城区,叠纸船的静静妹,日料/日料厨师房补包住包吃,6000.0,10000.0,未注明,,0,0,0,0,1,未注明,58同城,2026-09-25 01:03:56
3319,411481,永城市,商丘市,商丘市,永城-城区,用户38586,永城急招保险查勘/五险一金周末双休,2500.0,4000.0,未注明,,0,0,0,0,1,未注明,58同城,2026-09-25 01:03:56
3320,411481,永城市,商丘市,商丘市,永城,摘星星的点点,质检员上班转一转280一天,6000.0,8000.0,未注明,,0,0,0,0,1,未注明,58同城,2026-09-25 01:03:56
3321,411481,永城市,商丘市,商丘市,永城-城区,用户38586,诚泰财产保险保险查勘定损周末双休,2500.0,4000.0,未注明,,0,0,0,0,1,未注明,58同城,2026-09-25 01:03:56
3322,411481,永城市,商丘市,商丘市,永城-城区,用户38586,永城急招诚泰财产保险查勘定损五险一金双休,2500.0,4000.0,未注明,,0,0,0,0,1,未注明,58同城,2026-09-25 01:03:56
3323,411481,永城市,商丘市,商丘市,永城市,,运祥货运·货运物流 服务区域：睢阳、梁园、永城、虞城、柘城...,,,未注明,,0,0,0,0,1,未注明,58同城,2026-09-25 01:06:44
3324,411481,永城市,商丘市,商丘市,永城市,,商丘市睢阳区全顺家政服务部·货运物流 服务区域：睢阳、梁园、永城、虞城、柘城...,,,未注明,,0,0,0,0,1,未注明,58同城,2026-09-25 01:06:44
3325,411481,永城市,商丘市,商丘市,永城市,,章贡区海平食品店（个体工商户）·外卖 服务区域：睢阳、梁园、永城、虞城、柘城...,,,未注明,,0,0,0,0,1,未注明,58同城,2026-09-25 01:06:44
3326,411481,永城市,商丘市,商丘市,永城市,,商丘爱月宝月嫂服务·全城服务 服务区域：睢阳、梁园、永城、虞城、柘城...,,,未注明,,0,0,0,0,1,未注明,58同城,2026-09-25 01:06:44
3327,411481,永城市,商丘市,商丘市,永城市,,商丘财讯达企业服务·工商注册 服务区域：睢阳、梁园、永城、虞城、柘城...,,,未注明,,0,0,0,0,1,未注明,58同城,2026-09-25 01:06:44
3328,411481,永城市,商丘市,商丘市,永城市,,章贡区古明飞餐饮店（个体工商户）·外卖 服务区域：睢阳、梁园、永城、虞城、柘城...,,,未注明,,0,0,0,0,1,未注明,58同城,2026-09-25 01:06:44
3329,411481,永城市,商丘市,商丘市,永城市,,商丘电动车换胎补胎换电瓶·汽车维修保养 服务区域：睢阳、梁园、永城、虞城、柘城...,,,未注明,,0,0,0,0,1,未注明,58同城,2026-09-25 01:06:44
3330,411481,永城市,商丘市,商丘市,永城市,,南康区永瑞餐饮店（个体工商户）·外卖 服务区域：睢阳、梁园、永城、虞城、柘城...,,,未注明,,0,0,0,0,1,未注明,58同城,2026-09-25 01:06:44
3331,411481,永城市,商丘市,商丘市,永城市,,商丘美食·美食 服务区域：睢阳、梁园、永城、虞城、柘城...,,,未注明,,0,0,0,0,1,未注明,58同城,2026-09-25 01:06:44
3332,411481,永城市,商丘市,商丘市,永城市,,家具维修安装服务·家具维修 服务区域：睢阳、梁园、永城、虞城、柘城...,,,未注明,,0,0,0,0,1,未注明,58同城,2026-09-25 01:06:44
3333,411481,永城市,商丘市,商丘市,永城市,,商丘市睢阳区佳诚电器经营部·电器回收 服务区域：睢阳、梁园、永城、虞城、柘城...,,,未注明,,0,0,0,0,1,未注明,58同城,2026-09-25 01:06:44
3334,411521,罗山县,信阳市,信阳市,信阳-罗山,翟先生,罗山电信营业厅电商主播,4000.0,6000.0,学历不限,3.0,0,0,0,1,0,学历不限,58同城,2026-09-25 01:07:01
3335,411521,罗山县,信阳市,信阳市,罗山-综合市场,柳先生,上五休二月薪8千（五险一金）普工可短期,8000.0,8500.0,未注明,,0,0,0,0,1,未注明,58同城,2026-09-25 01:07:01
3336,411521,罗山县,信阳市,信阳市,信阳-罗山,翟先生,罗山县电信分公司门店销售 小程序,3000.0,6000.0,未注明,,0,0,0,0,1,未注明,58同城,2026-09-25 01:07:01
3337,411521,罗山县,信阳市,信阳市,信阳-罗山,不善表达的派大星,青鸟教育教师周末双休,2000.0,2500.0,未注明,,0,0,0,0,1,未注明,58同城,2026-09-25 01:07:01
3338,411521,罗山县,信阳市,信阳市,罗山-综合市场,孙女士,肌后美容店/美容学徒,3000.0,5000.0,学历不限,3.0,0,0,0,1,0,学历不限,58同城,2026-09-25 01:07:01
3339,411521,罗山县,信阳市,信阳市,信阳-罗山,经理,罗山车辆公司铆工/钣金工,4000.0,6000.0,未注明,,0,0,0,0,1,未注明,58同城,2026-09-25 01:07:01
3340,411521,罗山县,信阳市,信阳市,信阳-罗山,任先生,罗山县艾汇理发店/美发助理/包住,1000.0,3000.0,未注明,,0,0,0,0,1,未注明,58同城,2026-09-25 01:07:01
3341,411521,罗山县,信阳市,信阳市,信阳-罗山,ZY,超市店员/营业员学历经验不限,3000.0,4500.0,未注明,,0,0,0,0,1,未注明,58同城,2026-09-25 01:07:01
3342,411521,罗山县,信阳市,信阳市,信阳-罗山,很优秀DE马老板,销售专员,3000.0,5000.0,学历不限,,0,0,0,1,0,学历不限,58同城,2026-09-25 01:07:01
3343,411521,罗山县,信阳市,信阳市,信阳-罗山,郭先生,物流有限公司机修工工作时间灵活,6000.0,15000.0,学历不限,,0,0,0,1,0,学历不限,58同城,2026-09-25 01:07:01
3344,411521,罗山县,信阳市,信阳市,信阳-罗山,齐总,服饰商店/机修工包吃包住,5500.0,8000.0,未注明,,0,0,0,0,1,未注明,58同城,2026-09-25 01:07:01
3345,411521,罗山县,信阳市,信阳市,信阳-罗山,翟先生,罗山电信营业厅营业员/不要短期工,3000.0,6000.0,未注明,,0,0,0,0,1,未注明,58同城,2026-09-25 01:07:01
3346,411521,罗山县,信阳市,信阳市,信阳-罗山,招人念的诗安珊,普工/操作工4000起,4000.0,4500.0,学历不限,11.0,0,0,0,1,0,学历不限,58同城,2026-09-25 01:07:01
3347,411521,罗山县,信阳市,信阳市,信阳-罗山,吕伟,母婴生活馆促销/导购员2000起,2000.0,6000.0,未注明,,0,0,0,0,1,未注明,58同城,2026-09-25 01:07:01
3348,411521,罗山县,信阳市,信阳市,信阳-罗山,袁先生,物理老师,2500.0,4000.0,本科,2.0,1,1,0,0,0,大专及以上,58同城,2026-09-25 01:07:01
3349,411521,罗山县,信阳市,信阳市,信阳-罗山,用户92236,甜品/烘焙店面点师3千起,2500.0,3500.0,学历不限,,0,0,0,1,0,学历不限,58同城,2026-09-25 01:07:01
3350,411521,罗山县,信阳市,信阳市,信阳-罗山,闫先生,设计师助理,2000.0,4000.0,大专,6.0,1,0,0,0,0,大专及以上,58同城,2026-09-25 01:07:01
3351,411521,罗山县,信阳市,信阳市,信阳-罗山,王先生,罗山及周边诚聘服装配送司机不装卸公司派单,8000.0,9500.0,学历不限,8.0,0,0,0,1,0,学历不限,58同城,2026-09-25 01:07:01
3352,411521,罗山县,信阳市,信阳市,罗山-天湖大道,痴恋de应同学,发型师包吃包住,4000.0,6000.0,未注明,,0,0,0,0,1,未注明,58同城,2026-09-25 01:07:01
3353,411521,罗山县,信阳市,信阳市,信阳-罗山,智兔物流喻女士,信阳8千急聘司机/工作时间灵活不装卸,8000.0,9500.0,学历不限,3.0,0,0,0,1,0,学历不限,58同城,2026-09-25 01:07:01
3354,411521,罗山县,信阳市,信阳市,信阳-罗山,邹女士,小厂贴标签280一天随走随结,7000.0,8500.0,未注明,,0,0,0,0,1,未注明,58同城,2026-09-25 01:07:01
3355,411521,罗山县,信阳市,信阳市,信阳-罗山,爱忍让的杜总,美睫美甲/2000起,2000.0,6000.0,学历不限,,0,0,0,1,0,学历不限,58同城,2026-09-25 01:07:01
3356,411521,罗山县,信阳市,信阳市,信阳-罗山,哼着小调的阿音,头疗师,3000.0,5000.0,学历不限,,0,0,0,1,0,学历不限,58同城,2026-09-25 01:07:01
3357,411521,罗山县,信阳市,信阳市,信阳-罗山,郑女士,9千包吃住招健身教练学徒,6000.0,13000.0,未注明,,0,0,0,0,1,未注明,58同城,2026-09-25 01:07:01
3358,411521,罗山县,信阳市,信阳市,信阳-罗山,闻女士,信阳聘樊文花美容师有晋升空间可电联,3000.0,6000.0,学历不限,5.0,0,0,0,1,0,学历不限,58同城,2026-09-25 01:07:01
3359,411521,罗山县,信阳市,信阳市,信阳-罗山,走神看飞鸟的笑笑,罗山-外卖骑手急聘,4000.0,8500.0,学历不限,40.0,0,0,0,1,0,学历不限,58同城,2026-09-25 01:07:01
3360,411521,罗山县,信阳市,信阳市,罗山-天湖大道,杨先生,包住八千招货运司机,8000.0,9000.0,未注明,,0,0,0,0,1,未注明,58同城,2026-09-25 01:07:01
3361,411521,罗山县,信阳市,信阳市,信阳-罗山,喝豆浆的苏小晨,货运司机省内市内都可跑,7500.0,9000.0,未注明,,0,0,0,0,1,未注明,58同城,2026-09-25 01:07:01
3362,411521,罗山县,信阳市,信阳市,信阳-罗山,许女士,电子厂普工直招接受短期工280一天,6000.0,7000.0,未注明,,0,0,0,0,1,未注明,58同城,2026-09-25 01:07:01
3363,411521,罗山县,信阳市,信阳市,罗山-综合市场,李先生,保安可预支工资0费用入职,4500.0,5000.0,未注明,,0,0,0,0,1,未注明,58同城,2026-09-25 01:07:01
3364,411521,罗山县,信阳市,信阳市,信阳-平桥,柴同学爱遵守,驾校教练,6000.0,9000.0,学历不限,2.0,0,0,0,1,0,学历不限,58同城,2026-09-25 01:07:05
3365,411521,罗山县,信阳市,信阳市,信阳,陈女士,门岗保安包吃住待遇好,4000.0,5000.0,未注明,,0,0,0,0,1,未注明,58同城,2026-09-25 01:07:05
3366,411521,罗山县,信阳市,信阳市,信阳,陈女士,停车场收费岗坐岗保安包吃... 小程序,4500.0,5000.0,未注明,,0,0,0,0,1,未注明,58同城,2026-09-25 01:07:05
3367,411521,罗山县,信阳市,信阳市,信阳-潢川,午后橘猫,便利店店员/营业员3千起,3000.0,5000.0,学历不限,,0,0,0,1,0,学历不限,58同城,2026-09-25 01:07:05
3368,411521,罗山县,信阳市,信阳市,平桥-丽宝广场,胡先生,眼镜店店员/营业员2500起,2500.0,4000.0,高中,3.0,0,0,0,0,0,高中/中专,58同城,2026-09-25 01:07:05
3369,411521,罗山县,信阳市,信阳市,平桥-金三角,翟先生,健康管理公司行政助理包吃五险一金包住,3000.0,5000.0,未注明,,0,0,0,0,1,未注明,58同城,2026-09-25 01:07:05
3370,411521,罗山县,信阳市,信阳市,羊山新区-信阳东站,宋经理,店员,2500.0,6000.0,未注明,,0,0,0,0,1,未注明,58同城,2026-09-25 01:07:05
3371,411521,罗山县,信阳市,信阳市,信阳-浉河,甜点控小陈,急聘铁路安检地勤上一休一免费食宿五险一金,4500.0,6000.0,未注明,,0,0,0,0,1,未注明,58同城,2026-09-25 01:07:05
3372,411521,罗山县,信阳市,信阳市,信阳-潢川,郭先生,小区保安/加班补助五险包吃住,4500.0,5000.0,未注明,,0,0,0,0,1,未注明,58同城,2026-09-25 01:07:05
3373,411521,罗山县,信阳市,信阳市,信阳-平桥,贺先生,无人机飞手工作时间灵活,5000.0,6000.0,学历不限,,0,0,0,1,0,学历不限,58同城,2026-09-25 01:07:05
3374,411521,罗山县,信阳市,信阳市,平桥-南京路,吹泡泡的宝,建筑劳务公司/办公室文员/3千起,3000.0,5000.0,学历不限,2.0,0,0,0,1,0,学历不限,58同城,2026-09-25 01:07:05
3375,411521,罗山县,信阳市,信阳市,平桥-金三角,徐先生,短视频拍摄剪辑跟拍,2500.0,6500.0,大专,1.0,1,0,0,0,0,大专及以上,58同城,2026-09-25 01:07:05
3376,411521,罗山县,信阳市,信阳市,平桥-百花园,王先生,耳机厂检测月8500包吃住可预知,2500.0,4500.0,未注明,,0,0,0,0,1,未注明,58同城,2026-09-25 01:07:05
3377,411521,罗山县,信阳市,信阳市,新县-新县商贸城,卢师傅,洗碗工,2000.0,3000.0,学历不限,1.0,0,0,0,1,0,学历不限,58同城,2026-09-25 01:07:05
3378,411521,罗山县,信阳市,信阳市,信阳-平桥,童先生,中餐配菜,2500.0,3000.0,未注明,,0,0,0,0,1,未注明,58同城,2026-09-25 01:07:05
3379,411521,罗山县,信阳市,信阳市,信阳-息县,招聘主管,厨工,2000.0,3000.0,学历不限,,0,0,0,1,0,学历不限,58同城,2026-09-25 01:07:05
3380,411521,罗山县,信阳市,信阳市,浉河-天润广场,火,中餐厅后厨/职位类目学历经验不限,3000.0,4000.0,学历不限,1.0,0,0,0,1,0,学历不限,58同城,2026-09-25 01:07:05
3381,411521,罗山县,信阳市,信阳市,信阳-潢川,家具厂,潢川县候刚家具厂/油漆工包住,6000.0,10000.0,未注明,,0,0,0,0,1,未注明,58同城,2026-09-25 01:07:05
3382,411521,罗山县,信阳市,信阳市,信阳-潢川,郭先生,小区保安包吃住可预支,4500.0,5000.0,未注明,,0,0,0,0,1,未注明,58同城,2026-09-25 01:07:05
3383,411521,罗山县,信阳市,信阳市,信阳-潢川,孙先生,营业厅店员/营业员学历经验不限,3000.0,6000.0,学历不限,2.0,0,0,0,1,0,学历不限,58同城,2026-09-25 01:07:05
3384,411521,罗山县,信阳市,信阳市,信阳-光山,爱喝果汁的小贝,乒乓球教练合伙人（高提成）,8000.0,15000.0,未注明,,0,0,0,0,1,未注明,58同城,2026-09-25 01:07:05
3385,411521,罗山县,信阳市,信阳市,平桥-南京路,嗯呢嗯,置业顾问,3000.0,15000.0,学历不限,,0,0,0,1,0,学历不限,58同城,2026-09-25 01:07:05
3386,411521,罗山县,信阳市,信阳市,平桥-百花园,蔡女士,售后服务顾问,4000.0,13500.0,大专,,1,0,0,0,0,大专及以上,58同城,2026-09-25 01:07:05
3387,411521,罗山县,信阳市,信阳市,信阳,爱踢球的孙同学,直招固始蔬菜配送C本司机不装卸,6300.0,8000.0,未注明,,0,0,0,0,1,未注明,58同城,2026-09-25 01:07:05
3388,411521,罗山县,信阳市,信阳市,浉河-天润广场,皮实de瞿博士,美甲美睫师,,,学历不限,,0,0,0,1,0,学历不限,58同城,2026-09-25 01:07:05
3389,411521,罗山县,信阳市,信阳市,浉河-和美广场,顿女士,鸿宇盛世体育文化有限责任公司服务员350,3500.0,4500.0,学历不限,1.0,0,0,0,1,0,学历不限,58同城,2026-09-25 01:07:05
3390,411521,罗山县,信阳市,信阳市,平桥-南京路,喜欢踩水坑的小熊,美甲师,2500.0,4500.0,学历不限,,0,0,0,1,0,学历不限,58同城,2026-09-25 01:07:05
3391,411521,罗山县,信阳市,信阳市,信阳-光山,爱逛夜市的星,操作工不需要经验300/天包吃住一天一发,6500.0,8500.0,未注明,,0,0,0,0,1,未注明,58同城,2026-09-25 01:07:05
3392,411521,罗山县,信阳市,信阳市,罗山县,,信阳家电维修I空调维修·家电维修 服务区域：浉河、平桥、羊山新区、罗山、息县...,,,未注明,,0,0,0,0,1,未注明,58同城,2026-09-25 01:09:49
3393,411521,罗山县,信阳市,信阳市,罗山县,,信阳利民搬家·搬家 服务区域：浉河、平桥、羊山新区、罗山、息县...,,,未注明,,0,0,0,0,1,未注明,58同城,2026-09-25 01:09:49
3394,411521,罗山县,信阳市,信阳市,罗山县,,一家人家政服务中心·保姆/月嫂 服务区域：浉河、平桥、羊山新区、罗山、息县...,,,未注明,,0,0,0,0,1,未注明,58同城,2026-09-25 01:09:49
3395,411521,罗山县,信阳市,信阳市,罗山县,,焕烁鲜花绿植·园林花卉 服务区域：浉河、平桥、羊山新区、罗山、息县...,,,未注明,,0,0,0,0,1,未注明,58同城,2026-09-25 01:09:49
3396,411521,罗山县,信阳市,信阳市,罗山县,,信阳专业保洁清洗·保洁清洗 服务区域：浉河、平桥、羊山新区、光山、罗山,,,未注明,,0,0,0,0,1,未注明,58同城,2026-09-25 01:09:49
3397,411521,罗山县,信阳市,信阳市,罗山县,,信阳丽鑫家政·保姆/月嫂 服务区域：浉河、平桥、羊山新区、罗山、息县...,,,未注明,,0,0,0,0,1,未注明,58同城,2026-09-25 01:09:56
3398,411522,光山县,信阳市,信阳市,光山-新西亚广场,很受欢迎的丁博士,中餐厅服务员,3000.0,4500.0,学历不限,,0,0,0,1,0,学历不限,58同城,2026-09-25 01:10:06
3399,411522,光山县,信阳市,信阳市,光山-光山县福万家广场,冯先生,光山招聘/数据标注/3千起/工作简单,3000.0,5000.0,学历不限,4.0,0,0,0,1,0,学历不限,58同城,2026-09-25 01:10:06
3400,411522,光山县,信阳市,信阳市,光山-光山县福万家广场,冯先生,数据标注/AI训练师3k... 小程序,3000.0,6000.0,高中,,0,0,0,0,0,高中/中专,58同城,2026-09-25 01:10:06
3401,411522,光山县,信阳市,信阳市,信阳-光山,草地上的风筝,公司前台,3000.0,4500.0,学历不限,1.0,0,0,0,1,0,学历不限,58同城,2026-09-25 01:10:06
3402,411522,光山县,信阳市,信阳市,信阳-光山,王先生,中餐厅服务员2500起,2500.0,4500.0,学历不限,1.0,0,0,0,1,0,学历不限,58同城,2026-09-25 01:10:06
3403,411522,光山县,信阳市,信阳市,信阳-光山,数蚂蚁走路,汽车喷漆/油漆师傅包住包吃加班补助,6000.0,7500.0,未注明,,0,0,0,0,1,未注明,58同城,2026-09-25 01:10:06
3404,411522,光山县,信阳市,信阳市,光山-光山县福万家广场,光山精益眼镜,眼科医院店员,3000.0,5000.0,高中,5.0,0,0,0,0,0,高中/中专,58同城,2026-09-25 01:10:06
3405,411522,光山县,信阳市,信阳市,信阳-光山,光山精益眼镜,眼镜店店员/,2000.0,5000.0,未注明,,0,0,0,0,1,未注明,58同城,2026-09-25 01:10:06
3406,411522,光山县,信阳市,信阳市,光山-光山县福万家广场,Yik-,小吃/快餐店服务员3000起,3000.0,3500.0,学历不限,,0,0,0,1,0,学历不限,58同城,2026-09-25 01:10:06
3407,411522,光山县,信阳市,信阳市,光山-光山县福万家广场,光山精益眼镜,护士/护理,3000.0,5000.0,未注明,,0,0,0,0,1,未注明,58同城,2026-09-25 01:10:06
3408,411522,光山县,信阳市,信阳市,信阳-光山,爱钓鱼de匡老板,服装导购,3000.0,3500.0,学历不限,,0,0,0,1,0,学历不限,58同城,2026-09-25 01:10:06
3409,411522,光山县,信阳市,信阳市,光山-光山县福万家广场,光山精益眼镜,护士五险一金,3000.0,5500.0,未注明,,0,0,0,0,1,未注明,58同城,2026-09-25 01:10:06
3410,411522,光山县,信阳市,信阳市,信阳-光山,光山精益眼镜,眼镜店销售3000起,3000.0,5000.0,学历不限,5.0,0,0,0,1,0,学历不限,58同城,2026-09-25 01:10:06
3411,411522,光山县,信阳市,信阳市,光山-光山县福万家广场,光山精益眼镜,眼镜店导购,5000.0,8000.0,高中,10.0,0,0,0,0,0,高中/中专,58同城,2026-09-25 01:10:06
3412,411522,光山县,信阳市,信阳市,信阳-光山,王先生,小吃/厨师学历不限,2500.0,4500.0,学历不限,,0,0,0,1,0,学历不限,58同城,2026-09-25 01:10:06
3413,411522,光山县,信阳市,信阳市,信阳-光山,爱喝果汁的小贝,乒乓球教练合伙人（高提成）,8000.0,15000.0,未注明,,0,0,0,0,1,未注明,58同城,2026-09-25 01:10:06
3414,411522,光山县,信阳市,信阳市,光山-新西亚广场,招聘专员,发型师助理,3000.0,6000.0,未注明,,0,0,0,0,1,未注明,58同城,2026-09-25 01:10:06
3415,411522,光山县,信阳市,信阳市,信阳-光山,钱先生,家居/家具设计房补包住包吃,3000.0,4500.0,未注明,,0,0,0,0,1,未注明,58同城,2026-09-25 01:10:06
3416,411522,光山县,信阳市,信阳市,信阳-光山,白城丶,婚礼管家,3000.0,5000.0,学历不限,,0,0,0,1,0,学历不限,58同城,2026-09-25 01:10:06
3417,411522,光山县,信阳市,信阳市,光山-光山县福万家广场,爱印花de尹博士,养发师,3000.0,4500.0,学历不限,3.0,0,0,0,1,0,学历不限,58同城,2026-09-25 01:10:06
3418,411522,光山县,信阳市,信阳市,信阳-光山,爱逛夜市的星,操作工不需要经验300/天包吃住一天一发,6500.0,8500.0,未注明,,0,0,0,0,1,未注明,58同城,2026-09-25 01:10:06
3419,411522,光山县,信阳市,信阳市,信阳-光山,智兔物流喻女士,信阳8千急聘送货司机一趟一结不装卸,8000.0,9500.0,学历不限,5.0,0,0,0,1,0,学历不限,58同城,2026-09-25 01:10:06
3420,411522,光山县,信阳市,信阳市,信阳-光山,圳么,光山县玖玖美发工作室/发型师/免费工服饭,2000.0,5000.0,未注明,,0,0,0,0,1,未注明,58同城,2026-09-25 01:10:06
3421,411522,光山县,信阳市,信阳市,信阳-光山,金先生,装饰设计/室内设计话补周末双休,3000.0,4500.0,未注明,,0,0,0,0,1,未注明,58同城,2026-09-25 01:10:06
3422,411522,光山县,信阳市,信阳市,光山-光山县福万家广场,光山精益眼镜,护士三险,2500.0,5000.0,未注明,,0,0,0,0,1,未注明,58同城,2026-09-25 01:10:06
3423,411522,光山县,信阳市,信阳市,信阳-光山,张先生,急招健身教练无经验可培养,6000.0,12000.0,未注明,,0,0,0,0,1,未注明,58同城,2026-09-25 01:10:06
3424,411522,光山县,信阳市,信阳市,光山-光山县福万家广场,种向日葵的园地,居家审核员简单电脑操作月薪6000,5000.0,8000.0,未注明,,0,0,0,0,1,未注明,58同城,2026-09-25 01:10:06
3425,411522,光山县,信阳市,信阳市,光山-新西亚广场,爱发呆的小小,美容顾问/最低薪资4000起,4000.0,8000.0,学历不限,1.0,0,0,0,1,0,学历不限,58同城,2026-09-25 01:10:06
3426,411522,光山县,信阳市,信阳市,光山-新西亚广场,苏先生,包住无责保底4k聊天客服,4000.0,8000.0,未注明,,0,0,0,0,1,未注明,58同城,2026-09-25 01:10:06
3427,411522,光山县,信阳市,信阳市,信阳-光山,光山久世兴公司,铝板加工常年招普工、冲床、激光、折弯工,4000.0,8500.0,未注明,,0,0,0,0,1,未注明,58同城,2026-09-25 01:10:06
3428,411522,光山县,信阳市,信阳市,信阳-平桥,柴同学爱遵守,驾校教练,6000.0,9000.0,学历不限,2.0,0,0,0,1,0,学历不限,58同城,2026-09-25 01:10:23
3429,411522,光山县,信阳市,信阳市,信阳,陈女士,门岗保安包吃住待遇好,4000.0,5000.0,未注明,,0,0,0,0,1,未注明,58同城,2026-09-25 01:10:23
3430,411522,光山县,信阳市,信阳市,信阳,陈女士,停车场收费岗坐岗保安包吃... 小程序,4500.0,5000.0,未注明,,0,0,0,0,1,未注明,58同城,2026-09-25 01:10:23
3431,411522,光山县,信阳市,信阳市,信阳-潢川,午后橘猫,便利店店员/营业员3千起,3000.0,5000.0,学历不限,,0,0,0,1,0,学历不限,58同城,2026-09-25 01:10:23
3432,411522,光山县,信阳市,信阳市,平桥-丽宝广场,胡先生,眼镜店店员/营业员2500起,2500.0,4000.0,高中,3.0,0,0,0,0,0,高中/中专,58同城,2026-09-25 01:10:23
3433,411522,光山县,信阳市,信阳市,平桥-金三角,翟先生,健康管理公司行政助理包吃五险一金包住,3000.0,5000.0,未注明,,0,0,0,0,1,未注明,58同城,2026-09-25 01:10:23
3434,411522,光山县,信阳市,信阳市,羊山新区-信阳东站,宋经理,店员,2500.0,6000.0,未注明,,0,0,0,0,1,未注明,58同城,2026-09-25 01:10:23
3435,411522,光山县,信阳市,信阳市,信阳-浉河,甜点控小陈,急聘铁路安检地勤上一休一免费食宿五险一金,4500.0,6000.0,未注明,,0,0,0,0,1,未注明,58同城,2026-09-25 01:10:23
3436,411522,光山县,信阳市,信阳市,信阳-潢川,郭先生,小区保安/加班补助五险包吃住,4500.0,5000.0,未注明,,0,0,0,0,1,未注明,58同城,2026-09-25 01:10:23
3437,411522,光山县,信阳市,信阳市,信阳-平桥,贺先生,无人机飞手工作时间灵活,5000.0,6000.0,学历不限,,0,0,0,1,0,学历不限,58同城,2026-09-25 01:10:23
3438,411522,光山县,信阳市,信阳市,平桥-南京路,吹泡泡的宝,建筑劳务公司/办公室文员/3千起,3000.0,5000.0,学历不限,2.0,0,0,0,1,0,学历不限,58同城,2026-09-25 01:10:23
3439,411522,光山县,信阳市,信阳市,平桥-金三角,徐先生,短视频拍摄剪辑跟拍,2500.0,6500.0,大专,1.0,1,0,0,0,0,大专及以上,58同城,2026-09-25 01:10:23
3440,411522,光山县,信阳市,信阳市,平桥-百花园,王先生,耳机厂检测月8500包吃住可预知,2500.0,4500.0,未注明,,0,0,0,0,1,未注明,58同城,2026-09-25 01:10:23
3441,411522,光山县,信阳市,信阳市,新县-新县商贸城,卢师傅,洗碗工,2000.0,3000.0,学历不限,1.0,0,0,0,1,0,学历不限,58同城,2026-09-25 01:10:23
3442,411522,光山县,信阳市,信阳市,信阳-平桥,童先生,中餐配菜,2500.0,3000.0,未注明,,0,0,0,0,1,未注明,58同城,2026-09-25 01:10:23
3443,411522,光山县,信阳市,信阳市,信阳-息县,招聘主管,厨工,2000.0,3000.0,学历不限,,0,0,0,1,0,学历不限,58同城,2026-09-25 01:10:23
3444,411522,光山县,信阳市,信阳市,浉河-天润广场,火,中餐厅后厨/职位类目学历经验不限,3000.0,4000.0,学历不限,1.0,0,0,0,1,0,学历不限,58同城,2026-09-25 01:10:23
3445,411522,光山县,信阳市,信阳市,信阳-罗山,齐总,服饰商店/机修工包吃包住,5500.0,8000.0,未注明,,0,0,0,0,1,未注明,58同城,2026-09-25 01:10:23
3446,411522,光山县,信阳市,信阳市,信阳-潢川,家具厂,潢川县候刚家具厂/油漆工包住,6000.0,10000.0,未注明,,0,0,0,0,1,未注明,58同城,2026-09-25 01:10:23
3447,411522,光山县,信阳市,信阳市,信阳-潢川,郭先生,小区保安包吃住可预支,4500.0,5000.0,未注明,,0,0,0,0,1,未注明,58同城,2026-09-25 01:10:23
3448,411522,光山县,信阳市,信阳市,信阳-潢川,孙先生,营业厅店员/营业员学历经验不限,3000.0,6000.0,学历不限,2.0,0,0,0,1,0,学历不限,58同城,2026-09-25 01:10:23
3449,411522,光山县,信阳市,信阳市,平桥-南京路,嗯呢嗯,置业顾问,3000.0,15000.0,学历不限,,0,0,0,1,0,学历不限,58同城,2026-09-25 01:10:23
3450,411522,光山县,信阳市,信阳市,平桥-百花园,蔡女士,售后服务顾问,4000.0,13500.0,大专,,1,0,0,0,0,大专及以上,58同城,2026-09-25 01:10:23
3451,411522,光山县,信阳市,信阳市,信阳,爱踢球的孙同学,直招固始蔬菜配送C本司机不装卸,6300.0,8000.0,未注明,,0,0,0,0,1,未注明,58同城,2026-09-25 01:10:23
3452,411522,光山县,信阳市,信阳市,浉河-天润广场,皮实de瞿博士,美甲美睫师,,,学历不限,,0,0,0,1,0,学历不限,58同城,2026-09-25 01:10:23
3453,411522,光山县,信阳市,信阳市,浉河-和美广场,顿女士,鸿宇盛世体育文化有限责任公司服务员350,3500.0,4500.0,学历不限,1.0,0,0,0,1,0,学历不限,58同城,2026-09-25 01:10:23
3454,411522,光山县,信阳市,信阳市,信阳-罗山,闫先生,设计师助理,2000.0,4000.0,大专,6.0,1,0,0,0,0,大专及以上,58同城,2026-09-25 01:10:23
3455,411522,光山县,信阳市,信阳市,平桥-南京路,喜欢踩水坑的小熊,美甲师,2500.0,4500.0,学历不限,,0,0,0,1,0,学历不限,58同城,2026-09-25 01:10:23
3456,411522,光山县,信阳市,信阳市,光山-光山县福万家广场,冯先生,数据标注/AI训练师3k起,3000.0,6000.0,高中,,0,0,0,0,0,高中/中专,58同城,2026-09-25 01:12:01
3457,411522,光山县,信阳市,信阳市,光山县,,信阳专业保洁清洗·保洁清洗 服务区域：浉河、平桥、羊山新区、光山、罗山,,,未注明,,0,0,0,0,1,未注明,58同城,2026-09-25 01:12:57
3458,411523,新县,信阳市,信阳市,信阳-平桥,柴同学爱遵守,驾校教练,6000.0,9000.0,学历不限,2.0,0,0,0,1,0,学历不限,58同城,2026-09-25 01:13:14
3459,411523,新县,信阳市,信阳市,信阳,陈女士,门岗保安包吃住待遇好,4000.0,5000.0,未注明,,0,0,0,0,1,未注明,58同城,2026-09-25 01:13:14
3460,411523,新县,信阳市,信阳市,信阳,陈女士,停车场收费岗坐岗保安包吃... 小程序,4500.0,5000.0,未注明,,0,0,0,0,1,未注明,58同城,2026-09-25 01:13:14
3461,411523,新县,信阳市,信阳市,信阳-潢川,午后橘猫,便利店店员/营业员3千起,3000.0,5000.0,学历不限,,0,0,0,1,0,学历不限,58同城,2026-09-25 01:13:14
3462,411523,新县,信阳市,信阳市,平桥-丽宝广场,胡先生,眼镜店店员/营业员2500起,2500.0,4000.0,高中,3.0,0,0,0,0,0,高中/中专,58同城,2026-09-25 01:13:14
3463,411523,新县,信阳市,信阳市,平桥-金三角,翟先生,健康管理公司行政助理包吃五险一金包住,3000.0,5000.0,未注明,,0,0,0,0,1,未注明,58同城,2026-09-25 01:13:14
3464,411523,新县,信阳市,信阳市,羊山新区-信阳东站,宋经理,店员,2500.0,6000.0,未注明,,0,0,0,0,1,未注明,58同城,2026-09-25 01:13:14
3465,411523,新县,信阳市,信阳市,信阳-浉河,甜点控小陈,急聘铁路安检地勤上一休一免费食宿五险一金,4500.0,6000.0,未注明,,0,0,0,0,1,未注明,58同城,2026-09-25 01:13:14
3466,411523,新县,信阳市,信阳市,信阳-潢川,郭先生,小区保安/加班补助五险包吃住,4500.0,5000.0,未注明,,0,0,0,0,1,未注明,58同城,2026-09-25 01:13:14
3467,411523,新县,信阳市,信阳市,信阳-平桥,贺先生,无人机飞手工作时间灵活,5000.0,6000.0,学历不限,,0,0,0,1,0,学历不限,58同城,2026-09-25 01:13:14
3468,411523,新县,信阳市,信阳市,平桥-南京路,吹泡泡的宝,建筑劳务公司/办公室文员/3千起,3000.0,5000.0,学历不限,2.0,0,0,0,1,0,学历不限,58同城,2026-09-25 01:13:14
3469,411523,新县,信阳市,信阳市,平桥-金三角,徐先生,短视频拍摄剪辑跟拍,2500.0,6500.0,大专,1.0,1,0,0,0,0,大专及以上,58同城,2026-09-25 01:13:14
3470,411523,新县,信阳市,信阳市,平桥-百花园,王先生,耳机厂检测月8500包吃住可预知,2500.0,4500.0,未注明,,0,0,0,0,1,未注明,58同城,2026-09-25 01:13:14
3471,411523,新县,信阳市,信阳市,新县-新县商贸城,卢师傅,洗碗工,2000.0,3000.0,学历不限,1.0,0,0,0,1,0,学历不限,58同城,2026-09-25 01:13:14
3472,411523,新县,信阳市,信阳市,信阳-平桥,童先生,中餐配菜,2500.0,3000.0,未注明,,0,0,0,0,1,未注明,58同城,2026-09-25 01:13:14
3473,411523,新县,信阳市,信阳市,信阳-息县,招聘主管,厨工,2000.0,3000.0,学历不限,,0,0,0,1,0,学历不限,58同城,2026-09-25 01:13:14
3474,411523,新县,信阳市,信阳市,浉河-天润广场,火,中餐厅后厨/职位类目学历经验不限,3000.0,4000.0,学历不限,1.0,0,0,0,1,0,学历不限,58同城,2026-09-25 01:13:14
3475,411523,新县,信阳市,信阳市,信阳-罗山,齐总,服饰商店/机修工包吃包住,5500.0,8000.0,未注明,,0,0,0,0,1,未注明,58同城,2026-09-25 01:13:14
3476,411523,新县,信阳市,信阳市,信阳-潢川,家具厂,潢川县候刚家具厂/油漆工包住,6000.0,10000.0,未注明,,0,0,0,0,1,未注明,58同城,2026-09-25 01:13:14
3477,411523,新县,信阳市,信阳市,信阳-潢川,郭先生,小区保安包吃住可预支,4500.0,5000.0,未注明,,0,0,0,0,1,未注明,58同城,2026-09-25 01:13:14
3478,411523,新县,信阳市,信阳市,信阳-潢川,孙先生,营业厅店员/营业员学历经验不限,3000.0,6000.0,学历不限,2.0,0,0,0,1,0,学历不限,58同城,2026-09-25 01:13:14
3479,411523,新县,信阳市,信阳市,信阳-光山,爱喝果汁的小贝,乒乓球教练合伙人（高提成）,8000.0,15000.0,未注明,,0,0,0,0,1,未注明,58同城,2026-09-25 01:13:14
3480,411523,新县,信阳市,信阳市,平桥-南京路,嗯呢嗯,置业顾问,3000.0,15000.0,学历不限,,0,0,0,1,0,学历不限,58同城,2026-09-25 01:13:14
3481,411523,新县,信阳市,信阳市,平桥-百花园,蔡女士,售后服务顾问,4000.0,13500.0,大专,,1,0,0,0,0,大专及以上,58同城,2026-09-25 01:13:14
3482,411523,新县,信阳市,信阳市,信阳,爱踢球的孙同学,直招固始蔬菜配送C本司机不装卸,6300.0,8000.0,未注明,,0,0,0,0,1,未注明,58同城,2026-09-25 01:13:14
3483,411523,新县,信阳市,信阳市,浉河-天润广场,皮实de瞿博士,美甲美睫师,,,学历不限,,0,0,0,1,0,学历不限,58同城,2026-09-25 01:13:14
3484,411523,新县,信阳市,信阳市,浉河-和美广场,顿女士,鸿宇盛世体育文化有限责任公司服务员350,3500.0,4500.0,学历不限,1.0,0,0,0,1,0,学历不限,58同城,2026-09-25 01:13:14
3485,411523,新县,信阳市,信阳市,信阳-罗山,闫先生,设计师助理,2000.0,4000.0,大专,6.0,1,0,0,0,0,大专及以上,58同城,2026-09-25 01:13:14
3486,411523,新县,信阳市,信阳市,平桥-南京路,喜欢踩水坑的小熊,美甲师,2500.0,4500.0,学历不限,,0,0,0,1,0,学历不限,58同城,2026-09-25 01:13:14
3487,411523,新县,信阳市,信阳市,信阳-光山,爱逛夜市的星,操作工不需要经验300/天包吃住一天一发,6500.0,8500.0,未注明,,0,0,0,0,1,未注明,58同城,2026-09-25 01:13:14
3488,411523,新县,信阳市,信阳市,新县-新县商贸城,粗茶淡饭V,手机维修,1000.0,2000.0,学历不限,1.0,0,0,0,1,0,学历不限,58同城,2026-09-25 01:13:18
3489,411523,新县,信阳市,信阳市,新县-新县商贸城,飞流云朵,薪酬/绩效/福利,12000.0,20000.0,学历不限,1.0,0,0,0,1,0,学历不限,58同城,2026-09-25 01:13:18
3490,411523,新县,信阳市,信阳市,新县-新县商贸城,招聘专员,硬装设计 小程序,5000.0,10000.0,学历不限,1.0,0,0,0,1,0,学历不限,58同城,2026-09-25 01:13:18
3491,411523,新县,信阳市,信阳市,新县-新县商贸城,招聘专员,排版设计,4000.0,8000.0,学历不限,1.0,0,0,0,1,0,学历不限,58同城,2026-09-25 01:13:18
3492,411523,新县,信阳市,信阳市,新县-新县商贸城,58用户,特长老师,3000.0,6000.0,学历不限,1.0,0,0,0,1,0,学历不限,58同城,2026-09-25 01:13:18
3493,411523,新县,信阳市,信阳市,信阳-新县,招聘专员,钢琴老师,5000.0,10000.0,学历不限,1.0,0,0,0,1,0,学历不限,58同城,2026-09-25 01:13:18
3494,411523,新县,信阳市,信阳市,新县-新县商贸城,招聘专员,轮胎工,3000.0,5000.0,学历不限,1.0,0,0,0,1,0,学历不限,58同城,2026-09-25 01:13:18
3495,411523,新县,信阳市,信阳市,新县-新县商贸城,招聘专员,陈列/展览设计,3000.0,8000.0,学历不限,1.0,0,0,0,1,0,学历不限,58同城,2026-09-25 01:13:18
3496,411523,新县,信阳市,信阳市,新县-新县商贸城,招聘专员,家装设计,5000.0,8000.0,学历不限,1.0,0,0,0,1,0,学历不限,58同城,2026-09-25 01:13:18
3497,411523,新县,信阳市,信阳市,新县-新县商贸城,阳新做广告曹姐,排版设计,4000.0,5000.0,学历不限,1.0,0,0,0,1,0,学历不限,58同城,2026-09-25 01:13:18
3498,411523,新县,信阳市,信阳市,新县-新县商贸城,花醉,家装设计,5000.0,10000.0,学历不限,1.0,0,0,0,1,0,学历不限,58同城,2026-09-25 01:13:18
3499,411523,新县,信阳市,信阳市,羊山新区-恒大名都,Coco美业Shuang,美甲美睫师,2000.0,4000.0,高中,2.0,0,0,0,0,0,高中/中专,58同城,2026-09-25 01:13:30
3500,411523,新县,信阳市,信阳市,信阳-新县,别先生,咖啡店果茶师4800起 小程序,4800.0,6000.0,学历不限,3.0,0,0,0,1,0,学历不限,58同城,2026-09-25 01:13:47
3501,411523,新县,信阳市,信阳市,新县-新县商贸城,招聘专员,收银员,3000.0,4000.0,学历不限,1.0,0,0,0,1,0,学历不限,58同城,2026-09-25 01:13:47
3502,411523,新县,信阳市,信阳市,新县-新县商贸城,卢师傅,搓澡工,2000.0,3000.0,学历不限,1.0,0,0,0,1,0,学历不限,58同城,2026-09-25 01:13:47
3503,411523,新县,信阳市,信阳市,信阳-新县,别先生,咖啡店果茶师4800起,4800.0,6000.0,学历不限,3.0,0,0,0,1,0,学历不限,58同城,2026-09-25 01:14:03
3504,411523,新县,信阳市,信阳市,新县-新县商贸城,招聘专员,医药销售代表,7000.0,12000.0,高中,8.0,0,0,0,0,0,高中/中专,58同城,2026-09-25 01:14:03
3505,411523,新县,信阳市,信阳市,新县-新县商贸城,靳女士,资SPA技师包吃住,8000.0,12000.0,未注明,,0,0,0,0,1,未注明,58同城,2026-09-25 01:14:08
3506,411523,新县,信阳市,信阳市,新县-新县商贸城,招聘专员,送水工,3000.0,4000.0,学历不限,1.0,0,0,0,1,0,学历不限,58同城,2026-09-25 01:14:12
3507,411523,新县,信阳市,信阳市,新县-新县商贸城,招聘专员,宿管老师,2000.0,4000.0,学历不限,1.0,0,0,0,1,0,学历不限,58同城,2026-09-25 01:14:31
3508,411523,新县,信阳市,信阳市,新县-新县商贸城,嗨,建筑工程验收,10000.0,15000.0,学历不限,1.0,0,0,0,1,0,学历不限,58同城,2026-09-25 01:14:31
3509,411523,新县,信阳市,信阳市,新县-新县商贸城,用户19587,硬装设计,2000.0,3000.0,学历不限,1.0,0,0,0,1,0,学历不限,58同城,2026-09-25 01:14:31
3510,411523,新县,信阳市,信阳市,新县-新县商贸城,招聘专员,橱柜设计,3000.0,8000.0,学历不限,1.0,0,0,0,1,0,学历不限,58同城,2026-09-25 01:14:36
3511,411523,新县,信阳市,信阳市,新县-新县商贸城,郜总想理财,羽毛球教练,5000.0,7000.0,学历不限,1.0,0,0,0,1,0,学历不限,58同城,2026-09-25 01:14:36
3512,411523,新县,信阳市,信阳市,新县-新县商贸城,愛尚武道館峰,跆拳道教练,3000.0,8000.0,学历不限,1.0,0,0,0,1,0,学历不限,58同城,2026-09-25 01:14:36
3513,411523,新县,信阳市,信阳市,新县-新县商贸城,Zqw万库,仓库管理员,4000.0,5000.0,高中,12.0,0,0,0,0,0,高中/中专,58同城,2026-09-25 01:14:48
3514,411523,新县,信阳市,信阳市,新县-新县商贸城,swing,运营专员/助理,3000.0,6000.0,学历不限,1.0,0,0,0,1,0,学历不限,58同城,2026-09-25 01:15:04
3515,411523,新县,信阳市,信阳市,新县-新县商贸城,招聘专员,客户助理+千坐班+早九晚六,4000.0,8000.0,中专/中技,4.0,0,0,0,0,0,高中/中专,58同城,2026-09-25 01:15:04
3516,411523,新县,信阳市,信阳市,新县-新县商贸城,用户55748,微信运营,5000.0,10000.0,学历不限,1.0,0,0,0,1,0,学历不限,58同城,2026-09-25 01:15:04
3517,411523,新县,信阳市,信阳市,新县-新县商贸城,阳新爱尔口腔李青,美发助理/学徒 小程序,2000.0,3000.0,学历不限,1.0,0,0,0,1,0,学历不限,58同城,2026-09-25 01:15:44
3518,411523,新县,信阳市,信阳市,新县-新县商贸城,招聘专员,烫染技师,3000.0,6000.0,学历不限,1.0,0,0,0,1,0,学历不限,58同城,2026-09-25 01:15:44
3519,411523,新县,信阳市,信阳市,新县-新县商贸城,奈儿国际,美甲师,5000.0,6000.0,学历不限,1.0,0,0,0,1,0,学历不限,58同城,2026-09-25 01:15:44
3520,411523,新县,信阳市,信阳市,新县-新县商贸城,阳新爱尔口腔李青,美发店长,4000.0,8000.0,学历不限,1.0,0,0,0,1,0,学历不限,58同城,2026-09-25 01:15:44
3521,411523,新县,信阳市,信阳市,新县-新县商贸城,熊佳平先生,搓澡工,3000.0,4000.0,学历不限,1.0,0,0,0,1,0,学历不限,58同城,2026-09-25 01:15:44
3522,411523,新县,信阳市,信阳市,信阳-新县,g5q4qhzpq,美容店长,5000.0,6000.0,学历不限,1.0,0,0,0,1,0,学历不限,58同城,2026-09-25 01:15:44
3523,411523,新县,信阳市,信阳市,新县-新县商贸城,叶女士,酒店店长,6000.0,9000.0,学历不限,1.0,0,0,0,1,0,学历不限,58同城,2026-09-25 01:15:44
3524,411523,新县,信阳市,信阳市,新县-新县商贸城,招聘专员,硬装设计,5000.0,10000.0,学历不限,1.0,0,0,0,1,0,学历不限,58同城,2026-09-25 01:15:44
3525,411523,新县,信阳市,信阳市,新县-新县商贸城,小橘子蹦蹦跳,洗头女工,2000.0,4500.0,学历不限,1.0,0,0,0,1,0,学历不限,58同城,2026-09-25 01:15:53
3526,411523,新县,信阳市,信阳市,新县,,恩佳食品销售店·外卖 服务区域：新县、商城,,,未注明,,0,0,0,0,1,未注明,58同城,2026-09-25 01:16:00
3527,411524,商城县,信阳市,信阳市,信阳-商城,智兔物流李女士,商城不装卸货运司机当天可以入职,8000.0,9500.0,学历不限,4.0,0,0,0,1,0,学历不限,58同城,2026-09-25 01:17:17
3528,411524,商城县,信阳市,信阳市,商城-长安市场,爱玩拼图的阿琪,居家审核员双休保底6000,5000.0,8000.0,未注明,,0,0,0,0,1,未注明,58同城,2026-09-25 01:17:54
3529,411524,商城县,信阳市,信阳市,信阳-商城,用户48609,美发店洗头工饭补包吃,1000.0,1500.0,未注明,,0,0,0,0,1,未注明,58同城,2026-09-25 01:18:25
3530,411524,商城县,信阳市,信阳市,信阳-商城,用户48609,洗头工 小程序,1000.0,1500.0,学历不限,,0,0,0,1,0,学历不限,58同城,2026-09-25 01:18:25
3531,411524,商城县,信阳市,信阳市,商城县,,信阳网站建设/推广·商城 服务区域：浉河、平桥、固始、淮滨、羊山新区...,,,未注明,,0,0,0,0,1,未注明,58同城,2026-09-25 01:18:50
3532,411524,商城县,信阳市,信阳市,商城县,,恩佳食品销售店·外卖 服务区域：商城、潢川,,,未注明,,0,0,0,0,1,未注明,58同城,2026-09-25 01:18:50
3533,411524,商城县,信阳市,信阳市,商城县,,恩佳食品销售店·外卖 服务区域：新县、商城,,,未注明,,0,0,0,0,1,未注明,58同城,2026-09-25 01:18:50
3534,411525,固始县,信阳市,信阳市,其他-固始其他,董国星,固始县往流镇好想来零食乐园店员/营业员,2500.0,4500.0,学历不限,4.0,0,0,0,1,0,学历不限,58同城,2026-09-25 01:19:07
3535,411525,固始县,信阳市,信阳市,固始-城区,王女士,宝藏岗位-固始7000招房产销售,8000.0,16000.0,学历不限,5.0,0,0,0,1,0,学历不限,58同城,2026-09-25 01:19:07
3536,411525,固始县,信阳市,信阳市,固始-城区,王女士,月薪过万，不加班，五险聘... 小程序,10000.0,20000.0,未注明,,0,0,0,0,1,未注明,58同城,2026-09-25 01:19:07
3537,411525,固始县,信阳市,信阳市,城区-固始城区,张女士,销售高底薪高提成/福利优厚25-45岁,5000.0,10000.0,学历不限,7.0,0,0,0,1,0,学历不限,58同城,2026-09-25 01:19:07
3538,411525,固始县,信阳市,信阳市,固始-城区,涂女士,皇冠城市会客厅营销经理,5000.0,10000.0,学历不限,5.0,0,0,0,1,0,学历不限,58同城,2026-09-25 01:19:07
3539,411525,固始县,信阳市,信阳市,城区-根亲文化公园,王女士,房产经纪人,8000.0,16000.0,学历不限,10.0,0,0,0,1,0,学历不限,58同城,2026-09-25 01:19:07
3540,411525,固始县,信阳市,信阳市,固始-其他,赶海拾贝的莉莉,缝纫工/熟练缝纫工工作时间灵活,4000.0,7000.0,未注明,,0,0,0,0,1,未注明,58同城,2026-09-25 01:19:07
3541,411525,固始县,信阳市,信阳市,固始-城区,涂女士,皇冠城市会客厅营销总监面议,10000.0,15000.0,学历不限,5.0,0,0,0,1,0,学历不限,58同城,2026-09-25 01:19:07
3542,411525,固始县,信阳市,信阳市,固始-其他,癫狂喜羊羊,育星武艺文化体育公司销售专员2k起,2000.0,5000.0,学历不限,1.0,0,0,0,1,0,学历不限,58同城,2026-09-25 01:19:07
3543,411525,固始县,信阳市,信阳市,固始-其他,倪博士要描绘,养殖/包住包吃,2500.0,4500.0,未注明,,0,0,0,0,1,未注明,58同城,2026-09-25 01:19:07
3544,411525,固始县,信阳市,信阳市,固始-其他,招聘专员,养老服务师3k起,3000.0,3500.0,学历不限,,0,0,0,1,0,学历不限,58同城,2026-09-25 01:19:07
3545,411525,固始县,信阳市,信阳市,固始-其他,彭先生,美容师,3000.0,11000.0,未注明,,0,0,0,0,1,未注明,58同城,2026-09-25 01:19:07
3546,411525,固始县,信阳市,信阳市,固始-其他,彭先生,唯伊美容店/美容师加班补助免费工服包吃,3000.0,10000.0,未注明,,0,0,0,0,1,未注明,58同城,2026-09-25 01:19:07
3547,411525,固始县,信阳市,信阳市,固始-其他,山中无老虎鱼蛙火锅,收银员,3500.0,4000.0,未注明,,0,0,0,0,1,未注明,58同城,2026-09-25 01:19:07
3548,411525,固始县,信阳市,信阳市,信阳-固始,马女士,急招固始不装卸配送农产品不装卸C1司机,6000.0,8000.0,未注明,,0,0,0,0,1,未注明,58同城,2026-09-25 01:19:07
3549,411525,固始县,信阳市,信阳市,固始-城区,小鱼Dad,贴画/打包/封边工人,4000.0,6000.0,未注明,,0,0,0,0,1,未注明,58同城,2026-09-25 01:19:07
3550,411525,固始县,信阳市,信阳市,固始,付总,品牌店业务员底薪3千5,3500.0,7000.0,学历不限,5.0,0,0,0,1,0,学历不限,58同城,2026-09-25 01:19:07
3551,411525,固始县,信阳市,信阳市,固始-城区,赵先生,诚聘普工/操作工稳定待遇好,2500.0,4500.0,学历不限,5.0,0,0,0,1,0,学历不限,58同城,2026-09-25 01:19:07
3552,411525,固始县,信阳市,信阳市,信阳-固始,张女士,300/天日结坐班线路检测-包入职不管严,6500.0,8500.0,未注明,,0,0,0,0,1,未注明,58同城,2026-09-25 01:19:07
3553,411525,固始县,信阳市,信阳市,固始,杨先生,电子厂印刷工月入8500包食宿可预支,8000.0,8500.0,未注明,,0,0,0,0,1,未注明,58同城,2026-09-25 01:19:07
3554,411525,固始县,信阳市,信阳市,固始,张女士,急/300一天口红厂印刷/长白班,7500.0,8000.0,未注明,,0,0,0,0,1,未注明,58同城,2026-09-25 01:19:07
3555,411525,固始县,信阳市,信阳市,固始,程先生,招司机包吃住会开车即可,7100.0,7200.0,未注明,,0,0,0,0,1,未注明,58同城,2026-09-25 01:19:07
3556,411525,固始县,信阳市,信阳市,固始,孙女士,公司招司机上下班接送员工,5900.0,6000.0,未注明,,0,0,0,0,1,未注明,58同城,2026-09-25 01:19:07
3557,411525,固始县,信阳市,信阳市,固始,唐女士,招小车司机包吃住会开车就行,6500.0,7000.0,未注明,,0,0,0,0,1,未注明,58同城,2026-09-25 01:19:07
3558,411525,固始县,信阳市,信阳市,固始,招聘主管,给公司老板开车包住宿7200,7100.0,7200.0,未注明,,0,0,0,0,1,未注明,58同城,2026-09-25 01:19:07
3559,411525,固始县,信阳市,信阳市,固始,陈先生,直聘纯上班司机非中介工资周结,5900.0,6000.0,未注明,,0,0,0,0,1,未注明,58同城,2026-09-25 01:19:07
3560,411525,固始县,信阳市,信阳市,固始,李女士,企业招班车司机,5800.0,6000.0,未注明,,0,0,0,0,1,未注明,58同城,2026-09-25 01:19:07
3561,411525,固始县,信阳市,信阳市,固始,李女士,给公司开车包住周结,5500.0,6000.0,未注明,,0,0,0,0,1,未注明,58同城,2026-09-25 01:19:07
3562,411525,固始县,信阳市,信阳市,固始,汪先生,直招商务司机，包住,5900.0,6000.0,未注明,,0,0,0,0,1,未注明,58同城,2026-09-25 01:19:07
3563,411525,固始县,信阳市,信阳市,固始,黄女士,给公司老板开车小车司机，包住宿,5500.0,6000.0,未注明,,0,0,0,0,1,未注明,58同城,2026-09-25 01:19:07
3564,411525,固始县,信阳市,信阳市,固始县,,信阳电脑维修·电脑维修 服务区域：浉河、平桥、固始、淮滨、羊山新区...,,,未注明,,0,0,0,0,1,未注明,58同城,2026-09-25 01:21:56
3565,411525,固始县,信阳市,信阳市,固始县,,信阳餐饮加盟·餐饮加盟 服务区域：浉河、平桥、固始、淮滨、羊山新区...,,,未注明,,0,0,0,0,1,未注明,58同城,2026-09-25 01:21:56
3566,411525,固始县,信阳市,信阳市,固始县,,信阳美食·美食 服务区域：浉河、平桥、固始、淮滨、羊山新区...,,,未注明,,0,0,0,0,1,未注明,58同城,2026-09-25 01:21:56
3567,411525,固始县,信阳市,信阳市,固始县,,同城服务·机械设备维修 服务区域：浉河、平桥、固始、淮滨、羊山新区...,,,未注明,,0,0,0,0,1,未注明,58同城,2026-09-25 01:21:56
3568,411525,固始县,信阳市,信阳市,固始县,,信阳乐成打孔切割·抗震加固 服务区域：浉河、平桥、固始、淮滨、羊山新区...,,,未注明,,0,0,0,0,1,未注明,58同城,2026-09-25 01:21:56
3569,411525,固始县,信阳市,信阳市,固始县,,郑师傅家具维修配送安装·家具维修 服务区域：浉河、平桥、固始、淮滨、羊山新区...,,,未注明,,0,0,0,0,1,未注明,58同城,2026-09-25 01:21:56
3570,411525,固始县,信阳市,信阳市,固始县,,信阳电工电料·电工电料 服务区域：浉河、平桥、固始、淮滨、羊山新区...,,,未注明,,0,0,0,0,1,未注明,58同城,2026-09-25 01:21:56
3571,411525,固始县,信阳市,信阳市,固始县,,信阳木工装修·建筑维修 服务区域：浉河、平桥、固始、淮滨、羊山新区...,,,未注明,,0,0,0,0,1,未注明,58同城,2026-09-25 01:21:56
3572,411525,固始县,信阳市,信阳市,固始县,,赣州蓉江新区潭口镇万福餐饮店·外卖 服务区域：浉河、平桥、固始、淮滨、羊山新区...,,,未注明,,0,0,0,0,1,未注明,58同城,2026-09-25 01:21:56
3573,411525,固始县,信阳市,信阳市,固始县,,金牌商家·汽车维修保养 服务区域：浉河、平桥、固始、淮滨、羊山新区...,,,未注明,,0,0,0,0,1,未注明,58同城,2026-09-25 01:21:56
3574,411525,固始县,信阳市,信阳市,固始县,,喜上梢装修装饰·家具 服务区域：浉河、平桥、固始、淮滨、羊山新区...,,,未注明,,0,0,0,0,1,未注明,58同城,2026-09-25 01:21:56
3575,411525,固始县,信阳市,信阳市,固始县,,沈阳市厚易德运输服务中心·租赁 服务区域：浉河、平桥、固始、淮滨、羊山新区...,,,未注明,,0,0,0,0,1,未注明,58同城,2026-09-25 01:21:56
3576,411525,固始县,信阳市,信阳市,固始县,,赣州蓉江新区潭东镇格乐食品商行（个体工商户）·外卖 服务区域：浉河、平桥、固始、淮滨、羊山新区...,,,未注明,,0,0,0,0,1,未注明,58同城,2026-09-25 01:21:56
3577,411525,固始县,信阳市,信阳市,固始县,,信阳雨红防水补漏·房屋维修/防水 服务区域：浉河、平桥、固始、淮滨、羊山新区...,,,未注明,,0,0,0,0,1,未注明,58同城,2026-09-25 01:21:56
3578,411526,潢川县,信阳市,信阳市,信阳-潢川,招聘专员,养生店按摩师包吃包住,10500.0,15000.0,未注明,,0,0,0,0,1,未注明,58同城,2026-09-25 01:22:13
3579,411526,潢川县,信阳市,信阳市,信阳-潢川,杨梅,服务员,3000.0,4000.0,学历不限,,0,0,0,1,0,学历不限,58同城,2026-09-25 01:22:13
3580,411526,潢川县,信阳市,信阳市,信阳-潢川,午后橘猫,便利店店员/营业员3千起 小程序,3000.0,5000.0,学历不限,,0,0,0,1,0,学历不限,58同城,2026-09-25 01:22:13
3581,411526,潢川县,信阳市,信阳市,信阳-潢川,郭先生,小区保安/加班补助五险包吃住,4500.0,5000.0,未注明,,0,0,0,0,1,未注明,58同城,2026-09-25 01:22:13
3582,411526,潢川县,信阳市,信阳市,信阳-潢川,追逐蝴蝶的脚印,烧烤店后厨杂工2000起,2000.0,3000.0,学历不限,,0,0,0,1,0,学历不限,58同城,2026-09-25 01:22:13
3583,411526,潢川县,信阳市,信阳市,信阳-潢川,用户1165,金属制品厂行政助理包吃包住年底双薪,2000.0,4000.0,未注明,,0,0,0,0,1,未注明,58同城,2026-09-25 01:22:13
3584,411526,潢川县,信阳市,信阳市,信阳-潢川,黄女士,保安巡逻岗有空调包吃住,4500.0,5000.0,未注明,,0,0,0,0,1,未注明,58同城,2026-09-25 01:22:13
3585,411526,潢川县,信阳市,信阳市,信阳-潢川,锦玻钢化玻璃有限公司,门窗厂组装/装配工4000起,4000.0,8500.0,未注明,,0,0,0,0,1,未注明,58同城,2026-09-25 01:22:13
3586,411526,潢川县,信阳市,信阳市,信阳-潢川,抖擞DE蔺老板,服务员3000起,3000.0,4000.0,学历不限,,0,0,0,1,0,学历不限,58同城,2026-09-25 01:22:13
3587,411526,潢川县,信阳市,信阳市,信阳-潢川,郭先生,小区保安包吃住可预支,4500.0,5000.0,未注明,,0,0,0,0,1,未注明,58同城,2026-09-25 01:22:13
3588,411526,潢川县,信阳市,信阳市,信阳-潢川,孙先生,营业厅店员/营业员学历经验不限,3000.0,6000.0,学历不限,2.0,0,0,0,1,0,学历不限,58同城,2026-09-25 01:22:13
3589,411526,潢川县,信阳市,信阳市,信阳-潢川,家具厂,潢川县候刚家具厂/油漆工包住,6000.0,10000.0,未注明,,0,0,0,0,1,未注明,58同城,2026-09-25 01:22:13
3590,411526,潢川县,信阳市,信阳市,信阳-潢川,大风车幼儿园,幼儿教师,2000.0,3500.0,未注明,,0,0,0,0,1,未注明,58同城,2026-09-25 01:22:13
3591,411526,潢川县,信阳市,信阳市,潢川-潢川汽车站,杨先生,潢川招抖音主播,4000.0,8000.0,未注明,,0,0,0,0,1,未注明,58同城,2026-09-25 01:22:13
3592,411526,潢川县,信阳市,信阳市,信阳-潢川,拍树叶的咔嚓,超市店长/2500起,2500.0,4500.0,高中,,0,0,0,0,0,高中/中专,58同城,2026-09-25 01:22:13
3593,411526,潢川县,信阳市,信阳市,潢川-潢川汽车站,散步时捡到的石子,外勤会计/3千起,3000.0,4500.0,未注明,,0,0,0,0,1,未注明,58同城,2026-09-25 01:22:13
3594,411526,潢川县,信阳市,信阳市,信阳-潢川,拍树叶的咔嚓,文具店装修工人3千起,3000.0,5000.0,学历不限,,0,0,0,1,0,学历不限,58同城,2026-09-25 01:22:13
3595,411526,潢川县,信阳市,信阳市,潢川-潢川汽车站,杨先生,信阳微动互娱文化传媒/主播工作时间灵活,3000.0,8000.0,学历不限,,0,0,0,1,0,学历不限,58同城,2026-09-25 01:22:13
3596,411526,潢川县,信阳市,信阳市,潢川-潢川汽车站,招聘专员,艺蝶广告设计有限公司/平面设计/2500,2500.0,4500.0,学历不限,1.0,0,0,0,1,0,学历不限,58同城,2026-09-25 01:22:13
3597,411526,潢川县,信阳市,信阳市,潢川-潢川汽车站,招聘专员,艺蝶广告设计有限公司/平面设计/3千起,3000.0,4500.0,学历不限,2.0,0,0,0,1,0,学历不限,58同城,2026-09-25 01:22:13
3598,411526,潢川县,信阳市,信阳市,信阳-潢川,喜欢画画的许小颜,汽车美容店汽车美容学历经验不限,2000.0,2500.0,学历不限,,0,0,0,1,0,学历不限,58同城,2026-09-25 01:22:13
3599,411526,潢川县,信阳市,信阳市,信阳-潢川,喜欢画画的许小颜,车之杰汽车维修服务店/汽车美容/2千起,2000.0,3000.0,学历不限,,0,0,0,1,0,学历不限,58同城,2026-09-25 01:22:13
3600,411526,潢川县,信阳市,信阳市,信阳-潢川,喜欢画画的许小颜,汽车美容店汽车美容2000起,2000.0,2500.0,学历不限,2.0,0,0,0,1,0,学历不限,58同城,2026-09-25 01:22:13
3601,411526,潢川县,信阳市,信阳市,信阳-潢川,爱吹泡泡的黄小弟,剑桥英语招聘全职有经验教师,3000.0,8000.0,未注明,,0,0,0,0,1,未注明,58同城,2026-09-25 01:22:13
3602,411526,潢川县,信阳市,信阳市,信阳-潢川,招聘专员,环保工程师,6000.0,11000.0,本科,3.0,1,1,0,0,0,大专及以上,58同城,2026-09-25 01:22:13
3603,411526,潢川县,信阳市,信阳市,信阳-潢川,用户49182,汽车维修,3000.0,12000.0,未注明,,0,0,0,0,1,未注明,58同城,2026-09-25 01:22:13
3604,411526,潢川县,信阳市,信阳市,潢川-潢川汽车站,杨先生,微动互娱传媒公司招聘/招聘主管,3000.0,6000.0,学历不限,,0,0,0,1,0,学历不限,58同城,2026-09-25 01:22:13
3605,411526,潢川县,信阳市,信阳市,信阳-潢川,李女士,急招健身教练新手-包教会,8000.0,16000.0,未注明,,0,0,0,0,1,未注明,58同城,2026-09-25 01:22:13
3606,411526,潢川县,信阳市,信阳市,信阳-潢川,杨博士爱奔跑,客房服务员,3000.0,4500.0,学历不限,,0,0,0,1,0,学历不限,58同城,2026-09-25 01:22:13
3607,411526,潢川县,信阳市,信阳市,信阳-平桥,柴同学爱遵守,驾校教练,6000.0,9000.0,学历不限,2.0,0,0,0,1,0,学历不限,58同城,2026-09-25 01:22:17
3608,411526,潢川县,信阳市,信阳市,信阳,陈女士,门岗保安包吃住待遇好,4000.0,5000.0,未注明,,0,0,0,0,1,未注明,58同城,2026-09-25 01:22:17
3609,411526,潢川县,信阳市,信阳市,信阳,陈女士,停车场收费岗坐岗保安包吃... 小程序,4500.0,5000.0,未注明,,0,0,0,0,1,未注明,58同城,2026-09-25 01:22:17
3610,411526,潢川县,信阳市,信阳市,信阳-潢川,午后橘猫,便利店店员/营业员3千起,3000.0,5000.0,学历不限,,0,0,0,1,0,学历不限,58同城,2026-09-25 01:22:17
3611,411526,潢川县,信阳市,信阳市,平桥-丽宝广场,胡先生,眼镜店店员/营业员2500起,2500.0,4000.0,高中,3.0,0,0,0,0,0,高中/中专,58同城,2026-09-25 01:22:17
3612,411526,潢川县,信阳市,信阳市,平桥-金三角,翟先生,健康管理公司行政助理包吃五险一金包住,3000.0,5000.0,未注明,,0,0,0,0,1,未注明,58同城,2026-09-25 01:22:17
3613,411526,潢川县,信阳市,信阳市,羊山新区-信阳东站,宋经理,店员,2500.0,6000.0,未注明,,0,0,0,0,1,未注明,58同城,2026-09-25 01:22:17
3614,411526,潢川县,信阳市,信阳市,信阳-浉河,甜点控小陈,急聘铁路安检地勤上一休一免费食宿五险一金,4500.0,6000.0,未注明,,0,0,0,0,1,未注明,58同城,2026-09-25 01:22:17
3615,411526,潢川县,信阳市,信阳市,信阳-平桥,贺先生,无人机飞手工作时间灵活,5000.0,6000.0,学历不限,,0,0,0,1,0,学历不限,58同城,2026-09-25 01:22:17
3616,411526,潢川县,信阳市,信阳市,平桥-南京路,吹泡泡的宝,建筑劳务公司/办公室文员/3千起,3000.0,5000.0,学历不限,2.0,0,0,0,1,0,学历不限,58同城,2026-09-25 01:22:17
3617,411526,潢川县,信阳市,信阳市,平桥-金三角,徐先生,短视频拍摄剪辑跟拍,2500.0,6500.0,大专,1.0,1,0,0,0,0,大专及以上,58同城,2026-09-25 01:22:17
3618,411526,潢川县,信阳市,信阳市,平桥-百花园,王先生,耳机厂检测月8500包吃住可预知,2500.0,4500.0,未注明,,0,0,0,0,1,未注明,58同城,2026-09-25 01:22:17
3619,411526,潢川县,信阳市,信阳市,新县-新县商贸城,卢师傅,洗碗工,2000.0,3000.0,学历不限,1.0,0,0,0,1,0,学历不限,58同城,2026-09-25 01:22:17
3620,411526,潢川县,信阳市,信阳市,信阳-平桥,童先生,中餐配菜,2500.0,3000.0,未注明,,0,0,0,0,1,未注明,58同城,2026-09-25 01:22:17
3621,411526,潢川县,信阳市,信阳市,信阳-息县,招聘主管,厨工,2000.0,3000.0,学历不限,,0,0,0,1,0,学历不限,58同城,2026-09-25 01:22:17
3622,411526,潢川县,信阳市,信阳市,浉河-天润广场,火,中餐厅后厨/职位类目学历经验不限,3000.0,4000.0,学历不限,1.0,0,0,0,1,0,学历不限,58同城,2026-09-25 01:22:17
3623,411526,潢川县,信阳市,信阳市,信阳-罗山,齐总,服饰商店/机修工包吃包住,5500.0,8000.0,未注明,,0,0,0,0,1,未注明,58同城,2026-09-25 01:22:17
3624,411526,潢川县,信阳市,信阳市,信阳-光山,爱喝果汁的小贝,乒乓球教练合伙人（高提成）,8000.0,15000.0,未注明,,0,0,0,0,1,未注明,58同城,2026-09-25 01:22:17
3625,411526,潢川县,信阳市,信阳市,平桥-南京路,嗯呢嗯,置业顾问,3000.0,15000.0,学历不限,,0,0,0,1,0,学历不限,58同城,2026-09-25 01:22:17
3626,411526,潢川县,信阳市,信阳市,平桥-百花园,蔡女士,售后服务顾问,4000.0,13500.0,大专,,1,0,0,0,0,大专及以上,58同城,2026-09-25 01:22:17
3627,411526,潢川县,信阳市,信阳市,信阳,爱踢球的孙同学,直招固始蔬菜配送C本司机不装卸,6300.0,8000.0,未注明,,0,0,0,0,1,未注明,58同城,2026-09-25 01:22:17
3628,411526,潢川县,信阳市,信阳市,浉河-天润广场,皮实de瞿博士,美甲美睫师,,,学历不限,,0,0,0,1,0,学历不限,58同城,2026-09-25 01:22:17
3629,411526,潢川县,信阳市,信阳市,浉河-和美广场,顿女士,鸿宇盛世体育文化有限责任公司服务员350,3500.0,4500.0,学历不限,1.0,0,0,0,1,0,学历不限,58同城,2026-09-25 01:22:17
3630,411526,潢川县,信阳市,信阳市,信阳-罗山,闫先生,设计师助理,2000.0,4000.0,大专,6.0,1,0,0,0,0,大专及以上,58同城,2026-09-25 01:22:17
3631,411526,潢川县,信阳市,信阳市,平桥-南京路,喜欢踩水坑的小熊,美甲师,2500.0,4500.0,学历不限,,0,0,0,1,0,学历不限,58同城,2026-09-25 01:22:17
3632,411526,潢川县,信阳市,信阳市,信阳-光山,爱逛夜市的星,操作工不需要经验300/天包吃住一天一发,6500.0,8500.0,未注明,,0,0,0,0,1,未注明,58同城,2026-09-25 01:22:17
3633,411526,潢川县,信阳市,信阳市,羊山新区-恒大名都,Coco美业Shuang,美甲美睫师,2000.0,4000.0,高中,2.0,0,0,0,0,0,高中/中专,58同城,2026-09-25 01:22:25
3634,411526,潢川县,信阳市,信阳市,信阳-潢川,余女士,潢川县吉美美美容美甲店/美睫师/学历经验,4000.0,8000.0,学历不限,3.0,0,0,0,1,0,学历不限,58同城,2026-09-25 01:23:14
3635,411527,淮滨县,信阳市,信阳市,城区-淮滨城区,余先生,库马建材急招销售专员周末双休,2500.0,6000.0,未注明,,0,0,0,0,1,未注明,58同城,2026-09-25 01:25:21
3636,411527,淮滨县,信阳市,信阳市,淮滨-城区,用户71341,自助ktv前台招聘月薪1800加补贴上,2000.0,3500.0,学历不限,3.0,0,0,0,1,0,学历不限,58同城,2026-09-25 01:25:21
3637,411527,淮滨县,信阳市,信阳市,淮滨-城区,袁先生,淮滨招聘服务员气氛组/5... 小程序,5500.0,5600.0,未注明,,0,0,0,0,1,未注明,58同城,2026-09-25 01:25:21
3638,411527,淮滨县,信阳市,信阳市,城区-淮滨城区,李先生,酒店前台,2500.0,3000.0,高中,,0,0,0,0,0,高中/中专,58同城,2026-09-25 01:25:21
3639,411527,淮滨县,信阳市,信阳市,淮滨-城区,白灰,饮品店员,2000.0,2500.0,学历不限,,0,0,0,1,0,学历不限,58同城,2026-09-25 01:25:21
3640,411527,淮滨县,信阳市,信阳市,淮滨,品鸿供应链06,（淮滨）往返专线C证货运司机,6600.0,7900.0,未注明,,0,0,0,0,1,未注明,58同城,2026-09-25 01:25:21
3641,411527,淮滨县,信阳市,信阳市,时美广场-时美,梁先生,5100看监控保安,5000.0,6000.0,未注明,,0,0,0,0,1,未注明,58同城,2026-09-25 01:25:21
3642,411527,淮滨县,信阳市,信阳市,淮滨-城区,招聘专员,美容学徒,3000.0,6000.0,未注明,,0,0,0,0,1,未注明,58同城,2026-09-25 01:25:21
3643,411527,淮滨县,信阳市,信阳市,淮滨-城区,袁先生,淮滨招聘/娱乐场所店员/绩效/包吃,2500.0,4500.0,未注明,,0,0,0,0,1,未注明,58同城,2026-09-25 01:25:21
3644,411527,淮滨县,信阳市,信阳市,淮滨-城区,陈女士,0费用当天入职保安,3000.0,4500.0,未注明,,0,0,0,0,1,未注明,58同城,2026-09-25 01:25:21
3645,411527,淮滨县,信阳市,信阳市,淮滨-城区,陈女士,招小区停车场保安包吃住,4000.0,5000.0,未注明,,0,0,0,0,1,未注明,58同城,2026-09-25 01:25:21
3646,411527,淮滨县,信阳市,信阳市,其他-淮滨其他,想捡石头的娃娃,淮滨招聘/汽车维修师傅/6千起/中午管吃,6000.0,7000.0,未注明,,0,0,0,0,1,未注明,58同城,2026-09-25 01:25:21
3647,411527,淮滨县,信阳市,信阳市,信阳-淮滨,张先生,八千招健身教练不会可培训,6500.0,13000.0,未注明,,0,0,0,0,1,未注明,58同城,2026-09-25 01:25:21
3648,411527,淮滨县,信阳市,信阳市,淮滨-城区,往事依然,淮滨县石材厂石材加工师傅加班补助包吃,8000.0,8500.0,未注明,,0,0,0,0,1,未注明,58同城,2026-09-25 01:25:21
3649,411527,淮滨县,信阳市,信阳市,淮滨-其他,用户14606,千岛湖饮业有限公司生产店员,3000.0,4500.0,学历不限,5.0,0,0,0,1,0,学历不限,58同城,2026-09-25 01:25:21
3650,411527,淮滨县,信阳市,信阳市,淮滨-城区,爱叠衣服的巧巧,餐饮店店员/营业员学历经验不限,2500.0,3000.0,学历不限,1.0,0,0,0,1,0,学历不限,58同城,2026-09-25 01:25:21
3651,411527,淮滨县,信阳市,信阳市,淮滨-时美广场,熊先生,美发店美发助理,2000.0,2500.0,学历不限,,0,0,0,1,0,学历不限,58同城,2026-09-25 01:25:21
3652,411527,淮滨县,信阳市,信阳市,淮滨-时美广场,熊先生,美发店发型师2500起,2500.0,3500.0,学历不限,,0,0,0,1,0,学历不限,58同城,2026-09-25 01:25:21
3653,411527,淮滨县,信阳市,信阳市,城区-淮滨城区,招聘专员,中餐厅服务员工作餐标高加班补助,2500.0,4500.0,未注明,,0,0,0,0,1,未注明,58同城,2026-09-25 01:25:21
3654,411527,淮滨县,信阳市,信阳市,城区-淮滨城区,招聘专员,便利店收银员2000起,1800.0,2000.0,学历不限,1.0,0,0,0,1,0,学历不限,58同城,2026-09-25 01:25:21
3655,411527,淮滨县,信阳市,信阳市,淮滨-城区,张先生,小吃店洗碗工工作时间灵活,2500.0,3000.0,未注明,,0,0,0,0,1,未注明,58同城,2026-09-25 01:25:21
3656,411527,淮滨县,信阳市,信阳市,城区-淮滨城区,李锐,IT技术支持,4000.0,6000.0,本科,6.0,1,1,0,0,0,大专及以上,58同城,2026-09-25 01:25:21
3657,411527,淮滨县,信阳市,信阳市,时美广场-时美,凤女士,电商运营助理,5000.0,8000.0,学历不限,1.0,0,0,0,1,0,学历不限,58同城,2026-09-25 01:25:21
3658,411527,淮滨县,信阳市,信阳市,淮滨-其他,小天才步步高琼时美二楼,新苗居民服务中心/教师/工作时间灵活,2000.0,2500.0,未注明,,0,0,0,0,1,未注明,58同城,2026-09-25 01:25:21
3659,411527,淮滨县,信阳市,信阳市,时美广场-时美,恶霸走地鸡,商超店员/营业员2500起,2500.0,5500.0,学历不限,,0,0,0,1,0,学历不限,58同城,2026-09-25 01:25:21
3660,411527,淮滨县,信阳市,信阳市,淮滨-城区,代振,全屋定制设计师,4000.0,10000.0,学历不限,,0,0,0,1,0,学历不限,58同城,2026-09-25 01:25:21
3661,411527,淮滨县,信阳市,信阳市,城区-淮滨城区,招聘专员,网络工程师,3000.0,5000.0,本科,6.0,1,1,0,0,0,大专及以上,58同城,2026-09-25 01:25:21
3662,411527,淮滨县,信阳市,信阳市,淮滨-城区,张女士,客服急招,3000.0,6000.0,学历不限,,0,0,0,1,0,学历不限,58同城,2026-09-25 01:25:21
3663,411527,淮滨县,信阳市,信阳市,淮滨,黄女士,包吃住8小时保安人走账清,5000.0,6000.0,未注明,,0,0,0,0,1,未注明,58同城,2026-09-25 01:25:21
3664,411527,淮滨县,信阳市,信阳市,淮滨,李女士,直招8小时商场坐岗保安,5000.0,6000.0,未注明,,0,0,0,0,1,未注明,58同城,2026-09-25 01:25:21
3665,411527,淮滨县,信阳市,信阳市,淮滨县,,安徽汉勋建设工程·职业技能培训 服务区域：浉河、平桥、固始、淮滨、羊山新区...,,,未注明,,0,0,0,0,1,未注明,58同城,2026-09-25 01:28:12
3666,411527,淮滨县,信阳市,信阳市,淮滨县,,信阳职业技能培训·职业技能培训 服务区域：浉河、平桥、固始、淮滨、羊山新区...,,,未注明,,0,0,0,0,1,未注明,58同城,2026-09-25 01:28:12
3667,411527,淮滨县,信阳市,信阳市,淮滨县,,郑师傅家具维修配送安装·家具维修 服务区域：浉河、平桥、固始、淮滨、羊山新区...,,,未注明,,0,0,0,0,1,未注明,58同城,2026-09-25 01:28:12
3668,411527,淮滨县,信阳市,信阳市,淮滨县,,郑州子鑫健康咨询有限公司·职业技能培训 服务区域：浉河、平桥、固始、淮滨、羊山新区...,,,未注明,,0,0,0,0,1,未注明,58同城,2026-09-25 01:28:12
3669,411527,淮滨县,信阳市,信阳市,淮滨县,,河南省东园汽车租赁·租车 服务区域：浉河、平桥、固始、淮滨、羊山新区...,,,未注明,,0,0,0,0,1,未注明,58同城,2026-09-25 01:28:12
3670,411527,淮滨县,信阳市,信阳市,淮滨县,,信阳电工电料·电工电料 服务区域：浉河、平桥、固始、淮滨、羊山新区...,,,未注明,,0,0,0,0,1,未注明,58同城,2026-09-25 01:28:12
3671,411527,淮滨县,信阳市,信阳市,淮滨县,,信阳木工装修·建筑维修 服务区域：浉河、平桥、固始、淮滨、羊山新区...,,,未注明,,0,0,0,0,1,未注明,58同城,2026-09-25 01:28:12
3672,411527,淮滨县,信阳市,信阳市,淮滨县,,德翔财务·职业技能培训 服务区域：浉河、平桥、固始、淮滨、羊山新区...,,,未注明,,0,0,0,0,1,未注明,58同城,2026-09-25 01:28:12
3673,411527,淮滨县,信阳市,信阳市,淮滨县,,青岛东奥教育咨询·职业技能培训 服务区域：浉河、平桥、固始、淮滨、羊山新区...,,,未注明,,0,0,0,0,1,未注明,58同城,2026-09-25 01:28:12
3674,411527,淮滨县,信阳市,信阳市,淮滨县,,沈阳市厚易德运输服务中心·租赁 服务区域：浉河、平桥、固始、淮滨、羊山新区...,,,未注明,,0,0,0,0,1,未注明,58同城,2026-09-25 01:28:12
3675,411527,淮滨县,信阳市,信阳市,淮滨县,,赣州蓉江新区潭东镇格乐食品商行（个体工商户）·外卖 服务区域：浉河、平桥、固始、淮滨、羊山新区...,,,未注明,,0,0,0,0,1,未注明,58同城,2026-09-25 01:28:12
3676,411527,淮滨县,信阳市,信阳市,淮滨县,,信阳华夏电脑监控安装维修·网络布线/维护 服务区域：浉河、平桥、固始、淮滨、羊山新区...,,,未注明,,0,0,0,0,1,未注明,58同城,2026-09-25 01:28:12
3677,411527,淮滨县,信阳市,信阳市,淮滨县,,章贡区古明飞餐饮店（个体工商户）·美食 服务区域：浉河、平桥、固始、淮滨、羊山新区...,,,未注明,,0,0,0,0,1,未注明,58同城,2026-09-25 01:28:12
3678,411527,淮滨县,信阳市,信阳市,淮滨县,,章贡区海平食品店（个体工商户）·外卖 服务区域：浉河、平桥、固始、淮滨、羊山新区...,,,未注明,,0,0,0,0,1,未注明,58同城,2026-09-25 01:28:12
3679,411527,淮滨县,信阳市,信阳市,淮滨县,,章贡区华购福食品店（个体工商户）·外卖 服务区域：浉河、平桥、固始、淮滨、羊山新区...,,,未注明,,0,0,0,0,1,未注明,58同城,2026-09-25 01:28:12
3680,411527,淮滨县,信阳市,信阳市,淮滨县,,蓉江新区鹿鸣文化传媒中心·美食 服务区域：浉河、平桥、固始、淮滨、羊山新区...,,,未注明,,0,0,0,0,1,未注明,58同城,2026-09-25 01:28:19
3681,411528,息县,信阳市,信阳市,信阳-息县,立讯HR总经理,小家电普工240/天坐班贴标日结人走账清,6500.0,8000.0,未注明,,0,0,0,0,1,未注明,58同城,2026-09-25 01:28:29
3682,411528,息县,信阳市,信阳市,息县-息县汽车站,刘女士,普工300一天包吃住可日结不挑人,7000.0,7500.0,未注明,,0,0,0,0,1,未注明,58同城,2026-09-25 01:28:29
3683,411528,息县,信阳市,信阳市,息县-息县汽车站,卢女士,语音游戏客服，不直播不露... 小程序,5000.0,20000.0,未注明,,0,0,0,0,1,未注明,58同城,2026-09-25 01:28:29
3684,411528,息县,信阳市,信阳市,信阳-息县,瓮先生,游戏客服5千起,5000.0,10000.0,未注明,,0,0,0,0,1,未注明,58同城,2026-09-25 01:28:29
3685,411528,息县,信阳市,信阳市,信阳-息县,吴女士,息县新饰界饰品店女装营业员年底双薪,3000.0,5000.0,未注明,,0,0,0,0,1,未注明,58同城,2026-09-25 01:28:29
3686,411528,息县,信阳市,信阳市,信阳-息县,喜欢唱歌的小美,口味王息县市场销售专员4000起,4000.0,8000.0,学历不限,1.0,0,0,0,1,0,学历不限,58同城,2026-09-25 01:28:29
3687,411528,息县,信阳市,信阳市,信阳-息县,王女士,足疗按摩SPA技师,10000.0,15000.0,未注明,,0,0,0,0,1,未注明,58同城,2026-09-25 01:28:29
3688,411528,息县,信阳市,信阳市,信阳-息县,招聘主管,按摩spa,10000.0,15000.0,未注明,,0,0,0,0,1,未注明,58同城,2026-09-25 01:28:29
3689,411528,息县,信阳市,信阳市,信阳-息县,用户15083,息县阿冬美发店/美发学徒包住洗衣机空调,2000.0,4500.0,未注明,,0,0,0,0,1,未注明,58同城,2026-09-25 01:28:29
3690,411528,息县,信阳市,信阳市,信阳-息县,招聘主管,厨工,2000.0,3000.0,学历不限,,0,0,0,1,0,学历不限,58同城,2026-09-25 01:28:29
3691,411528,息县,信阳市,信阳市,信阳-息县,沈亮,房屋装修装饰工程工作室/渠道销售/工作时,3000.0,5000.0,学历不限,,0,0,0,1,0,学历不限,58同城,2026-09-25 01:28:29
3692,411528,息县,信阳市,信阳市,信阳-息县,招聘主管,足浴按摩师,8000.0,15000.0,未注明,,0,0,0,0,1,未注明,58同城,2026-09-25 01:28:29
3693,411528,息县,信阳市,信阳市,信阳-息县,招聘主管,足浴，按摩师spa/包住包吃,10000.0,15000.0,未注明,,0,0,0,0,1,未注明,58同城,2026-09-25 01:28:29
3694,411528,息县,信阳市,信阳市,信阳-息县,CZH136******88,汽修厂前台接待学历不限,2500.0,4500.0,学历不限,1.0,0,0,0,1,0,学历不限,58同城,2026-09-25 01:28:29
3695,411528,息县,信阳市,信阳市,信阳-息县,书包轻飘飘,白酒销售专员,3000.0,5000.0,学历不限,,0,0,0,1,0,学历不限,58同城,2026-09-25 01:28:29
3696,411528,息县,信阳市,信阳市,信阳-息县,用户15083,息县阿冬美发店/发型师和助理包住包吃,2000.0,4500.0,未注明,,0,0,0,0,1,未注明,58同城,2026-09-25 01:28:29
3697,411528,息县,信阳市,信阳市,信阳-息县,立讯HR总经理,坐班日结260/天普工玩具厂轻松人走账清,6000.0,7500.0,未注明,,0,0,0,0,1,未注明,58同城,2026-09-25 01:28:29
3698,411528,息县,信阳市,信阳市,信阳-息县,孔女士,英语老师,4000.0,7000.0,本科,,1,1,0,0,0,大专及以上,58同城,2026-09-25 01:28:29
3699,411528,息县,信阳市,信阳市,信阳-息县,马先生,普工240一天/急招/轻松自由/交通便利,6300.0,7400.0,未注明,,0,0,0,0,1,未注明,58同城,2026-09-25 01:28:29
3700,411528,息县,信阳市,信阳市,信阳-息县,百泰口腔门诊部,口腔医生,2500.0,30000.0,未注明,,0,0,0,0,1,未注明,58同城,2026-09-25 01:28:29
3701,411528,息县,信阳市,信阳市,信阳-息县,王校长,先锋双语学校招音乐美术教师,3000.0,5000.0,未注明,,0,0,0,0,1,未注明,58同城,2026-09-25 01:28:29
3702,411528,息县,信阳市,信阳市,信阳-息县,夸父炸串,餐厅餐饮收银2500起,2500.0,4500.0,学历不限,1.0,0,0,0,1,0,学历不限,58同城,2026-09-25 01:28:29
3703,411528,息县,信阳市,信阳市,信阳-息县,息县一家人服饰批发城,息县美悦广场诚招采购员,8000.0,15000.0,未注明,,0,0,0,0,1,未注明,58同城,2026-09-25 01:28:29
3704,411528,息县,信阳市,信阳市,信阳-息县,招聘专员,电话销售,2500.0,6000.0,未注明,,0,0,0,0,1,未注明,58同城,2026-09-25 01:28:29
3705,411528,息县,信阳市,信阳市,息县-息县汽车站,李先生,猪场饲养员,3000.0,5500.0,未注明,,0,0,0,0,1,未注明,58同城,2026-09-25 01:28:29
3706,411528,息县,信阳市,信阳市,息县-息县汽车站,哼着小曲的她,机电工程师4500起,4500.0,8500.0,学历不限,,0,0,0,1,0,学历不限,58同城,2026-09-25 01:28:29
3707,411528,息县,信阳市,信阳市,息县-息县汽车站,招聘专员,息县招聘服务员/免费工服包吃,2500.0,3500.0,未注明,,0,0,0,0,1,未注明,58同城,2026-09-25 01:28:29
3708,411528,息县,信阳市,信阳市,息县-息县汽车站,李经理,息县包吃住餐厅领班/经理,4000.0,8000.0,未注明,,0,0,0,0,1,未注明,58同城,2026-09-25 01:28:29
3709,411528,息县,信阳市,信阳市,息县-息县汽车站,卢女士,网络游戏接待,5000.0,10000.0,未注明,,0,0,0,0,1,未注明,58同城,2026-09-25 01:28:29
3710,411528,息县,信阳市,信阳市,信阳-息县,李经理,寒暑假工服务员传菜员,,,学历不限,10.0,0,0,0,1,0,学历不限,58同城,2026-09-25 01:28:29
3711,411528,息县,信阳市,信阳市,信阳-平桥,柴同学爱遵守,驾校教练,6000.0,9000.0,学历不限,2.0,0,0,0,1,0,学历不限,58同城,2026-09-25 01:28:33
3712,411528,息县,信阳市,信阳市,信阳,陈女士,门岗保安包吃住待遇好,4000.0,5000.0,未注明,,0,0,0,0,1,未注明,58同城,2026-09-25 01:28:33
3713,411528,息县,信阳市,信阳市,信阳,陈女士,停车场收费岗坐岗保安包吃... 小程序,4500.0,5000.0,未注明,,0,0,0,0,1,未注明,58同城,2026-09-25 01:28:33
3714,411528,息县,信阳市,信阳市,信阳-潢川,午后橘猫,便利店店员/营业员3千起,3000.0,5000.0,学历不限,,0,0,0,1,0,学历不限,58同城,2026-09-25 01:28:33
3715,411528,息县,信阳市,信阳市,平桥-丽宝广场,胡先生,眼镜店店员/营业员2500起,2500.0,4000.0,高中,3.0,0,0,0,0,0,高中/中专,58同城,2026-09-25 01:28:33
3716,411528,息县,信阳市,信阳市,浉河-天润广场,张先生,语音厅不主播/不露脸/手把手教,5000.0,8000.0,学历不限,3.0,0,0,0,1,0,学历不限,58同城,2026-09-25 01:28:33
3717,411528,息县,信阳市,信阳市,羊山新区-信阳东站,宋经理,店员,2500.0,6000.0,未注明,,0,0,0,0,1,未注明,58同城,2026-09-25 01:28:33
3718,411528,息县,信阳市,信阳市,信阳-浉河,甜点控小陈,急聘铁路安检地勤上一休一免费食宿五险一金,4500.0,6000.0,未注明,,0,0,0,0,1,未注明,58同城,2026-09-25 01:28:33
3719,411528,息县,信阳市,信阳市,信阳-潢川,郭先生,小区保安/加班补助五险包吃住,4500.0,5000.0,未注明,,0,0,0,0,1,未注明,58同城,2026-09-25 01:28:33
3720,411528,息县,信阳市,信阳市,信阳-平桥,贺先生,无人机飞手工作时间灵活,5000.0,6000.0,学历不限,,0,0,0,1,0,学历不限,58同城,2026-09-25 01:28:33
3721,411528,息县,信阳市,信阳市,平桥-南京路,吹泡泡的宝,建筑劳务公司/办公室文员/3千起,3000.0,5000.0,学历不限,2.0,0,0,0,1,0,学历不限,58同城,2026-09-25 01:28:33
3722,411528,息县,信阳市,信阳市,平桥-金三角,徐先生,短视频拍摄剪辑跟拍,2500.0,6500.0,大专,1.0,1,0,0,0,0,大专及以上,58同城,2026-09-25 01:28:33
3723,411528,息县,信阳市,信阳市,平桥-百花园,王先生,耳机厂检测月8500包吃住可预知,2500.0,4500.0,未注明,,0,0,0,0,1,未注明,58同城,2026-09-25 01:28:33
3724,411528,息县,信阳市,信阳市,新县-新县商贸城,卢师傅,洗碗工,2000.0,3000.0,学历不限,1.0,0,0,0,1,0,学历不限,58同城,2026-09-25 01:28:33
3725,411528,息县,信阳市,信阳市,信阳-平桥,童先生,中餐配菜,2500.0,3000.0,未注明,,0,0,0,0,1,未注明,58同城,2026-09-25 01:28:33
3726,411528,息县,信阳市,信阳市,浉河-天润广场,火,中餐厅后厨/职位类目学历经验不限,3000.0,4000.0,学历不限,1.0,0,0,0,1,0,学历不限,58同城,2026-09-25 01:28:33
3727,411528,息县,信阳市,信阳市,信阳-罗山,齐总,服饰商店/机修工包吃包住,5500.0,8000.0,未注明,,0,0,0,0,1,未注明,58同城,2026-09-25 01:28:33
3728,411528,息县,信阳市,信阳市,信阳-潢川,家具厂,潢川县候刚家具厂/油漆工包住,6000.0,10000.0,未注明,,0,0,0,0,1,未注明,58同城,2026-09-25 01:28:33
3729,411528,息县,信阳市,信阳市,信阳-潢川,郭先生,小区保安包吃住可预支,4500.0,5000.0,未注明,,0,0,0,0,1,未注明,58同城,2026-09-25 01:28:33
3730,411528,息县,信阳市,信阳市,信阳-潢川,孙先生,营业厅店员/营业员学历经验不限,3000.0,6000.0,学历不限,2.0,0,0,0,1,0,学历不限,58同城,2026-09-25 01:28:33
3731,411528,息县,信阳市,信阳市,信阳-光山,爱喝果汁的小贝,乒乓球教练合伙人（高提成）,8000.0,15000.0,未注明,,0,0,0,0,1,未注明,58同城,2026-09-25 01:28:33
3732,411528,息县,信阳市,信阳市,平桥-南京路,嗯呢嗯,置业顾问,3000.0,15000.0,学历不限,,0,0,0,1,0,学历不限,58同城,2026-09-25 01:28:33
3733,411528,息县,信阳市,信阳市,平桥-百花园,蔡女士,售后服务顾问,4000.0,13500.0,大专,,1,0,0,0,0,大专及以上,58同城,2026-09-25 01:28:33
3734,411528,息县,信阳市,信阳市,信阳,爱踢球的孙同学,直招固始蔬菜配送C本司机不装卸,6300.0,8000.0,未注明,,0,0,0,0,1,未注明,58同城,2026-09-25 01:28:33
3735,411528,息县,信阳市,信阳市,浉河-天润广场,皮实de瞿博士,美甲美睫师,,,学历不限,,0,0,0,1,0,学历不限,58同城,2026-09-25 01:28:33
3736,411528,息县,信阳市,信阳市,浉河-和美广场,顿女士,鸿宇盛世体育文化有限责任公司服务员350,3500.0,4500.0,学历不限,1.0,0,0,0,1,0,学历不限,58同城,2026-09-25 01:28:33
3737,411528,息县,信阳市,信阳市,信阳-罗山,闫先生,设计师助理,2000.0,4000.0,大专,6.0,1,0,0,0,0,大专及以上,58同城,2026-09-25 01:28:33
3738,411528,息县,信阳市,信阳市,平桥-南京路,喜欢踩水坑的小熊,美甲师,2500.0,4500.0,学历不限,,0,0,0,1,0,学历不限,58同城,2026-09-25 01:28:33
3739,411528,息县,信阳市,信阳市,信阳-光山,爱逛夜市的星,操作工不需要经验300/天包吃住一天一发,6500.0,8500.0,未注明,,0,0,0,0,1,未注明,58同城,2026-09-25 01:28:33
3740,411528,息县,信阳市,信阳市,息县-息县汽车站,瓮先生,息县游戏运营/加班补助包... 小程序,3000.0,8000.0,未注明,,0,0,0,0,1,未注明,58同城,2026-09-25 01:30:23
3741,411528,息县,信阳市,信阳市,息县,,恩佳食品销售店·外卖 服务区域：息县、光山,,,未注明,,0,0,0,0,1,未注明,58同城,2026-09-25 01:31:19
3742,411528,息县,信阳市,信阳市,息县,,信阳家电维修I空调维修·家电维修 服务区域：浉河、平桥、羊山新区、罗山、息县...,,,未注明,,0,0,0,0,1,未注明,58同城,2026-09-25 01:31:19
3743,411528,息县,信阳市,信阳市,息县,,信阳利民搬家·搬家 服务区域：浉河、平桥、羊山新区、罗山、息县...,,,未注明,,0,0,0,0,1,未注明,58同城,2026-09-25 01:31:19
3744,411528,息县,信阳市,信阳市,息县,,一家人家政服务中心·保姆/月嫂 服务区域：浉河、平桥、羊山新区、罗山、息县...,,,未注明,,0,0,0,0,1,未注明,58同城,2026-09-25 01:31:19
3745,411528,息县,信阳市,信阳市,息县,,焕烁鲜花绿植·园林花卉 服务区域：浉河、平桥、羊山新区、罗山、息县...,,,未注明,,0,0,0,0,1,未注明,58同城,2026-09-25 01:31:23
3746,411621,扶沟县,周口市,周口市,周口-扶沟,黄经理,淮阳五险一金招聘啤酒销售数名29岁以下,4000.0,8000.0,未注明,,0,0,0,0,1,未注明,58同城,2026-09-25 09:51:02
3747,411621,扶沟县,周口市,周口市,周口-扶沟,黄经理,郸城五险一金招聘啤酒销售数名29岁以下,4000.0,8000.0,未注明,,0,0,0,0,1,未注明,58同城,2026-09-25 09:51:02
3748,411621,扶沟县,周口市,周口市,周口-扶沟,過,商超/销售业务员饭补包吃 小程序,3500.0,6000.0,未注明,,0,0,0,0,1,未注明,58同城,2026-09-25 09:51:02
3749,411621,扶沟县,周口市,周口市,扶沟-国芳中心,李经理,客服运营管理岗,5000.0,7000.0,大专,2.0,1,0,0,0,0,大专及以上,58同城,2026-09-25 09:51:02
3750,411621,扶沟县,周口市,周口市,周口-扶沟,喜欢捏橡皮泥的何小哥,店员/营业员,2000.0,5000.0,学历不限,,0,0,0,1,0,学历不限,58同城,2026-09-25 09:51:02
3751,411621,扶沟县,周口市,周口市,扶沟-实验小学,扶沟县大象摄影,扶沟大象摄影诚聘引导师店员,2000.0,4000.0,未注明,,0,0,0,0,1,未注明,58同城,2026-09-25 09:51:02
3752,411621,扶沟县,周口市,周口市,周口-扶沟,孙先生,经纪人/星探,3000.0,4500.0,学历不限,,0,0,0,1,0,学历不限,58同城,2026-09-25 09:51:02
3753,411621,扶沟县,周口市,周口市,周口-扶沟,喜欢卷发的微风,佟家沟男装工厂店/服装销售3千起,3000.0,5000.0,学历不限,1.0,0,0,0,1,0,学历不限,58同城,2026-09-25 09:51:02
3754,411621,扶沟县,周口市,周口市,扶沟-国芳中心,施何生,空调安装师傅,3000.0,5000.0,未注明,,0,0,0,0,1,未注明,58同城,2026-09-25 09:51:02
3755,411621,扶沟县,周口市,周口市,周口-扶沟,娄女士,扶沟上班婚庆公司运营专员,2500.0,6500.0,学历不限,,0,0,0,1,0,学历不限,58同城,2026-09-25 09:51:02
3756,411621,扶沟县,周口市,周口市,扶沟-实验小学,扶沟县大象摄影,扶沟大象摄影/儿童引导师店员/2500起,2500.0,4000.0,未注明,,0,0,0,0,1,未注明,58同城,2026-09-25 09:51:02
3757,411621,扶沟县,周口市,周口市,周口-扶沟,娄女士,婚庆公司运营包吃住,2500.0,6500.0,学历不限,,0,0,0,1,0,学历不限,58同城,2026-09-25 09:51:02
3758,411621,扶沟县,周口市,周口市,扶沟-国芳中心,招聘专员,裱花师学徒（扶沟县城）,2000.0,2500.0,学历不限,2.0,0,0,0,1,0,学历不限,58同城,2026-09-25 09:51:02
3759,411621,扶沟县,周口市,周口市,扶沟-实验小学,马女士,禾禾火锅餐饮店/餐饮收银工作餐标高免费工,3000.0,4500.0,学历不限,1.0,0,0,0,1,0,学历不限,58同城,2026-09-25 09:51:02
3760,411621,扶沟县,周口市,周口市,周口-扶沟,首信橋圆,帽子服饰工厂缝纫工3500起,3500.0,7000.0,未注明,,0,0,0,0,1,未注明,58同城,2026-09-25 09:51:02
3761,411621,扶沟县,周口市,周口市,扶沟-人民公园,小鱼游进心窝,服装销售/服装导购3000起,3000.0,5000.0,学历不限,,0,0,0,1,0,学历不限,58同城,2026-09-25 09:51:02
3762,411621,扶沟县,周口市,周口市,周口-扶沟,招聘专员,扶沟县餐饮店急聘服务员45岁以下,2600.0,3500.0,学历不限,6.0,0,0,0,1,0,学历不限,58同城,2026-09-25 09:51:02
3763,411621,扶沟县,周口市,周口市,周口-扶沟,顺意的殷博士,建筑工程公司视频剪辑/编辑3k起,3000.0,4500.0,学历不限,1.0,0,0,0,1,0,学历不限,58同城,2026-09-25 09:51:02
3764,411621,扶沟县,周口市,周口市,周口-扶沟,招聘专员,扶沟县火锅店5000聘片鱼工包吃住,5000.0,6000.0,未注明,,0,0,0,0,1,未注明,58同城,2026-09-25 09:51:02
3765,411621,扶沟县,周口市,周口市,扶沟-人民公园,踮脚数月亮的小孩,数据采集,3000.0,5000.0,学历不限,100.0,0,0,0,1,0,学历不限,58同城,2026-09-25 09:51:02
3766,411621,扶沟县,周口市,周口市,周口-扶沟,招聘专员,扶沟县七石餐饮5千聘杀鱼工包吃住,3000.0,4000.0,未注明,,0,0,0,0,1,未注明,58同城,2026-09-25 09:51:02
3767,411621,扶沟县,周口市,周口市,周口-扶沟,招聘专员,扶沟县餐饮店急聘杀鱼/片鱼工包吃住,3000.0,6000.0,未注明,,0,0,0,0,1,未注明,58同城,2026-09-25 09:51:02
3768,411621,扶沟县,周口市,周口市,周口-扶沟,招聘专员,扶沟县餐饮店5千聘片鱼工包吃住,5000.0,6000.0,未注明,,0,0,0,0,1,未注明,58同城,2026-09-25 09:51:02
3769,411621,扶沟县,周口市,周口市,周口-扶沟,王女士,一天240新能源包装包吃住可带手机,6000.0,7000.0,未注明,,0,0,0,0,1,未注明,58同城,2026-09-25 09:51:02
3770,411621,扶沟县,周口市,周口市,扶沟-人民公园,58用户,汽车行业大客户代表5千起,5000.0,8000.0,高中,,0,0,0,0,0,高中/中专,58同城,2026-09-25 09:51:02
3771,411621,扶沟县,周口市,周口市,周口-扶沟,吴女士,扶沟惠民医院/骨科医生/包住包吃,5000.0,7000.0,未注明,,0,0,0,0,1,未注明,58同城,2026-09-25 09:51:02
3772,411621,扶沟县,周口市,周口市,周口-扶沟,张先生,小区巡逻保安可带朋友,4500.0,5000.0,未注明,,0,0,0,0,1,未注明,58同城,2026-09-25 09:51:02
3773,411621,扶沟县,周口市,周口市,周口-扶沟,爱跳街舞的阿杰,数据标注/AI训练师2500起,2500.0,3500.0,学历不限,,0,0,0,1,0,学历不限,58同城,2026-09-25 09:51:02
3774,411621,扶沟县,周口市,周口市,扶沟-实验小学,蔡高祥,平面设计,3000.0,4000.0,大专,6.0,1,0,0,0,0,大专及以上,58同城,2026-09-25 09:51:02
3775,411621,扶沟县,周口市,周口市,周口-扶沟,叶先生,小厂仓库管理员包吃住月薪8700,8000.0,8500.0,未注明,,0,0,0,0,1,未注明,58同城,2026-09-25 09:51:02
3776,411621,扶沟县,周口市,周口市,周口-川汇,爱吹口哨的明明,安保巡逻岗包吃住五险,4500.0,5000.0,未注明,,0,0,0,0,1,未注明,58同城,2026-09-25 09:51:10
3777,411621,扶沟县,周口市,周口市,周口-川汇,安静看书的鸟,招聘文员/35岁以下,4000.0,5000.0,大专,6.0,1,0,0,0,0,大专及以上,58同城,2026-09-25 09:51:10
3778,411621,扶沟县,周口市,周口市,周口-川汇,郝女士,急招保安/五险包吃包住 小程序,4500.0,5000.0,未注明,,0,0,0,0,1,未注明,58同城,2026-09-25 09:51:10
3779,411621,扶沟县,周口市,周口市,川汇-经济开发区,吴先生,熟食店杂工50岁以下,2700.0,3300.0,未注明,,0,0,0,0,1,未注明,58同城,2026-09-25 09:51:10
3780,411621,扶沟县,周口市,周口市,周口周边-其他,喻继成,足疗店/按摩师包住包吃,8500.0,15000.0,未注明,,0,0,0,0,1,未注明,58同城,2026-09-25 09:51:10
3781,411621,扶沟县,周口市,周口市,川汇-中原商贸城,58用户,普工/操作工3500起,3500.0,6000.0,学历不限,1.0,0,0,0,1,0,学历不限,58同城,2026-09-25 09:51:10
3782,411621,扶沟县,周口市,周口市,川汇-中原商贸城,招聘主管,全屋定制机器下料封边操作工川汇中原商贸城,4000.0,5000.0,学历不限,1.0,0,0,0,1,0,学历不限,58同城,2026-09-25 09:51:10
3783,411621,扶沟县,周口市,周口市,周口-郸城,王先生,郸城上班招会开车销售专员6k起,6000.0,15000.0,学历不限,6.0,0,0,0,1,0,学历不限,58同城,2026-09-25 09:51:10
3784,411621,扶沟县,周口市,周口市,周口,陈先生,开车溜达保安包吃住可带朋友,4500.0,5000.0,未注明,,0,0,0,0,1,未注明,58同城,2026-09-25 09:51:10
3785,411621,扶沟县,周口市,周口市,周口,爱修补de周老板,授权签字人,,,大专,1.0,1,0,0,0,0,大专及以上,58同城,2026-09-25 09:51:10
3786,411621,扶沟县,周口市,周口市,周口-淮阳,堆雪人的冬日,不体检汽配厂普工16岁起招月入四千五起,4500.0,5500.0,未注明,,0,0,0,0,1,未注明,58同城,2026-09-25 09:51:10
3787,411621,扶沟县,周口市,周口市,周口-川汇,郭女士,技工,4000.0,6000.0,未注明,,0,0,0,0,1,未注明,58同城,2026-09-25 09:51:10
3788,411621,扶沟县,周口市,周口市,川汇-经济开发区,姜女士,审计助理,3000.0,4500.0,大专,,1,0,0,0,0,大专及以上,58同城,2026-09-25 09:51:10
3789,411621,扶沟县,周口市,周口市,川汇-中原商贸城,小雨滴答嗒,餐饮收银,2000.0,3000.0,学历不限,1.0,0,0,0,1,0,学历不限,58同城,2026-09-25 09:51:10
3790,411621,扶沟县,周口市,周口市,周口-川汇,秦女士,修理厂汽车维修3千起,4500.0,7000.0,未注明,,0,0,0,0,1,未注明,58同城,2026-09-25 09:51:10
3791,411621,扶沟县,周口市,周口市,周口-川汇,用户28377,店员/营业员,2000.0,4500.0,学历不限,1.0,0,0,0,1,0,学历不限,58同城,2026-09-25 09:51:10
3792,411621,扶沟县,周口市,周口市,周口,喜欢踩水坑的陈小跳,名酒门店营业员（沈丘）,3500.0,5000.0,中专/中技,1.0,0,0,0,0,0,高中/中专,58同城,2026-09-25 09:51:10
3793,411621,扶沟县,周口市,周口市,周口-川汇,招聘主管,餐饮店店员/营业员工作时间灵活,2500.0,3000.0,未注明,,0,0,0,0,1,未注明,58同城,2026-09-25 09:51:10
3794,411621,扶沟县,周口市,周口市,周口-川汇,招聘专员,东新区医院厨工/30-45岁,3000.0,5000.0,学历不限,2.0,0,0,0,1,0,学历不限,58同城,2026-09-25 09:51:10
3795,411621,扶沟县,周口市,周口市,周口-川汇,爱拍照DE管老板,小吃/快餐店后厨免费工服包吃,3000.0,3500.0,未注明,,0,0,0,0,1,未注明,58同城,2026-09-25 09:51:10
3796,411621,扶沟县,周口市,周口市,川汇-中原商贸城,陈先生,中原商贸城附近/办公室文员/18-25岁,2500.0,4000.0,中专/中技,5.0,0,0,0,0,0,高中/中专,58同城,2026-09-25 09:51:10
3797,411621,扶沟县,周口市,周口市,川汇-中原商贸城,草莓掉进坑,巡逻坐岗保安包吃住,4500.0,5000.0,未注明,,0,0,0,0,1,未注明,58同城,2026-09-25 09:51:10
3798,411621,扶沟县,周口市,周口市,周口,司女士,零食打包长白班/日结一天240坐班,7000.0,8500.0,未注明,,0,0,0,0,1,未注明,58同城,2026-09-25 09:51:10
3799,411621,扶沟县,周口市,周口市,周口,马先生,玩具组装/日结综合240/天可带手机,6500.0,8500.0,未注明,,0,0,0,0,1,未注明,58同城,2026-09-25 09:51:10
3800,411621,扶沟县,周口市,周口市,周口周边-其他,故事,配菜/打荷,3000.0,4500.0,学历不限,,0,0,0,1,0,学历不限,58同城,2026-09-25 09:51:10
3801,411621,扶沟县,周口市,周口市,周口周边-其他,王女士,沈丘C本司机送百货公司配车不装不卸,7000.0,8500.0,学历不限,5.0,0,0,0,1,0,学历不限,58同城,2026-09-25 09:51:10
3802,411621,扶沟县,周口市,周口市,周口-郸城,周永舟,郸城县八郸城县8090暖居服装店,2500.0,5000.0,学历不限,,0,0,0,1,0,学历不限,58同城,2026-09-25 09:51:10
3803,411621,扶沟县,周口市,周口市,周口-川汇,尤先生,员工关系/专员3千起,3000.0,5000.0,学历不限,3.0,0,0,0,1,0,学历不限,58同城,2026-09-25 09:51:10
3804,411621,扶沟县,周口市,周口市,川汇-东新区,豪阔商贸有限公司,店员/营业员,3000.0,5000.0,学历不限,,0,0,0,1,0,学历不限,58同城,2026-09-25 09:51:10
3805,411621,扶沟县,周口市,周口市,扶沟县,,周口房屋维修/防水·房屋维修/防水 服务区域：扶沟,,,未注明,,0,0,0,0,1,未注明,58同城,2026-09-25 09:53:52
3806,411621,扶沟县,周口市,周口市,扶沟县,,恩佳食品销售店·鲜花绿植 服务区域：扶沟、西华,,,未注明,,0,0,0,0,1,未注明,58同城,2026-09-25 09:53:52
3807,411621,扶沟县,周口市,周口市,扶沟县,,周口鲜花绿植·鲜花绿植 服务区域：川汇、扶沟,,,未注明,,0,0,0,0,1,未注明,58同城,2026-09-25 09:53:52
3808,411621,扶沟县,周口市,周口市,扶沟县,,爱尚·鲜花绿植 服务区域：川汇、淮阳、郸城、西华、扶沟...,,,未注明,,0,0,0,0,1,未注明,58同城,2026-09-25 09:53:52
3809,411621,扶沟县,周口市,周口市,扶沟县,,崇宁智能化科技·网络布线/维护 服务区域：川汇、淮阳、郸城、西华、扶沟...,,,未注明,,0,0,0,0,1,未注明,58同城,2026-09-25 09:53:52
3810,411621,扶沟县,周口市,周口市,扶沟县,,周口搬家公司包搬运上楼·居民搬家 服务区域：川汇、淮阳、西华、扶沟、周口周边,,,未注明,,0,0,0,0,1,未注明,58同城,2026-09-25 09:53:52
3811,411621,扶沟县,周口市,周口市,扶沟县,,爱情鲜花店送货上门·鲜花绿植 服务区域：西华、扶沟,,,未注明,,0,0,0,0,1,未注明,58同城,2026-09-25 09:53:52
3812,411622,西华县,周口市,周口市,周口-川汇,爱吹口哨的明明,安保巡逻岗包吃住五险,4500.0,5000.0,未注明,,0,0,0,0,1,未注明,58同城,2026-09-25 09:54:09
3813,411622,西华县,周口市,周口市,周口-川汇,安静看书的鸟,招聘文员/35岁以下,4000.0,5000.0,大专,6.0,1,0,0,0,0,大专及以上,58同城,2026-09-25 09:54:09
3814,411622,西华县,周口市,周口市,周口-川汇,郝女士,急招保安/五险包吃包住 小程序,4500.0,5000.0,未注明,,0,0,0,0,1,未注明,58同城,2026-09-25 09:54:09
3815,411622,西华县,周口市,周口市,川汇-经济开发区,吴先生,熟食店杂工50岁以下,2700.0,3300.0,未注明,,0,0,0,0,1,未注明,58同城,2026-09-25 09:54:09
3816,411622,西华县,周口市,周口市,周口周边-其他,喻继成,足疗店/按摩师包住包吃,8500.0,15000.0,未注明,,0,0,0,0,1,未注明,58同城,2026-09-25 09:54:09
3817,411622,西华县,周口市,周口市,川汇-中原商贸城,58用户,普工/操作工3500起,3500.0,6000.0,学历不限,1.0,0,0,0,1,0,学历不限,58同城,2026-09-25 09:54:09
3818,411622,西华县,周口市,周口市,川汇-中原商贸城,招聘主管,全屋定制机器下料封边操作工川汇中原商贸城,4000.0,5000.0,学历不限,1.0,0,0,0,1,0,学历不限,58同城,2026-09-25 09:54:09
3819,411622,西华县,周口市,周口市,周口-郸城,王先生,郸城上班招会开车销售专员6k起,6000.0,15000.0,学历不限,6.0,0,0,0,1,0,学历不限,58同城,2026-09-25 09:54:09
3820,411622,西华县,周口市,周口市,周口,陈先生,开车溜达保安包吃住可带朋友,4500.0,5000.0,未注明,,0,0,0,0,1,未注明,58同城,2026-09-25 09:54:09
3821,411622,西华县,周口市,周口市,周口,爱修补de周老板,授权签字人,,,大专,1.0,1,0,0,0,0,大专及以上,58同城,2026-09-25 09:54:09
3822,411622,西华县,周口市,周口市,周口-淮阳,堆雪人的冬日,不体检汽配厂普工16岁起招月入四千五起,4500.0,5500.0,未注明,,0,0,0,0,1,未注明,58同城,2026-09-25 09:54:09
3823,411622,西华县,周口市,周口市,周口-川汇,郭女士,技工,4000.0,6000.0,未注明,,0,0,0,0,1,未注明,58同城,2026-09-25 09:54:09
3824,411622,西华县,周口市,周口市,川汇-经济开发区,姜女士,审计助理,3000.0,4500.0,大专,,1,0,0,0,0,大专及以上,58同城,2026-09-25 09:54:09
3825,411622,西华县,周口市,周口市,川汇-中原商贸城,小雨滴答嗒,餐饮收银,2000.0,3000.0,学历不限,1.0,0,0,0,1,0,学历不限,58同城,2026-09-25 09:54:09
3826,411622,西华县,周口市,周口市,周口-川汇,秦女士,修理厂汽车维修3千起,4500.0,7000.0,未注明,,0,0,0,0,1,未注明,58同城,2026-09-25 09:54:09
3827,411622,西华县,周口市,周口市,周口-川汇,用户28377,店员/营业员,2000.0,4500.0,学历不限,1.0,0,0,0,1,0,学历不限,58同城,2026-09-25 09:54:09
3828,411622,西华县,周口市,周口市,周口,喜欢踩水坑的陈小跳,名酒门店营业员（沈丘）,3500.0,5000.0,中专/中技,1.0,0,0,0,0,0,高中/中专,58同城,2026-09-25 09:54:09
3829,411622,西华县,周口市,周口市,扶沟-国芳中心,招聘专员,裱花师学徒（扶沟县城）,2000.0,2500.0,学历不限,2.0,0,0,0,1,0,学历不限,58同城,2026-09-25 09:54:09
3830,411622,西华县,周口市,周口市,周口-川汇,招聘主管,餐饮店店员/营业员工作时间灵活,2500.0,3000.0,未注明,,0,0,0,0,1,未注明,58同城,2026-09-25 09:54:09
3831,411622,西华县,周口市,周口市,周口-川汇,招聘专员,东新区医院厨工/30-45岁,3000.0,5000.0,学历不限,2.0,0,0,0,1,0,学历不限,58同城,2026-09-25 09:54:09
3832,411622,西华县,周口市,周口市,周口-川汇,爱拍照DE管老板,小吃/快餐店后厨免费工服包吃,3000.0,3500.0,未注明,,0,0,0,0,1,未注明,58同城,2026-09-25 09:54:09
3833,411622,西华县,周口市,周口市,川汇-中原商贸城,陈先生,中原商贸城附近/办公室文员/18-25岁,2500.0,4000.0,中专/中技,5.0,0,0,0,0,0,高中/中专,58同城,2026-09-25 09:54:09
3834,411622,西华县,周口市,周口市,川汇-中原商贸城,草莓掉进坑,巡逻坐岗保安包吃住,4500.0,5000.0,未注明,,0,0,0,0,1,未注明,58同城,2026-09-25 09:54:09
3835,411622,西华县,周口市,周口市,周口,司女士,零食打包长白班/日结一天240坐班,7000.0,8500.0,未注明,,0,0,0,0,1,未注明,58同城,2026-09-25 09:54:09
3836,411622,西华县,周口市,周口市,周口,马先生,玩具组装/日结综合240/天可带手机,6500.0,8500.0,未注明,,0,0,0,0,1,未注明,58同城,2026-09-25 09:54:09
3837,411622,西华县,周口市,周口市,周口周边-其他,故事,配菜/打荷,3000.0,4500.0,学历不限,,0,0,0,1,0,学历不限,58同城,2026-09-25 09:54:09
3838,411622,西华县,周口市,周口市,周口周边-其他,王女士,沈丘C本司机送百货公司配车不装不卸,7000.0,8500.0,学历不限,5.0,0,0,0,1,0,学历不限,58同城,2026-09-25 09:54:09
3839,411622,西华县,周口市,周口市,周口-郸城,周永舟,郸城县八郸城县8090暖居服装店,2500.0,5000.0,学历不限,,0,0,0,1,0,学历不限,58同城,2026-09-25 09:54:09
3840,411622,西华县,周口市,周口市,周口-川汇,尤先生,员工关系/专员3千起,3000.0,5000.0,学历不限,3.0,0,0,0,1,0,学历不限,58同城,2026-09-25 09:54:09
3841,411622,西华县,周口市,周口市,川汇-东新区,豪阔商贸有限公司,店员/营业员,3000.0,5000.0,学历不限,,0,0,0,1,0,学历不限,58同城,2026-09-25 09:54:09
3842,411622,西华县,周口市,周口市,周口-西华,王老师,舞蹈老师包住交通补助,3000.0,4500.0,未注明,,0,0,0,0,1,未注明,58同城,2026-09-25 09:54:46
3843,411622,西华县,周口市,周口市,周口-西华,捡树叶的露露,售前客服,5000.0,6000.0,学历不限,,0,0,0,1,0,学历不限,58同城,2026-09-25 09:55:03
3844,411622,西华县,周口市,周口市,西华-万顺达广场,张先生,西华招货运司机,5000.0,6000.0,未注明,,0,0,0,0,1,未注明,58同城,2026-09-25 09:55:03
3845,411622,西华县,周口市,周口市,西华-万顺达广场,王先生,西华上班招聘门店店长,4500.0,5000.0,大专,2.0,1,0,0,0,0,大专及以上,58同城,2026-09-25 09:55:08
3846,411622,西华县,周口市,周口市,西华-万顺达广场,王先生,前台接待,3000.0,5500.0,未注明,,0,0,0,0,1,未注明,58同城,2026-09-25 09:55:08
3847,411622,西华县,周口市,周口市,西华-万顺达广场,张先生,西华招副食司机,5000.0,6000.0,未注明,,0,0,0,0,1,未注明,58同城,2026-09-25 09:55:12
3848,411622,西华县,周口市,周口市,西华-福源商贸城,李先生,西华招家具销售需出镜直播有意打电话联系,3000.0,4500.0,学历不限,3.0,0,0,0,1,0,学历不限,58同城,2026-09-25 09:55:12
3849,411622,西华县,周口市,周口市,周口-西华,品鸿供应链06,（西华）往返专线C证货运司机,6500.0,8000.0,未注明,,0,0,0,0,1,未注明,58同城,2026-09-25 09:55:25
3850,411622,西华县,周口市,周口市,西华-福源商贸城,张女士,西华急招不装不卸货车司机,4300.0,8000.0,学历不限,1.0,0,0,0,1,0,学历不限,58同城,2026-09-25 09:55:25
3851,411622,西华县,周口市,周口市,西华-西华县政府,袁女士,货运公司C本司机4k起,4000.0,8000.0,学历不限,1.0,0,0,0,1,0,学历不限,58同城,2026-09-25 09:55:29
3852,411622,西华县,周口市,周口市,西华-万顺达广场,I非常满意王同学,厂区直招冷链专线司机9千起,9000.0,9500.0,学历不限,2.0,0,0,0,1,0,学历不限,58同城,2026-09-25 09:55:29
3853,411622,西华县,周口市,周口市,周口-西华,品鸿供应链06,（西华）往返专线C证货运... 小程序,6500.0,8000.0,未注明,,0,0,0,0,1,未注明,58同城,2026-09-25 09:55:34
3854,411622,西华县,周口市,周口市,西华-西华县政府,蹭蹭小脸的猫,仓库管理买五险双休,5000.0,8000.0,未注明,,0,0,0,0,1,未注明,58同城,2026-09-25 09:55:47
3855,411622,西华县,周口市,周口市,西华-西华县政府,赵女士,德邦周口西华县-急招快递员,5000.0,8000.0,学历不限,2.0,0,0,0,1,0,学历不限,58同城,2026-09-25 09:55:47
3856,411622,西华县,周口市,周口市,周口-西华,刘先生,德邦周口西华县--急招快递员,5000.0,7000.0,学历不限,4.0,0,0,0,1,0,学历不限,58同城,2026-09-25 09:55:51
3857,411622,西华县,周口市,周口市,周口-西华,张女士,配/理/拣/发货加班补助包吃包住,5000.0,5500.0,未注明,,0,0,0,0,1,未注明,58同城,2026-09-25 09:55:51
3858,411622,西华县,周口市,周口市,西华-西华县政府,喜欢捏橡皮的何同学,居家审核员双休不加班月入6000,5000.0,8000.0,未注明,,0,0,0,0,1,未注明,58同城,2026-09-25 09:56:07
3859,411622,西华县,周口市,周口市,周口-西华,尹先生,网络推广组长,2000.0,5000.0,未注明,,0,0,0,0,1,未注明,58同城,2026-09-25 09:56:07
3860,411622,西华县,周口市,周口市,西华-西华县中医院,西华儿童理发店,美发助理/学徒饭补免费工服包吃,2000.0,2500.0,未注明,,0,0,0,0,1,未注明,58同城,2026-09-25 09:56:38
3861,411622,西华县,周口市,周口市,西华-西华县中医院,西华儿童理发店,美容美发店美发助理/学徒工资面议固定保底,2000.0,2500.0,学历不限,,0,0,0,1,0,学历不限,58同城,2026-09-25 09:56:38
3862,411622,西华县,周口市,周口市,西华县,,崇宁智能化科技·网络布线/维护 服务区域：川汇、淮阳、郸城、西华、扶沟...,,,未注明,,0,0,0,0,1,未注明,58同城,2026-09-25 09:57:01
3863,411623,商水县,周口市,周口市,商水-其他,爱拿捏的翟博士,招短途货运司机,6000.0,7000.0,学历不限,,0,0,0,1,0,学历不限,58同城,2026-09-25 09:57:17
3864,411623,商水县,周口市,周口市,其他-商水其他,喻继成,按摩师,10000.0,15000.0,未注明,,0,0,0,0,1,未注明,58同城,2026-09-25 09:57:17
3865,411623,商水县,周口市,周口市,商水-城区,李女士,小区保安包吃住5100交... 小程序,4500.0,5000.0,未注明,,0,0,0,0,1,未注明,58同城,2026-09-25 09:57:17
3866,411623,商水县,周口市,周口市,商水-其他,张女士,商水急招小货车纯司机,4300.0,8000.0,学历不限,1.0,0,0,0,1,0,学历不限,58同城,2026-09-25 09:57:17
3867,411623,商水县,周口市,周口市,商水,王先生,货运司机7k起,7000.0,8000.0,学历不限,6.0,0,0,0,1,0,学历不限,58同城,2026-09-25 09:57:17
3868,411623,商水县,周口市,周口市,商水-城区,史女士,沁润泽环保股份有限公司运营专员/助理五险,5000.0,5100.0,未注明,,0,0,0,0,1,未注明,58同城,2026-09-25 09:57:17
3869,411623,商水县,周口市,周口市,商水-城区,很有条理的竺博士,电商客服,2000.0,3000.0,学历不限,,0,0,0,1,0,学历不限,58同城,2026-09-25 09:57:17
3870,411623,商水县,周口市,周口市,商水-其他,田先生,加油站加油员,2000.0,3000.0,学历不限,,0,0,0,1,0,学历不限,58同城,2026-09-25 09:57:17
3871,411623,商水县,周口市,周口市,商水-其他,招聘专员,中餐厅服务员/包住两人间wifi,2000.0,2500.0,未注明,,0,0,0,0,1,未注明,58同城,2026-09-25 09:57:17
3872,411623,商水县,周口市,周口市,商水,于女士,药厂招聘技工日结300一天工作简单贴标签,7500.0,8500.0,未注明,,0,0,0,0,1,未注明,58同城,2026-09-25 09:57:17
3873,411623,商水县,周口市,周口市,商水,董女士,药厂（铁饭碗）招技工日结300一天贴标签,9000.0,9500.0,未注明,,0,0,0,0,1,未注明,58同城,2026-09-25 09:57:17
3874,411623,商水县,周口市,周口市,商水-其他,招聘专员,中餐厅洗碗工包住单人间,2000.0,3000.0,未注明,,0,0,0,0,1,未注明,58同城,2026-09-25 09:57:17
3875,411623,商水县,周口市,周口市,商水-其他,用户60784,商超零售/销售顾问3000起,3000.0,10000.0,学历不限,10.0,0,0,0,1,0,学历不限,58同城,2026-09-25 09:57:17
3876,411623,商水县,周口市,周口市,商水-其他,爱吃饭de周博士,药店营业员,3000.0,4000.0,未注明,,0,0,0,0,1,未注明,58同城,2026-09-25 09:57:17
3877,411623,商水县,周口市,周口市,商水-其他,玩沙堆的小脚,手机销售/3k起,3000.0,7500.0,未注明,,0,0,0,0,1,未注明,58同城,2026-09-25 09:57:17
3878,411623,商水县,周口市,周口市,商水,任先生,药厂（铁饭碗）招技工日结300一天贴标签,9000.0,9500.0,未注明,,0,0,0,0,1,未注明,58同城,2026-09-25 09:57:17
3879,411623,商水县,周口市,周口市,商水-其他,朱女士,童乐源幼儿园/早教/幼教学历大专,2500.0,3000.0,大专,,1,0,0,0,0,大专及以上,58同城,2026-09-25 09:57:17
3880,411623,商水县,周口市,周口市,商水-城区,阿欣,美甲师,2000.0,6000.0,学历不限,,0,0,0,1,0,学历不限,58同城,2026-09-25 09:57:17
3881,411623,商水县,周口市,周口市,商水-其他,何云云,美容师,3000.0,10000.0,未注明,,0,0,0,0,1,未注明,58同城,2026-09-25 09:57:17
3882,411623,商水县,周口市,周口市,商水-其他,张先生,商水谭庄招聘汽车维修/包吃包住,3000.0,5000.0,未注明,,0,0,0,0,1,未注明,58同城,2026-09-25 09:57:17
3883,411623,商水县,周口市,周口市,商水,快乐跳跃的小兔,药厂（铁饭碗）招技工日结300一天贴标签,9000.0,9500.0,未注明,,0,0,0,0,1,未注明,58同城,2026-09-25 09:57:17
3884,411623,商水县,周口市,周口市,商水-其他,王女士,玥汐眼镜视光中心/验光配镜师/包住交通补,3000.0,9000.0,未注明,,0,0,0,0,1,未注明,58同城,2026-09-25 09:57:17
3885,411623,商水县,周口市,周口市,商水-其他,养花种草的阿芳,手绘师,5000.0,9000.0,高中,,0,0,0,0,0,高中/中专,58同城,2026-09-25 09:57:17
3886,411623,商水县,周口市,周口市,商水,王先生,药厂(铁饭碗)招技工日结300一天贴标签,7500.0,10000.0,未注明,,0,0,0,0,1,未注明,58同城,2026-09-25 09:57:17
3887,411623,商水县,周口市,周口市,商水-城区,李女士,招副食司机无装卸收入5K不加班,5000.0,6000.0,未注明,,0,0,0,0,1,未注明,58同城,2026-09-25 09:57:17
3888,411623,商水县,周口市,周口市,商水-其他,总爱发呆的阿明,普工/操作工包住包吃,4500.0,7000.0,未注明,,0,0,0,0,1,未注明,58同城,2026-09-25 09:57:17
3889,411623,商水县,周口市,周口市,商水,郭先生,耳机质检/无需经验坐班轻松/不体检,7500.0,8000.0,未注明,,0,0,0,0,1,未注明,58同城,2026-09-25 09:57:17
3890,411623,商水县,周口市,周口市,商水,朱女士,电子厂质量检测员包吃住300一天可预支,7500.0,8000.0,未注明,,0,0,0,0,1,未注明,58同城,2026-09-25 09:57:17
3891,411623,商水县,周口市,周口市,商水,杨先生,手机印刷工300一天日结坐岗,8000.0,8500.0,未注明,,0,0,0,0,1,未注明,58同城,2026-09-25 09:57:17
3892,411623,商水县,周口市,周口市,商水,郑先生,新厂质量检测员包吃住可预支300一天,7000.0,8000.0,未注明,,0,0,0,0,1,未注明,58同城,2026-09-25 09:57:17
3893,411623,商水县,周口市,周口市,商水-城区,史女士,环保公司EHS/环保专员五险一金,5000.0,5100.0,未注明,,0,0,0,0,1,未注明,58同城,2026-09-25 09:57:22
3894,411623,商水县,周口市,周口市,商水,经理,商水固墙超市聘主管,4000.0,7000.0,学历不限,5.0,0,0,0,1,0,学历不限,58同城,2026-09-25 09:57:22
3895,411623,商水县,周口市,周口市,商水-城区,韩前威,公园世家店/房产经纪人年... 小程序,3000.0,5000.0,未注明,,0,0,0,0,1,未注明,58同城,2026-09-25 09:57:22
3896,411623,商水县,周口市,周口市,商水,韩前威,商水诚德房产聘房产经理人,5000.0,10000.0,未注明,,0,0,0,0,1,未注明,58同城,2026-09-25 09:57:22
3897,411623,商水县,周口市,周口市,商水,韩前威,公园世家店房产经纪人年底双薪,3000.0,4500.0,未注明,,0,0,0,0,1,未注明,58同城,2026-09-25 09:57:22
3898,411623,商水县,周口市,周口市,商水-城区,高女士,卖场经理,3000.0,5000.0,学历不限,,0,0,0,1,0,学历不限,58同城,2026-09-25 09:57:22
3899,411623,商水县,周口市,周口市,商水-城区,麦芽糖甜滋滋,销售专员,3000.0,6000.0,学历不限,,0,0,0,1,0,学历不限,58同城,2026-09-25 09:57:22
3900,411623,商水县,周口市,周口市,商水-城区,韩前威,商水公园世家店/房产经纪人/3千起,3000.0,5000.0,学历不限,2.0,0,0,0,1,0,学历不限,58同城,2026-09-25 09:57:22
3901,411623,商水县,周口市,周口市,商水,招聘专员,武术教练,2500.0,4500.0,学历不限,,0,0,0,1,0,学历不限,58同城,2026-09-25 09:57:22
3902,411623,商水县,周口市,周口市,商水-城区,有冲劲的薄总,医院康复治疗师3千起,3000.0,4500.0,大专,,1,0,0,0,0,大专及以上,58同城,2026-09-25 09:57:22
3903,411623,商水县,周口市,周口市,商水-城区,有冲劲的薄总,麻醉科医生,4000.0,8000.0,本科,2.0,1,1,0,0,0,大专及以上,58同城,2026-09-25 09:57:22
3904,411623,商水县,周口市,周口市,周口-商水,尚女士,英语翻译,,,未注明,,0,0,0,0,1,未注明,58同城,2026-09-25 09:57:22
3905,411623,商水县,周口市,周口市,商水-城区,高女士,金融销售4000起,4000.0,7000.0,学历不限,2.0,0,0,0,1,0,学历不限,58同城,2026-09-25 09:57:22
3906,411623,商水县,周口市,周口市,商水-城区,有冲劲的薄总,精神/心理科医生副高2万起,20000.0,25000.0,本科,2.0,1,1,0,0,0,大专及以上,58同城,2026-09-25 09:57:22
3907,411623,商水县,周口市,周口市,周口-商水,尚女士,日语服装业务员,,,未注明,,0,0,0,0,1,未注明,58同城,2026-09-25 09:57:22
3908,411623,商水县,周口市,周口市,商水,铁板钉钉的李总,会籍顾问,3000.0,30000.0,学历不限,,0,0,0,1,0,学历不限,58同城,2026-09-25 09:57:22
3909,411624,沈丘县,周口市,周口市,沈丘-其他,刘女士,淘宝闪购外卖骑手,3000.0,5000.0,学历不限,7.0,0,0,0,1,0,学历不限,58同城,2026-09-25 10:00:21
3910,411624,沈丘县,周口市,周口市,沈丘-其他,大卫,美发店发型师3500起,3500.0,7000.0,未注明,,0,0,0,0,1,未注明,58同城,2026-09-25 10:00:21
3911,411624,沈丘县,周口市,周口市,沈丘-其他,我剪飞扬,沈丘美发店聘/美发助理/... 小程序,2000.0,3000.0,学历不限,2.0,0,0,0,1,0,学历不限,58同城,2026-09-25 10:00:21
3912,411624,沈丘县,周口市,周口市,其他-沈丘其他,胡先生,沈丘聘业务员,3000.0,8500.0,学历不限,5.0,0,0,0,1,0,学历不限,58同城,2026-09-25 10:00:21
3913,411624,沈丘县,周口市,周口市,沈丘-颖滨公园,悄悄闪烁的星星,财务主管,4000.0,6000.0,学历不限,2.0,0,0,0,1,0,学历不限,58同城,2026-09-25 10:00:21
3914,411624,沈丘县,周口市,周口市,其他-沈丘其他,青苹果咔嚓,销售专员,2000.0,8000.0,学历不限,1.0,0,0,0,1,0,学历不限,58同城,2026-09-25 10:00:21
3915,411624,沈丘县,周口市,周口市,沈丘,朱先生,食品店员/营业员3千起,3000.0,5000.0,未注明,,0,0,0,0,1,未注明,58同城,2026-09-25 10:00:21
3916,411624,沈丘县,周口市,周口市,沈丘-其他,4na5jrs88,汽车美容店洗车工2000起,2500.0,3500.0,未注明,,0,0,0,0,1,未注明,58同城,2026-09-25 10:00:21
3917,411624,沈丘县,周口市,周口市,沈丘-其他,李女士,260/天可日结可短期可带手机包吃包住,5500.0,7000.0,未注明,,0,0,0,0,1,未注明,58同城,2026-09-25 10:00:21
3918,411624,沈丘县,周口市,周口市,其他-沈丘其他,郭女士,电话销售3k起,3000.0,5000.0,学历不限,2.0,0,0,0,1,0,学历不限,58同城,2026-09-25 10:00:21
3919,411624,沈丘县,周口市,周口市,沈丘-其他,taociruishi,豫东陶瓷城家装/家居销售学历经验不限,2500.0,4500.0,未注明,,0,0,0,0,1,未注明,58同城,2026-09-25 10:00:21
3920,411624,沈丘县,周口市,周口市,其他-沈丘其他,胡先生,聘室内设计,6000.0,10000.0,学历不限,5.0,0,0,0,1,0,学历不限,58同城,2026-09-25 10:00:21
3921,411624,沈丘县,周口市,周口市,其他-沈丘其他,胡先生,室内设计/2年以上经验,6000.0,10000.0,学历不限,5.0,0,0,0,1,0,学历不限,58同城,2026-09-25 10:00:21
3922,411624,沈丘县,周口市,周口市,沈丘-其他,咖啡凉一半,仓库管理会电脑月六千,5000.0,8000.0,未注明,,0,0,0,0,1,未注明,58同城,2026-09-25 10:00:21
3923,411624,沈丘县,周口市,周口市,沈丘-其他,收集星星的夜莺,急招100人可无经验-机器人信息采集员,2500.0,3000.0,学历不限,1.0,0,0,0,1,0,学历不限,58同城,2026-09-25 10:00:21
3924,411624,沈丘县,周口市,周口市,沈丘-其他,糜博士爱捕捉,室内设计师,3000.0,12000.0,学历不限,,0,0,0,1,0,学历不限,58同城,2026-09-25 10:00:21
3925,411624,沈丘县,周口市,周口市,槐店-沈丘汽车站,爱装饰DE古总,商超/店员/营业员2000起,2000.0,4000.0,学历不限,1.0,0,0,0,1,0,学历不限,58同城,2026-09-25 10:00:21
3926,411624,沈丘县,周口市,周口市,沈丘,王老师,成志中学诚聘中学各,4000.0,10000.0,未注明,,0,0,0,0,1,未注明,58同城,2026-09-25 10:00:21
3927,411624,沈丘县,周口市,周口市,其他-沈丘其他,温柔婉约de,仓库文员,3000.0,4000.0,未注明,,0,0,0,0,1,未注明,58同城,2026-09-25 10:00:21
3928,411624,沈丘县,周口市,周口市,沈丘-其他,李先生,沈丘C1纯司机给学校送菜不带车不装卸,7000.0,8000.0,未注明,,0,0,0,0,1,未注明,58同城,2026-09-25 10:00:21
3929,411624,沈丘县,周口市,周口市,其他-沈丘其他,温柔婉约de,全华副食招仓库配/拣/发货员,3000.0,4000.0,未注明,,0,0,0,0,1,未注明,58同城,2026-09-25 10:00:21
3930,411624,沈丘县,周口市,周口市,沈丘-其他,王女士,纯售后接听客服/包住五险一金,3100.0,8000.0,未注明,,0,0,0,0,1,未注明,58同城,2026-09-25 10:00:21
3931,411624,沈丘县,周口市,周口市,沈丘,聂先生,沈丘县商超招聘销售专员会开车,4500.0,8000.0,学历不限,5.0,0,0,0,1,0,学历不限,58同城,2026-09-25 10:00:21
3932,411624,沈丘县,周口市,周口市,沈丘-颖滨公园,王女士,沈丘商超招c1司机晚上可以回家,5000.0,7000.0,未注明,,0,0,0,0,1,未注明,58同城,2026-09-25 10:00:21
3933,411624,沈丘县,周口市,周口市,沈丘,聂先生,聘厂家业务员29-32岁/大专/五险一金,6000.0,10000.0,未注明,,0,0,0,0,1,未注明,58同城,2026-09-25 10:00:21
3934,411624,沈丘县,周口市,周口市,沈丘-槐店,王老师,宿管生活老师,,,未注明,,0,0,0,0,1,未注明,58同城,2026-09-25 10:00:21
3935,411624,沈丘县,周口市,周口市,其他-沈丘其他,郭女士,供应链管理公司/货运司机/夜/白班多班次,4500.0,7000.0,学历不限,3.0,0,0,0,1,0,学历不限,58同城,2026-09-25 10:00:21
3936,411624,沈丘县,周口市,周口市,沈丘-槐店,王老师,成志学校聘初中各科教师,4000.0,10000.0,未注明,,0,0,0,0,1,未注明,58同城,2026-09-25 10:00:21
3937,411624,沈丘县,周口市,周口市,体院中心-永基时代广场,马先生,服务员,2500.0,3000.0,学历不限,1.0,0,0,0,1,0,学历不限,58同城,2026-09-25 10:00:21
3938,411624,沈丘县,周口市,周口市,沈丘,摸鱼的闲人,驰品商贸/跨境电商运营工作时间灵活,3000.0,4500.0,未注明,,0,0,0,0,1,未注明,58同城,2026-09-25 10:00:21
3939,411624,沈丘县,周口市,周口市,沈丘县,,豫信礼品回收·礼品回收 服务区域：川汇、项城市、沈丘、淮阳、郸城...,,,未注明,,0,0,0,0,1,未注明,58同城,2026-09-25 10:03:10
3940,411624,沈丘县,周口市,周口市,沈丘县,,金牌商家·汽车维修保养 服务区域：川汇、项城市、沈丘、淮阳、郸城...,,,未注明,,0,0,0,0,1,未注明,58同城,2026-09-25 10:03:10
3941,411624,沈丘县,周口市,周口市,沈丘县,,大禹水电·建筑维修 服务区域：川汇、项城市、沈丘、淮阳、郸城...,,,未注明,,0,0,0,0,1,未注明,58同城,2026-09-25 10:03:10
3942,411624,沈丘县,周口市,周口市,沈丘县,,周三勺传承当家菜·美食 服务区域：川汇、项城市、沈丘、淮阳、郸城...,,,未注明,,0,0,0,0,1,未注明,58同城,2026-09-25 10:03:10
3943,411624,沈丘县,周口市,周口市,沈丘县,,周口美食·美食 服务区域：川汇、项城市、沈丘、淮阳、郸城...,,,未注明,,0,0,0,0,1,未注明,58同城,2026-09-25 10:03:10
3944,411624,沈丘县,周口市,周口市,沈丘县,,森烽厨具电器回收·酒店厨房设备 服务区域：川汇、项城市、沈丘、淮阳、郸城...,,,未注明,,0,0,0,0,1,未注明,58同城,2026-09-25 10:03:10
3945,411624,沈丘县,周口市,周口市,沈丘县,,赣州蓉江新区潭口镇兰菲商行·外卖 服务区域：川汇、项城市、沈丘、淮阳、郸城...,,,未注明,,0,0,0,0,1,未注明,58同城,2026-09-25 10:03:10
3946,411624,沈丘县,周口市,周口市,沈丘县,,蓉江新区恩宝饮品店（个体工商户）·外卖 服务区域：川汇、项城市、沈丘、淮阳、郸城...,,,未注明,,0,0,0,0,1,未注明,58同城,2026-09-25 10:03:10
3947,411624,沈丘县,周口市,周口市,沈丘县,,高价回收酒店宾馆设备·家具/电器/酒店设备回收 服务区域：川汇、项城市、沈丘、淮阳、郸城...,,,未注明,,0,0,0,0,1,未注明,58同城,2026-09-25 10:03:10
3948,411624,沈丘县,周口市,周口市,沈丘县,,周口电动车换胎补胎换电瓶·汽车维修保养 服务区域：川汇、项城市、沈丘、淮阳、郸城...,,,未注明,,0,0,0,0,1,未注明,58同城,2026-09-25 10:03:10
3949,411624,沈丘县,周口市,周口市,沈丘县,,诚信搬家搬运·搬家 服务区域：川汇、项城市、沈丘、淮阳、郸城...,,,未注明,,0,0,0,0,1,未注明,58同城,2026-09-25 10:03:10
3950,411624,沈丘县,周口市,周口市,沈丘县,,源枫寄卖行·礼品/奢侈品/金银回收 服务区域：川汇、项城市、沈丘、淮阳、郸城...,,,未注明,,0,0,0,0,1,未注明,58同城,2026-09-25 10:03:10
3951,411624,沈丘县,周口市,周口市,沈丘县,,西宁胡萝焙商贸·美食 服务区域：川汇、项城市、沈丘、淮阳、郸城...,,,未注明,,0,0,0,0,1,未注明,58同城,2026-09-25 10:03:10
3952,411624,沈丘县,周口市,周口市,沈丘县,,章贡区肖肖家小吃店（个体工商户）·美食 服务区域：川汇、项城市、沈丘、淮阳、郸城...,,,未注明,,0,0,0,0,1,未注明,58同城,2026-09-25 10:03:10
3953,411624,沈丘县,周口市,周口市,沈丘县,,赣州蓉江新区潭东镇格乐食品商行（个体工商户）·外卖 服务区域：川汇、项城市、沈丘、淮阳、郸城...,,,未注明,,0,0,0,0,1,未注明,58同城,2026-09-25 10:03:10
3954,411624,沈丘县,周口市,周口市,沈丘县,,章贡区古明飞餐饮店（个体工商户）·美食 服务区域：川汇、项城市、沈丘、淮阳、郸城...,,,未注明,,0,0,0,0,1,未注明,58同城,2026-09-25 10:03:10
3955,411624,沈丘县,周口市,周口市,沈丘县,,家具安装维修保养·家具维修 服务区域：川汇、项城市、沈丘、淮阳、郸城...,,,未注明,,0,0,0,0,1,未注明,58同城,2026-09-25 10:03:10
3956,411625,郸城县,周口市,周口市,周口-郸城,王先生,郸城郸城上班招大包建房和瓷砖销售6千起,6000.0,15000.0,学历不限,3.0,0,0,0,1,0,学历不限,58同城,2026-09-25 10:03:26
3957,411625,郸城县,周口市,周口市,周口-郸城,郸城名人城,郸城上班招聘足疗按摩师,4000.0,8000.0,未注明,,0,0,0,0,1,未注明,58同城,2026-09-25 10:03:26
3958,411625,郸城县,周口市,周口市,郸城-万洋国际商贸博览城,热衷收集树叶的你,养生馆店员/电话联系 小程序,2500.0,4500.0,学历不限,2.0,0,0,0,1,0,学历不限,58同城,2026-09-25 10:03:26
3959,411625,郸城县,周口市,周口市,周口-郸城,王先生,郸城上班招会开车销售专员6k起,6000.0,15000.0,学历不限,6.0,0,0,0,1,0,学历不限,58同城,2026-09-25 10:03:26
3960,411625,郸城县,周口市,周口市,周口-郸城,小可,游戏代练/陪玩,3000.0,5000.0,学历不限,,0,0,0,1,0,学历不限,58同城,2026-09-25 10:03:26
3961,411625,郸城县,周口市,周口市,周口-郸城,赵先生,郸城诚聘按摩师/包吃住,8000.0,12000.0,未注明,,0,0,0,0,1,未注明,58同城,2026-09-25 10:03:26
3962,411625,郸城县,周口市,周口市,周口-郸城,郭经理,中餐厅后厨包住五险房补,5900.0,6000.0,未注明,,0,0,0,0,1,未注明,58同城,2026-09-25 10:03:26
3963,411625,郸城县,周口市,周口市,周口-郸城,赵先生,诚聘月入过万按摩师/包吃住,10000.0,15000.0,未注明,,0,0,0,0,1,未注明,58同城,2026-09-25 10:03:26
3964,411625,郸城县,周口市,周口市,周口-郸城,每天开心的笑笑,郸城新城养老院/洗碗工包吃住,2000.0,2500.0,未注明,,0,0,0,0,1,未注明,58同城,2026-09-25 10:03:26
3965,411625,郸城县,周口市,周口市,郸城-万洋国际商贸博览城,谷先生,台球助理教练,3500.0,15000.0,学历不限,,0,0,0,1,0,学历不限,58同城,2026-09-25 10:03:26
3966,411625,郸城县,周口市,周口市,郸城-郸城世纪广场,守己安分,店员/营业员,1800.0,2700.0,学历不限,,0,0,0,1,0,学历不限,58同城,2026-09-25 10:03:26
3967,411625,郸城县,周口市,周口市,周口-郸城,小熊踩脚印,星级酒店厨师长/主厨免费工服包住加班补助,9000.0,11500.0,未注明,,0,0,0,0,1,未注明,58同城,2026-09-25 10:03:26
3968,411625,郸城县,周口市,周口市,郸城-郸城世纪广场,安家驿居家养老,养老院护工/护理3000起,3000.0,5000.0,未注明,,0,0,0,0,1,未注明,58同城,2026-09-25 10:03:26
3969,411625,郸城县,周口市,周口市,郸城-商贸城,Aopt789,餐饮店店员/营业员2.5k起,2500.0,3500.0,学历不限,1.0,0,0,0,1,0,学历不限,58同城,2026-09-25 10:03:26
3970,411625,郸城县,周口市,周口市,周口-郸城,周永舟,郸城县八郸城县8090暖居服装店,2500.0,5000.0,学历不限,,0,0,0,1,0,学历不限,58同城,2026-09-25 10:03:26
3971,411625,郸城县,周口市,周口市,郸城-郸城世纪广场,张先生,指品保健服务店/足疗师包住包吃,8000.0,15000.0,未注明,,0,0,0,0,1,未注明,58同城,2026-09-25 10:03:26
3972,411625,郸城县,周口市,周口市,周口-郸城,W乘坐马车古老板,烧烤店传菜员工作餐标高加班补助包吃,2500.0,4000.0,未注明,,0,0,0,0,1,未注明,58同城,2026-09-25 10:03:26
3973,411625,郸城县,周口市,周口市,郸城-万洋国际商贸博览城,赵先生,商场促销/导购员2500起,2500.0,4500.0,高中,,0,0,0,0,0,高中/中专,58同城,2026-09-25 10:03:26
3974,411625,郸城县,周口市,周口市,周口-郸城,杨先生,郸城杨波采耳-高保底采耳师接收小白,6000.0,8000.0,未注明,,0,0,0,0,1,未注明,58同城,2026-09-25 10:03:26
3975,411625,郸城县,周口市,周口市,周口-郸城,任先生,郸城万果园第一部落烤串师傅,3000.0,3500.0,未注明,,0,0,0,0,1,未注明,58同城,2026-09-25 10:03:26
3976,411625,郸城县,周口市,周口市,周口-郸城,杨先生,郸城上班-月6千以上采耳师/包吃住,5000.0,8000.0,未注明,,0,0,0,0,1,未注明,58同城,2026-09-25 10:03:26
3977,411625,郸城县,周口市,周口市,周口-郸城,杨先生,郸城杨波采耳师小白均可,6000.0,8000.0,未注明,,0,0,0,0,1,未注明,58同城,2026-09-25 10:03:26
3978,411625,郸城县,周口市,周口市,郸城-陆鼎建材城,123456789,流动烤全羊带车烤羊师傅,2000.0,4000.0,未注明,,0,0,0,0,1,未注明,58同城,2026-09-25 10:03:26
3979,411625,郸城县,周口市,周口市,郸城-万洋国际商贸博览城,侯先生,游戏主播不露脸,4000.0,8000.0,学历不限,10.0,0,0,0,1,0,学历不限,58同城,2026-09-25 10:03:26
3980,411625,郸城县,周口市,周口市,郸城-郸城世纪广场,招聘主管,中餐厨师,6000.0,9000.0,学历不限,2.0,0,0,0,1,0,学历不限,58同城,2026-09-25 10:03:26
3981,411625,郸城县,周口市,周口市,周口-郸城,爱注意DE凌总,促销/导购员,3000.0,4500.0,学历不限,,0,0,0,1,0,学历不限,58同城,2026-09-25 10:03:26
3982,411625,郸城县,周口市,周口市,郸城-万洋国际商贸博览城,薄荷冰凉茶,台球助教/2千起,2000.0,5000.0,学历不限,2.0,0,0,0,1,0,学历不限,58同城,2026-09-25 10:03:26
3983,411625,郸城县,周口市,周口市,郸城-陆鼎建材城,招聘专员,美甲师,3000.0,5000.0,学历不限,,0,0,0,1,0,学历不限,58同城,2026-09-25 10:03:26
3984,411625,郸城县,周口市,周口市,周口-郸城,王先生,6千起招销售专员会开车郸城上班,6000.0,15000.0,学历不限,6.0,0,0,0,1,0,学历不限,58同城,2026-09-25 10:03:26
3985,411625,郸城县,周口市,周口市,周口-郸城,杨先生,采耳师月保底6千起接收小白,6000.0,8000.0,未注明,,0,0,0,0,1,未注明,58同城,2026-09-25 10:03:26
3986,411625,郸城县,周口市,周口市,周口-郸城,画画的吴小生,郸城晋老大食品/自媒体运营专员,3000.0,8000.0,未注明,,0,0,0,0,1,未注明,58同城,2026-09-25 10:03:30
3987,411625,郸城县,周口市,周口市,郸城-第三实验中学,王先生,淘宝闪购市场经理,4000.0,8000.0,学历不限,5.0,0,0,0,1,0,学历不限,58同城,2026-09-25 10:03:30
3988,411625,郸城县,周口市,周口市,周口-郸城,卫郸城卫辉,妇产科医生 小程序,,,学历不限,,0,0,0,1,0,学历不限,58同城,2026-09-25 10:03:30
3989,411625,郸城县,周口市,周口市,郸城-第三实验中学,王先生,市场经理,4000.0,9500.0,未注明,,0,0,0,0,1,未注明,58同城,2026-09-25 10:03:30
3990,411625,郸城县,周口市,周口市,周口-川汇,爱吹口哨的明明,安保巡逻岗包吃住五险,4500.0,5000.0,未注明,,0,0,0,0,1,未注明,58同城,2026-09-25 10:03:30
3991,411625,郸城县,周口市,周口市,周口-川汇,安静看书的鸟,招聘文员/35岁以下,4000.0,5000.0,大专,6.0,1,0,0,0,0,大专及以上,58同城,2026-09-25 10:03:30
3992,411625,郸城县,周口市,周口市,周口-川汇,郝女士,急招保安/五险包吃包住 小程序,4500.0,5000.0,未注明,,0,0,0,0,1,未注明,58同城,2026-09-25 10:03:30
3993,411625,郸城县,周口市,周口市,川汇-经济开发区,吴先生,熟食店杂工50岁以下,2700.0,3300.0,未注明,,0,0,0,0,1,未注明,58同城,2026-09-25 10:03:30
3994,411625,郸城县,周口市,周口市,周口周边-其他,喻继成,足疗店/按摩师包住包吃,8500.0,15000.0,未注明,,0,0,0,0,1,未注明,58同城,2026-09-25 10:03:30
3995,411625,郸城县,周口市,周口市,川汇-中原商贸城,58用户,普工/操作工3500起,3500.0,6000.0,学历不限,1.0,0,0,0,1,0,学历不限,58同城,2026-09-25 10:03:30
3996,411625,郸城县,周口市,周口市,川汇-中原商贸城,招聘主管,全屋定制机器下料封边操作工川汇中原商贸城,4000.0,5000.0,学历不限,1.0,0,0,0,1,0,学历不限,58同城,2026-09-25 10:03:30
3997,411625,郸城县,周口市,周口市,周口,陈先生,开车溜达保安包吃住可带朋友,4500.0,5000.0,未注明,,0,0,0,0,1,未注明,58同城,2026-09-25 10:03:30
3998,411625,郸城县,周口市,周口市,周口,爱修补de周老板,授权签字人,,,大专,1.0,1,0,0,0,0,大专及以上,58同城,2026-09-25 10:03:30
3999,411625,郸城县,周口市,周口市,周口-淮阳,堆雪人的冬日,不体检汽配厂普工16岁起招月入四千五起,4500.0,5500.0,未注明,,0,0,0,0,1,未注明,58同城,2026-09-25 10:03:30
4000,411625,郸城县,周口市,周口市,周口-川汇,郭女士,技工,4000.0,6000.0,未注明,,0,0,0,0,1,未注明,58同城,2026-09-25 10:03:30
4001,411625,郸城县,周口市,周口市,川汇-经济开发区,姜女士,审计助理,3000.0,4500.0,大专,,1,0,0,0,0,大专及以上,58同城,2026-09-25 10:03:30
4002,411625,郸城县,周口市,周口市,川汇-中原商贸城,小雨滴答嗒,餐饮收银,2000.0,3000.0,学历不限,1.0,0,0,0,1,0,学历不限,58同城,2026-09-25 10:03:30
4003,411625,郸城县,周口市,周口市,周口-川汇,秦女士,修理厂汽车维修3千起,4500.0,7000.0,未注明,,0,0,0,0,1,未注明,58同城,2026-09-25 10:03:30
4004,411625,郸城县,周口市,周口市,周口-川汇,用户28377,店员/营业员,2000.0,4500.0,学历不限,1.0,0,0,0,1,0,学历不限,58同城,2026-09-25 10:03:30
4005,411625,郸城县,周口市,周口市,周口,喜欢踩水坑的陈小跳,名酒门店营业员（沈丘）,3500.0,5000.0,中专/中技,1.0,0,0,0,0,0,高中/中专,58同城,2026-09-25 10:03:30
4006,411625,郸城县,周口市,周口市,扶沟-国芳中心,招聘专员,裱花师学徒（扶沟县城）,2000.0,2500.0,学历不限,2.0,0,0,0,1,0,学历不限,58同城,2026-09-25 10:03:30
4007,411625,郸城县,周口市,周口市,周口-川汇,招聘主管,餐饮店店员/营业员工作时间灵活,2500.0,3000.0,未注明,,0,0,0,0,1,未注明,58同城,2026-09-25 10:03:30
4008,411625,郸城县,周口市,周口市,周口-川汇,招聘专员,东新区医院厨工/30-45岁,3000.0,5000.0,学历不限,2.0,0,0,0,1,0,学历不限,58同城,2026-09-25 10:03:30
4009,411625,郸城县,周口市,周口市,周口-川汇,爱拍照DE管老板,小吃/快餐店后厨免费工服包吃,3000.0,3500.0,未注明,,0,0,0,0,1,未注明,58同城,2026-09-25 10:03:30
4010,411625,郸城县,周口市,周口市,川汇-中原商贸城,陈先生,中原商贸城附近/办公室文员/18-25岁,2500.0,4000.0,中专/中技,5.0,0,0,0,0,0,高中/中专,58同城,2026-09-25 10:03:30
4011,411625,郸城县,周口市,周口市,川汇-中原商贸城,草莓掉进坑,巡逻坐岗保安包吃住,4500.0,5000.0,未注明,,0,0,0,0,1,未注明,58同城,2026-09-25 10:03:30
4012,411625,郸城县,周口市,周口市,周口,司女士,零食打包长白班/日结一天240坐班,7000.0,8500.0,未注明,,0,0,0,0,1,未注明,58同城,2026-09-25 10:03:30
4013,411625,郸城县,周口市,周口市,周口,马先生,玩具组装/日结综合240/天可带手机,6500.0,8500.0,未注明,,0,0,0,0,1,未注明,58同城,2026-09-25 10:03:30
4014,411625,郸城县,周口市,周口市,周口周边-其他,故事,配菜/打荷,3000.0,4500.0,学历不限,,0,0,0,1,0,学历不限,58同城,2026-09-25 10:03:30
4015,411625,郸城县,周口市,周口市,周口周边-其他,王女士,沈丘C本司机送百货公司配车不装不卸,7000.0,8500.0,学历不限,5.0,0,0,0,1,0,学历不限,58同城,2026-09-25 10:03:38
4016,411625,郸城县,周口市,周口市,周口-川汇,尤先生,员工关系/专员3千起,3000.0,5000.0,学历不限,3.0,0,0,0,1,0,学历不限,58同城,2026-09-25 10:03:38
4017,411625,郸城县,周口市,周口市,川汇-东新区,豪阔商贸有限公司,店员/营业员,3000.0,5000.0,学历不限,,0,0,0,1,0,学历不限,58同城,2026-09-25 10:03:38
4018,411625,郸城县,周口市,周口市,周口-郸城,杨先生,郸城杨波采耳-急聘采耳师和助理,6000.0,8000.0,未注明,,0,0,0,0,1,未注明,58同城,2026-09-25 10:04:00
4019,411625,郸城县,周口市,周口市,周口-郸城,人事,郸城-总账会计,3000.0,5000.0,大专,2.0,1,0,0,0,0,大专及以上,58同城,2026-09-25 10:04:08
4020,411625,郸城县,周口市,周口市,周口-郸城,卫郸城卫辉,妇产科医生,,,学历不限,,0,0,0,1,0,学历不限,58同城,2026-09-25 10:04:13
4021,411625,郸城县,周口市,周口市,周口-郸城,张女士,装饰店店长5千起,5000.0,10000.0,高中,,0,0,0,0,0,高中/中专,58同城,2026-09-25 10:04:17
4022,411625,郸城县,周口市,周口市,周口-郸城,晓晓,餐厅餐饮收银工作时间灵活,3000.0,5000.0,学历不限,,0,0,0,1,0,学历不限,58同城,2026-09-25 10:04:17
4023,411625,郸城县,周口市,周口市,郸城-第三实验中学,Yan,诚聘美容师有保底,4000.0,6500.0,未注明,,0,0,0,0,1,未注明,58同城,2026-09-25 10:04:21
4024,411625,郸城县,周口市,周口市,郸城-郸城中心站,中原眼镜,眼镜店验光师2500起,2500.0,4500.0,高中,,0,0,0,0,0,高中/中专,58同城,2026-09-25 10:04:21
4025,411625,郸城县,周口市,周口市,周口-郸城,查女士,郸城门店-半班制黄金首饰珠宝店员,4000.0,6000.0,未注明,,0,0,0,0,1,未注明,58同城,2026-09-25 10:04:21
4026,411625,郸城县,周口市,周口市,周口-郸城,刘先生,郸城美凯龙上班招聘家具销售,4000.0,8000.0,大专,5.0,1,0,0,0,0,大专及以上,58同城,2026-09-25 10:04:25
4027,411625,郸城县,周口市,周口市,周口-郸城,画画的吴小生,自媒体运营/自媒体运营专员房补包吃,3000.0,6000.0,未注明,,0,0,0,0,1,未注明,58同城,2026-09-25 10:04:25
4028,411625,郸城县,周口市,周口市,郸城-商贸城,张先生,郸城招短途货车司机 小程序,5000.0,6000.0,未注明,,0,0,0,0,1,未注明,58同城,2026-09-25 10:04:46
4029,411625,郸城县,周口市,周口市,郸城-郸城世纪广场,陈先生,给公司开车周结包住,6500.0,7000.0,未注明,,0,0,0,0,1,未注明,58同城,2026-09-25 10:04:46
4030,411625,郸城县,周口市,周口市,周口-郸城,张先生,郸城宁平上班招仓管员,3500.0,5000.0,高中,2.0,0,0,0,0,0,高中/中专,58同城,2026-09-25 10:04:58
4031,411625,郸城县,周口市,周口市,周口-郸城,招聘专员,珍妮花招聘仓库管理员,5000.0,6000.0,大专,6.0,1,0,0,0,0,大专及以上,58同城,2026-09-25 10:04:58
4032,411625,郸城县,周口市,周口市,周口-郸城,寿先生,直播运营郸城上班,3000.0,5000.0,学历不限,3.0,0,0,0,1,0,学历不限,58同城,2026-09-25 10:05:18
4033,411625,郸城县,周口市,周口市,周口-郸城,寿先生,郸城上班招直播运营/3千起,3000.0,5000.0,中专/中技,3.0,0,0,0,0,0,高中/中专,58同城,2026-09-25 10:05:18
4034,411625,郸城县,周口市,周口市,周口-郸城,刘先生,郸城美凯龙上班招聘新媒体运营,4500.0,9000.0,未注明,,0,0,0,0,1,未注明,58同城,2026-09-25 10:05:18
4035,411625,郸城县,周口市,周口市,郸城-商贸城,马先生,网络推广,2500.0,6000.0,学历不限,,0,0,0,1,0,学历不限,58同城,2026-09-25 10:05:18
4036,411627,太康县,周口市,周口市,太康-其他,蒋女士,太康直招骑手可预支/提供车子住宿,2500.0,4500.0,未注明,,0,0,0,0,1,未注明,58同城,2026-09-25 10:05:24
4037,411627,太康县,周口市,周口市,周口-太康,爱穿花裙的孙小妹,太康急招锅炉配件C证司机不装不卸,6500.0,8000.0,未注明,,0,0,0,0,1,未注明,58同城,2026-09-25 10:05:24
4038,411627,太康县,周口市,周口市,太康-城区,任女士,太康日赚300/超市酒水... 小程序,5000.0,7000.0,未注明,,0,0,0,0,1,未注明,58同城,2026-09-25 10:05:24
4039,411627,太康县,周口市,周口市,太康-其他,午后猫眠,收银员,2600.0,3500.0,未注明,,0,0,0,0,1,未注明,58同城,2026-09-25 10:05:24
4040,411627,太康县,周口市,周口市,太康-其他,齐女士,太康急招货运司机,4000.0,6000.0,学历不限,10.0,0,0,0,1,0,学历不限,58同城,2026-09-25 10:05:24
4041,411627,太康县,周口市,周口市,城区-太康城区,招聘专员,急聘洗头工,3000.0,5000.0,未注明,,0,0,0,0,1,未注明,58同城,2026-09-25 10:05:24
4042,411627,太康县,周口市,周口市,太康-其他,心善的沿老板,洗车工,3000.0,5000.0,未注明,,0,0,0,0,1,未注明,58同城,2026-09-25 10:05:24
4043,411627,太康县,周口市,周口市,太康-城区,李女士,包吃住坐岗小区保安事少可以休息,4500.0,5000.0,未注明,,0,0,0,0,1,未注明,58同城,2026-09-25 10:05:24
4044,411627,太康县,周口市,周口市,太康-城区,刘海波,鞋服箱包店员2000起,2000.0,4000.0,学历不限,2.0,0,0,0,1,0,学历不限,58同城,2026-09-25 10:05:24
4045,411627,太康县,周口市,周口市,太康-其他,丁女士,销售专员3000起,3000.0,4500.0,高中,,0,0,0,0,0,高中/中专,58同城,2026-09-25 10:05:24
4046,411627,太康县,周口市,周口市,太康-其他,陌路繁华,收银员,2600.0,3500.0,学历不限,,0,0,0,1,0,学历不限,58同城,2026-09-25 10:05:24
4047,411627,太康县,周口市,周口市,太康-其他,踮脚跳高的小苗,月薪4000起诚聘门窗厂普工直接电话联系,4000.0,6000.0,学历不限,2.0,0,0,0,1,0,学历不限,58同城,2026-09-25 10:05:24
4048,411627,太康县,周口市,周口市,太康-其他,爱穿花鞋的小乔,居家审核员作息轻松月薪六千,5000.0,8000.0,未注明,,0,0,0,0,1,未注明,58同城,2026-09-25 10:05:24
4049,411627,太康县,周口市,周口市,其他-太康其他,王芷珊,短视频运营,,,学历不限,,0,0,0,1,0,学历不限,58同城,2026-09-25 10:05:24
4050,411627,太康县,周口市,周口市,城区-太康城区,招聘专员,发型师,3000.0,6000.0,未注明,,0,0,0,0,1,未注明,58同城,2026-09-25 10:05:24
4051,411627,太康县,周口市,周口市,其他-太康其他,王芷珊,直播运营,,,学历不限,,0,0,0,1,0,学历不限,58同城,2026-09-25 10:05:24
4052,411627,太康县,周口市,周口市,其他-太康其他,王芷珊,主播经纪人,,,学历不限,,0,0,0,1,0,学历不限,58同城,2026-09-25 10:05:24
4053,411627,太康县,周口市,周口市,太康-其他,招聘主管,汽车服务公司/汽车维修包住包吃,2000.0,10000.0,未注明,,0,0,0,0,1,未注明,58同城,2026-09-25 10:05:24
4054,411627,太康县,周口市,周口市,太康,吴先生,电子厂普工300一天包吃住印刷工,8000.0,8500.0,未注明,,0,0,0,0,1,未注明,58同城,2026-09-25 10:05:24
4055,411627,太康县,周口市,周口市,太康,杨先生,电子厂印刷工月入8500手工活可预支,8000.0,8500.0,未注明,,0,0,0,0,1,未注明,58同城,2026-09-25 10:05:24
4056,411627,太康县,周口市,周口市,太康,奋起直追的施同学,班车司机包住五险,5900.0,6000.0,未注明,,0,0,0,0,1,未注明,58同城,2026-09-25 10:05:24
4057,411627,太康县,周口市,周口市,太康,最爱收集落叶的娃,急招商务司机给公司开车薪资待遇好,5900.0,6000.0,未注明,,0,0,0,0,1,未注明,58同城,2026-09-25 10:05:24
4058,411627,太康县,周口市,周口市,太康-城区,捡石子的乐乐,居家审核员五险齐全周末双休,5000.0,8000.0,未注明,,0,0,0,0,1,未注明,58同城,2026-09-25 10:05:24
4059,411627,太康县,周口市,周口市,太康,种多肉的徐小绿,急招司机福利待遇好,5500.0,6000.0,学历不限,16.0,0,0,0,1,0,学历不限,58同城,2026-09-25 10:05:24
4060,411627,太康县,周口市,周口市,太康-城区,张先生,缝纫工,3000.0,5000.0,学历不限,,0,0,0,1,0,学历不限,58同城,2026-09-25 10:05:24
4061,411627,太康县,周口市,周口市,太康-城区,龚女士,美容店采耳师4千起,4000.0,8000.0,学历不限,4.0,0,0,0,1,0,学历不限,58同城,2026-09-25 10:05:24
4062,411627,太康县,周口市,周口市,太康,将来,生物科技公司/生物学研究人员本科,3000.0,4500.0,未注明,,0,0,0,0,1,未注明,58同城,2026-09-25 10:05:24
4063,411627,太康县,周口市,周口市,城区-太康城区,黄女士,小吃/快餐店长2500起,2500.0,3500.0,学历不限,,0,0,0,1,0,学历不限,58同城,2026-09-25 10:05:24
4064,411628,鹿邑县,周口市,周口市,鹿邑,迅兔科技,物流客服专员,3000.0,5000.0,中专/中技,5.0,0,0,0,0,0,高中/中专,58同城,2026-09-25 10:08:26
4065,411628,鹿邑县,周口市,周口市,鹿邑,迅兔科技,物流跟单售后客服,3000.0,5000.0,中专/中技,5.0,0,0,0,0,0,高中/中专,58同城,2026-09-25 10:08:26
4066,411628,鹿邑县,周口市,周口市,鹿邑-其他,张先生,鹿邑培训机构聘教务老师 小程序,2500.0,4500.0,未注明,,0,0,0,0,1,未注明,58同城,2026-09-25 10:08:26
4067,411628,鹿邑县,周口市,周口市,其他-鹿邑其他,张先生,鹿邑培训机构前台老师,3000.0,6000.0,未注明,,0,0,0,0,1,未注明,58同城,2026-09-25 10:08:26
4068,411628,鹿邑县,周口市,周口市,鹿邑-其他,爱追泡泡的宝宝,鹿邑工厂诚聘普工会开叉车55岁以下,3000.0,5000.0,学历不限,5.0,0,0,0,1,0,学历不限,58同城,2026-09-25 10:08:26
4069,411628,鹿邑县,周口市,周口市,鹿邑-上清湖公园,老练的胖大海,中餐厅后厨杂工3000,2800.0,3000.0,学历不限,3.0,0,0,0,1,0,学历不限,58同城,2026-09-25 10:08:26
4070,411628,鹿邑县,周口市,周口市,鹿邑-其他,爱追泡泡的宝宝,鹿邑建材急聘普工/叉车工晚6点-凌晨3点,3000.0,5000.0,学历不限,6.0,0,0,0,1,0,学历不限,58同城,2026-09-25 10:08:26
4071,411628,鹿邑县,周口市,周口市,鹿邑-明道宫,张女士,保安门岗可带朋友,4500.0,5000.0,未注明,,0,0,0,0,1,未注明,58同城,2026-09-25 10:08:26
4072,411628,鹿邑县,周口市,周口市,鹿邑-明道宫,迅兔科技,财务综合内勤文员,3000.0,4000.0,大专,2.0,1,0,0,0,0,大专及以上,58同城,2026-09-25 10:08:26
4073,411628,鹿邑县,周口市,周口市,其他-鹿邑其他,杨磊,机械厂焊工包吃包住,3000.0,5000.0,未注明,,0,0,0,0,1,未注明,58同城,2026-09-25 10:08:26
4074,411628,鹿邑县,周口市,周口市,鹿邑-其他,胡先生,互联网科技公司运营经理/主管周末双休五险,10000.0,15000.0,未注明,,0,0,0,0,1,未注明,58同城,2026-09-25 10:08:26
4075,411628,鹿邑县,周口市,周口市,其他-鹿邑其他,HH,物业/电梯工-学历经验不限,2500.0,3000.0,学历不限,5.0,0,0,0,1,0,学历不限,58同城,2026-09-25 10:08:26
4076,411628,鹿邑县,周口市,周口市,鹿邑-其他,胡先生,互联网科技公司运营经理/主管五险一金,10000.0,20000.0,未注明,,0,0,0,0,1,未注明,58同城,2026-09-25 10:08:26
4077,411628,鹿邑县,周口市,周口市,其他-鹿邑其他,左武杰,鹿邑县左杰电器电料配送门市部/销售专员/,4000.0,6000.0,高中,4.0,0,0,0,0,0,高中/中专,58同城,2026-09-25 10:08:26
4078,411628,鹿邑县,周口市,周口市,其他-鹿邑其他,国民女神,物业/主管3500起,3500.0,4500.0,高中,1.0,0,0,0,0,0,高中/中专,58同城,2026-09-25 10:08:26
4079,411628,鹿邑县,周口市,周口市,其他-鹿邑其他,甜甜的梦乡人,鹿邑楼梯经营部聘普工18-50岁可兼职,3000.0,5000.0,学历不限,2.0,0,0,0,1,0,学历不限,58同城,2026-09-25 10:08:26
4080,411628,鹿邑县,周口市,周口市,周口-鹿邑,陈女士,276一天0费用扫码贴标工作简单一看就会,6000.0,7500.0,未注明,,0,0,0,0,1,未注明,58同城,2026-09-25 10:08:26
4081,411628,鹿邑县,周口市,周口市,鹿邑-其他,Boss,洗车店/洗车工2000起,2000.0,4500.0,学历不限,,0,0,0,1,0,学历不限,58同城,2026-09-25 10:08:26
4082,411628,鹿邑县,周口市,周口市,鹿邑-其他,黄酒鸡,餐饮收银,2500.0,3500.0,未注明,,0,0,0,0,1,未注明,58同城,2026-09-25 10:08:26
4083,411628,鹿邑县,周口市,周口市,鹿邑-其他,徐老师,贾庄小学早教/幼教加班补助周末双休包住,2500.0,4500.0,未注明,,0,0,0,0,1,未注明,58同城,2026-09-25 10:08:26
4084,411628,鹿邑县,周口市,周口市,鹿邑,季总要跳水,店员/营业员,,,学历不限,,0,0,0,1,0,学历不限,58同城,2026-09-25 10:08:26
4085,411628,鹿邑县,周口市,周口市,鹿邑-其他,罗先生,招中央空调安装学徒工,2500.0,4500.0,未注明,,0,0,0,0,1,未注明,58同城,2026-09-25 10:08:26
4086,411628,鹿邑县,周口市,周口市,鹿邑-其他,Y,洗鹅工,2000.0,2500.0,学历不限,,0,0,0,1,0,学历不限,58同城,2026-09-25 10:08:26
4087,411628,鹿邑县,周口市,周口市,鹿邑-其他,悄悄开花的花,酒馆服装销售2.5k起,2500.0,3000.0,未注明,,0,0,0,0,1,未注明,58同城,2026-09-25 10:08:26
4088,411628,鹿邑县,周口市,周口市,鹿邑-其他,翻来覆去的虫,鹿邑县子敬美发店/美发助理/学徒2000,2000.0,4000.0,学历不限,1.0,0,0,0,1,0,学历不限,58同城,2026-09-25 10:08:26
4089,411628,鹿邑县,周口市,周口市,鹿邑-其他,黄酒鸡,聘服务员,2800.0,4500.0,学历不限,,0,0,0,1,0,学历不限,58同城,2026-09-25 10:08:26
4090,411628,鹿邑县,周口市,周口市,鹿邑-其他,翻来覆去的虫,鹿邑县子敬美发店/美发助理/学徒2千起,2000.0,4000.0,学历不限,1.0,0,0,0,1,0,学历不限,58同城,2026-09-25 10:08:26
4091,411628,鹿邑县,周口市,周口市,鹿邑,李先生,店员/营业员,3000.0,6000.0,学历不限,5.0,0,0,0,1,0,学历不限,58同城,2026-09-25 10:08:26
4092,411628,鹿邑县,周口市,周口市,鹿邑-其他,梁女士,美容师,3000.0,5000.0,学历不限,3.0,0,0,0,1,0,学历不限,58同城,2026-09-25 10:08:26
4093,411628,鹿邑县,周口市,周口市,其他-鹿邑其他,李先生,验光配镜师,2000.0,4000.0,学历不限,1.0,0,0,0,1,0,学历不限,58同城,2026-09-25 10:08:26
4094,411681,项城市,周口市,周口市,周口-项城市,杨先生,急招项城调料配送C本司机不装卸,6000.0,8000.0,未注明,,0,0,0,0,1,未注明,58同城,2026-09-25 10:11:27
4095,411681,项城市,周口市,周口市,项城市-市标,刘先生,采云坊养生保健馆前台接待包吃住,3000.0,5000.0,未注明,,0,0,0,0,1,未注明,58同城,2026-09-25 10:11:27
4096,411681,项城市,周口市,周口市,项城市-其他,爱踩水坑的程同学,直招货运司机/不装卸/包... 小程序,6000.0,9500.0,未注明,,0,0,0,0,1,未注明,58同城,2026-09-25 10:11:27
4097,411681,项城市,周口市,周口市,项城市-其他,李女士,月7k活轻松接受无经验包吃住人走账清,6000.0,7500.0,未注明,,0,0,0,0,1,未注明,58同城,2026-09-25 10:11:27
4098,411681,项城市,周口市,周口市,项城,束先生,文化传媒公司主播年底双薪五险一金周末双休,8000.0,12000.0,未注明,,0,0,0,0,1,未注明,58同城,2026-09-25 10:11:27
4099,411681,项城市,周口市,周口市,项城,赵家成,加油站加油员/月工资3千左右,3000.0,4000.0,学历不限,5.0,0,0,0,1,0,学历不限,58同城,2026-09-25 10:11:27
4100,411681,项城市,周口市,周口市,项城市-其他,姜老师,项城送百货不装卸c本司机,6000.0,7000.0,未注明,,0,0,0,0,1,未注明,58同城,2026-09-25 10:11:27
4101,411681,项城市,周口市,周口市,项城,赵家成,急招加油员/上一休一,2500.0,3500.0,学历不限,5.0,0,0,0,1,0,学历不限,58同城,2026-09-25 10:11:27
4102,411681,项城市,周口市,周口市,项城-市标,束先生,来个会唠嗑的主播，老板亲自带。,6000.0,8000.0,未注明,,0,0,0,0,1,未注明,58同城,2026-09-25 10:11:27
4103,411681,项城市,周口市,周口市,项城市-其他,张女士,项城急招c1纯司机,4300.0,8000.0,学历不限,1.0,0,0,0,1,0,学历不限,58同城,2026-09-25 10:11:27
4104,411681,项城市,周口市,周口市,其他-迎宾大道,奔跑DE章总,台球俱乐部店员,2500.0,3000.0,大专,,1,0,0,0,0,大专及以上,58同城,2026-09-25 10:11:27
4105,411681,项城市,周口市,周口市,项城市-其他,陈先生,包装厂打包工2500起,2500.0,4500.0,学历不限,10.0,0,0,0,1,0,学历不限,58同城,2026-09-25 10:11:27
4106,411681,项城市,周口市,周口市,项城市-其他,琳琳,餐饮店厨师/3千起,5000.0,5500.0,学历不限,,0,0,0,1,0,学历不限,58同城,2026-09-25 10:11:27
4107,411681,项城市,周口市,周口市,项城市-市标,刘先生,采云坊养生保健馆按摩师包吃包住,12000.0,15000.0,未注明,,0,0,0,0,1,未注明,58同城,2026-09-25 10:11:27
4108,411681,项城市,周口市,周口市,其他-迎宾大道,束先生,免费培训主播全职兼职都可,6000.0,12000.0,学历不限,20.0,0,0,0,1,0,学历不限,58同城,2026-09-25 10:11:27
4109,411681,项城市,周口市,周口市,项城市-其他,侯女士,土菜馆服务员2500到3000,2500.0,3000.0,学历不限,,0,0,0,1,0,学历不限,58同城,2026-09-25 10:11:27
4110,411681,项城市,周口市,周口市,其他-迎宾大道,束先生,招聘主播无才艺也可,4500.0,10000.0,学历不限,20.0,0,0,0,1,0,学历不限,58同城,2026-09-25 10:11:27
4111,411681,项城市,周口市,周口市,其他-迎宾大道,安途运输,货运公司C本司机6千起,6500.0,8000.0,学历不限,10.0,0,0,0,1,0,学历不限,58同城,2026-09-25 10:11:27
4112,411681,项城市,周口市,周口市,周口-项城市,李女士,急招健身教练新手-包教会,6000.0,12000.0,未注明,,0,0,0,0,1,未注明,58同城,2026-09-25 10:11:27
4113,411681,项城市,周口市,周口市,其他-迎宾大道,丁俊永,美咖美容美发店/美发助理/学徒年底双薪加,2000.0,2500.0,未注明,,0,0,0,0,1,未注明,58同城,2026-09-25 10:11:27
4114,411681,项城市,周口市,周口市,项城市-其他,lisa,客服总监2500起/诚聘主播,2500.0,4500.0,学历不限,1.0,0,0,0,1,0,学历不限,58同城,2026-09-25 10:11:27
4115,411681,项城市,周口市,周口市,项城市-其他,喜欢摸毛的爪,饮品店奶茶/饮品师3000起,3000.0,4500.0,学历不限,,0,0,0,1,0,学历不限,58同城,2026-09-25 10:11:27
4116,411681,项城市,周口市,周口市,其他-迎宾大道,张天中,五金厂焊工工作时间灵活,8000.0,12000.0,学历不限,3.0,0,0,0,1,0,学历不限,58同城,2026-09-25 10:11:27
4117,411681,项城市,周口市,周口市,项城-市标,于先生,服装店员/营业员3千起,3000.0,5000.0,未注明,,0,0,0,0,1,未注明,58同城,2026-09-25 10:11:27
4118,411681,项城市,周口市,周口市,项城市-其他,闻花香就开心的糖糖,青橙科技工作室/网络/在线客服3千起,3000.0,8000.0,学历不限,,0,0,0,1,0,学历不限,58同城,2026-09-25 10:11:27
4119,411681,项城市,周口市,周口市,项城市-其他,陈先生,缝纫工工作时间灵,3000.0,6000.0,学历不限,100.0,0,0,0,1,0,学历不限,58同城,2026-09-25 10:11:27
4120,411681,项城市,周口市,周口市,其他-迎宾大道,丁俊永,烫染技师,1500.0,2400.0,未注明,,0,0,0,0,1,未注明,58同城,2026-09-25 10:11:27
4121,411681,项城市,周口市,周口市,项城市-其他,李先生,河南鹿帆纺织有限公司挡车工包住包吃,4000.0,10000.0,未注明,,0,0,0,0,1,未注明,58同城,2026-09-25 10:11:27
4122,411681,项城市,周口市,周口市,项城市-其他,令人欣慰de翟同学,制衣厂裁剪工包住包吃,5000.0,7000.0,未注明,,0,0,0,0,1,未注明,58同城,2026-09-25 10:11:27
4123,411681,项城市,周口市,周口市,项城市-其他,张晨晨,一辰理发店/发型师包吃包住,3000.0,4500.0,未注明,,0,0,0,0,1,未注明,58同城,2026-09-25 10:11:27
4124,411681,项城市,周口市,周口市,周口-淮阳,爱捡石头的谢同学,项城货运司机包吃饭补话补,5500.0,8000.0,未注明,,0,0,0,0,1,未注明,58同城,2026-09-25 10:12:39
4125,411681,项城市,周口市,周口市,项城市,,大禹水电·建筑维修 服务区域：川汇、项城市、沈丘、淮阳、郸城...,,,未注明,,0,0,0,0,1,未注明,58同城,2026-09-25 10:14:12
4126,411681,项城市,周口市,周口市,项城市,,盘锦妙安医疗·租车 服务区域：川汇、项城市、沈丘、淮阳、郸城...,,,未注明,,0,0,0,0,1,未注明,58同城,2026-09-25 10:14:12
4127,411681,项城市,周口市,周口市,项城市,,安心物流·同城配送 服务区域：川汇、项城市、沈丘、淮阳、郸城...,,,未注明,,0,0,0,0,1,未注明,58同城,2026-09-25 10:14:12
4128,411681,项城市,周口市,周口市,项城市,,周口租车·租车 服务区域：川汇、项城市、沈丘、淮阳、郸城...,,,未注明,,0,0,0,0,1,未注明,58同城,2026-09-25 10:14:12
4129,411681,项城市,周口市,周口市,项城市,,豫信礼品回收·全城服务 服务区域：川汇、项城市、沈丘、淮阳、郸城...,,,未注明,,0,0,0,0,1,未注明,58同城,2026-09-25 10:14:12
4130,411681,项城市,周口市,周口市,项城市,,金牌商家·汽车维修保养 服务区域：川汇、项城市、沈丘、淮阳、郸城...,,,未注明,,0,0,0,0,1,未注明,58同城,2026-09-25 10:14:12
4131,411681,项城市,周口市,周口市,项城市,,湖北凯航重工装备·租车 服务区域：川汇、项城市、沈丘、淮阳、郸城...,,,未注明,,0,0,0,0,1,未注明,58同城,2026-09-25 10:14:12
4132,411681,项城市,周口市,周口市,项城市,,周三勺传承当家菜·美食 服务区域：川汇、项城市、沈丘、淮阳、郸城...,,,未注明,,0,0,0,0,1,未注明,58同城,2026-09-25 10:14:12
4133,411681,项城市,周口市,周口市,项城市,,周口美食·美食 服务区域：川汇、项城市、沈丘、淮阳、郸城...,,,未注明,,0,0,0,0,1,未注明,58同城,2026-09-25 10:14:12
4134,411681,项城市,周口市,周口市,项城市,,森烽厨具电器回收·酒店厨房设备 服务区域：川汇、项城市、沈丘、淮阳、郸城...,,,未注明,,0,0,0,0,1,未注明,58同城,2026-09-25 10:14:12
4135,411681,项城市,周口市,周口市,项城市,,赣州蓉江新区潭口镇兰菲商行·外卖 服务区域：川汇、项城市、沈丘、淮阳、郸城...,,,未注明,,0,0,0,0,1,未注明,58同城,2026-09-25 10:14:12
4136,411721,西平县,驻马店市,驻马店市,驻马店-西平,李女士,水洢坊养生馆/美体师包住wifi空调,6000.0,12000.0,未注明,,0,0,0,0,1,未注明,58同城,2026-09-25 10:14:28
4137,411721,西平县,驻马店市,驻马店市,驻马店-西平,爱爬山DE全总,其他职位,2000.0,5000.0,学历不限,,0,0,0,1,0,学历不限,58同城,2026-09-25 10:14:28
4138,411721,西平县,驻马店市,驻马店市,驻马店-西平,李女士,水洢坊养生馆/美体师包吃... 小程序,6000.0,12000.0,未注明,,0,0,0,0,1,未注明,58同城,2026-09-25 10:14:28
4139,411721,西平县,驻马店市,驻马店市,西平-柏城商场,于先生,婚恋顾问(西平县)底薪4000社保不外出,4000.0,8000.0,未注明,,0,0,0,0,1,未注明,58同城,2026-09-25 10:14:28
4140,411721,西平县,驻马店市,驻马店市,驻马店-西平,5ukc3s,亿冷环保科技有限公司店员/营业员学历经验,2000.0,5000.0,学历不限,1.0,0,0,0,1,0,学历不限,58同城,2026-09-25 10:14:28
4141,411721,西平县,驻马店市,驻马店市,驻马店-西平,爱检查DE施师傅,艺尚建材部后勤/2500起,2500.0,3500.0,学历不限,,0,0,0,1,0,学历不限,58同城,2026-09-25 10:14:28
4142,411721,西平县,驻马店市,驻马店市,驻马店-西平,待完善,西平县纪伟电器经营店店员3千起,3000.0,5000.0,学历不限,10.0,0,0,0,1,0,学历不限,58同城,2026-09-25 10:14:28
4143,411721,西平县,驻马店市,驻马店市,驻马店-西平,胡强,西平县索菲亚定制家具店工程监理学历不限,2000.0,6000.0,学历不限,,0,0,0,1,0,学历不限,58同城,2026-09-25 10:14:28
4144,411721,西平县,驻马店市,驻马店市,西平-柏城商场,昭阳,电力组装/装配工包住加班补助,4000.0,5000.0,未注明,,0,0,0,0,1,未注明,58同城,2026-09-25 10:14:28
4145,411721,西平县,驻马店市,驻马店市,驻马店-西平,踮脚看星星的豆豆,网络/在线客服,2500.0,5000.0,学历不限,,0,0,0,1,0,学历不限,58同城,2026-09-25 10:14:28
4146,411721,西平县,驻马店市,驻马店市,西平-喜盈门生活广场,用户55184,便利店店员/营业员学历高中,2000.0,2500.0,未注明,,0,0,0,0,1,未注明,58同城,2026-09-25 10:14:28
4147,411721,西平县,驻马店市,驻马店市,驻马店-西平,胡强,索菲亚定制家具店/短视频运营学历经验不限,2000.0,3000.0,学历不限,,0,0,0,1,0,学历不限,58同城,2026-09-25 10:14:28
4148,411721,西平县,驻马店市,驻马店市,驻马店-西平,李照辉,视频剪辑,3000.0,7000.0,未注明,,0,0,0,0,1,未注明,58同城,2026-09-25 10:14:28
4149,411721,西平县,驻马店市,驻马店市,驻马店-西平,逗猫玩的赵小妹,西平驰龙植保机械有限公司运营专员最低薪资,2500.0,5000.0,学历不限,,0,0,0,1,0,学历不限,58同城,2026-09-25 10:14:28
4150,411721,西平县,驻马店市,驻马店市,驻马店-西平,许先生,西平诚招酒店店长,3500.0,6000.0,学历不限,5.0,0,0,0,1,0,学历不限,58同城,2026-09-25 10:14:28
4151,411721,西平县,驻马店市,驻马店市,驻马店-西平,范女士,店员/营业员3k起,3000.0,6000.0,学历不限,10.0,0,0,0,1,0,学历不限,58同城,2026-09-25 10:14:28
4152,411721,西平县,驻马店市,驻马店市,西平-柏城商场,杨女士,上五休二月薪8千（五险一金）普工可短期,8000.0,8500.0,未注明,,0,0,0,0,1,未注明,58同城,2026-09-25 10:14:28
4153,411721,西平县,驻马店市,驻马店市,西平-喜盈门生活广场,爱游泳的金博士,电动车/摩托车维修,3000.0,8000.0,学历不限,,0,0,0,1,0,学历不限,58同城,2026-09-25 10:14:28
4154,411721,西平县,驻马店市,驻马店市,驻马店-西平,177******56_bmp,店长,3000.0,4500.0,学历不限,,0,0,0,1,0,学历不限,58同城,2026-09-25 10:14:28
4155,411721,西平县,驻马店市,驻马店市,驻马店-西平,毛先生,顺丰收派员（驻马店西平县）,4000.0,6000.0,高中,10.0,0,0,0,0,0,高中/中专,58同城,2026-09-25 10:14:28
4156,411721,西平县,驻马店市,驻马店市,西平-柏城商场,roker_f1,监控弱电施工,2000.0,4500.0,学历不限,2.0,0,0,0,1,0,学历不限,58同城,2026-09-25 10:14:28
4157,411721,西平县,驻马店市,驻马店市,驻马店-西平,心里难过的温老板,诊所口腔医生2500起,2500.0,5000.0,未注明,,0,0,0,0,1,未注明,58同城,2026-09-25 10:14:28
4158,411721,西平县,驻马店市,驻马店市,驻马店-西平,爱捏橡皮泥的刘小团,药店执业药师3000起,3000.0,4000.0,大专,,1,0,0,0,0,大专及以上,58同城,2026-09-25 10:14:28
4159,411721,西平县,驻马店市,驻马店市,西平-喜盈门生活广场,Tiuo,艺术培训公司/舞蹈老师/2千起,2000.0,8000.0,学历不限,,0,0,0,1,0,学历不限,58同城,2026-09-25 10:14:28
4160,411721,西平县,驻马店市,驻马店市,驻马店-西平,俞女士,教育培训校长（熟悉小学产品）,15000.0,20000.0,本科,1.0,1,1,0,0,0,大专及以上,58同城,2026-09-25 10:14:28
4161,411721,西平县,驻马店市,驻马店市,驻马店-西平,陈女士,门岗保安包吃住待遇好,4500.0,5000.0,未注明,,0,0,0,0,1,未注明,58同城,2026-09-25 10:14:28
4162,411721,西平县,驻马店市,驻马店市,西平-柏城商场,刘女士,普工蓝牙耳机/芯片打包-管吃住坐班白班,5500.0,7500.0,未注明,,0,0,0,0,1,未注明,58同城,2026-09-25 10:14:28
4163,411721,西平县,驻马店市,驻马店市,驻马店-西平,招聘主管,诚聘康复医学科人员,3500.0,4500.0,中专/中技,10.0,0,0,0,0,0,高中/中专,58同城,2026-09-25 10:14:28
4164,411721,西平县,驻马店市,驻马店市,驻马店-西平,张先生,急招健身教练无经验可培养,6000.0,12000.0,未注明,,0,0,0,0,1,未注明,58同城,2026-09-25 10:14:28
4165,411721,西平县,驻马店市,驻马店市,西平-柏城商场,郭先生,小区门厅保安坐岗轻松包吃住可预支,4500.0,5000.0,未注明,,0,0,0,0,1,未注明,58同城,2026-09-25 10:14:28
4166,411721,西平县,驻马店市,驻马店市,驻马店-驿城,张先生,电子厂普工/操作工饭补包住包吃,5500.0,7000.0,未注明,,0,0,0,0,1,未注明,58同城,2026-09-25 10:14:36
4167,411721,西平县,驻马店市,驻马店市,驻马店-驿城,张女士,诚招招聘专员,3000.0,4500.0,大专,10.0,1,0,0,0,0,大专及以上,58同城,2026-09-25 10:14:36
4168,411721,西平县,驻马店市,驻马店市,驻马店-驿城,爱泡温泉的汤,其他职位 小程序,2000.0,4000.0,学历不限,,0,0,0,1,0,学历不限,58同城,2026-09-25 10:14:36
4169,411721,西平县,驻马店市,驻马店市,驿城-天中广场,张女士,诚招人事助理,2500.0,5000.0,学历不限,5.0,0,0,0,1,0,学历不限,58同城,2026-09-25 10:14:36
4170,411721,西平县,驻马店市,驻马店市,驻马店-上蔡,武女士,上蔡县诚招运营10000加,4000.0,10000.0,学历不限,5.0,0,0,0,1,0,学历不限,58同城,2026-09-25 10:14:36
4171,411721,西平县,驻马店市,驻马店市,驻马店-驿城,王先生,小区巡逻坐岗保安有空调,4500.0,5000.0,未注明,,0,0,0,0,1,未注明,58同城,2026-09-25 10:14:36
4172,411721,西平县,驻马店市,驻马店市,驻马店-驿城,王先生,物业公司保安/包吃包住五险,4500.0,5000.0,未注明,,0,0,0,0,1,未注明,58同城,2026-09-25 10:14:36
4173,411721,西平县,驻马店市,驻马店市,上蔡-老汽车站,月亮下数蚂蚁,食品/鸡排店店员/营业员,2500.0,3000.0,学历不限,2.0,0,0,0,1,0,学历不限,58同城,2026-09-25 10:14:36
4174,411721,西平县,驻马店市,驻马店市,驻马店-平舆,马女士,道路收费员/五险一金/包吃住,4000.0,4500.0,未注明,,0,0,0,0,1,未注明,58同城,2026-09-25 10:14:36
4175,411721,西平县,驻马店市,驻马店市,驻马店周边-其他,尼先生,上蔡诚聘饮品店店长5千加,4000.0,7000.0,学历不限,2.0,0,0,0,1,0,学历不限,58同城,2026-09-25 10:14:36
4176,411721,西平县,驻马店市,驻马店市,驻马店-新蔡,陈先生,室内保安包吃住可带手机,4500.0,5000.0,未注明,,0,0,0,0,1,未注明,58同城,2026-09-25 10:14:36
4177,411721,西平县,驻马店市,驻马店市,驿城-丹尼斯,招聘专员,在线客服居家兼职操作简单,4500.0,5700.0,未注明,,0,0,0,0,1,未注明,58同城,2026-09-25 10:14:36
4178,411721,西平县,驻马店市,驻马店市,驻马店周边-其他,康老板想诉说,奶茶/饮品师,3000.0,5000.0,学历不限,,0,0,0,1,0,学历不限,58同城,2026-09-25 10:14:36
4179,411721,西平县,驻马店市,驻马店市,驻马店周边-其他,尼先生,上蔡诚招饮品店店长5千加,5000.0,7000.0,学历不限,2.0,0,0,0,1,0,学历不限,58同城,2026-09-25 10:14:36
4180,411721,西平县,驻马店市,驻马店市,驻马店-上蔡,蘑菇撑小伞,上蔡诚招会计5千加五险一金包吃住,4500.0,6000.0,未注明,,0,0,0,0,1,未注明,58同城,2026-09-25 10:14:36
4181,411721,西平县,驻马店市,驻马店市,驿城-丹尼斯,黔先生,采购专员在家供应商资料整理,4200.0,5600.0,未注明,,0,0,0,0,1,未注明,58同城,2026-09-25 10:14:36
4182,411721,西平县,驻马店市,驻马店市,驿城-丹尼斯,慢吞吞的小蜗牛,木火餐饮招聘后厨帮工,3000.0,3500.0,学历不限,5.0,0,0,0,1,0,学历不限,58同城,2026-09-25 10:14:36
4183,411721,西平县,驻马店市,驻马店市,驿城-丹尼斯,黔先生,网络客服居家办公轻松上手,4600.0,5700.0,未注明,,0,0,0,0,1,未注明,58同城,2026-09-25 10:14:36
4184,411721,西平县,驻马店市,驻马店市,驻马店-驿城,潘先生,诚聘人事助理3千加待遇好,3000.0,5000.0,大专,,1,0,0,0,0,大专及以上,58同城,2026-09-25 10:14:36
4185,411721,西平县,驻马店市,驻马店市,驻马店-泌阳,悄悄许个心愿,餐饮收银,2000.0,3000.0,学历不限,,0,0,0,1,0,学历不限,58同城,2026-09-25 10:14:36
4186,411721,西平县,驻马店市,驻马店市,驿城-丹尼斯,黔先生,运营五险双休线上来做,4600.0,5400.0,未注明,,0,0,0,0,1,未注明,58同城,2026-09-25 10:14:36
4187,411721,西平县,驻马店市,驻马店市,驻马店-驿城,总哼小曲的阿霞,市区电子厂普工6000-7000,6000.0,7000.0,未注明,,0,0,0,0,1,未注明,58同城,2026-09-25 10:14:36
4188,411721,西平县,驻马店市,驻马店市,驻马店周边-其他,招聘专员,客房保洁,2500.0,4500.0,学历不限,,0,0,0,1,0,学历不限,58同城,2026-09-25 10:14:36
4189,411721,西平县,驻马店市,驻马店市,驻马店-平舆,大道朝天,商超/零售店员/营业员3000起,3000.0,6000.0,学历不限,3.0,0,0,0,1,0,学历不限,58同城,2026-09-25 10:14:36
4190,411721,西平县,驻马店市,驻马店市,驻马店-驿城,王先生,薄薄饼小吃女后厨杂工/3千起,3000.0,6000.0,学历不限,5.0,0,0,0,1,0,学历不限,58同城,2026-09-25 10:14:36
4191,411721,西平县,驻马店市,驻马店市,驻马店周边-其他,毅然闵老板E,餐饮店店员/营业员2000起,2000.0,3000.0,未注明,,0,0,0,0,1,未注明,58同城,2026-09-25 10:14:36
4192,411721,西平县,驻马店市,驻马店市,驻马店-确山,闫女士,营业员/NPC,2500.0,3000.0,学历不限,,0,0,0,1,0,学历不限,58同城,2026-09-25 10:14:36
4193,411721,西平县,驻马店市,驻马店市,驻马店-驿城,军,养老院护工/护理包吃包住,3000.0,4000.0,未注明,,0,0,0,0,1,未注明,58同城,2026-09-25 10:14:36
4194,411721,西平县,驻马店市,驻马店市,驻马店周边-其他,毅然闵老板E,小吃店服务员/2000起,2000.0,4000.0,未注明,,0,0,0,0,1,未注明,58同城,2026-09-25 10:14:36
4195,411721,西平县,驻马店市,驻马店市,驻马店-驿城,陈亚辉,艾唯诺理发店/美发助理/学徒2k起,2000.0,2500.0,未注明,,0,0,0,0,1,未注明,58同城,2026-09-25 10:14:36
4196,411721,西平县,驻马店市,驻马店市,驻马店-西平,李女士,水洢坊养生馆/美体师包吃包住免费工服,6000.0,12000.0,未注明,,0,0,0,0,1,未注明,58同城,2026-09-25 10:15:20
4197,411721,西平县,驻马店市,驻马店市,驻马店-西平,恒铁轨道人事部,招聘驻1马店站安检员五险一金管吃住带薪休,5500.0,6000.0,未注明,,0,0,0,0,1,未注明,58同城,2026-09-25 10:15:49
4198,411721,西平县,驻马店市,驻马店市,驻马店-西平,李女士,水洢坊养生馆/美体师包住... 小程序,6000.0,12000.0,未注明,,0,0,0,0,1,未注明,58同城,2026-09-25 10:16:52
4199,411721,西平县,驻马店市,驻马店市,西平-喜盈门生活广场,李女士,西平县丸碧美容诚招美容师4千起,4000.0,6000.0,学历不限,5.0,0,0,0,1,0,学历不限,58同城,2026-09-25 10:16:52
4200,411721,西平县,驻马店市,驻马店市,西平-喜盈门生活广场,李女士,西平诚招美容师5千加,4000.0,6500.0,未注明,,0,0,0,0,1,未注明,58同城,2026-09-25 10:16:52
4201,411721,西平县,驻马店市,驻马店市,西平-柏城商场,小姐姐,美容护理师,4000.0,8000.0,学历不限,5.0,0,0,0,1,0,学历不限,58同城,2026-09-25 10:16:56
4202,411721,西平县,驻马店市,驻马店市,西平-喜盈门生活广场,爱指引de强老板,西平县招聘美容师,4000.0,8000.0,学历不限,1.0,0,0,0,1,0,学历不限,58同城,2026-09-25 10:17:00
4203,411721,西平县,驻马店市,驻马店市,西平县,,大量回收工业模块·工业设备/金属回收 服务区域：驿城、西平,,,未注明,,0,0,0,0,1,未注明,58同城,2026-09-25 10:17:15
4204,411721,西平县,驻马店市,驻马店市,西平县,,章贡区古明飞餐饮店（个体工商户）·美食 服务区域：驿城、西平、上蔡、平舆、确山...,,,未注明,,0,0,0,0,1,未注明,58同城,2026-09-25 10:17:15
4205,411721,西平县,驻马店市,驻马店市,西平县,,赣州蓉江新区潭口镇万福餐饮店·外卖 服务区域：驿城、西平、上蔡、平舆、确山...,,,未注明,,0,0,0,0,1,未注明,58同城,2026-09-25 10:17:15
4206,411721,西平县,驻马店市,驻马店市,西平县,,赣州蓉江新区潭东镇格乐食品商行（个体工商户）·外卖 服务区域：驿城、西平、上蔡、平舆、确山...,,,未注明,,0,0,0,0,1,未注明,58同城,2026-09-25 10:17:15
4207,411721,西平县,驻马店市,驻马店市,西平县,,蓉江新区鹿鸣文化传媒中心·美食 服务区域：驿城、西平、上蔡、平舆、确山...,,,未注明,,0,0,0,0,1,未注明,58同城,2026-09-25 10:17:15
4208,411721,西平县,驻马店市,驻马店市,西平县,,驻马店美食·美食 服务区域：驿城、西平、上蔡、平舆、确山...,,,未注明,,0,0,0,0,1,未注明,58同城,2026-09-25 10:17:15
4209,411721,西平县,驻马店市,驻马店市,西平县,,驻马店市经济开发区永盛再生资源回收店·家具回收 服务区域：驿城、西平、上蔡、平舆、确山...,,,未注明,,0,0,0,0,1,未注明,58同城,2026-09-25 10:17:15
4210,411721,西平县,驻马店市,驻马店市,西平县,,天中家电维修·家电维修 服务区域：驿城、西平、上蔡、平舆、驻马店周边...,,,未注明,,0,0,0,0,1,未注明,58同城,2026-09-25 10:17:15
4211,411721,西平县,驻马店市,驻马店市,西平县,,章贡区古明飞餐饮店（个体工商户）·外卖 服务区域：驿城、西平、上蔡、平舆、确山...,,,未注明,,0,0,0,0,1,未注明,58同城,2026-09-25 10:17:15
4212,411721,西平县,驻马店市,驻马店市,西平县,,安能物流供应链（深圳）·搬家 服务区域：驿城、西平,,,未注明,,0,0,0,0,1,未注明,58同城,2026-09-25 10:17:15
4213,411721,西平县,驻马店市,驻马店市,西平县,,章贡区海平食品店（个体工商户）·美食 服务区域：驿城、西平、上蔡、平舆、确山...,,,未注明,,0,0,0,0,1,未注明,58同城,2026-09-25 10:17:15
4214,411721,西平县,驻马店市,驻马店市,西平县,,福万家家政·保姆/月嫂 服务区域：驿城、西平、上蔡、平舆、确山...,,,未注明,,0,0,0,0,1,未注明,58同城,2026-09-25 10:17:15
4215,411721,西平县,驻马店市,驻马店市,西平县,,驻马店快餐/团膳·快餐/团膳 服务区域：驿城、西平、上蔡、平舆、确山...,,,未注明,,0,0,0,0,1,未注明,58同城,2026-09-25 10:17:15
4216,411721,西平县,驻马店市,驻马店市,西平县,,驻马店搬家·搬家 服务区域：驿城、西平、上蔡、平舆、确山...,,,未注明,,0,0,0,0,1,未注明,58同城,2026-09-25 10:17:15
4217,411721,西平县,驻马店市,驻马店市,西平县,,恩佳食品销售·外卖 服务区域：驿城、西平,,,未注明,,0,0,0,0,1,未注明,58同城,2026-09-25 10:17:15
4218,411722,上蔡县,驻马店市,驻马店市,驻马店-驿城,张先生,电子厂普工/操作工饭补包住包吃,5500.0,7000.0,未注明,,0,0,0,0,1,未注明,58同城,2026-09-25 10:17:29
4219,411722,上蔡县,驻马店市,驻马店市,驻马店-驿城,张女士,诚招招聘专员,3000.0,4500.0,大专,10.0,1,0,0,0,0,大专及以上,58同城,2026-09-25 10:17:29
4220,411722,上蔡县,驻马店市,驻马店市,驻马店-驿城,爱泡温泉的汤,其他职位 小程序,2000.0,4000.0,学历不限,,0,0,0,1,0,学历不限,58同城,2026-09-25 10:17:29
4221,411722,上蔡县,驻马店市,驻马店市,驿城-天中广场,张女士,诚招人事助理,2500.0,5000.0,学历不限,5.0,0,0,0,1,0,学历不限,58同城,2026-09-25 10:17:29
4222,411722,上蔡县,驻马店市,驻马店市,驻马店-驿城,王先生,小区巡逻坐岗保安有空调,4500.0,5000.0,未注明,,0,0,0,0,1,未注明,58同城,2026-09-25 10:17:29
4223,411722,上蔡县,驻马店市,驻马店市,驻马店-上蔡,武女士,上蔡县诚招运营10000加,4000.0,10000.0,学历不限,5.0,0,0,0,1,0,学历不限,58同城,2026-09-25 10:17:29
4224,411722,上蔡县,驻马店市,驻马店市,驻马店-驿城,王先生,物业公司保安/包吃包住五险,4500.0,5000.0,未注明,,0,0,0,0,1,未注明,58同城,2026-09-25 10:17:29
4225,411722,上蔡县,驻马店市,驻马店市,上蔡-老汽车站,月亮下数蚂蚁,食品/鸡排店店员/营业员,2500.0,3000.0,学历不限,2.0,0,0,0,1,0,学历不限,58同城,2026-09-25 10:17:29
4226,411722,上蔡县,驻马店市,驻马店市,驻马店-平舆,马女士,道路收费员/五险一金/包吃住,4000.0,4500.0,未注明,,0,0,0,0,1,未注明,58同城,2026-09-25 10:17:29
4227,411722,上蔡县,驻马店市,驻马店市,驻马店周边-其他,尼先生,上蔡诚聘饮品店店长5千加,4000.0,7000.0,学历不限,2.0,0,0,0,1,0,学历不限,58同城,2026-09-25 10:17:29
4228,411722,上蔡县,驻马店市,驻马店市,驻马店-新蔡,陈先生,室内保安包吃住可带手机,4500.0,5000.0,未注明,,0,0,0,0,1,未注明,58同城,2026-09-25 10:17:29
4229,411722,上蔡县,驻马店市,驻马店市,驿城-丹尼斯,招聘专员,在线客服居家兼职操作简单,4500.0,5700.0,未注明,,0,0,0,0,1,未注明,58同城,2026-09-25 10:17:29
4230,411722,上蔡县,驻马店市,驻马店市,驻马店周边-其他,康老板想诉说,奶茶/饮品师,3000.0,5000.0,学历不限,,0,0,0,1,0,学历不限,58同城,2026-09-25 10:17:29
4231,411722,上蔡县,驻马店市,驻马店市,驻马店周边-其他,尼先生,上蔡诚招饮品店店长5千加,5000.0,7000.0,学历不限,2.0,0,0,0,1,0,学历不限,58同城,2026-09-25 10:17:29
4232,411722,上蔡县,驻马店市,驻马店市,驻马店-上蔡,蘑菇撑小伞,上蔡诚招会计5千加五险一金包吃住,4500.0,6000.0,未注明,,0,0,0,0,1,未注明,58同城,2026-09-25 10:17:29
4233,411722,上蔡县,驻马店市,驻马店市,驿城-丹尼斯,黔先生,采购专员在家供应商资料整理,4200.0,5600.0,未注明,,0,0,0,0,1,未注明,58同城,2026-09-25 10:17:29
4234,411722,上蔡县,驻马店市,驻马店市,驿城-丹尼斯,黔先生,网络客服居家办公轻松上手,4600.0,5700.0,未注明,,0,0,0,0,1,未注明,58同城,2026-09-25 10:17:29
4235,411722,上蔡县,驻马店市,驻马店市,驿城-丹尼斯,慢吞吞的小蜗牛,木火餐饮招聘后厨帮工,3000.0,3500.0,学历不限,5.0,0,0,0,1,0,学历不限,58同城,2026-09-25 10:17:29
4236,411722,上蔡县,驻马店市,驻马店市,驻马店-驿城,潘先生,诚聘人事助理3千加待遇好,3000.0,5000.0,大专,,1,0,0,0,0,大专及以上,58同城,2026-09-25 10:17:29
4237,411722,上蔡县,驻马店市,驻马店市,驻马店-泌阳,悄悄许个心愿,餐饮收银,2000.0,3000.0,学历不限,,0,0,0,1,0,学历不限,58同城,2026-09-25 10:17:29
4238,411722,上蔡县,驻马店市,驻马店市,驿城-丹尼斯,黔先生,运营五险双休线上来做,4600.0,5400.0,未注明,,0,0,0,0,1,未注明,58同城,2026-09-25 10:17:29
4239,411722,上蔡县,驻马店市,驻马店市,驻马店-驿城,总哼小曲的阿霞,市区电子厂普工6000-7000,6000.0,7000.0,未注明,,0,0,0,0,1,未注明,58同城,2026-09-25 10:17:29
4240,411722,上蔡县,驻马店市,驻马店市,驻马店周边-其他,招聘专员,客房保洁,2500.0,4500.0,学历不限,,0,0,0,1,0,学历不限,58同城,2026-09-25 10:17:29
4241,411722,上蔡县,驻马店市,驻马店市,驻马店-平舆,大道朝天,商超/零售店员/营业员3000起,3000.0,6000.0,学历不限,3.0,0,0,0,1,0,学历不限,58同城,2026-09-25 10:17:29
4242,411722,上蔡县,驻马店市,驻马店市,驻马店-驿城,王先生,薄薄饼小吃女后厨杂工/3千起,3000.0,6000.0,学历不限,5.0,0,0,0,1,0,学历不限,58同城,2026-09-25 10:17:29
4243,411722,上蔡县,驻马店市,驻马店市,驻马店周边-其他,毅然闵老板E,餐饮店店员/营业员2000起,2000.0,3000.0,未注明,,0,0,0,0,1,未注明,58同城,2026-09-25 10:17:29
4244,411722,上蔡县,驻马店市,驻马店市,驻马店-确山,闫女士,营业员/NPC,2500.0,3000.0,学历不限,,0,0,0,1,0,学历不限,58同城,2026-09-25 10:17:29
4245,411722,上蔡县,驻马店市,驻马店市,驻马店-驿城,军,养老院护工/护理包吃包住,3000.0,4000.0,未注明,,0,0,0,0,1,未注明,58同城,2026-09-25 10:17:29
4246,411722,上蔡县,驻马店市,驻马店市,驻马店周边-其他,毅然闵老板E,小吃店服务员/2000起,2000.0,4000.0,未注明,,0,0,0,0,1,未注明,58同城,2026-09-25 10:17:29
4247,411722,上蔡县,驻马店市,驻马店市,驻马店-驿城,陈亚辉,艾唯诺理发店/美发助理/学徒2k起,2000.0,2500.0,未注明,,0,0,0,0,1,未注明,58同城,2026-09-25 10:17:29
4248,411722,上蔡县,驻马店市,驻马店市,驻马店-上蔡,裴博士爱纳凉,云海幼儿园早教/幼教话补加班补助周末双休,3000.0,4500.0,未注明,,0,0,0,0,1,未注明,58同城,2026-09-25 10:17:52
4249,411722,上蔡县,驻马店市,驻马店市,驻马店-上蔡,陈女士,艺考服表老师兼职全职皆可,3000.0,4500.0,大专,,1,0,0,0,0,大专及以上,58同城,2026-09-25 10:17:56
4250,411722,上蔡县,驻马店市,驻马店市,驻马店-上蔡,十分完美DE隋同学,上蔡百城诚招客服/助理3千起,3000.0,5500.0,未注明,,0,0,0,0,1,未注明,58同城,2026-09-25 10:18:13
4251,411722,上蔡县,驻马店市,驻马店市,驻马店-上蔡,武女士,上蔡县诚聘运营10000... 小程序,4000.0,10000.0,学历不限,5.0,0,0,0,1,0,学历不限,58同城,2026-09-25 10:19:15
4252,411722,上蔡县,驻马店市,驻马店市,上蔡-老汽车站,aopasskxa,美甲师,2000.0,6000.0,学历不限,,0,0,0,1,0,学历不限,58同城,2026-09-25 10:19:46
4253,411722,上蔡县,驻马店市,驻马店市,驻马店-上蔡,李先生,尚秀美发店/美发助理/学徒,2000.0,2500.0,学历不限,1.0,0,0,0,1,0,学历不限,58同城,2026-09-25 10:19:46
4254,411722,上蔡县,驻马店市,驻马店市,驻马店周边-其他,vvv,上蔡招聘美容师3500起待遇好,3500.0,6000.0,学历不限,1.0,0,0,0,1,0,学历不限,58同城,2026-09-25 10:19:50
4255,411722,上蔡县,驻马店市,驻马店市,驻马店-上蔡,爱闻花香的徐小宁,美发助理/学徒,2000.0,2500.0,学历不限,,0,0,0,1,0,学历不限,58同城,2026-09-25 10:19:50
4256,411722,上蔡县,驻马店市,驻马店市,上蔡-老汽车站,aopasskxa,指尖日记美容美甲店/美睫师/2500起,2500.0,8000.0,学历不限,1.0,0,0,0,1,0,学历不限,58同城,2026-09-25 10:19:50
4257,411722,上蔡县,驻马店市,驻马店市,驻马店周边-其他,vvv,上蔡关瑞女子诚招美容师3千起,3000.0,6000.0,学历不限,1.0,0,0,0,1,0,学历不限,58同城,2026-09-25 10:19:50
4258,411722,上蔡县,驻马店市,驻马店市,上蔡县,,ealwy4tx6·家电维修 服务区域：西平、上蔡,,,未注明,,0,0,0,0,1,未注明,58同城,2026-09-25 10:20:10
4259,411722,上蔡县,驻马店市,驻马店市,上蔡县,,驻马店美食·美食 服务区域：驿城、西平、上蔡、平舆、确山...,,,未注明,,0,0,0,0,1,未注明,58同城,2026-09-25 10:20:10
4260,411722,上蔡县,驻马店市,驻马店市,上蔡县,,易约到家·美体瘦身 服务区域：驿城、西平、上蔡、平舆、确山...,,,未注明,,0,0,0,0,1,未注明,58同城,2026-09-25 10:20:10
4261,411722,上蔡县,驻马店市,驻马店市,上蔡县,,东莞市虎门辉腾美发店·美体瘦身 服务区域：驿城、西平、上蔡、平舆、确山...,,,未注明,,0,0,0,0,1,未注明,58同城,2026-09-25 10:20:10
4262,411722,上蔡县,驻马店市,驻马店市,上蔡县,,蓉江新区恩宝饮品店（个体工商户）·外卖 服务区域：驿城、西平、上蔡、平舆、确山...,,,未注明,,0,0,0,0,1,未注明,58同城,2026-09-25 10:20:10
4263,411722,上蔡县,驻马店市,驻马店市,上蔡县,,驻马店市驿城区极速开锁中心·开锁/换锁/修锁 服务区域：驻马店周边、驿城、西平、上蔡、确山...,,,未注明,,0,0,0,0,1,未注明,58同城,2026-09-25 10:20:10
4264,411722,上蔡县,驻马店市,驻马店市,上蔡县,,章贡区海平食品店（个体工商户）·外卖 服务区域：驿城、西平、上蔡、平舆、确山...,,,未注明,,0,0,0,0,1,未注明,58同城,2026-09-25 10:20:10
4265,411722,上蔡县,驻马店市,驻马店市,上蔡县,,章贡区古明飞餐饮店（个体工商户）·美食 服务区域：驿城、西平、上蔡、平舆、确山...,,,未注明,,0,0,0,0,1,未注明,58同城,2026-09-25 10:20:10
4266,411722,上蔡县,驻马店市,驻马店市,上蔡县,,赣州蓉江新区潭东镇格乐食品商行（个体工商户）·外卖 服务区域：驿城、西平、上蔡、平舆、确山...,,,未注明,,0,0,0,0,1,未注明,58同城,2026-09-25 10:20:10
4267,411722,上蔡县,驻马店市,驻马店市,上蔡县,,章贡区古明飞餐饮店（个体工商户）·外卖 服务区域：驿城、西平、上蔡、平舆、确山...,,,未注明,,0,0,0,0,1,未注明,58同城,2026-09-25 10:20:10
4268,411722,上蔡县,驻马店市,驻马店市,上蔡县,,驻马店市驿城区友谊家电维修中心·二手家电 服务区域：驿城、西平、上蔡、平舆、确山...,,,未注明,,0,0,0,0,1,未注明,58同城,2026-09-25 10:20:10
4269,411722,上蔡县,驻马店市,驻马店市,上蔡县,,章贡区海平食品店（个体工商户）·美食 服务区域：驿城、西平、上蔡、平舆、确山...,,,未注明,,0,0,0,0,1,未注明,58同城,2026-09-25 10:20:10
4270,411722,上蔡县,驻马店市,驻马店市,上蔡县,,驻马店快餐/团膳·快餐/团膳 服务区域：驿城、西平、上蔡、平舆、确山...,,,未注明,,0,0,0,0,1,未注明,58同城,2026-09-25 10:20:10
4271,411722,上蔡县,驻马店市,驻马店市,上蔡县,,小武旧货回收·空调回收 服务区域：驿城、西平、上蔡、平舆、确山...,,,未注明,,0,0,0,0,1,未注明,58同城,2026-09-25 10:20:10
4272,411723,平舆县,驻马店市,驻马店市,驻马店-平舆,平凡之路,中餐厅后厨/前台服务员,3000.0,4500.0,未注明,,0,0,0,0,1,未注明,58同城,2026-09-25 10:20:26
4273,411723,平舆县,驻马店市,驻马店市,平舆-华联商厦,招聘专员,平舆诚招验光师/4千起待遇好,4000.0,6000.0,学历不限,10.0,0,0,0,1,0,学历不限,58同城,2026-09-25 10:20:26
4274,411723,平舆县,驻马店市,驻马店市,平舆-华联商厦,吹风散步的你,养生保健店/足疗师包吃包... 小程序,7000.0,12500.0,未注明,,0,0,0,0,1,未注明,58同城,2026-09-25 10:20:26
4275,411723,平舆县,驻马店市,驻马店市,驻马店-平舆,看月亮的树梢,汽车销售服务公司/机修工/3千起,3000.0,5000.0,未注明,,0,0,0,0,1,未注明,58同城,2026-09-25 10:20:26
4276,411723,平舆县,驻马店市,驻马店市,驻马店-平舆,马女士,道路收费员/五险一金/包吃住,4000.0,4500.0,未注明,,0,0,0,0,1,未注明,58同城,2026-09-25 10:20:26
4277,411723,平舆县,驻马店市,驻马店市,驻马店-平舆,雷生,招聘CNC数控加工中心编程,6000.0,8000.0,未注明,,0,0,0,0,1,未注明,58同城,2026-09-25 10:20:26
4278,411723,平舆县,驻马店市,驻马店市,平舆-华联商厦,朱林,餐饮店后厨,3000.0,4000.0,学历不限,,0,0,0,1,0,学历不限,58同城,2026-09-25 10:20:26
4279,411723,平舆县,驻马店市,驻马店市,驻马店-平舆,余音袅袅的安老板,服饰商店/服装销售2500起,2500.0,4500.0,学历不限,,0,0,0,1,0,学历不限,58同城,2026-09-25 10:20:26
4280,411723,平舆县,驻马店市,驻马店市,驻马店-平舆,棉花抱抱,绘梦室内装饰工作室/木工/3千起,3000.0,4500.0,学历不限,,0,0,0,1,0,学历不限,58同城,2026-09-25 10:20:26
4281,411723,平舆县,驻马店市,驻马店市,驻马店-平舆,大道朝天,商超/零售店员/营业员3000起,3000.0,6000.0,学历不限,3.0,0,0,0,1,0,学历不限,58同城,2026-09-25 10:20:26
4282,411723,平舆县,驻马店市,驻马店市,平舆-清河大道,王女士,(央企)招聘售后服务经理和准主管名2名,3000.0,9000.0,未注明,,0,0,0,0,1,未注明,58同城,2026-09-25 10:20:26
4283,411723,平舆县,驻马店市,驻马店市,平舆-华联商厦,文师傅想竞争,助教,2500.0,5000.0,学历不限,,0,0,0,1,0,学历不限,58同城,2026-09-25 10:20:26
4284,411723,平舆县,驻马店市,驻马店市,驻马店-平舆,庞师傅要启发,抖音主播助理工作时间灵活,3000.0,4500.0,学历不限,,0,0,0,1,0,学历不限,58同城,2026-09-25 10:20:26
4285,411723,平舆县,驻马店市,驻马店市,平舆-清河大道,A真诚,餐饮店后厨,2500.0,3500.0,学历不限,,0,0,0,1,0,学历不限,58同城,2026-09-25 10:20:26
4286,411723,平舆县,驻马店市,驻马店市,平舆-华联商厦,爱吃橘子的小女孩,火锅店配菜/打荷包住空调wifi,3000.0,5000.0,未注明,,0,0,0,0,1,未注明,58同城,2026-09-25 10:20:26
4287,411723,平舆县,驻马店市,驻马店市,驻马店-平舆,ccc,烧烤店饭店主管包吃包住工作餐标高,3500.0,5000.0,未注明,,0,0,0,0,1,未注明,58同城,2026-09-25 10:20:26
4288,411723,平舆县,驻马店市,驻马店市,平舆-华联商厦,社会小白,简萌百货商行/主播助理工作时间灵活,2500.0,4500.0,学历不限,,0,0,0,1,0,学历不限,58同城,2026-09-25 10:20:26
4289,411723,平舆县,驻马店市,驻马店市,平舆-清河大道,姚帅,石材厂安装工工作时间灵活,4000.0,8000.0,学历不限,,0,0,0,1,0,学历不限,58同城,2026-09-25 10:20:26
4290,411723,平舆县,驻马店市,驻马店市,平舆-华联商厦,糖原来是甜的,中餐厅/中餐厨师/2000起,2000.0,3500.0,学历不限,,0,0,0,1,0,学历不限,58同城,2026-09-25 10:20:26
4291,411723,平舆县,驻马店市,驻马店市,平舆-华联商厦,招聘专员,平舆招聘美甲师,3000.0,8000.0,学历不限,,0,0,0,1,0,学历不限,58同城,2026-09-25 10:20:26
4292,411723,平舆县,驻马店市,驻马店市,驻马店-平舆,Jiang,平舆县乐乐服饰店/国内电商运营/3千起,5000.0,8000.0,未注明,,0,0,0,0,1,未注明,58同城,2026-09-25 10:20:26
4293,411723,平舆县,驻马店市,驻马店市,驻马店-平舆,A0平舆好孝心,健康管理机构健康咨询工作时间灵活,3000.0,5000.0,学历不限,,0,0,0,1,0,学历不限,58同城,2026-09-25 10:20:26
4294,411723,平舆县,驻马店市,驻马店市,驻马店-平舆,立讯HR总经理,好活日结240/天电子厂普工轻松好上手,6000.0,7000.0,未注明,,0,0,0,0,1,未注明,58同城,2026-09-25 10:20:26
4295,411723,平舆县,驻马店市,驻马店市,驻马店-平舆,哼歌跳舞的兔,服务员,2600.0,4000.0,学历不限,,0,0,0,1,0,学历不限,58同城,2026-09-25 10:20:26
4296,411723,平舆县,驻马店市,驻马店市,平舆-清河大道,石青丽,平舆招聘后厨师傅4000起,4000.0,6000.0,学历不限,10.0,0,0,0,1,0,学历不限,58同城,2026-09-25 10:20:26
4297,411723,平舆县,驻马店市,驻马店市,驻马店-平舆,郑女士,9千包吃住招健身教练学徒,6000.0,13000.0,未注明,,0,0,0,0,1,未注明,58同城,2026-09-25 10:20:26
4298,411723,平舆县,驻马店市,驻马店市,驻马店-平舆,李,乐吧自助KTV门店店长/学历经验,3000.0,5000.0,学历不限,1.0,0,0,0,1,0,学历不限,58同城,2026-09-25 10:20:26
4299,411723,平舆县,驻马店市,驻马店市,驻马店-平舆,雷生,诚招普工/操作工6k起,6000.0,7500.0,学历不限,6.0,0,0,0,1,0,学历不限,58同城,2026-09-25 10:20:26
4300,411723,平舆县,驻马店市,驻马店市,平舆-清河大道,钟女士,平舆站点招聘外卖骑手,4000.0,8000.0,未注明,,0,0,0,0,1,未注明,58同城,2026-09-25 10:20:26
4301,411723,平舆县,驻马店市,驻马店市,驻马店-驿城,张先生,电子厂普工/操作工饭补包住包吃,5500.0,7000.0,未注明,,0,0,0,0,1,未注明,58同城,2026-09-25 10:20:30
4302,411723,平舆县,驻马店市,驻马店市,驻马店-驿城,张女士,诚招招聘专员,3000.0,4500.0,大专,10.0,1,0,0,0,0,大专及以上,58同城,2026-09-25 10:20:30
4303,411723,平舆县,驻马店市,驻马店市,驻马店-驿城,爱泡温泉的汤,其他职位 小程序,2000.0,4000.0,学历不限,,0,0,0,1,0,学历不限,58同城,2026-09-25 10:20:30
4304,411723,平舆县,驻马店市,驻马店市,驿城-天中广场,张女士,诚招人事助理,2500.0,5000.0,学历不限,5.0,0,0,0,1,0,学历不限,58同城,2026-09-25 10:20:30
4305,411723,平舆县,驻马店市,驻马店市,驻马店-驿城,王先生,小区巡逻坐岗保安有空调,4500.0,5000.0,未注明,,0,0,0,0,1,未注明,58同城,2026-09-25 10:20:30
4306,411723,平舆县,驻马店市,驻马店市,驻马店-上蔡,武女士,上蔡县诚招运营10000加,4000.0,10000.0,学历不限,5.0,0,0,0,1,0,学历不限,58同城,2026-09-25 10:20:30
4307,411723,平舆县,驻马店市,驻马店市,驻马店-驿城,王先生,物业公司保安/包吃包住五险,4500.0,5000.0,未注明,,0,0,0,0,1,未注明,58同城,2026-09-25 10:20:30
4308,411723,平舆县,驻马店市,驻马店市,上蔡-老汽车站,月亮下数蚂蚁,食品/鸡排店店员/营业员,2500.0,3000.0,学历不限,2.0,0,0,0,1,0,学历不限,58同城,2026-09-25 10:20:30
4309,411723,平舆县,驻马店市,驻马店市,驻马店周边-其他,尼先生,上蔡诚聘饮品店店长5千加,4000.0,7000.0,学历不限,2.0,0,0,0,1,0,学历不限,58同城,2026-09-25 10:20:30
4310,411723,平舆县,驻马店市,驻马店市,驻马店-新蔡,陈先生,室内保安包吃住可带手机,4500.0,5000.0,未注明,,0,0,0,0,1,未注明,58同城,2026-09-25 10:20:30
4311,411723,平舆县,驻马店市,驻马店市,驿城-丹尼斯,招聘专员,在线客服居家兼职操作简单,4500.0,5700.0,未注明,,0,0,0,0,1,未注明,58同城,2026-09-25 10:20:30
4312,411723,平舆县,驻马店市,驻马店市,驻马店周边-其他,康老板想诉说,奶茶/饮品师,3000.0,5000.0,学历不限,,0,0,0,1,0,学历不限,58同城,2026-09-25 10:20:30
4313,411723,平舆县,驻马店市,驻马店市,驻马店周边-其他,尼先生,上蔡诚招饮品店店长5千加,5000.0,7000.0,学历不限,2.0,0,0,0,1,0,学历不限,58同城,2026-09-25 10:20:30
4314,411723,平舆县,驻马店市,驻马店市,驻马店-上蔡,蘑菇撑小伞,上蔡诚招会计5千加五险一金包吃住,4500.0,6000.0,未注明,,0,0,0,0,1,未注明,58同城,2026-09-25 10:20:30
4315,411723,平舆县,驻马店市,驻马店市,驿城-丹尼斯,黔先生,采购专员在家供应商资料整理,4200.0,5600.0,未注明,,0,0,0,0,1,未注明,58同城,2026-09-25 10:20:30
4316,411723,平舆县,驻马店市,驻马店市,驿城-丹尼斯,黔先生,网络客服居家办公轻松上手,4600.0,5700.0,未注明,,0,0,0,0,1,未注明,58同城,2026-09-25 10:20:30
4317,411723,平舆县,驻马店市,驻马店市,驿城-丹尼斯,慢吞吞的小蜗牛,木火餐饮招聘后厨帮工,3000.0,3500.0,学历不限,5.0,0,0,0,1,0,学历不限,58同城,2026-09-25 10:20:30
4318,411723,平舆县,驻马店市,驻马店市,驻马店-驿城,潘先生,诚聘人事助理3千加待遇好,3000.0,5000.0,大专,,1,0,0,0,0,大专及以上,58同城,2026-09-25 10:20:30
4319,411723,平舆县,驻马店市,驻马店市,驻马店-泌阳,悄悄许个心愿,餐饮收银,2000.0,3000.0,学历不限,,0,0,0,1,0,学历不限,58同城,2026-09-25 10:20:30
4320,411723,平舆县,驻马店市,驻马店市,驿城-丹尼斯,黔先生,运营五险双休线上来做,4600.0,5400.0,未注明,,0,0,0,0,1,未注明,58同城,2026-09-25 10:20:30
4321,411723,平舆县,驻马店市,驻马店市,驻马店-驿城,总哼小曲的阿霞,市区电子厂普工6000-7000,6000.0,7000.0,未注明,,0,0,0,0,1,未注明,58同城,2026-09-25 10:20:30
4322,411723,平舆县,驻马店市,驻马店市,驻马店周边-其他,招聘专员,客房保洁,2500.0,4500.0,学历不限,,0,0,0,1,0,学历不限,58同城,2026-09-25 10:20:30
4323,411723,平舆县,驻马店市,驻马店市,驻马店-驿城,王先生,薄薄饼小吃女后厨杂工/3千起,3000.0,6000.0,学历不限,5.0,0,0,0,1,0,学历不限,58同城,2026-09-25 10:20:30
4324,411723,平舆县,驻马店市,驻马店市,驻马店周边-其他,毅然闵老板E,餐饮店店员/营业员2000起,2000.0,3000.0,未注明,,0,0,0,0,1,未注明,58同城,2026-09-25 10:20:30
4325,411723,平舆县,驻马店市,驻马店市,驻马店-确山,闫女士,营业员/NPC,2500.0,3000.0,学历不限,,0,0,0,1,0,学历不限,58同城,2026-09-25 10:20:30
4326,411723,平舆县,驻马店市,驻马店市,驻马店-驿城,军,养老院护工/护理包吃包住,3000.0,4000.0,未注明,,0,0,0,0,1,未注明,58同城,2026-09-25 10:20:30
4327,411723,平舆县,驻马店市,驻马店市,驻马店周边-其他,毅然闵老板E,小吃店服务员/2000起,2000.0,4000.0,未注明,,0,0,0,0,1,未注明,58同城,2026-09-25 10:20:30
4328,411723,平舆县,驻马店市,驻马店市,驻马店-驿城,陈亚辉,艾唯诺理发店/美发助理/学徒2k起,2000.0,2500.0,未注明,,0,0,0,0,1,未注明,58同城,2026-09-25 10:20:30
4329,411723,平舆县,驻马店市,驻马店市,平舆-华联商厦,吹风散步的你,养生保健店/足疗师包吃包住,7000.0,12500.0,未注明,,0,0,0,0,1,未注明,58同城,2026-09-25 10:20:57
4330,411723,平舆县,驻马店市,驻马店市,平舆-清河大道,秦先生,涵玲服装三店/服装销售/3千起,3000.0,8000.0,学历不限,,0,0,0,1,0,学历不限,58同城,2026-09-25 10:21:20
4331,411723,平舆县,驻马店市,驻马店市,驻马店-平舆,看月亮的树梢,汽修店汽修工3000起,3000.0,4500.0,未注明,,0,0,0,0,1,未注明,58同城,2026-09-25 10:21:20
4332,411723,平舆县,驻马店市,驻马店市,驻马店-平舆,爱听故事的悠悠,文员电商不加班五险一金,5000.0,7000.0,未注明,,0,0,0,0,1,未注明,58同城,2026-09-25 10:21:57
4333,411723,平舆县,驻马店市,驻马店市,平舆-清河大道,李女士,装卸/搬运工包吃交通补助包住,6900.0,7000.0,未注明,,0,0,0,0,1,未注明,58同城,2026-09-25 10:21:57
4334,411723,平舆县,驻马店市,驻马店市,驻马店-平舆,贾先生,平舆县诚招运营专员,2500.0,4500.0,学历不限,4.0,0,0,0,1,0,学历不限,58同城,2026-09-25 10:22:18
4335,411723,平舆县,驻马店市,驻马店市,平舆-华联商厦,招聘专员,平舆美甲店招聘美甲师/3千起,3000.0,5000.0,学历不限,,0,0,0,1,0,学历不限,58同城,2026-09-25 10:22:54
4336,411723,平舆县,驻马店市,驻马店市,驻马店-平舆,黄女士,火焰美容美体店/美容师3千起,3000.0,5000.0,学历不限,1.0,0,0,0,1,0,学历不限,58同城,2026-09-25 10:22:58
4337,411723,平舆县,驻马店市,驻马店市,平舆县,,恩佳食品销售店·外卖 服务区域：平舆、确山,,,未注明,,0,0,0,0,1,未注明,58同城,2026-09-25 10:23:13
4338,411723,平舆县,驻马店市,驻马店市,平舆县,,驻马店市驿城区轩艺钢结构·租赁 服务区域：驿城、西平、上蔡、平舆、确山...,,,未注明,,0,0,0,0,1,未注明,58同城,2026-09-25 10:23:13
4339,411723,平舆县,驻马店市,驻马店市,平舆县,,专业净水家电服务·家电维修 服务区域：驿城、西平、上蔡、平舆、确山...,,,未注明,,0,0,0,0,1,未注明,58同城,2026-09-25 10:23:13
4340,411723,平舆县,驻马店市,驻马店市,平舆县,,章贡区古明飞餐饮店（个体工商户）·外卖 服务区域：驿城、西平、上蔡、平舆、确山...,,,未注明,,0,0,0,0,1,未注明,58同城,2026-09-25 10:23:13
4341,411723,平舆县,驻马店市,驻马店市,平舆县,,雪绒花家政·提前 服务区域：驿城、西平、上蔡、平舆、确山...,,,未注明,,0,0,0,0,1,未注明,58同城,2026-09-25 10:23:13
4342,411723,平舆县,驻马店市,驻马店市,平舆县,,章贡区海平食品店（个体工商户）·美食 服务区域：驿城、西平、上蔡、平舆、确山...,,,未注明,,0,0,0,0,1,未注明,58同城,2026-09-25 10:23:13
4343,411723,平舆县,驻马店市,驻马店市,平舆县,,赵批发采购·箱包/饰品 服务区域：驿城、西平、上蔡、平舆、确山...,,,未注明,,0,0,0,0,1,未注明,58同城,2026-09-25 10:23:13
4344,411723,平舆县,驻马店市,驻马店市,平舆县,,驻马店快餐/团膳·快餐/团膳 服务区域：驿城、西平、上蔡、平舆、确山...,,,未注明,,0,0,0,0,1,未注明,58同城,2026-09-25 10:23:13
4345,411723,平舆县,驻马店市,驻马店市,平舆县,,章贡区古明飞餐饮店（个体工商户）·美食 服务区域：驿城、西平、上蔡、平舆、确山...,,,未注明,,0,0,0,0,1,未注明,58同城,2026-09-25 10:23:13
4346,411723,平舆县,驻马店市,驻马店市,平舆县,,驻马店美食·美食 服务区域：驿城、西平、上蔡、平舆、确山...,,,未注明,,0,0,0,0,1,未注明,58同城,2026-09-25 10:23:13
4347,411723,平舆县,驻马店市,驻马店市,平舆县,,赣州蓉江新区潭东镇格乐食品商行（个体工商户）·外卖 服务区域：驿城、西平、上蔡、平舆、确山...,,,未注明,,0,0,0,0,1,未注明,58同城,2026-09-25 10:23:13
4348,411723,平舆县,驻马店市,驻马店市,平舆县,,东海县平明镇康达百货商店·美食 服务区域：驿城、西平、上蔡、平舆、确山...,,,未注明,,0,0,0,0,1,未注明,58同城,2026-09-25 10:23:13
4349,411723,平舆县,驻马店市,驻马店市,平舆县,,亚飞电工·快速上门 服务区域：驿城、西平、上蔡、平舆、确山...,,,未注明,,0,0,0,0,1,未注明,58同城,2026-09-25 10:23:13
4350,411723,平舆县,驻马店市,驻马店市,平舆县,,驻马店市驿城区来金家政服务中心·搬家 服务区域：驿城、西平、上蔡、平舆、确山...,,,未注明,,0,0,0,0,1,未注明,58同城,2026-09-25 10:23:13
4351,411724,正阳县,驻马店市,驻马店市,正阳-钟鼓楼市场,乐优传媒,乐优文化传媒/主播助理包住,3500.0,5500.0,未注明,,0,0,0,0,1,未注明,58同城,2026-09-25 10:23:29
4352,411724,正阳县,驻马店市,驻马店市,驻马店-正阳,王菲,超市营业员,2000.0,2500.0,学历不限,2.0,0,0,0,1,0,学历不限,58同城,2026-09-25 10:23:29
4353,411724,正阳县,驻马店市,驻马店市,正阳-钟鼓楼市场,候小堤,正阳诚招西点店领班450... 小程序,4500.0,5500.0,高中,10.0,0,0,0,0,0,高中/中专,58同城,2026-09-25 10:23:29
4354,411724,正阳县,驻马店市,驻马店市,正阳-钟鼓楼市场,候小堤,正阳诚聘西点烘焙主管6千加,5500.0,6000.0,高中,20.0,0,0,0,0,0,高中/中专,58同城,2026-09-25 10:23:29
4355,411724,正阳县,驻马店市,驻马店市,正阳-钟鼓楼市场,候小堤,正阳县诚聘面包烘培店长5千起,5000.0,6500.0,高中,5.0,0,0,0,0,0,高中/中专,58同城,2026-09-25 10:23:29
4356,411724,正阳县,驻马店市,驻马店市,正阳-钟鼓楼市场,乐优传媒,乐优文化传媒有限公司讲解员包住,3000.0,5000.0,未注明,,0,0,0,0,1,未注明,58同城,2026-09-25 10:23:29
4357,411724,正阳县,驻马店市,驻马店市,驻马店-正阳,坚定信念de巫总,正阳县科牧生物有限公司销售专员包住话补交,4000.0,9000.0,未注明,,0,0,0,0,1,未注明,58同城,2026-09-25 10:23:29
4358,411724,正阳县,驻马店市,驻马店市,驻马店-正阳,朱先生,早教/幼教包住包吃周末双休,2500.0,3500.0,未注明,,0,0,0,0,1,未注明,58同城,2026-09-25 10:23:29
4359,411724,正阳县,驻马店市,驻马店市,驻马店-正阳,爱逛花市的小林,中餐厅服务员工作餐标高免费工服,2500.0,4000.0,学历不限,,0,0,0,1,0,学历不限,58同城,2026-09-25 10:23:29
4360,411724,正阳县,驻马店市,驻马店市,正阳-钟鼓楼市场,隗先生,诚招三角洲代练数名,4000.0,8000.0,未注明,,0,0,0,0,1,未注明,58同城,2026-09-25 10:23:29
4361,411724,正阳县,驻马店市,驻马店市,驻马店-正阳,爱养宠物DE胡同学,诚招正阳白酒销售无责加提成,5000.0,8000.0,学历不限,10.0,0,0,0,1,0,学历不限,58同城,2026-09-25 10:23:29
4362,411724,正阳县,驻马店市,驻马店市,正阳-钟鼓楼市场,候小堤,正阳县面包烘培店员/营业员3800起,3500.0,5000.0,学历不限,5.0,0,0,0,1,0,学历不限,58同城,2026-09-25 10:23:29
4363,411724,正阳县,驻马店市,驻马店市,正阳-钟鼓楼市场,招聘专员,小吃店服务员包吃免费工服工作餐标高,3000.0,3500.0,未注明,,0,0,0,0,1,未注明,58同城,2026-09-25 10:23:29
4364,411724,正阳县,驻马店市,驻马店市,驻马店-正阳,朱先生,中央厨房/面点师2500起,2500.0,3000.0,学历不限,,0,0,0,1,0,学历不限,58同城,2026-09-25 10:23:29
4365,411724,正阳县,驻马店市,驻马店市,正阳-钟鼓楼市场,王先生,汽车公司直招专车专线司机房补包住饭补,6500.0,7000.0,未注明,,0,0,0,0,1,未注明,58同城,2026-09-25 10:23:29
4366,411724,正阳县,驻马店市,驻马店市,正阳-钟鼓楼市场,周飞宁,卡诺电气招聘电工,5000.0,6000.0,大专,10.0,1,0,0,0,0,大专及以上,58同城,2026-09-25 10:23:29
4367,411724,正阳县,驻马店市,驻马店市,驻马店-正阳,oH_Ho,车辆维修服务公司/汽车维修学徒,2500.0,4500.0,学历不限,5.0,0,0,0,1,0,学历不限,58同城,2026-09-25 10:23:29
4368,411724,正阳县,驻马店市,驻马店市,正阳-钟鼓楼市场,黄先生,乐优文化传媒/主播/讲解员3500起,3500.0,8000.0,学历不限,,0,0,0,1,0,学历不限,58同城,2026-09-25 10:23:29
4369,411724,正阳县,驻马店市,驻马店市,正阳-钟鼓楼市场,孙女士,上五休二月薪8千（五险一金）普工可短期,8000.0,8500.0,未注明,,0,0,0,0,1,未注明,58同城,2026-09-25 10:23:29
4370,411724,正阳县,驻马店市,驻马店市,正阳-钟鼓楼市场,和博士要干活,主播,4000.0,9000.0,未注明,,0,0,0,0,1,未注明,58同城,2026-09-25 10:23:29
4371,411724,正阳县,驻马店市,驻马店市,正阳-钟鼓楼市场,和博士要干活,导购员,3000.0,7000.0,未注明,,0,0,0,0,1,未注明,58同城,2026-09-25 10:23:29
4372,411724,正阳县,驻马店市,驻马店市,驻马店-正阳,付先生,月薪9千招健身教练助教,6000.0,12000.0,未注明,,0,0,0,0,1,未注明,58同城,2026-09-25 10:23:29
4373,411724,正阳县,驻马店市,驻马店市,驻马店-正阳,李女士,电子厂普工五险加班补助包住5K-7K,5500.0,8000.0,未注明,,0,0,0,0,1,未注明,58同城,2026-09-25 10:23:29
4374,411724,正阳县,驻马店市,驻马店市,驻马店-正阳,谭女士,电池厂普工不穿无尘衣月入7K,6000.0,8000.0,未注明,,0,0,0,0,1,未注明,58同城,2026-09-25 10:23:29
4375,411724,正阳县,驻马店市,驻马店市,驻马店-正阳,刘先生,长期工汽车零配件普工275一天包吃住,7000.0,7500.0,未注明,,0,0,0,0,1,未注明,58同城,2026-09-25 10:23:29
4376,411724,正阳县,驻马店市,驻马店市,正阳-钟鼓楼市场,张女士,物业直招小区保安6k可预支,5500.0,6500.0,未注明,,0,0,0,0,1,未注明,58同城,2026-09-25 10:23:29
4377,411724,正阳县,驻马店市,驻马店市,驻马店-正阳,路雁凌,正阳诚招销售4000加提成,3000.0,6000.0,未注明,,0,0,0,0,1,未注明,58同城,2026-09-25 10:23:29
4378,411724,正阳县,驻马店市,驻马店市,驻马店-正阳,正阳牧原肉食,包装工,5000.0,7000.0,未注明,,0,0,0,0,1,未注明,58同城,2026-09-25 10:23:29
4379,411724,正阳县,驻马店市,驻马店市,驻马店-正阳,正阳牧原肉食,副产技工普工,5000.0,7000.0,未注明,,0,0,0,0,1,未注明,58同城,2026-09-25 10:23:29
4380,411724,正阳县,驻马店市,驻马店市,驻马店-驿城,张先生,电子厂普工/操作工饭补包住包吃,5500.0,7000.0,未注明,,0,0,0,0,1,未注明,58同城,2026-09-25 10:23:34
4381,411724,正阳县,驻马店市,驻马店市,驻马店-驿城,张女士,诚招招聘专员,3000.0,4500.0,大专,10.0,1,0,0,0,0,大专及以上,58同城,2026-09-25 10:23:34
4382,411724,正阳县,驻马店市,驻马店市,驻马店-驿城,爱泡温泉的汤,其他职位 小程序,2000.0,4000.0,学历不限,,0,0,0,1,0,学历不限,58同城,2026-09-25 10:23:34
4383,411724,正阳县,驻马店市,驻马店市,驿城-天中广场,张女士,诚招人事助理,2500.0,5000.0,学历不限,5.0,0,0,0,1,0,学历不限,58同城,2026-09-25 10:23:34
4384,411724,正阳县,驻马店市,驻马店市,驻马店-驿城,王先生,小区巡逻坐岗保安有空调,4500.0,5000.0,未注明,,0,0,0,0,1,未注明,58同城,2026-09-25 10:23:34
4385,411724,正阳县,驻马店市,驻马店市,驻马店-上蔡,武女士,上蔡县诚招运营10000加,4000.0,10000.0,学历不限,5.0,0,0,0,1,0,学历不限,58同城,2026-09-25 10:23:34
4386,411724,正阳县,驻马店市,驻马店市,上蔡-老汽车站,月亮下数蚂蚁,食品/鸡排店店员/营业员,2500.0,3000.0,学历不限,2.0,0,0,0,1,0,学历不限,58同城,2026-09-25 10:23:34
4387,411724,正阳县,驻马店市,驻马店市,驻马店-平舆,马女士,道路收费员/五险一金/包吃住,4000.0,4500.0,未注明,,0,0,0,0,1,未注明,58同城,2026-09-25 10:23:34
4388,411724,正阳县,驻马店市,驻马店市,驻马店周边-其他,尼先生,上蔡诚聘饮品店店长5千加,4000.0,7000.0,学历不限,2.0,0,0,0,1,0,学历不限,58同城,2026-09-25 10:23:34
4389,411724,正阳县,驻马店市,驻马店市,驻马店-新蔡,陈先生,室内保安包吃住可带手机,4500.0,5000.0,未注明,,0,0,0,0,1,未注明,58同城,2026-09-25 10:23:34
4390,411724,正阳县,驻马店市,驻马店市,驿城-丹尼斯,招聘专员,在线客服居家兼职操作简单,4500.0,5700.0,未注明,,0,0,0,0,1,未注明,58同城,2026-09-25 10:23:34
4391,411724,正阳县,驻马店市,驻马店市,驻马店周边-其他,康老板想诉说,奶茶/饮品师,3000.0,5000.0,学历不限,,0,0,0,1,0,学历不限,58同城,2026-09-25 10:23:34
4392,411724,正阳县,驻马店市,驻马店市,驻马店周边-其他,尼先生,上蔡诚招饮品店店长5千加,5000.0,7000.0,学历不限,2.0,0,0,0,1,0,学历不限,58同城,2026-09-25 10:23:34
4393,411724,正阳县,驻马店市,驻马店市,驻马店-上蔡,蘑菇撑小伞,上蔡诚招会计5千加五险一金包吃住,4500.0,6000.0,未注明,,0,0,0,0,1,未注明,58同城,2026-09-25 10:23:34
4394,411724,正阳县,驻马店市,驻马店市,驿城-丹尼斯,黔先生,采购专员在家供应商资料整理,4200.0,5600.0,未注明,,0,0,0,0,1,未注明,58同城,2026-09-25 10:23:34
4395,411724,正阳县,驻马店市,驻马店市,驿城-丹尼斯,黔先生,网络客服居家办公轻松上手,4600.0,5700.0,未注明,,0,0,0,0,1,未注明,58同城,2026-09-25 10:23:34
4396,411724,正阳县,驻马店市,驻马店市,驿城-丹尼斯,慢吞吞的小蜗牛,木火餐饮招聘后厨帮工,3000.0,3500.0,学历不限,5.0,0,0,0,1,0,学历不限,58同城,2026-09-25 10:23:34
4397,411724,正阳县,驻马店市,驻马店市,驻马店-驿城,潘先生,诚聘人事助理3千加待遇好,3000.0,5000.0,大专,,1,0,0,0,0,大专及以上,58同城,2026-09-25 10:23:34
4398,411724,正阳县,驻马店市,驻马店市,驻马店-泌阳,悄悄许个心愿,餐饮收银,2000.0,3000.0,学历不限,,0,0,0,1,0,学历不限,58同城,2026-09-25 10:23:34
4399,411724,正阳县,驻马店市,驻马店市,驿城-丹尼斯,黔先生,运营五险双休线上来做,4600.0,5400.0,未注明,,0,0,0,0,1,未注明,58同城,2026-09-25 10:23:34
4400,411724,正阳县,驻马店市,驻马店市,驻马店-驿城,总哼小曲的阿霞,市区电子厂普工6000-7000,6000.0,7000.0,未注明,,0,0,0,0,1,未注明,58同城,2026-09-25 10:23:34
4401,411724,正阳县,驻马店市,驻马店市,驻马店周边-其他,招聘专员,客房保洁,2500.0,4500.0,学历不限,,0,0,0,1,0,学历不限,58同城,2026-09-25 10:23:34
4402,411724,正阳县,驻马店市,驻马店市,驻马店-平舆,大道朝天,商超/零售店员/营业员3000起,3000.0,6000.0,学历不限,3.0,0,0,0,1,0,学历不限,58同城,2026-09-25 10:23:34
4403,411724,正阳县,驻马店市,驻马店市,驻马店-驿城,王先生,薄薄饼小吃女后厨杂工/3千起,3000.0,6000.0,学历不限,5.0,0,0,0,1,0,学历不限,58同城,2026-09-25 10:23:34
4404,411724,正阳县,驻马店市,驻马店市,驻马店周边-其他,毅然闵老板E,餐饮店店员/营业员2000起,2000.0,3000.0,未注明,,0,0,0,0,1,未注明,58同城,2026-09-25 10:23:34
4405,411724,正阳县,驻马店市,驻马店市,驻马店-确山,闫女士,营业员/NPC,2500.0,3000.0,学历不限,,0,0,0,1,0,学历不限,58同城,2026-09-25 10:23:34
4406,411724,正阳县,驻马店市,驻马店市,驻马店-驿城,军,养老院护工/护理包吃包住,3000.0,4000.0,未注明,,0,0,0,0,1,未注明,58同城,2026-09-25 10:23:34
4407,411724,正阳县,驻马店市,驻马店市,驻马店周边-其他,毅然闵老板E,小吃店服务员/2000起,2000.0,4000.0,未注明,,0,0,0,0,1,未注明,58同城,2026-09-25 10:23:34
4408,411724,正阳县,驻马店市,驻马店市,驻马店-驿城,陈亚辉,艾唯诺理发店/美发助理/学徒2k起,2000.0,2500.0,未注明,,0,0,0,0,1,未注明,58同城,2026-09-25 10:23:34
4409,411724,正阳县,驻马店市,驻马店市,驻马店-驿城,总哼小曲的阿霞,市区普工5500-7000。,5500.0,7000.0,未注明,,0,0,0,0,1,未注明,58同城,2026-09-25 10:23:34
4410,411725,确山县,驻马店市,驻马店市,驻马店-驿城,张先生,电子厂普工/操作工饭补包住包吃,5500.0,7000.0,未注明,,0,0,0,0,1,未注明,58同城,2026-09-25 10:26:37
4411,411725,确山县,驻马店市,驻马店市,驻马店-驿城,张女士,诚招招聘专员,3000.0,4500.0,大专,10.0,1,0,0,0,0,大专及以上,58同城,2026-09-25 10:26:37
4412,411725,确山县,驻马店市,驻马店市,驻马店-驿城,爱泡温泉的汤,其他职位 小程序,2000.0,4000.0,学历不限,,0,0,0,1,0,学历不限,58同城,2026-09-25 10:26:37
4413,411725,确山县,驻马店市,驻马店市,驿城-天中广场,张女士,诚招人事助理,2500.0,5000.0,学历不限,5.0,0,0,0,1,0,学历不限,58同城,2026-09-25 10:26:37
4414,411725,确山县,驻马店市,驻马店市,驻马店-驿城,王先生,小区巡逻坐岗保安有空调,4500.0,5000.0,未注明,,0,0,0,0,1,未注明,58同城,2026-09-25 10:26:37
4415,411725,确山县,驻马店市,驻马店市,驻马店-上蔡,武女士,上蔡县诚招运营10000加,4000.0,10000.0,学历不限,5.0,0,0,0,1,0,学历不限,58同城,2026-09-25 10:26:37
4416,411725,确山县,驻马店市,驻马店市,驻马店-驿城,王先生,物业公司保安/包吃包住五险,4500.0,5000.0,未注明,,0,0,0,0,1,未注明,58同城,2026-09-25 10:26:37
4417,411725,确山县,驻马店市,驻马店市,驻马店-西平,爱爬山DE全总,其他职位,2000.0,5000.0,学历不限,,0,0,0,1,0,学历不限,58同城,2026-09-25 10:26:37
4418,411725,确山县,驻马店市,驻马店市,上蔡-老汽车站,月亮下数蚂蚁,食品/鸡排店店员/营业员,2500.0,3000.0,学历不限,2.0,0,0,0,1,0,学历不限,58同城,2026-09-25 10:26:37
4419,411725,确山县,驻马店市,驻马店市,驻马店-平舆,马女士,道路收费员/五险一金/包吃住,4000.0,4500.0,未注明,,0,0,0,0,1,未注明,58同城,2026-09-25 10:26:37
4420,411725,确山县,驻马店市,驻马店市,驻马店-上蔡,用户42806,上蔡诚招营业厅营业员,2500.0,5000.0,高中,5.0,0,0,0,0,0,高中/中专,58同城,2026-09-25 10:26:37
4421,411725,确山县,驻马店市,驻马店市,驻马店周边-其他,尼先生,上蔡诚聘饮品店店长5千加,4000.0,7000.0,学历不限,2.0,0,0,0,1,0,学历不限,58同城,2026-09-25 10:26:37
4422,411725,确山县,驻马店市,驻马店市,驻马店-新蔡,陈先生,室内保安包吃住可带手机,4500.0,5000.0,未注明,,0,0,0,0,1,未注明,58同城,2026-09-25 10:26:37
4423,411725,确山县,驻马店市,驻马店市,驿城-丹尼斯,招聘专员,在线客服居家兼职操作简单,4500.0,5700.0,未注明,,0,0,0,0,1,未注明,58同城,2026-09-25 10:26:37
4424,411725,确山县,驻马店市,驻马店市,驻马店周边-其他,康老板想诉说,奶茶/饮品师,3000.0,5000.0,学历不限,,0,0,0,1,0,学历不限,58同城,2026-09-25 10:26:37
4425,411725,确山县,驻马店市,驻马店市,驻马店周边-其他,尼先生,上蔡诚招饮品店店长5千加,5000.0,7000.0,学历不限,2.0,0,0,0,1,0,学历不限,58同城,2026-09-25 10:26:37
4426,411725,确山县,驻马店市,驻马店市,驻马店-上蔡,蘑菇撑小伞,上蔡诚招会计5千加五险一金包吃住,4500.0,6000.0,未注明,,0,0,0,0,1,未注明,58同城,2026-09-25 10:26:37
4427,411725,确山县,驻马店市,驻马店市,驿城-丹尼斯,黔先生,采购专员在家供应商资料整理,4200.0,5600.0,未注明,,0,0,0,0,1,未注明,58同城,2026-09-25 10:26:37
4428,411725,确山县,驻马店市,驻马店市,驿城-丹尼斯,慢吞吞的小蜗牛,木火餐饮招聘后厨帮工,3000.0,3500.0,学历不限,5.0,0,0,0,1,0,学历不限,58同城,2026-09-25 10:26:37
4429,411725,确山县,驻马店市,驻马店市,驿城-天中广场,捡到星星的米米,其他职位,2500.0,4000.0,学历不限,,0,0,0,1,0,学历不限,58同城,2026-09-25 10:26:37
4430,411725,确山县,驻马店市,驻马店市,驿城-丹尼斯,黔先生,网络客服居家办公轻松上手,4600.0,5700.0,未注明,,0,0,0,0,1,未注明,58同城,2026-09-25 10:26:37
4431,411725,确山县,驻马店市,驻马店市,驻马店-驿城,潘先生,诚聘人事助理3千加待遇好,3000.0,5000.0,大专,,1,0,0,0,0,大专及以上,58同城,2026-09-25 10:26:37
4432,411725,确山县,驻马店市,驻马店市,驻马店-泌阳,悄悄许个心愿,餐饮收银,2000.0,3000.0,学历不限,,0,0,0,1,0,学历不限,58同城,2026-09-25 10:26:37
4433,411725,确山县,驻马店市,驻马店市,驿城-丹尼斯,黔先生,运营五险双休线上来做,4600.0,5400.0,未注明,,0,0,0,0,1,未注明,58同城,2026-09-25 10:26:37
4434,411725,确山县,驻马店市,驻马店市,驻马店-驿城,总哼小曲的阿霞,市区电子厂普工6000-7000,6000.0,7000.0,未注明,,0,0,0,0,1,未注明,58同城,2026-09-25 10:26:37
4435,411725,确山县,驻马店市,驻马店市,驻马店周边-其他,招聘专员,客房保洁,2500.0,4500.0,学历不限,,0,0,0,1,0,学历不限,58同城,2026-09-25 10:26:37
4436,411725,确山县,驻马店市,驻马店市,驻马店-平舆,大道朝天,商超/零售店员/营业员3000起,3000.0,6000.0,学历不限,3.0,0,0,0,1,0,学历不限,58同城,2026-09-25 10:26:37
4437,411725,确山县,驻马店市,驻马店市,驻马店-驿城,王先生,薄薄饼小吃女后厨杂工/3千起,3000.0,6000.0,学历不限,5.0,0,0,0,1,0,学历不限,58同城,2026-09-25 10:26:37
4438,411725,确山县,驻马店市,驻马店市,驻马店周边-其他,毅然闵老板E,餐饮店店员/营业员2000起,2000.0,3000.0,未注明,,0,0,0,0,1,未注明,58同城,2026-09-25 10:26:37
4439,411725,确山县,驻马店市,驻马店市,驻马店-确山,闫女士,营业员/NPC,2500.0,3000.0,学历不限,,0,0,0,1,0,学历不限,58同城,2026-09-25 10:26:37
4440,411725,确山县,驻马店市,驻马店市,驻马店-确山,啊biu,中餐厅服务员2000起,2000.0,2500.0,未注明,,0,0,0,0,1,未注明,58同城,2026-09-25 10:27:03
4441,411725,确山县,驻马店市,驻马店市,驻马店-确山,贝贝,饮品店奶茶/饮品师五险,2500.0,4500.0,未注明,,0,0,0,0,1,未注明,58同城,2026-09-25 10:27:23
4442,411725,确山县,驻马店市,驻马店市,驻马店-确山,岳先生,确山县慧同珠宝店/珠宝销售五险,2000.0,8000.0,未注明,,0,0,0,0,1,未注明,58同城,2026-09-25 10:27:23
4443,411725,确山县,驻马店市,驻马店市,驻马店-确山,李女士,诚聘卸板工包吃住,3300.0,5000.0,未注明,,0,0,0,0,1,未注明,58同城,2026-09-25 10:28:12
4444,411725,确山县,驻马店市,驻马店市,驻马店-确山,小花点点头,淘宝运营,2500.0,3000.0,学历不限,1.0,0,0,0,1,0,学历不限,58同城,2026-09-25 10:28:23
4445,411725,确山县,驻马店市,驻马店市,驻马店-确山,画圈圈的笔,舍艺健康管理工作室/足疗师/4千起,5000.0,10000.0,未注明,,0,0,0,0,1,未注明,58同城,2026-09-25 10:28:54
4446,411725,确山县,驻马店市,驻马店市,确山县,,恩佳食品销售店·外卖 服务区域：确山、平舆,,,未注明,,0,0,0,0,1,未注明,58同城,2026-09-25 10:29:18
4447,411725,确山县,驻马店市,驻马店市,确山县,,章贡区古明飞餐饮店（个体工商户）·外卖 服务区域：驿城、西平、上蔡、平舆、确山...,,,未注明,,0,0,0,0,1,未注明,58同城,2026-09-25 10:29:18
4448,411725,确山县,驻马店市,驻马店市,确山县,,家具瓷砖修复美容·家具维修 服务区域：驿城、西平、上蔡、平舆、确山...,,,未注明,,0,0,0,0,1,未注明,58同城,2026-09-25 10:29:18
4449,411725,确山县,驻马店市,驻马店市,确山县,,恩佳食品销售店·外卖 服务区域：平舆、确山,,,未注明,,0,0,0,0,1,未注明,58同城,2026-09-25 10:29:18
4450,411725,确山县,驻马店市,驻马店市,确山县,,盛达物资回收·空调回收 服务区域：驿城、西平、上蔡、平舆、确山...,,,未注明,,0,0,0,0,1,未注明,58同城,2026-09-25 10:29:18
4451,411725,确山县,驻马店市,驻马店市,确山县,,雪绒花家政·提前 服务区域：驿城、西平、上蔡、平舆、确山...,,,未注明,,0,0,0,0,1,未注明,58同城,2026-09-25 10:29:18
4452,411725,确山县,驻马店市,驻马店市,确山县,,章贡区海平食品店（个体工商户）·美食 服务区域：驿城、西平、上蔡、平舆、确山...,,,未注明,,0,0,0,0,1,未注明,58同城,2026-09-25 10:29:18
4453,411725,确山县,驻马店市,驻马店市,确山县,,驻马店酒店/厨房/文娱设备回收·酒店/厨房/文娱设备回收 服务区域：驿城、西平、上蔡、平舆、确山...,,,未注明,,0,0,0,0,1,未注明,58同城,2026-09-25 10:29:18
4454,411725,确山县,驻马店市,驻马店市,确山县,,驻马店快餐/团膳·快餐/团膳 服务区域：驿城、西平、上蔡、平舆、确山...,,,未注明,,0,0,0,0,1,未注明,58同城,2026-09-25 10:29:18
4455,411725,确山县,驻马店市,驻马店市,确山县,,章贡区古明飞餐饮店（个体工商户）·美食 服务区域：驿城、西平、上蔡、平舆、确山...,,,未注明,,0,0,0,0,1,未注明,58同城,2026-09-25 10:29:18
4456,411725,确山县,驻马店市,驻马店市,确山县,,驻马店美食·美食 服务区域：驿城、西平、上蔡、平舆、确山...,,,未注明,,0,0,0,0,1,未注明,58同城,2026-09-25 10:29:18
4457,411725,确山县,驻马店市,驻马店市,确山县,,驻马店同城到家防水补漏·房屋维修/防水 服务区域：驿城、西平、上蔡、平舆、确山...,,,未注明,,0,0,0,0,1,未注明,58同城,2026-09-25 10:29:18
4458,411725,确山县,驻马店市,驻马店市,确山县,,沙发翻新·沙发维修护理 服务区域：驿城、西平、上蔡、平舆、确山...,,,未注明,,0,0,0,0,1,未注明,58同城,2026-09-25 10:29:18
4459,411725,确山县,驻马店市,驻马店市,确山县,,大明物资回收·高价回收 服务区域：驿城、西平、上蔡、平舆、确山...,,,未注明,,0,0,0,0,1,未注明,58同城,2026-09-25 10:29:18
4460,411725,确山县,驻马店市,驻马店市,确山县,,赣州蓉江新区潭东镇格乐食品商行（个体工商户）·外卖 服务区域：驿城、西平、上蔡、平舆、确山...,,,未注明,,0,0,0,0,1,未注明,58同城,2026-09-25 10:29:18
4461,411725,确山县,驻马店市,驻马店市,确山县,,东海县平明镇康达百货商店·美食 服务区域：驿城、西平、上蔡、平舆、确山...,,,未注明,,0,0,0,0,1,未注明,58同城,2026-09-25 10:29:18
4462,411725,确山县,驻马店市,驻马店市,确山县,,车赢天下租车·租车 服务区域：驿城、西平、上蔡、平舆、确山...,,,未注明,,0,0,0,0,1,未注明,58同城,2026-09-25 10:29:25
4463,411726,泌阳县,驻马店市,驻马店市,驻马店-驿城,张先生,电子厂普工/操作工饭补包住包吃,5500.0,7000.0,未注明,,0,0,0,0,1,未注明,58同城,2026-09-25 10:29:43
4464,411726,泌阳县,驻马店市,驻马店市,驻马店-驿城,张女士,诚招招聘专员,3000.0,4500.0,大专,10.0,1,0,0,0,0,大专及以上,58同城,2026-09-25 10:29:43
4465,411726,泌阳县,驻马店市,驻马店市,驻马店-驿城,爱泡温泉的汤,其他职位 小程序,2000.0,4000.0,学历不限,,0,0,0,1,0,学历不限,58同城,2026-09-25 10:29:43
4466,411726,泌阳县,驻马店市,驻马店市,驿城-天中广场,张女士,诚招人事助理,2500.0,5000.0,学历不限,5.0,0,0,0,1,0,学历不限,58同城,2026-09-25 10:29:43
4467,411726,泌阳县,驻马店市,驻马店市,驻马店-驿城,王先生,小区巡逻坐岗保安有空调,4500.0,5000.0,未注明,,0,0,0,0,1,未注明,58同城,2026-09-25 10:29:43
4468,411726,泌阳县,驻马店市,驻马店市,驻马店-上蔡,武女士,上蔡县诚招运营10000加,4000.0,10000.0,学历不限,5.0,0,0,0,1,0,学历不限,58同城,2026-09-25 10:29:43
4469,411726,泌阳县,驻马店市,驻马店市,驻马店-驿城,王先生,物业公司保安/包吃包住五险,4500.0,5000.0,未注明,,0,0,0,0,1,未注明,58同城,2026-09-25 10:29:43
4470,411726,泌阳县,驻马店市,驻马店市,驻马店-西平,爱爬山DE全总,其他职位,2000.0,5000.0,学历不限,,0,0,0,1,0,学历不限,58同城,2026-09-25 10:29:43
4471,411726,泌阳县,驻马店市,驻马店市,上蔡-老汽车站,月亮下数蚂蚁,食品/鸡排店店员/营业员,2500.0,3000.0,学历不限,2.0,0,0,0,1,0,学历不限,58同城,2026-09-25 10:29:43
4472,411726,泌阳县,驻马店市,驻马店市,驻马店-平舆,马女士,道路收费员/五险一金/包吃住,4000.0,4500.0,未注明,,0,0,0,0,1,未注明,58同城,2026-09-25 10:29:43
4473,411726,泌阳县,驻马店市,驻马店市,驻马店-上蔡,用户42806,上蔡诚招营业厅营业员,2500.0,5000.0,高中,5.0,0,0,0,0,0,高中/中专,58同城,2026-09-25 10:29:43
4474,411726,泌阳县,驻马店市,驻马店市,驻马店周边-其他,尼先生,上蔡诚聘饮品店店长5千加,4000.0,7000.0,学历不限,2.0,0,0,0,1,0,学历不限,58同城,2026-09-25 10:29:43
4475,411726,泌阳县,驻马店市,驻马店市,驻马店-新蔡,陈先生,室内保安包吃住可带手机,4500.0,5000.0,未注明,,0,0,0,0,1,未注明,58同城,2026-09-25 10:29:43
4476,411726,泌阳县,驻马店市,驻马店市,驿城-丹尼斯,招聘专员,在线客服居家兼职操作简单,4500.0,5700.0,未注明,,0,0,0,0,1,未注明,58同城,2026-09-25 10:29:43
4477,411726,泌阳县,驻马店市,驻马店市,驻马店周边-其他,康老板想诉说,奶茶/饮品师,3000.0,5000.0,学历不限,,0,0,0,1,0,学历不限,58同城,2026-09-25 10:29:43
4478,411726,泌阳县,驻马店市,驻马店市,驻马店周边-其他,尼先生,上蔡诚招饮品店店长5千加,5000.0,7000.0,学历不限,2.0,0,0,0,1,0,学历不限,58同城,2026-09-25 10:29:43
4479,411726,泌阳县,驻马店市,驻马店市,驻马店-上蔡,蘑菇撑小伞,上蔡诚招会计5千加五险一金包吃住,4500.0,6000.0,未注明,,0,0,0,0,1,未注明,58同城,2026-09-25 10:29:43
4480,411726,泌阳县,驻马店市,驻马店市,驿城-丹尼斯,黔先生,采购专员在家供应商资料整理,4200.0,5600.0,未注明,,0,0,0,0,1,未注明,58同城,2026-09-25 10:29:43
4481,411726,泌阳县,驻马店市,驻马店市,驿城-丹尼斯,慢吞吞的小蜗牛,木火餐饮招聘后厨帮工,3000.0,3500.0,学历不限,5.0,0,0,0,1,0,学历不限,58同城,2026-09-25 10:29:43
4482,411726,泌阳县,驻马店市,驻马店市,驿城-天中广场,捡到星星的米米,其他职位,2500.0,4000.0,学历不限,,0,0,0,1,0,学历不限,58同城,2026-09-25 10:29:43
4483,411726,泌阳县,驻马店市,驻马店市,驿城-丹尼斯,黔先生,网络客服居家办公轻松上手,4600.0,5700.0,未注明,,0,0,0,0,1,未注明,58同城,2026-09-25 10:29:43
4484,411726,泌阳县,驻马店市,驻马店市,驻马店-驿城,潘先生,诚聘人事助理3千加待遇好,3000.0,5000.0,大专,,1,0,0,0,0,大专及以上,58同城,2026-09-25 10:29:43
4485,411726,泌阳县,驻马店市,驻马店市,驻马店-泌阳,悄悄许个心愿,餐饮收银,2000.0,3000.0,学历不限,,0,0,0,1,0,学历不限,58同城,2026-09-25 10:29:43
4486,411726,泌阳县,驻马店市,驻马店市,驿城-丹尼斯,黔先生,运营五险双休线上来做,4600.0,5400.0,未注明,,0,0,0,0,1,未注明,58同城,2026-09-25 10:29:43
4487,411726,泌阳县,驻马店市,驻马店市,驻马店-驿城,总哼小曲的阿霞,市区电子厂普工6000-7000,6000.0,7000.0,未注明,,0,0,0,0,1,未注明,58同城,2026-09-25 10:29:43
4488,411726,泌阳县,驻马店市,驻马店市,驻马店-上蔡,用户42806,上蔡诚聘手机营业厅营业员,2500.0,5000.0,高中,5.0,0,0,0,0,0,高中/中专,58同城,2026-09-25 10:29:43
4489,411726,泌阳县,驻马店市,驻马店市,驻马店周边-其他,招聘专员,客房保洁,2500.0,4500.0,学历不限,,0,0,0,1,0,学历不限,58同城,2026-09-25 10:29:43
4490,411726,泌阳县,驻马店市,驻马店市,驻马店-平舆,大道朝天,商超/零售店员/营业员3000起,3000.0,6000.0,学历不限,3.0,0,0,0,1,0,学历不限,58同城,2026-09-25 10:29:43
4491,411726,泌阳县,驻马店市,驻马店市,驻马店-驿城,王先生,薄薄饼小吃女后厨杂工/3千起,3000.0,6000.0,学历不限,5.0,0,0,0,1,0,学历不限,58同城,2026-09-25 10:29:43
4492,411726,泌阳县,驻马店市,驻马店市,驻马店周边-其他,毅然闵老板E,餐饮店店员/营业员2000起,2000.0,3000.0,未注明,,0,0,0,0,1,未注明,58同城,2026-09-25 10:29:43
4493,411726,泌阳县,驻马店市,驻马店市,驻马店-泌阳,poison,服务员,2000.0,2500.0,未注明,,0,0,0,0,1,未注明,58同城,2026-09-25 10:30:06
4494,411726,泌阳县,驻马店市,驻马店市,驻马店-泌阳,孙女士,泌阳急招裁剪组长5千加,4500.0,5500.0,学历不限,3.0,0,0,0,1,0,学历不限,58同城,2026-09-25 10:30:23
4495,411726,泌阳县,驻马店市,驻马店市,驻马店-泌阳,孙女士,泌阳诚聘车间主任5千加包吃,5000.0,6000.0,学历不限,3.0,0,0,0,1,0,学历不限,58同城,2026-09-25 10:30:23
4496,411726,泌阳县,驻马店市,驻马店市,驻马店-泌阳,付女士,卤肉师傅/包住两人间淋浴,3000.0,5500.0,未注明,,0,0,0,0,1,未注明,58同城,2026-09-25 10:30:35
4497,411726,泌阳县,驻马店市,驻马店市,驻马店-泌阳,彭先生,泌阳诚招烘焙运营经理主管4k起,4000.0,6000.0,学历不限,,0,0,0,1,0,学历不限,58同城,2026-09-25 10:31:28
4498,411726,泌阳县,驻马店市,驻马店市,驻马店-泌阳,涟漪,新媒体运营/多媒体运营学历大专,3000.0,6000.0,未注明,,0,0,0,0,1,未注明,58同城,2026-09-25 10:31:28
4499,411726,泌阳县,驻马店市,驻马店市,驻马店-泌阳,指尖微风起,泌阳美容店诚招美容师,3000.0,6000.0,学历不限,10.0,0,0,0,1,0,学历不限,58同城,2026-09-25 10:32:11
4500,411726,泌阳县,驻马店市,驻马店市,泌阳县,,恩佳食品销售店·外卖 服务区域：泌阳、新蔡,,,未注明,,0,0,0,0,1,未注明,58同城,2026-09-25 10:32:26
4501,411726,泌阳县,驻马店市,驻马店市,泌阳县,,恩佳食品销售店·鲜花绿植 服务区域：泌阳、新蔡,,,未注明,,0,0,0,0,1,未注明,58同城,2026-09-25 10:32:26
4502,411727,汝南县,驻马店市,驻马店市,汝南-古城大道,李老师,新姿烫染旗舰店头疗师2000起,2000.0,4000.0,学历不限,,0,0,0,1,0,学历不限,58同城,2026-09-25 10:32:43
4503,411727,汝南县,驻马店市,驻马店市,汝南-古城大道,捡石子的乐乐,仓库管理早九晚五薪资6000,5000.0,8000.0,未注明,,0,0,0,0,1,未注明,58同城,2026-09-25 10:32:43
4504,411727,汝南县,驻马店市,驻马店市,驻马店-汝南,刘女士,汝南诚招营业员3000起 小程序,3500.0,6000.0,学历不限,10.0,0,0,0,1,0,学历不限,58同城,2026-09-25 10:32:43
4505,411727,汝南县,驻马店市,驻马店市,驻马店-汝南,汝南县天中酒业,汝南诚招酒厂门店营业员,3000.0,6000.0,学历不限,10.0,0,0,0,1,0,学历不限,58同城,2026-09-25 10:32:43
4506,411727,汝南县,驻马店市,驻马店市,驻马店-汝南,308,销售专员,2500.0,3000.0,学历不限,,0,0,0,1,0,学历不限,58同城,2026-09-25 10:32:43
4507,411727,汝南县,驻马店市,驻马店市,驻马店-汝南,新怡超市,超市店长/8k起,8000.0,13000.0,学历不限,,0,0,0,1,0,学历不限,58同城,2026-09-25 10:32:43
4508,411727,汝南县,驻马店市,驻马店市,驻马店-汝南,曾凡强,动物医院前台接待五险一金加班补助年底双薪,2500.0,5000.0,未注明,,0,0,0,0,1,未注明,58同城,2026-09-25 10:32:43
4509,411727,汝南县,驻马店市,驻马店市,驻马店-汝南,爱转交的冷同学,火锅店服务员免费工服包吃工作餐标高,2500.0,3500.0,未注明,,0,0,0,0,1,未注明,58同城,2026-09-25 10:32:43
4510,411727,汝南县,驻马店市,驻马店市,驻马店-汝南,招聘专员,汝南县忠信达信息技术有限公司招聘采购专员,3500.0,4500.0,大专,1.0,1,0,0,0,0,大专及以上,58同城,2026-09-25 10:32:43
4511,411727,汝南县,驻马店市,驻马店市,驻马店-汝南,值得庆贺DE稽老板,财务会计/3500起,3500.0,4000.0,未注明,,0,0,0,0,1,未注明,58同城,2026-09-25 10:32:43
4512,411727,汝南县,驻马店市,驻马店市,汝南-古城大道,付艳丽,诚招保险贷款专员4千加,4000.0,6000.0,未注明,,0,0,0,0,1,未注明,58同城,2026-09-25 10:32:43
4513,411727,汝南县,驻马店市,驻马店市,汝南-古城大道,石女士,家装工装设计师,10000.0,20000.0,未注明,,0,0,0,0,1,未注明,58同城,2026-09-25 10:32:43
4514,411727,汝南县,驻马店市,驻马店市,驻马店-汝南,勤恳踏实的谈师傅,汝南县机械厂焊工包住加班补助饭补,8000.0,25000.0,未注明,,0,0,0,0,1,未注明,58同城,2026-09-25 10:32:43
4515,411727,汝南县,驻马店市,驻马店市,驻马店-汝南,张先生,汝南县金铺镇张凯农机配件店/售后支持/五,2500.0,5000.0,未注明,,0,0,0,0,1,未注明,58同城,2026-09-25 10:32:43
4516,411727,汝南县,驻马店市,驻马店市,驻马店-汝南,张先生,售后服务专员,2500.0,5000.0,未注明,,0,0,0,0,1,未注明,58同城,2026-09-25 10:32:43
4517,411727,汝南县,驻马店市,驻马店市,汝南-古城大道,爱追蝴蝶的阿乐,商超/销售专员工作时间灵活,3000.0,20000.0,未注明,,0,0,0,0,1,未注明,58同城,2026-09-25 10:32:43
4518,411727,汝南县,驻马店市,驻马店市,驻马店-汝南,招聘专员,汝南忠信达信息公司诚聘采购经理/产品经理,4000.0,5000.0,大专,1.0,1,0,0,0,0,大专及以上,58同城,2026-09-25 10:32:43
4519,411727,汝南县,驻马店市,驻马店市,驻马店-汝南,张显风,湘味塘餐饮饭店/服务员/3000起,3000.0,4500.0,学历不限,1.0,0,0,0,1,0,学历不限,58同城,2026-09-25 10:32:43
4520,411727,汝南县,驻马店市,驻马店市,汝南-古城大道,田女士,星越俱乐部厅/服务员前台2500起,2500.0,3500.0,学历不限,,0,0,0,1,0,学历不限,58同城,2026-09-25 10:32:43
4521,411727,汝南县,驻马店市,驻马店市,驻马店-汝南,陈女士,汝南县广成小学/小学老师/包住周末双休包,2000.0,3000.0,未注明,,0,0,0,0,1,未注明,58同城,2026-09-25 10:32:43
4522,411727,汝南县,驻马店市,驻马店市,驻马店-汝南,用户59067,中餐厅厨师包吃免费工服,5000.0,8000.0,未注明,,0,0,0,0,1,未注明,58同城,2026-09-25 10:32:43
4523,411727,汝南县,驻马店市,驻马店市,驻马店-汝南,潘女士,市场营销专员,3000.0,8000.0,学历不限,,0,0,0,1,0,学历不限,58同城,2026-09-25 10:32:43
4524,411727,汝南县,驻马店市,驻马店市,驻马店-汝南,吴谦祎,钢琴教师,,,大专,,1,0,0,0,0,大专及以上,58同城,2026-09-25 10:32:43
4525,411727,汝南县,驻马店市,驻马店市,驻马店-汝南,王先生,户用光伏运维（新蔡县）,5000.0,6000.0,未注明,,0,0,0,0,1,未注明,58同城,2026-09-25 10:32:43
4526,411727,汝南县,驻马店市,驻马店市,驻马店-汝南,潘女士,诊所口腔医生1万起,10000.0,22500.0,大专,1.0,1,0,0,0,0,大专及以上,58同城,2026-09-25 10:32:43
4527,411727,汝南县,驻马店市,驻马店市,驻马店-汝南,张先生,八千招健身教练不会可培训,6500.0,13500.0,未注明,,0,0,0,0,1,未注明,58同城,2026-09-25 10:32:43
4528,411727,汝南县,驻马店市,驻马店市,驻马店-汝南,娜娜,诚招客服专员3千加待遇好,3000.0,5000.0,学历不限,10.0,0,0,0,1,0,学历不限,58同城,2026-09-25 10:32:43
4529,411727,汝南县,驻马店市,驻马店市,驻马店-汝南,晏师傅要嘱咐,广告公司平面设计4k起管吃,4000.0,7000.0,未注明,,0,0,0,0,1,未注明,58同城,2026-09-25 10:32:43
4530,411727,汝南县,驻马店市,驻马店市,汝南-古城大道,悄悄看星星的星仔,居家在线审核员日结260远程可做,5000.0,8000.0,未注明,,0,0,0,0,1,未注明,58同城,2026-09-25 10:32:43
4531,411727,汝南县,驻马店市,驻马店市,驻马店-汝南,晏师傅要嘱咐,普工/操作工4千起包吃加班补助,4000.0,6500.0,未注明,,0,0,0,0,1,未注明,58同城,2026-09-25 10:32:43
4532,411727,汝南县,驻马店市,驻马店市,驻马店-驿城,张先生,电子厂普工/操作工饭补包住包吃,5500.0,7000.0,未注明,,0,0,0,0,1,未注明,58同城,2026-09-25 10:32:51
4533,411727,汝南县,驻马店市,驻马店市,驻马店-驿城,张女士,诚招招聘专员,3000.0,4500.0,大专,10.0,1,0,0,0,0,大专及以上,58同城,2026-09-25 10:32:51
4534,411727,汝南县,驻马店市,驻马店市,驻马店-驿城,爱泡温泉的汤,其他职位 小程序,2000.0,4000.0,学历不限,,0,0,0,1,0,学历不限,58同城,2026-09-25 10:32:51
4535,411727,汝南县,驻马店市,驻马店市,驿城-天中广场,张女士,诚招人事助理,2500.0,5000.0,学历不限,5.0,0,0,0,1,0,学历不限,58同城,2026-09-25 10:32:51
4536,411727,汝南县,驻马店市,驻马店市,驻马店-驿城,王先生,小区巡逻坐岗保安有空调,4500.0,5000.0,未注明,,0,0,0,0,1,未注明,58同城,2026-09-25 10:32:51
4537,411727,汝南县,驻马店市,驻马店市,驻马店-上蔡,武女士,上蔡县诚招运营10000加,4000.0,10000.0,学历不限,5.0,0,0,0,1,0,学历不限,58同城,2026-09-25 10:32:51
4538,411727,汝南县,驻马店市,驻马店市,驻马店-驿城,王先生,物业公司保安/包吃包住五险,4500.0,5000.0,未注明,,0,0,0,0,1,未注明,58同城,2026-09-25 10:32:51
4539,411727,汝南县,驻马店市,驻马店市,驻马店-西平,爱爬山DE全总,其他职位,2000.0,5000.0,学历不限,,0,0,0,1,0,学历不限,58同城,2026-09-25 10:32:51
4540,411727,汝南县,驻马店市,驻马店市,上蔡-老汽车站,月亮下数蚂蚁,食品/鸡排店店员/营业员,2500.0,3000.0,学历不限,2.0,0,0,0,1,0,学历不限,58同城,2026-09-25 10:32:51
4541,411727,汝南县,驻马店市,驻马店市,驻马店-平舆,马女士,道路收费员/五险一金/包吃住,4000.0,4500.0,未注明,,0,0,0,0,1,未注明,58同城,2026-09-25 10:32:51
4542,411727,汝南县,驻马店市,驻马店市,驻马店-上蔡,用户42806,上蔡诚招营业厅营业员,2500.0,5000.0,高中,5.0,0,0,0,0,0,高中/中专,58同城,2026-09-25 10:32:51
4543,411727,汝南县,驻马店市,驻马店市,驻马店周边-其他,尼先生,上蔡诚聘饮品店店长5千加,4000.0,7000.0,学历不限,2.0,0,0,0,1,0,学历不限,58同城,2026-09-25 10:32:51
4544,411727,汝南县,驻马店市,驻马店市,驻马店-新蔡,陈先生,室内保安包吃住可带手机,4500.0,5000.0,未注明,,0,0,0,0,1,未注明,58同城,2026-09-25 10:32:51
4545,411727,汝南县,驻马店市,驻马店市,驿城-丹尼斯,招聘专员,在线客服居家兼职操作简单,4500.0,5700.0,未注明,,0,0,0,0,1,未注明,58同城,2026-09-25 10:32:51
4546,411727,汝南县,驻马店市,驻马店市,驻马店周边-其他,康老板想诉说,奶茶/饮品师,3000.0,5000.0,学历不限,,0,0,0,1,0,学历不限,58同城,2026-09-25 10:32:51
4547,411727,汝南县,驻马店市,驻马店市,驻马店周边-其他,尼先生,上蔡诚招饮品店店长5千加,5000.0,7000.0,学历不限,2.0,0,0,0,1,0,学历不限,58同城,2026-09-25 10:32:51
4548,411727,汝南县,驻马店市,驻马店市,驻马店-上蔡,蘑菇撑小伞,上蔡诚招会计5千加五险一金包吃住,4500.0,6000.0,未注明,,0,0,0,0,1,未注明,58同城,2026-09-25 10:32:51
4549,411727,汝南县,驻马店市,驻马店市,驿城-丹尼斯,黔先生,采购专员在家供应商资料整理,4200.0,5600.0,未注明,,0,0,0,0,1,未注明,58同城,2026-09-25 10:32:51
4550,411727,汝南县,驻马店市,驻马店市,驿城-丹尼斯,慢吞吞的小蜗牛,木火餐饮招聘后厨帮工,3000.0,3500.0,学历不限,5.0,0,0,0,1,0,学历不限,58同城,2026-09-25 10:32:51
4551,411727,汝南县,驻马店市,驻马店市,驿城-天中广场,捡到星星的米米,其他职位,2500.0,4000.0,学历不限,,0,0,0,1,0,学历不限,58同城,2026-09-25 10:32:51
4552,411727,汝南县,驻马店市,驻马店市,驿城-丹尼斯,黔先生,网络客服居家办公轻松上手,4600.0,5700.0,未注明,,0,0,0,0,1,未注明,58同城,2026-09-25 10:32:51
4553,411727,汝南县,驻马店市,驻马店市,驻马店-驿城,潘先生,诚聘人事助理3千加待遇好,3000.0,5000.0,大专,,1,0,0,0,0,大专及以上,58同城,2026-09-25 10:32:51
4554,411727,汝南县,驻马店市,驻马店市,驻马店-泌阳,悄悄许个心愿,餐饮收银,2000.0,3000.0,学历不限,,0,0,0,1,0,学历不限,58同城,2026-09-25 10:32:51
4555,411727,汝南县,驻马店市,驻马店市,驿城-丹尼斯,黔先生,运营五险双休线上来做,4600.0,5400.0,未注明,,0,0,0,0,1,未注明,58同城,2026-09-25 10:32:51
4556,411727,汝南县,驻马店市,驻马店市,驻马店-驿城,总哼小曲的阿霞,市区电子厂普工6000-7000,6000.0,7000.0,未注明,,0,0,0,0,1,未注明,58同城,2026-09-25 10:32:51
4557,411727,汝南县,驻马店市,驻马店市,驻马店-上蔡,用户42806,上蔡诚聘手机营业厅营业员,2500.0,5000.0,高中,5.0,0,0,0,0,0,高中/中专,58同城,2026-09-25 10:32:51
4558,411727,汝南县,驻马店市,驻马店市,驻马店周边-其他,招聘专员,客房保洁,2500.0,4500.0,学历不限,,0,0,0,1,0,学历不限,58同城,2026-09-25 10:32:51
4559,411727,汝南县,驻马店市,驻马店市,驻马店-平舆,大道朝天,商超/零售店员/营业员3000起,3000.0,6000.0,学历不限,3.0,0,0,0,1,0,学历不限,58同城,2026-09-25 10:32:51
4560,411727,汝南县,驻马店市,驻马店市,驻马店-驿城,王先生,薄薄饼小吃女后厨杂工/3千起,3000.0,6000.0,学历不限,5.0,0,0,0,1,0,学历不限,58同城,2026-09-25 10:32:51
4561,411727,汝南县,驻马店市,驻马店市,驻马店周边-其他,毅然闵老板E,餐饮店店员/营业员2000起,2000.0,3000.0,未注明,,0,0,0,0,1,未注明,58同城,2026-09-25 10:32:51
4562,411727,汝南县,驻马店市,驻马店市,驻马店-驿城,爱泡温泉的汤,其他职位,2000.0,4000.0,学历不限,,0,0,0,1,0,学历不限,58同城,2026-09-25 10:32:59
4563,411727,汝南县,驻马店市,驻马店市,驻马店-驿城,张女士,诚招招聘专员 小程序,3000.0,4500.0,大专,10.0,1,0,0,0,0,大专及以上,58同城,2026-09-25 10:32:59
4564,411727,汝南县,驻马店市,驻马店市,驻马店-驿城,总哼小曲的阿霞,市区普工5500-7000。,5500.0,7000.0,未注明,,0,0,0,0,1,未注明,58同城,2026-09-25 10:32:59
4565,411727,汝南县,驻马店市,驻马店市,驻马店-汝南,潘女士,诊所口腔医生1万起 小程序,10000.0,22500.0,大专,1.0,1,0,0,0,0,大专及以上,58同城,2026-09-25 10:33:47
4566,411727,汝南县,驻马店市,驻马店市,汝南-古城大道,仰望星空的梦,居家审核员早九晚五薪资6000,5000.0,8000.0,未注明,,0,0,0,0,1,未注明,58同城,2026-09-25 10:34:19
4567,411727,汝南县,驻马店市,驻马店市,汝南-古城大道,李老师,头疗师2500起,2500.0,4500.0,学历不限,1.0,0,0,0,1,0,学历不限,58同城,2026-09-25 10:35:07
4568,411727,汝南县,驻马店市,驻马店市,驻马店-汝南,秀颜阁美容,汝南诚招美容师4千起,4000.0,6500.0,学历不限,10.0,0,0,0,1,0,学历不限,58同城,2026-09-25 10:35:12
4569,411728,遂平县,驻马店市,驻马店市,驻马店-遂平,李女士,日结160/天，包吃包住，56岁大龄普工,5000.0,6000.0,未注明,,0,0,0,0,1,未注明,58同城,2026-09-25 10:35:48
4570,411728,遂平县,驻马店市,驻马店市,驻马店-遂平,委婉动听的梁师傅,普工月6000-7000元，包吃住,6000.0,7000.0,未注明,,0,0,0,0,1,未注明,58同城,2026-09-25 10:35:48
4571,411728,遂平县,驻马店市,驻马店市,驻马店-遂平,于女士,药厂招聘技工日结300一... 小程序,7000.0,8000.0,未注明,,0,0,0,0,1,未注明,58同城,2026-09-25 10:35:48
4572,411728,遂平县,驻马店市,驻马店市,驻马店-遂平,陈女士,日结包食宿保底182元诚聘普工、包装工,4500.0,7000.0,未注明,,0,0,0,0,1,未注明,58同城,2026-09-25 10:35:48
4573,411728,遂平县,驻马店市,驻马店市,驻马店-遂平,胡女士,长白班可日结300一天药厂技工贴标签坐班,8500.0,8900.0,未注明,,0,0,0,0,1,未注明,58同城,2026-09-25 10:35:48
4574,411728,遂平县,驻马店市,驻马店市,驻马店-遂平,霍先生,电子厂普工/操作工包吃饭补房补,5000.0,6000.0,未注明,,0,0,0,0,1,未注明,58同城,2026-09-25 10:35:48
4575,411728,遂平县,驻马店市,驻马店市,驻马店-遂平,霍先生,电子厂普工/操作工包住饭补包吃,6000.0,7000.0,未注明,,0,0,0,0,1,未注明,58同城,2026-09-25 10:35:48
4576,411728,遂平县,驻马店市,驻马店市,驻马店-遂平,张先生,技工食品厂饭补五险210/天,6500.0,9500.0,未注明,,0,0,0,0,1,未注明,58同城,2026-09-25 10:35:48
4577,411728,遂平县,驻马店市,驻马店市,驻马店-遂平,霍先生,食品厂技工包住包吃五险180-300/天,7000.0,9500.0,未注明,,0,0,0,0,1,未注明,58同城,2026-09-25 10:35:48
4578,411728,遂平县,驻马店市,驻马店市,驻马店-遂平,张经理,诚招视频拍摄剪辑直播运营,4000.0,5500.0,未注明,,0,0,0,0,1,未注明,58同城,2026-09-25 10:35:48
4579,411728,遂平县,驻马店市,驻马店市,驻马店-遂平,张经理,招聘普工/装卸工/生产班长,4000.0,6000.0,未注明,,0,0,0,0,1,未注明,58同城,2026-09-25 10:35:48
4580,411728,遂平县,驻马店市,驻马店市,驻马店-遂平,张经理,遂平雪龙诚招制冷工,3500.0,5000.0,未注明,,0,0,0,0,1,未注明,58同城,2026-09-25 10:35:48
4581,411728,遂平县,驻马店市,驻马店市,驻马店-遂平,张经理,诚仓管（成品库和原材料库的）,3500.0,4000.0,未注明,,0,0,0,0,1,未注明,58同城,2026-09-25 10:35:48
4582,411728,遂平县,驻马店市,驻马店市,驻马店-遂平,张经理,招聘销售业务员,5000.0,15000.0,未注明,,0,0,0,0,1,未注明,58同城,2026-09-25 10:35:48
4583,411728,遂平县,驻马店市,驻马店市,驻马店-遂平,张经理,诚聘机电维修工,3000.0,6000.0,未注明,,0,0,0,0,1,未注明,58同城,2026-09-25 10:35:48
4584,411728,遂平县,驻马店市,驻马店市,驻马店-遂平,张经理,诚聘成本核算员/核算会计,3500.0,4000.0,未注明,,0,0,0,0,1,未注明,58同城,2026-09-25 10:35:48
4585,411728,遂平县,驻马店市,驻马店市,驻马店-遂平,郭女士,普工返费8500恒温车间管吃住管理好,6500.0,8000.0,未注明,,0,0,0,0,1,未注明,58同城,2026-09-25 10:35:48
4586,411728,遂平县,驻马店市,驻马店市,驻马店-遂平,马女士,丝印工日结300/天长白班包吃住活轻松,7500.0,8500.0,未注明,,0,0,0,0,1,未注明,58同城,2026-09-25 10:35:48
4587,411728,遂平县,驻马店市,驻马店市,驻马店-遂平,喜欢吹泡泡的刘同学,无需经验周末双休包吃包住仓库管理员月7k,7000.0,7500.0,未注明,,0,0,0,0,1,未注明,58同城,2026-09-25 10:35:48
4588,411728,遂平县,驻马店市,驻马店市,驻马店-遂平,赵女士,300一天吹风机厂技工/包吃包住恒温车间,7000.0,7500.0,未注明,,0,0,0,0,1,未注明,58同城,2026-09-25 10:35:48
4589,411728,遂平县,驻马店市,驻马店市,驻马店-驿城,张先生,电子厂普工/操作工饭补包住包吃,5500.0,7000.0,未注明,,0,0,0,0,1,未注明,58同城,2026-09-25 10:36:00
4590,411728,遂平县,驻马店市,驻马店市,驻马店-驿城,张女士,诚招招聘专员,3000.0,4500.0,大专,10.0,1,0,0,0,0,大专及以上,58同城,2026-09-25 10:36:00
4591,411728,遂平县,驻马店市,驻马店市,驻马店-驿城,爱泡温泉的汤,其他职位 小程序,2000.0,4000.0,学历不限,,0,0,0,1,0,学历不限,58同城,2026-09-25 10:36:00
4592,411728,遂平县,驻马店市,驻马店市,驿城-天中广场,张女士,诚招人事助理,2500.0,5000.0,学历不限,5.0,0,0,0,1,0,学历不限,58同城,2026-09-25 10:36:00
4593,411728,遂平县,驻马店市,驻马店市,驻马店-驿城,王先生,小区巡逻坐岗保安有空调,4500.0,5000.0,未注明,,0,0,0,0,1,未注明,58同城,2026-09-25 10:36:00
4594,411728,遂平县,驻马店市,驻马店市,驻马店-上蔡,武女士,上蔡县诚招运营10000加,4000.0,10000.0,学历不限,5.0,0,0,0,1,0,学历不限,58同城,2026-09-25 10:36:00
4595,411728,遂平县,驻马店市,驻马店市,驻马店-驿城,王先生,物业公司保安/包吃包住五险,4500.0,5000.0,未注明,,0,0,0,0,1,未注明,58同城,2026-09-25 10:36:00
4596,411728,遂平县,驻马店市,驻马店市,驻马店-西平,爱爬山DE全总,其他职位,2000.0,5000.0,学历不限,,0,0,0,1,0,学历不限,58同城,2026-09-25 10:36:00
4597,411728,遂平县,驻马店市,驻马店市,上蔡-老汽车站,月亮下数蚂蚁,食品/鸡排店店员/营业员,2500.0,3000.0,学历不限,2.0,0,0,0,1,0,学历不限,58同城,2026-09-25 10:36:00
4598,411728,遂平县,驻马店市,驻马店市,驻马店-平舆,马女士,道路收费员/五险一金/包吃住,4000.0,4500.0,未注明,,0,0,0,0,1,未注明,58同城,2026-09-25 10:36:00
4599,411728,遂平县,驻马店市,驻马店市,驻马店-上蔡,用户42806,上蔡诚招营业厅营业员,2500.0,5000.0,高中,5.0,0,0,0,0,0,高中/中专,58同城,2026-09-25 10:36:00
4600,411728,遂平县,驻马店市,驻马店市,驻马店周边-其他,尼先生,上蔡诚聘饮品店店长5千加,4000.0,7000.0,学历不限,2.0,0,0,0,1,0,学历不限,58同城,2026-09-25 10:36:00
4601,411728,遂平县,驻马店市,驻马店市,驻马店-新蔡,陈先生,室内保安包吃住可带手机,4500.0,5000.0,未注明,,0,0,0,0,1,未注明,58同城,2026-09-25 10:36:00
4602,411728,遂平县,驻马店市,驻马店市,驿城-丹尼斯,招聘专员,在线客服居家兼职操作简单,4500.0,5700.0,未注明,,0,0,0,0,1,未注明,58同城,2026-09-25 10:36:00
4603,411728,遂平县,驻马店市,驻马店市,驻马店周边-其他,康老板想诉说,奶茶/饮品师,3000.0,5000.0,学历不限,,0,0,0,1,0,学历不限,58同城,2026-09-25 10:36:00
4604,411728,遂平县,驻马店市,驻马店市,驻马店周边-其他,尼先生,上蔡诚招饮品店店长5千加,5000.0,7000.0,学历不限,2.0,0,0,0,1,0,学历不限,58同城,2026-09-25 10:36:00
4605,411728,遂平县,驻马店市,驻马店市,驻马店-上蔡,蘑菇撑小伞,上蔡诚招会计5千加五险一金包吃住,4500.0,6000.0,未注明,,0,0,0,0,1,未注明,58同城,2026-09-25 10:36:00
4606,411728,遂平县,驻马店市,驻马店市,驿城-丹尼斯,黔先生,采购专员在家供应商资料整理,4200.0,5600.0,未注明,,0,0,0,0,1,未注明,58同城,2026-09-25 10:36:00
4607,411728,遂平县,驻马店市,驻马店市,驿城-丹尼斯,慢吞吞的小蜗牛,木火餐饮招聘后厨帮工,3000.0,3500.0,学历不限,5.0,0,0,0,1,0,学历不限,58同城,2026-09-25 10:36:00
4608,411728,遂平县,驻马店市,驻马店市,驿城-天中广场,捡到星星的米米,其他职位,2500.0,4000.0,学历不限,,0,0,0,1,0,学历不限,58同城,2026-09-25 10:36:00
4609,411728,遂平县,驻马店市,驻马店市,驿城-丹尼斯,黔先生,网络客服居家办公轻松上手,4600.0,5700.0,未注明,,0,0,0,0,1,未注明,58同城,2026-09-25 10:36:00
4610,411728,遂平县,驻马店市,驻马店市,驻马店-驿城,潘先生,诚聘人事助理3千加待遇好,3000.0,5000.0,大专,,1,0,0,0,0,大专及以上,58同城,2026-09-25 10:36:00
4611,411728,遂平县,驻马店市,驻马店市,驻马店-泌阳,悄悄许个心愿,餐饮收银,2000.0,3000.0,学历不限,,0,0,0,1,0,学历不限,58同城,2026-09-25 10:36:00
4612,411728,遂平县,驻马店市,驻马店市,驿城-丹尼斯,黔先生,运营五险双休线上来做,4600.0,5400.0,未注明,,0,0,0,0,1,未注明,58同城,2026-09-25 10:36:00
4613,411728,遂平县,驻马店市,驻马店市,驻马店-驿城,总哼小曲的阿霞,市区电子厂普工6000-7000,6000.0,7000.0,未注明,,0,0,0,0,1,未注明,58同城,2026-09-25 10:36:00
4614,411728,遂平县,驻马店市,驻马店市,驻马店-上蔡,用户42806,上蔡诚聘手机营业厅营业员,2500.0,5000.0,高中,5.0,0,0,0,0,0,高中/中专,58同城,2026-09-25 10:36:00
4615,411728,遂平县,驻马店市,驻马店市,驻马店周边-其他,招聘专员,客房保洁,2500.0,4500.0,学历不限,,0,0,0,1,0,学历不限,58同城,2026-09-25 10:36:00
4616,411728,遂平县,驻马店市,驻马店市,驻马店-平舆,大道朝天,商超/零售店员/营业员3000起,3000.0,6000.0,学历不限,3.0,0,0,0,1,0,学历不限,58同城,2026-09-25 10:36:00
4617,411728,遂平县,驻马店市,驻马店市,驻马店-驿城,王先生,薄薄饼小吃女后厨杂工/3千起,3000.0,6000.0,学历不限,5.0,0,0,0,1,0,学历不限,58同城,2026-09-25 10:36:00
4618,411728,遂平县,驻马店市,驻马店市,驻马店周边-其他,毅然闵老板E,餐饮店店员/营业员2000起,2000.0,3000.0,未注明,,0,0,0,0,1,未注明,58同城,2026-09-25 10:36:00
4619,411728,遂平县,驻马店市,驻马店市,驻马店-遂平,郭先生,急聘操作普工日结240工作简单不要求经验,7000.0,8000.0,未注明,,0,0,0,0,1,未注明,58同城,2026-09-25 10:36:19
4620,411728,遂平县,驻马店市,驻马店市,驻马店-遂平,华伟,汉唐一号保健服务店/保健技师/6千起,6000.0,8000.0,学历不限,,0,0,0,1,0,学历不限,58同城,2026-09-25 10:36:24
4621,411728,遂平县,驻马店市,驻马店市,驻马店-遂平,毛先生,顺丰大件收派员（驻马店遂平县）需自带车,8000.0,10000.0,学历不限,6.0,0,0,0,1,0,学历不限,58同城,2026-09-25 10:37:03
4622,411728,遂平县,驻马店市,驻马店市,驻马店-遂平,追云朵的风筝,遂平配送配车诚聘C本司机会开4.2米车,5500.0,9000.0,未注明,,0,0,0,0,1,未注明,58同城,2026-09-25 10:37:11
4623,411728,遂平县,驻马店市,驻马店市,驻马店-遂平,喜欢吹泡泡的刘同学,仓库管理员包住五险一金包吃月7k,6500.0,7000.0,未注明,,0,0,0,0,1,未注明,58同城,2026-09-25 10:37:23
4624,411728,遂平县,驻马店市,驻马店市,驻马店-遂平,李女士,北区普工快递临时工5K,5000.0,5500.0,学历不限,,0,0,0,1,0,学历不限,58同城,2026-09-25 10:37:23
4625,411728,遂平县,驻马店市,驻马店市,驻马店-遂平,崔女士,装卸工/搬运工包吃包住360/天,6500.0,7000.0,未注明,,0,0,0,0,1,未注明,58同城,2026-09-25 10:37:23
4626,411728,遂平县,驻马店市,驻马店市,遂平-建设路,唯美烫染造型,唯美理发店/美发助理/学徒2000起,2000.0,3000.0,学历不限,,0,0,0,1,0,学历不限,58同城,2026-09-25 10:38:14
4627,411728,遂平县,驻马店市,驻马店市,遂平县,,驻马店保姆/月嫂·保姆/月嫂 服务区域：遂平,,,未注明,,0,0,0,0,1,未注明,58同城,2026-09-25 10:38:38
4628,411729,新蔡县,驻马店市,驻马店市,新蔡-新蔡市民之家,军临天下,养生保健馆收银员包吃加班补助,2800.0,3000.0,未注明,,0,0,0,0,1,未注明,58同城,2026-09-25 10:38:54
4629,411729,新蔡县,驻马店市,驻马店市,驻马店-新蔡,王先生,停车场坐岗保安可带朋友,4500.0,5000.0,未注明,,0,0,0,0,1,未注明,58同城,2026-09-25 10:38:54
4630,411729,新蔡县,驻马店市,驻马店市,新蔡-新蔡市民之家,军临天下,娱乐场所收银员加班补助包... 小程序,2800.0,3000.0,未注明,,0,0,0,0,1,未注明,58同城,2026-09-25 10:38:54
4631,411729,新蔡县,驻马店市,驻马店市,驻马店-新蔡,宝玲玲,食堂厨师/包住包吃,3000.0,5000.0,未注明,,0,0,0,0,1,未注明,58同城,2026-09-25 10:38:54
4632,411729,新蔡县,驻马店市,驻马店市,驻马店-新蔡,王先生,保安包吃住待遇好可预支,4500.0,5000.0,未注明,,0,0,0,0,1,未注明,58同城,2026-09-25 10:38:54
4633,411729,新蔡县,驻马店市,驻马店市,新蔡-百家福广场,李女士,服装店/门店店长3500起,3500.0,6000.0,未注明,,0,0,0,0,1,未注明,58同城,2026-09-25 10:38:54
4634,411729,新蔡县,驻马店市,驻马店市,驻马店-新蔡,宝玲玲,中餐厅服务员/杂工2300--2500,2200.0,3000.0,学历不限,1.0,0,0,0,1,0,学历不限,58同城,2026-09-25 10:38:54
4635,411729,新蔡县,驻马店市,驻马店市,新蔡-新蔡市民之家,坐在屋顶吹风,新蔡诚招餐饮店员包吃住免费工服,2500.0,3500.0,学历不限,6.0,0,0,0,1,0,学历不限,58同城,2026-09-25 10:38:54
4636,411729,新蔡县,驻马店市,驻马店市,新蔡-百家福广场,酸奶咕嘟嘟,超市理货员拣货员,2500.0,3000.0,学历不限,,0,0,0,1,0,学历不限,58同城,2026-09-25 10:38:54
4637,411729,新蔡县,驻马店市,驻马店市,驻马店-新蔡,陈先生,室内保安包吃住可带手机,4500.0,5000.0,未注明,,0,0,0,0,1,未注明,58同城,2026-09-25 10:38:54
4638,411729,新蔡县,驻马店市,驻马店市,新蔡-百家福广场,58用户,医院小儿推拿师3千起,3000.0,7000.0,学历不限,,0,0,0,1,0,学历不限,58同城,2026-09-25 10:38:54
4639,411729,新蔡县,驻马店市,驻马店市,驻马店-新蔡,A春夏秋,服装销售,4000.0,6000.0,学历不限,,0,0,0,1,0,学历不限,58同城,2026-09-25 10:38:54
4640,411729,新蔡县,驻马店市,驻马店市,驻马店-新蔡,Zane,蓝天教育咨询管理有限公司/面点师,2500.0,4500.0,学历不限,2.0,0,0,0,1,0,学历不限,58同城,2026-09-25 10:38:54
4641,411729,新蔡县,驻马店市,驻马店市,新蔡-新蔡市民之家,芦老板想梦想,美体师,3000.0,8000.0,学历不限,,0,0,0,1,0,学历不限,58同城,2026-09-25 10:38:54
4642,411729,新蔡县,驻马店市,驻马店市,驻马店-新蔡,时经理,门窗经营部安装工4500起,4500.0,5000.0,学历不限,,0,0,0,1,0,学历不限,58同城,2026-09-25 10:38:54
4643,411729,新蔡县,驻马店市,驻马店市,驻马店-新蔡,贺先生,数据线分拣280一天包吃包住16岁以上,6000.0,8000.0,未注明,,0,0,0,0,1,未注明,58同城,2026-09-25 10:38:54
4644,411729,新蔡县,驻马店市,驻马店市,驻马店-新蔡,太完美_姜总,中餐厅夜市厨师6千起,6000.0,6500.0,学历不限,,0,0,0,1,0,学历不限,58同城,2026-09-25 10:38:54
4645,411729,新蔡县,驻马店市,驻马店市,驻马店-新蔡,捡石头的晶晶,急聘贴标普工日结220-240包吃包住,6000.0,7000.0,学历不限,50.0,0,0,0,1,0,学历不限,58同城,2026-09-25 10:38:54
4646,411729,新蔡县,驻马店市,驻马店市,驻马店-新蔡,王先生,诚聘护士,2000.0,5000.0,未注明,,0,0,0,0,1,未注明,58同城,2026-09-25 10:38:54
4647,411729,新蔡县,驻马店市,驻马店市,驻马店-新蔡,捡石头的晶晶,耳机包装工7500/月长白班包吃包住周结,6000.0,7000.0,未注明,,0,0,0,0,1,未注明,58同城,2026-09-25 10:38:54
4648,411729,新蔡县,驻马店市,驻马店市,新蔡-新蔡市民之家,李女士,包吃住小区物业保安当天入职,4500.0,5000.0,未注明,,0,0,0,0,1,未注明,58同城,2026-09-25 10:38:54
4649,411729,新蔡县,驻马店市,驻马店市,驻马店-新蔡,李女士,普工/日结240/人走账清,6500.0,7500.0,未注明,,0,0,0,0,1,未注明,58同城,2026-09-25 10:38:54
4650,411729,新蔡县,驻马店市,驻马店市,驻马店-新蔡,王先生,精神病医院医技科医生4k起,4000.0,6000.0,大专,,1,0,0,0,0,大专及以上,58同城,2026-09-25 10:38:54
4651,411729,新蔡县,驻马店市,驻马店市,驻马店-新蔡,邓女士,普工/操作工6500-7500元/月,6000.0,7000.0,未注明,,0,0,0,0,1,未注明,58同城,2026-09-25 10:38:54
4652,411729,新蔡县,驻马店市,驻马店市,驻马店-新蔡,李女士,急招健身教练新手-包教会,8000.0,12000.0,未注明,,0,0,0,0,1,未注明,58同城,2026-09-25 10:38:54
4653,411729,新蔡县,驻马店市,驻马店市,驻马店-新蔡,陈先生,天猫养车汽车维修师傅包吃包住,7000.0,10000.0,未注明,,0,0,0,0,1,未注明,58同城,2026-09-25 10:38:54
4654,411729,新蔡县,驻马店市,驻马店市,驻马店-新蔡,冯女士,急招二保焊氩弧焊/9000/月/包住宿,8500.0,10000.0,未注明,,0,0,0,0,1,未注明,58同城,2026-09-25 10:38:54
4655,411729,新蔡县,驻马店市,驻马店市,驻马店-新蔡,司女士,坐班岗位电子产品组装，无经验直接上岗,5500.0,7000.0,未注明,,0,0,0,0,1,未注明,58同城,2026-09-25 10:38:54
4656,411729,新蔡县,驻马店市,驻马店市,驻马店-新蔡,时经理,门窗厂普工/操作工4500起,4500.0,6500.0,学历不限,3.0,0,0,0,1,0,学历不限,58同城,2026-09-25 10:38:54
4657,411729,新蔡县,驻马店市,驻马店市,驻马店-新蔡,张先生,驿城区车辆厂诚招二保焊可培训,7000.0,8000.0,未注明,,0,0,0,0,1,未注明,58同城,2026-09-25 10:38:54
4658,411729,新蔡县,驻马店市,驻马店市,驻马店-驿城,张先生,电子厂普工/操作工饭补包住包吃,5500.0,7000.0,未注明,,0,0,0,0,1,未注明,58同城,2026-09-25 10:39:02
4659,411729,新蔡县,驻马店市,驻马店市,驻马店-驿城,张女士,诚招招聘专员,3000.0,4500.0,大专,10.0,1,0,0,0,0,大专及以上,58同城,2026-09-25 10:39:02
4660,411729,新蔡县,驻马店市,驻马店市,驻马店-驿城,爱泡温泉的汤,其他职位 小程序,2000.0,4000.0,学历不限,,0,0,0,1,0,学历不限,58同城,2026-09-25 10:39:02
4661,411729,新蔡县,驻马店市,驻马店市,驿城-天中广场,张女士,诚招人事助理,2500.0,5000.0,学历不限,5.0,0,0,0,1,0,学历不限,58同城,2026-09-25 10:39:02
4662,411729,新蔡县,驻马店市,驻马店市,驻马店-驿城,王先生,小区巡逻坐岗保安有空调,4500.0,5000.0,未注明,,0,0,0,0,1,未注明,58同城,2026-09-25 10:39:02
4663,411729,新蔡县,驻马店市,驻马店市,驻马店-上蔡,武女士,上蔡县诚招运营10000加,4000.0,10000.0,学历不限,5.0,0,0,0,1,0,学历不限,58同城,2026-09-25 10:39:02
4664,411729,新蔡县,驻马店市,驻马店市,驻马店-驿城,王先生,物业公司保安/包吃包住五险,4500.0,5000.0,未注明,,0,0,0,0,1,未注明,58同城,2026-09-25 10:39:02
4665,411729,新蔡县,驻马店市,驻马店市,驻马店-西平,爱爬山DE全总,其他职位,2000.0,5000.0,学历不限,,0,0,0,1,0,学历不限,58同城,2026-09-25 10:39:02
4666,411729,新蔡县,驻马店市,驻马店市,上蔡-老汽车站,月亮下数蚂蚁,食品/鸡排店店员/营业员,2500.0,3000.0,学历不限,2.0,0,0,0,1,0,学历不限,58同城,2026-09-25 10:39:02
4667,411729,新蔡县,驻马店市,驻马店市,驻马店-平舆,马女士,道路收费员/五险一金/包吃住,4000.0,4500.0,未注明,,0,0,0,0,1,未注明,58同城,2026-09-25 10:39:02
4668,411729,新蔡县,驻马店市,驻马店市,驻马店-上蔡,用户42806,上蔡诚招营业厅营业员,2500.0,5000.0,高中,5.0,0,0,0,0,0,高中/中专,58同城,2026-09-25 10:39:02
4669,411729,新蔡县,驻马店市,驻马店市,驻马店周边-其他,尼先生,上蔡诚聘饮品店店长5千加,4000.0,7000.0,学历不限,2.0,0,0,0,1,0,学历不限,58同城,2026-09-25 10:39:02
4670,411729,新蔡县,驻马店市,驻马店市,驿城-丹尼斯,招聘专员,在线客服居家兼职操作简单,4500.0,5700.0,未注明,,0,0,0,0,1,未注明,58同城,2026-09-25 10:39:02
4671,411729,新蔡县,驻马店市,驻马店市,驻马店周边-其他,康老板想诉说,奶茶/饮品师,3000.0,5000.0,学历不限,,0,0,0,1,0,学历不限,58同城,2026-09-25 10:39:02
4672,411729,新蔡县,驻马店市,驻马店市,驻马店周边-其他,尼先生,上蔡诚招饮品店店长5千加,5000.0,7000.0,学历不限,2.0,0,0,0,1,0,学历不限,58同城,2026-09-25 10:39:02
4673,411729,新蔡县,驻马店市,驻马店市,驻马店-上蔡,蘑菇撑小伞,上蔡诚招会计5千加五险一金包吃住,4500.0,6000.0,未注明,,0,0,0,0,1,未注明,58同城,2026-09-25 10:39:02
4674,411729,新蔡县,驻马店市,驻马店市,驿城-丹尼斯,黔先生,采购专员在家供应商资料整理,4200.0,5600.0,未注明,,0,0,0,0,1,未注明,58同城,2026-09-25 10:39:02
4675,411729,新蔡县,驻马店市,驻马店市,驿城-丹尼斯,慢吞吞的小蜗牛,木火餐饮招聘后厨帮工,3000.0,3500.0,学历不限,5.0,0,0,0,1,0,学历不限,58同城,2026-09-25 10:39:02
4676,411729,新蔡县,驻马店市,驻马店市,驿城-天中广场,捡到星星的米米,其他职位,2500.0,4000.0,学历不限,,0,0,0,1,0,学历不限,58同城,2026-09-25 10:39:02
4677,411729,新蔡县,驻马店市,驻马店市,驿城-丹尼斯,黔先生,网络客服居家办公轻松上手,4600.0,5700.0,未注明,,0,0,0,0,1,未注明,58同城,2026-09-25 10:39:02
4678,411729,新蔡县,驻马店市,驻马店市,驻马店-驿城,潘先生,诚聘人事助理3千加待遇好,3000.0,5000.0,大专,,1,0,0,0,0,大专及以上,58同城,2026-09-25 10:39:02
4679,411729,新蔡县,驻马店市,驻马店市,驻马店-泌阳,悄悄许个心愿,餐饮收银,2000.0,3000.0,学历不限,,0,0,0,1,0,学历不限,58同城,2026-09-25 10:39:02
4680,411729,新蔡县,驻马店市,驻马店市,驿城-丹尼斯,黔先生,运营五险双休线上来做,4600.0,5400.0,未注明,,0,0,0,0,1,未注明,58同城,2026-09-25 10:39:02
4681,411729,新蔡县,驻马店市,驻马店市,驻马店-驿城,总哼小曲的阿霞,市区电子厂普工6000-7000,6000.0,7000.0,未注明,,0,0,0,0,1,未注明,58同城,2026-09-25 10:39:02
4682,411729,新蔡县,驻马店市,驻马店市,驻马店-上蔡,用户42806,上蔡诚聘手机营业厅营业员,2500.0,5000.0,高中,5.0,0,0,0,0,0,高中/中专,58同城,2026-09-25 10:39:02
4683,411729,新蔡县,驻马店市,驻马店市,驻马店周边-其他,招聘专员,客房保洁,2500.0,4500.0,学历不限,,0,0,0,1,0,学历不限,58同城,2026-09-25 10:39:02
4684,411729,新蔡县,驻马店市,驻马店市,驻马店-平舆,大道朝天,商超/零售店员/营业员3000起,3000.0,6000.0,学历不限,3.0,0,0,0,1,0,学历不限,58同城,2026-09-25 10:39:02
4685,411729,新蔡县,驻马店市,驻马店市,驻马店-驿城,王先生,薄薄饼小吃女后厨杂工/3千起,3000.0,6000.0,学历不限,5.0,0,0,0,1,0,学历不限,58同城,2026-09-25 10:39:02
4686,411729,新蔡县,驻马店市,驻马店市,驻马店周边-其他,毅然闵老板E,餐饮店店员/营业员2000起,2000.0,3000.0,未注明,,0,0,0,0,1,未注明,58同城,2026-09-25 10:39:02
4687,411729,新蔡县,驻马店市,驻马店市,驻马店-新蔡,柳先生,新蔡县招停车管理员,2500.0,4000.0,学历不限,,0,0,0,1,0,学历不限,58同城,2026-09-25 10:39:33
4688,411729,新蔡县,驻马店市,驻马店市,驻马店-新蔡,爱骑单车的欣欣,新蔡诚招药店执业药师,3000.0,4500.0,学历不限,5.0,0,0,0,1,0,学历不限,58同城,2026-09-25 10:39:42
4689,411729,新蔡县,驻马店市,驻马店市,驻马店-新蔡,爱骑单车的欣欣,新蔡诚聘药店执业药师待遇好,3000.0,4500.0,学历不限,3.0,0,0,0,1,0,学历不限,58同城,2026-09-25 10:39:42
4690,411729,新蔡县,驻马店市,驻马店市,驻马店-新蔡,爱骑单车的欣欣,新蔡药店诚招执业药师,3000.0,4500.0,学历不限,3.0,0,0,0,1,0,学历不限,58同城,2026-09-25 10:39:42
4691,411729,新蔡县,驻马店市,驻马店市,驻马店-新蔡,爱骑单车的欣欣,新蔡招聘药店执业药师,3000.0,4500.0,学历不限,2.0,0,0,0,1,0,学历不限,58同城,2026-09-25 10:39:42
4692,411729,新蔡县,驻马店市,驻马店市,驻马店-新蔡,爱骑单车的欣欣,新蔡诚聘执业药师,3000.0,4500.0,学历不限,5.0,0,0,0,1,0,学历不限,58同城,2026-09-25 10:39:42
4693,411729,新蔡县,驻马店市,驻马店市,新蔡-百家福广场,欧先生,数据采集,3000.0,4500.0,学历不限,,0,0,0,1,0,学历不限,58同城,2026-09-25 10:40:47
4694,411729,新蔡县,驻马店市,驻马店市,驻马店-新蔡,招聘专员,新蔡县诚招美容学徒,2500.0,4500.0,学历不限,2.0,0,0,0,1,0,学历不限,58同城,2026-09-25 10:41:18
4695,411729,新蔡县,驻马店市,驻马店市,驻马店-新蔡,招聘专员,新蔡县诚聘美容学徒,2500.0,4500.0,学历不限,2.0,0,0,0,1,0,学历不限,58同城,2026-09-25 10:41:18
4696,411729,新蔡县,驻马店市,驻马店市,驻马店-新蔡,用户73826,新蔡乌密草招聘染发养发护肤学徒,3000.0,5000.0,学历不限,,0,0,0,1,0,学历不限,58同城,2026-09-25 10:41:22
4697,411729,新蔡县,驻马店市,驻马店市,驻马店-新蔡,夜晚数星星的娃,新蔡美丝美发店/发型师/美发实习生,2500.0,5000.0,学历不限,2.0,0,0,0,1,0,学历不限,58同城,2026-09-25 10:41:22
4698,411729,新蔡县,驻马店市,驻马店市,新蔡-百家福广场,陈跃卫,新蔡5-8千招美容师（可新手有社保）,5000.0,8000.0,未注明,,0,0,0,0,1,未注明,58同城,2026-09-25 10:41:27
4699,411729,新蔡县,驻马店市,驻马店市,驻马店-新蔡,爱骑单车的欣欣,新蔡诚招药店执业药师 小程序,3000.0,4500.0,学历不限,5.0,0,0,0,1,0,学历不限,58同城,2026-09-25 10:41:31
4700,411729,新蔡县,驻马店市,驻马店市,新蔡县,,金牌商家·汽车维修保养 服务区域：驿城、驻马店周边、正阳、泌阳、新蔡...,,,未注明,,0,0,0,0,1,未注明,58同城,2026-09-25 10:41:43
4701,419001,济源市,省直辖县级行政区划,省直辖县级行政区划,济源,孔先生,急招保安待遇优厚包吃住工作轻松稳定环境好,4500.0,5000.0,未注明,,0,0,0,0,1,未注明,58同城,2026-09-25 10:42:00
4702,419001,济源市,省直辖县级行政区划,省直辖县级行政区划,济源,货运娟娟,招济源配送饲料百货c本司机不装卸,6000.0,8000.0,未注明,,0,0,0,0,1,未注明,58同城,2026-09-25 10:42:00
4703,419001,济源市,省直辖县级行政区划,省直辖县级行政区划,济源,康先生,物业保安可预支包吃住 小程序,4500.0,5000.0,未注明,,0,0,0,0,1,未注明,58同城,2026-09-25 10:42:00
4704,419001,济源市,省直辖县级行政区划,省直辖县级行政区划,济源,夏先生,商场保安招人，工作轻松，环境干净舒适,4500.0,5000.0,未注明,,0,0,0,0,1,未注明,58同城,2026-09-25 10:42:00
4705,419001,济源市,省直辖县级行政区划,省直辖县级行政区划,济源周边-五龙口镇,彭先生,玩具厂天结280包装工包食宿0费用入职,7900.0,8000.0,未注明,,0,0,0,0,1,未注明,58同城,2026-09-25 10:42:00
4706,419001,济源市,省直辖县级行政区划,省直辖县级行政区划,龙泉-亚桥城区,赵女士,岗亭保安登记事儿少包吃住,4500.0,5000.0,未注明,,0,0,0,0,1,未注明,58同城,2026-09-25 10:42:00
4707,419001,济源市,省直辖县级行政区划,省直辖县级行政区划,天坛-天坛城区,华夏良子罗经理,8K中医推拿按摩师包吃住不会均可,8000.0,12000.0,未注明,,0,0,0,0,1,未注明,58同城,2026-09-25 10:42:00
4708,419001,济源市,省直辖县级行政区划,省直辖县级行政区划,济水-济水城区,费同学爱劳动,医院护工/护理学历高中,2500.0,4500.0,未注明,,0,0,0,0,1,未注明,58同城,2026-09-25 10:42:00
4709,419001,济源市,省直辖县级行政区划,省直辖县级行政区划,济源,刘女士,健身教练学徒不会可培养,6000.0,10000.0,未注明,,0,0,0,0,1,未注明,58同城,2026-09-25 10:42:00
4710,419001,济源市,省直辖县级行政区划,省直辖县级行政区划,济源,把头发扎成团,内容审核优薪福利岗七千保底,6000.0,8000.0,未注明,,0,0,0,0,1,未注明,58同城,2026-09-25 10:42:00
4711,419001,济源市,省直辖县级行政区划,省直辖县级行政区划,济水-济水城区,赵先生崔女士,诊所护士2500起,2500.0,3500.0,大专,2.0,1,0,0,0,0,大专及以上,58同城,2026-09-25 10:42:00
4712,419001,济源市,省直辖县级行政区划,省直辖县级行政区划,济水-济水城区,奋斗拼搏曲老板C,电动车维修3k起,3000.0,4500.0,未注明,,0,0,0,0,1,未注明,58同城,2026-09-25 10:42:00
4713,419001,济源市,省直辖县级行政区划,省直辖县级行政区划,济水-济水城区,总在蹦跳的李小妹,服装/品牌服装店长4000起,4000.0,6000.0,学历不限,1.0,0,0,0,1,0,学历不限,58同城,2026-09-25 10:42:00
4714,419001,济源市,省直辖县级行政区划,省直辖县级行政区划,龙泉-亚桥城区,张女士,格朋娱乐工作室/剧本杀（DM）加班补助年,3500.0,7500.0,未注明,,0,0,0,0,1,未注明,58同城,2026-09-25 10:42:00
4715,419001,济源市,省直辖县级行政区划,省直辖县级行政区划,济水-济水城区,贾凯新,洗车店洗车工包吃饭补,2500.0,4500.0,未注明,,0,0,0,0,1,未注明,58同城,2026-09-25 10:42:00
4716,419001,济源市,省直辖县级行政区划,省直辖县级行政区划,济源-龙泉,爱捡石头的小钱,家具安装工,3500.0,5000.0,学历不限,5.0,0,0,0,1,0,学历不限,58同城,2026-09-25 10:42:00
4717,419001,济源市,省直辖县级行政区划,省直辖县级行政区划,济水-济水城区,爱修筑的穆老板,急招护工8500起(接受新手）,8500.0,15000.0,学历不限,20.0,0,0,0,1,0,学历不限,58同城,2026-09-25 10:42:00
4718,419001,济源市,省直辖县级行政区划,省直辖县级行政区划,济源,周先生,月薪过万-招健身教练学徒,6000.0,12000.0,未注明,,0,0,0,0,1,未注明,58同城,2026-09-25 10:42:00
4719,419001,济源市,省直辖县级行政区划,省直辖县级行政区划,济源周边-轵城镇,用户36586,食品店店员/营业员学历大专,3000.0,5000.0,大专,1.0,1,0,0,0,0,大专及以上,58同城,2026-09-25 10:42:00
4720,419001,济源市,省直辖县级行政区划,省直辖县级行政区划,济源-双桥,马明霞,朝瑞机械加工厂CNC/数控工程师包吃加班,4000.0,6000.0,未注明,,0,0,0,0,1,未注明,58同城,2026-09-25 10:42:00
4721,419001,济源市,省直辖县级行政区划,省直辖县级行政区划,济源-天坛,A_姚毛,三合热能环保有限公司/机械制图/五险,6000.0,10000.0,未注明,,0,0,0,0,1,未注明,58同城,2026-09-25 10:42:00
4722,419001,济源市,省直辖县级行政区划,省直辖县级行政区划,玉泉-玉泉城区,大石头,餐饮店店员/营业员白/夜/倒班多班次可选,2500.0,4500.0,高中,10.0,0,0,0,0,0,高中/中专,58同城,2026-09-25 10:42:00
4723,419001,济源市,省直辖县级行政区划,省直辖县级行政区划,济源周边-沁园街道,张女士,宠物医院/宠物医生助理包住包吃,2000.0,4000.0,未注明,,0,0,0,0,1,未注明,58同城,2026-09-25 10:42:00
4724,419001,济源市,省直辖县级行政区划,省直辖县级行政区划,天坛-天坛城区,练总要提醒,烧烤店/烧烤师傅2500起,2500.0,4500.0,学历不限,,0,0,0,1,0,学历不限,58同城,2026-09-25 10:42:00
4725,419001,济源市,省直辖县级行政区划,省直辖县级行政区划,济源-玉泉,贾女士,鑫悦迪汽车销售有限公司新媒体直播运营2.,2500.0,8000.0,学历不限,,0,0,0,1,0,学历不限,58同城,2026-09-25 10:42:00
4726,419001,济源市,省直辖县级行政区划,省直辖县级行政区划,济源,袁经理,济源直招化肥配送司机,6500.0,8000.0,学历不限,5.0,0,0,0,1,0,学历不限,58同城,2026-09-25 10:42:00
4727,419001,济源市,省直辖县级行政区划,省直辖县级行政区划,沁园-沁园城区,颜女士,向日葵口腔门诊部/口腔医生五险,6000.0,25000.0,未注明,,0,0,0,0,1,未注明,58同城,2026-09-25 10:42:00
4728,419001,济源市,省直辖县级行政区划,省直辖县级行政区划,济源周边-轵城镇,喜欢吹泡泡的刘同学,仓库管理员包住包吃五险一金月7k,6500.0,7000.0,未注明,,0,0,0,0,1,未注明,58同城,2026-09-25 10:42:00
4729,419001,济源市,省直辖县级行政区划,省直辖县级行政区划,济源周边-承留镇,总爱蹦蹦跳的米米,诚聘济源周边配送副食品司机，早8晚6,6000.0,8000.0,未注明,,0,0,0,0,1,未注明,58同城,2026-09-25 10:42:00
4730,419001,济源市,省直辖县级行政区划,省直辖县级行政区划,济源-天坛,马女士,急招济源配送饮料C证司机不装卸,6000.0,8000.0,未注明,,0,0,0,0,1,未注明,58同城,2026-09-25 10:42:00
4731,419001,济源市,省直辖县级行政区划,省直辖县级行政区划,济源-沁园,杨女士,急招电子厂冲压工300/天不体检管吃住,7000.0,7500.0,未注明,,0,0,0,0,1,未注明,58同城,2026-09-25 10:42:05
4732,419001,济源市,省直辖县级行政区划,省直辖县级行政区划,济源-龙泉,何先生,无需经验周末双休包吃包住仓库管理员月7k,6500.0,7000.0,未注明,,0,0,0,0,1,未注明,58同城,2026-09-25 10:42:05
4733,419001,济源市,省直辖县级行政区划,省直辖县级行政区划,济源-济水,秦女士,招小车司机负责机场商务接... 小程序,6500.0,7000.0,未注明,,0,0,0,0,1,未注明,58同城,2026-09-25 10:42:05
4734,419001,济源市,省直辖县级行政区划,省直辖县级行政区划,济源-轵城,郑先生,电子厂质量检测员300一天活简单包吃住,7000.0,8000.0,未注明,,0,0,0,0,1,未注明,58同城,2026-09-25 10:42:05
4735,419001,济源市,省直辖县级行政区划,省直辖县级行政区划,济源,喜欢散步的阿花,质检员上班转一转280一天,6000.0,8000.0,未注明,,0,0,0,0,1,未注明,58同城,2026-09-25 10:42:05
4736,419001,济源市,省直辖县级行政区划,省直辖县级行政区划,济源-轵城,晋先生,电子厂调色月8000包食宿可预支,6000.0,7000.0,未注明,,0,0,0,0,1,未注明,58同城,2026-09-25 10:42:05
4737,419001,济源市,省直辖县级行政区划,省直辖县级行政区划,玉泉-玉泉城区,喜欢吹泡泡的刘同学,无需经验周末双休包吃包住仓库管理员月7k,6500.0,7000.0,未注明,,0,0,0,0,1,未注明,58同城,2026-09-25 10:42:05
4738,419001,济源市,省直辖县级行政区划,省直辖县级行政区划,济源,郭女士,急招310/天可短期包住包吃冲压工,8000.0,9000.0,未注明,,0,0,0,0,1,未注明,58同城,2026-09-25 10:42:05
4739,419001,济源市,省直辖县级行政区划,省直辖县级行政区划,济源周边-亚桥乡,冯女士,给公司开车400一天包住,5000.0,6000.0,未注明,,0,0,0,0,1,未注明,58同城,2026-09-25 10:42:05
4740,419001,济源市,省直辖县级行政区划,省直辖县级行政区划,济源-济水,biubiubiu,消防设施操作员/五险,3000.0,4500.0,未注明,,0,0,0,0,1,未注明,58同城,2026-09-25 10:42:05
4741,419001,济源市,省直辖县级行政区划,省直辖县级行政区划,济水-济水城区,杨经理,班车司机,6900.0,7000.0,未注明,,0,0,0,0,1,未注明,58同城,2026-09-25 10:42:05
4742,419001,济源市,省直辖县级行政区划,省直辖县级行政区划,济水-济水城区,喜欢吹泡泡的刘同学,无需经验周末双休包吃包住仓库管理员月7k,7000.0,7500.0,未注明,,0,0,0,0,1,未注明,58同城,2026-09-25 10:42:05
4743,419001,济源市,省直辖县级行政区划,省直辖县级行政区划,济源-沁园,陈先生,电子厂大量招聘，面试就通过,5000.0,7000.0,未注明,,0,0,0,0,1,未注明,58同城,2026-09-25 10:42:05
4744,419001,济源市,省直辖县级行政区划,省直辖县级行政区划,济源-沁园,董先生,大型电子厂CNC技术员55/小时,10000.0,14000.0,未注明,,0,0,0,0,1,未注明,58同城,2026-09-25 10:42:05
4745,419001,济源市,省直辖县级行政区划,省直辖县级行政区划,济源,潘女士,医院咨询顾问五险（济源）,6000.0,15000.0,未注明,,0,0,0,0,1,未注明,58同城,2026-09-25 10:42:05
4746,419001,济源市,省直辖县级行政区划,省直辖县级行政区划,济源-济水,花猫打滚,制衣行缝纫工五险包吃,2500.0,4500.0,未注明,,0,0,0,0,1,未注明,58同城,2026-09-25 10:42:05
4747,419001,济源市,省直辖县级行政区划,省直辖县级行政区划,济源周边-轵城镇,喜欢吹泡泡的刘同学,无需经验周末双休包吃包住仓库管理员月7k,7000.0,7500.0,未注明,,0,0,0,0,1,未注明,58同城,2026-09-25 10:42:05
4748,419001,济源市,省直辖县级行政区划,省直辖县级行政区划,济源-天坛,自律给自由,托管辅导老师工作时间灵活,2000.0,5000.0,学历不限,8.0,0,0,0,1,0,学历不限,58同城,2026-09-25 10:42:05
4749,419001,济源市,省直辖县级行政区划,省直辖县级行政区划,济水-济水城区,月亮打盹时,数学伴学师,3000.0,8000.0,未注明,,0,0,0,0,1,未注明,58同城,2026-09-25 10:42:05
4750,419001,济源市,省直辖县级行政区划,省直辖县级行政区划,济源-承留,柯博士要复习,自动化设备调试技术员接受实习生,6000.0,7500.0,未注明,,0,0,0,0,1,未注明,58同城,2026-09-25 10:42:05
4751,419001,济源市,省直辖县级行政区划,省直辖县级行政区划,济源-玉泉,元气满满_闵同学,烫染技师学徒,2000.0,4000.0,学历不限,4.0,0,0,0,1,0,学历不限,58同城,2026-09-25 10:42:05
4752,419001,济源市,省直辖县级行政区划,省直辖县级行政区划,济源周边-沁园街道,售后客资长青,保单服务专员,,,大专,3.0,1,0,0,0,0,大专及以上,58同城,2026-09-25 10:42:05
4753,419001,济源市,省直辖县级行政区划,省直辖县级行政区划,济源周边-沁园街道,售后客资长青,保险顾问,3000.0,4500.0,大专,5.0,1,0,0,0,0,大专及以上,58同城,2026-09-25 10:42:05
4754,419001,济源市,省直辖县级行政区划,省直辖县级行政区划,上街-济源路,招聘专员,急聘淘宝运营（包吃住）,4000.0,8000.0,未注明,,0,0,0,0,1,未注明,58同城,2026-09-25 10:44:02
